time/time_elapsed,time/fps,time/total_timesteps,time/iterations,train/clip_fraction,train/approx_kl,train/learning_rate,train/value_loss,train/loss,train/explained_variance,rollout/ep_rew_mean,rollout/ep_len_mean,train/policy_gradient_loss,train/clip_range,train/std,train/entropy_loss,train/n_updates
0,4200,4096,1,,,,,,,,,,,,,
2,3686,8192,2,0.0132080078125,0.0034746616,0.0003,2.4433433301746845,0.5334252119064331,0.004281342029571533,-78.94229287499999,600.0,-0.0025248966325307266,0.2,0.998065710067749,-2.838110789656639,10
3,3492,12288,3,0.01708984375,0.004770901,0.0003,2.146694038808346,0.4391384720802307,0.44393157958984375,-79.83903792857141,618.5714285714286,-0.002822260424727574,0.2,0.9942003488540649,-2.8316144973039625,20
4,3588,16384,4,0.0106201171875,0.0040408378,0.0003,1.45929941162467,0.3354243040084839,0.5975481271743774,-77.78276440909092,650.3181818181819,-0.002944841353746597,0.2,0.9909829497337341,-2.823238790035248,30
5,3730,20480,5,0.0344970703125,0.004873261,0.0003,3.5505937568843366,3.9039700031280518,0.3271980285644531,-68.30839723333334,633.1333333333333,-0.003878743905806914,0.2,0.984024703502655,-2.815081399679184,40
6,3919,24576,6,0.0323486328125,0.0057347612,0.0003,3.860408116132021,2.0522563457489014,0.3850252032279968,-66.3693365,629.3529411764706,-0.0031586183540639468,0.2,0.9723612070083618,-2.7952607810497283,50
7,4030,28672,7,0.05546875,0.0063550984,0.0003,0.8750728949904442,0.2778439521789551,0.60930997133255,-63.923602725,641.875,-0.007672743708826602,0.2,0.9623551368713379,-2.77109894156456,60
7,4099,32768,8,0.071630859375,0.007932112,0.0003,0.6356820046901703,0.2599617838859558,0.6694751977920532,-59.73545172340426,638.9574468085107,-0.008790839900029823,0.2,0.9447770118713379,-2.743615821003914,70
8,4203,36864,9,0.0413330078125,0.0061905533,0.0003,3.8152914740145207,1.1053749322891235,0.334861159324646,-54.22332910909089,637.5090909090909,-0.0036656658252468334,0.2,0.9360570907592773,-2.7147075086832047,80
9,4286,40960,10,0.062548828125,0.0072663976,0.0003,12.395496585965157,7.133950710296631,0.18239599466323853,-52.99330655737704,630.688524590164,-0.004377942040446214,0.2,0.9304749965667725,-2.7000107377767564,90
10,4364,45056,11,0.0336181640625,0.006394306,0.0003,4.788091999292374,1.8461915254592896,0.43129491806030273,-51.51945526865671,629.820895522388,-0.003315369653864764,0.2,0.9243754744529724,-2.687866249680519,100
11,4409,49152,12,0.0597412109375,0.008255655,0.0003,3.692972368001938,2.348367929458618,0.3888627886772156,-46.81839642105264,626.9736842105264,-0.0051800123139400965,0.2,0.9158000946044922,-2.671249422430992,110
11,4449,53248,13,0.054443359375,0.0066524954,0.0003,11.363126635551453,5.541413307189941,0.1900067925453186,-43.24229090123457,618.9135802469136,-0.0031815686437767,0.2,0.9164935350418091,-2.6614533960819244,120
12,4466,57344,14,0.0370849609375,0.0050420677,0.0003,12.055179071426391,7.3390302658081055,0.24668198823928833,-39.1513442826087,606.1847826086956,-0.0031253737543011084,0.2,0.9138200283050537,-2.6618081599473955,130
13,4487,61440,15,0.058447265625,0.0074529615,0.0003,19.93042014837265,7.064786911010742,0.31967324018478394,-35.19033278787879,600.3232323232323,-0.004323636199114844,0.2,0.9120888710021973,-2.6558364570140838,140
14,4522,65536,16,0.0366455078125,0.0040593883,0.0003,14.878494131565095,6.153948783874512,0.38801759481430054,-28.77548757,589.76,-0.003379731735913083,0.2,0.9113559722900391,-2.65323301255703,150
15,4546,69632,17,0.0499755859375,0.0050812666,0.0003,11.715849649906158,5.5879669189453125,0.5040290355682373,-19.01936953,570.57,-0.004132246694643982,0.2,0.9113004207611084,-2.6518198639154433,160
16,4577,73728,18,0.0287109375,0.0052535683,0.0003,16.208697950839998,6.665313243865967,0.5366367101669312,-16.441349989999996,565.76,-0.0027904581880648037,0.2,0.911257266998291,-2.652034196257591,170
16,4590,77824,19,0.0126953125,0.0038176924,0.0003,8.669675981998443,4.788884162902832,0.5861175656318665,-12.62035372,560.33,-0.0029830910469172524,0.2,0.9072997570037842,-2.6482800245285034,180
17,4604,81920,20,0.0235595703125,0.0040152417,0.0003,14.530060696601868,5.455601215362549,0.4661889672279358,-5.26472299,536.12,-0.002998847124399617,0.2,0.9080429077148438,-2.6432374477386475,190
18,4604,86016,21,0.0029541015625,0.0018370368,0.0003,14.378959774971008,7.08261251449585,0.6080319881439209,-1.44941098,513.36,-0.0014449649897869676,0.2,0.9070901870727539,-2.644358691573143,200
19,4606,90112,22,0.0038818359375,0.0023615565,0.0003,10.681270837783813,4.3550896644592285,0.666795015335083,0.23109705000000044,504.12,-0.0016556237736949698,0.2,0.9064603447914124,-2.642479708790779,210
20,4608,94208,23,0.0291259765625,0.0038658788,0.0003,9.046581465005875,4.80614709854126,0.6921859979629517,4.2075048100000005,488.16,-0.0024910380772780625,0.2,0.9045489430427551,-2.6396387070417404,220
21,4619,98304,24,0.0237548828125,0.0033911692,0.0003,10.97345336675644,4.495887756347656,0.6693139672279358,4.05889722,483.63,-0.0037862849436351097,0.2,0.9033436179161072,-2.6360872060060503,230
57,1784,102400,25,0.0094482421875,0.0028041592,0.0003,6.55622735619545,2.222724437713623,0.852362871170044,5.1127664799999994,478.2,-0.0015869276743615047,0.2,0.9015390872955322,-2.6330246955156325,240
58,1828,106496,26,0.044677734375,0.005096986,0.0003,7.686460971832275,2.864252805709839,0.8693344593048096,4.9627248800000014,478.8,-0.0035311684987391345,0.2,0.8990095257759094,-2.6282400667667387,250
59,1873,110592,27,0.0297607421875,0.004160857,0.0003,7.947458642721176,3.516545057296753,0.8282729983329773,6.2542022500000005,458.88,-0.004288572940276935,0.2,0.8950127363204956,-2.6210403621196745,260
59,1915,114688,28,0.044384765625,0.005806301,0.0003,7.926673948764801,2.9301271438598633,0.8188744783401489,6.992289509999998,453.59,-0.004065541143063456,0.2,0.8921716809272766,-2.6128311336040495,270
60,1955,118784,29,0.0134033203125,0.00309841,0.0003,9.68560870885849,4.5495147705078125,0.7301652431488037,10.152978180000002,442.12,-0.0026290102803613992,0.2,0.8859462738037109,-2.603537008166313,280
61,1996,122880,30,0.04833984375,0.004839309,0.0003,7.85089698433876,3.729234218597412,0.8132619261741638,9.92402149,437.56,-0.005997241212753579,0.2,0.8797054290771484,-2.589040344953537,290
62,2036,126976,31,0.0375244140625,0.004803138,0.0003,8.048044294118881,3.467219114303589,0.7772685289382935,10.84274646,439.28,-0.004710998319205828,0.2,0.8755284547805786,-2.5771976947784423,300
63,2072,131072,32,0.04033203125,0.0049093366,0.0003,5.767613738775253,2.3776724338531494,0.8189452886581421,11.26184123,452.54,-0.004679497278993949,0.2,0.8707302808761597,-2.566916432976723,310
64,2107,135168,33,0.0240966796875,0.0036575657,0.0003,7.7773912131786345,3.1898484230041504,0.8171342015266418,12.717707019999999,442.59,-0.0035877463073120453,0.2,0.8675715923309326,-2.557435166835785,320
65,2140,139264,34,0.0176025390625,0.0031914306,0.0003,9.891111463308334,3.2581849098205566,0.7759391665458679,14.14587186,436.5,-0.0036838894186075775,0.2,0.8659651279449463,-2.5515784949064253,330
66,2170,143360,35,0.024755859375,0.0031741592,0.0003,7.285444986820221,2.672764539718628,0.8335745334625244,13.931444200000003,427.23,-0.002347118337638676,0.2,0.8617921471595764,-2.5463572293519974,340
66,2205,147456,36,0.060888671875,0.007220282,0.0003,6.31493621468544,2.7796401977539062,0.9399189949035645,13.402472010000004,424.7,-0.004210983356460929,0.2,0.8612072467803955,-2.538964131474495,350
67,2238,151552,37,0.0271240234375,0.0032363266,0.0003,4.540956795215607,1.2906697988510132,0.9451061487197876,11.61790195,430.48,-0.0042903577705146745,0.2,0.8624891638755798,-2.5396344542503355,360
68,2269,155648,38,0.0236572265625,0.005253804,0.0003,7.325882339477539,2.4048092365264893,0.8176057934761047,11.91069715,422.4,-0.003761253727134317,0.2,0.864732027053833,-2.5441164702177046,370
69,2297,159744,39,0.0181640625,0.0036434368,0.0003,5.4998369127511975,1.972352147102356,0.9109563827514648,10.606348239999999,424.41,-0.0028647767554502933,0.2,0.8640915155410767,-2.546551901102066,380
70,2327,163840,40,0.0278076171875,0.0035550143,0.0003,6.907820719480514,2.5362367630004883,0.8559662699699402,13.71834978,410.08,-0.0037789951922604812,0.2,0.8608330488204956,-2.5422681897878645,390
71,2357,167936,41,0.028564453125,0.0041079903,0.0003,8.671637618541718,3.6476786136627197,0.8343645334243774,11.766420979999998,405.44,-0.0036854850390227512,0.2,0.8568277359008789,-2.534013479948044,400
72,2383,172032,42,0.0052001953125,0.0019904985,0.0003,5.455519288778305,2.520219087600708,0.8676097989082336,13.029886539999998,396.0,-0.0019957549026003107,0.2,0.8503985404968262,-2.5220065236091616,410
73,2411,176128,43,0.0228271484375,0.0034709517,0.0003,6.068242886662484,2.433673143386841,0.9215668439865112,12.448125849999997,401.31,-0.003676308874855749,0.2,0.8452883362770081,-2.508245924115181,420
73,2438,180224,44,0.03212890625,0.004395126,0.0003,7.60596382021904,3.5419013500213623,0.8887787461280823,14.65802584,401.0,-0.0049249025876633825,0.2,0.839932918548584,-2.495427283644676,430
74,2461,184320,45,0.01474609375,0.0030942378,0.0003,9.99343284368515,3.6977157592773438,0.8593567609786987,12.59757102,411.31,-0.0038972931273747236,0.2,0.8397911787033081,-2.48820823431015,440
75,2486,188416,46,0.015234375,0.0027760244,0.0003,13.846011853218078,6.334621906280518,0.9064972400665283,14.120742660000001,409.95,-0.002920648199506104,0.2,0.8395307064056396,-2.4884197294712065,450
76,2511,192512,47,0.0230712890625,0.004108314,0.0003,8.192620998620987,2.6746792793273926,0.8175215125083923,14.386852310000002,406.24,-0.0033577778696781023,0.2,0.8375798463821411,-2.4865060061216355,460
77,2536,196608,48,0.0209716796875,0.0023625102,0.0003,10.980276173353195,4.154726982116699,0.7039628028869629,17.29230584,393.77,-0.0011377998380339704,0.2,0.8343305587768555,-2.480035975575447,470
115,1739,200704,49,0.0194580078125,0.0042533814,0.0003,7.248064875602722,4.143465518951416,0.7675328254699707,16.85583332,398.02,-0.0027097942045656966,0.2,0.8326770663261414,-2.4731870621442793,480
116,1761,204800,50,0.0439208984375,0.0065040756,0.0003,7.291359084844589,2.993468999862671,0.8828490972518921,13.627344289999996,409.22,-0.006066436259425245,0.2,0.8266161680221558,-2.4647469490766527,490
117,1781,208896,51,0.01474609375,0.0026684874,0.0003,12.14150772690773,4.1771979331970215,0.9011833071708679,11.65192355,411.5,-0.002381364509346895,0.2,0.8269848227500916,-2.4554050236940386,500
118,1803,212992,52,0.0284423828125,0.0044975462,0.0003,11.314336615800858,3.0215091705322266,0.8693236112594604,14.76496505,400.96,-0.002665784241980873,0.2,0.825900673866272,-2.4566644757986067,510
118,1825,217088,53,0.0410400390625,0.0056794975,0.0003,5.269958907365799,1.7961567640304565,0.8810345530509949,14.586231079999997,399.8,-0.004934084814158269,0.2,0.826635479927063,-2.4546785235404966,520
119,1846,221184,54,0.0435791015625,0.004805466,0.0003,5.0864310473203656,1.7542630434036255,0.8974458575248718,13.798026470000002,407.54,-0.003827450578683056,0.2,0.8258727788925171,-2.4554779648780825,530
120,1866,225280,55,0.036474609375,0.0055846814,0.0003,6.218253922462464,3.214681386947632,0.9116355776786804,18.41375636,392.22,-0.003958235033496749,0.2,0.8247544765472412,-2.4525304436683655,540
121,1886,229376,56,0.029248046875,0.004909297,0.0003,5.052376243472099,2.0807132720947266,0.8580891489982605,20.59751836,386.4,-0.0039681633905274795,0.2,0.8211139440536499,-2.44825139939785,550
122,1905,233472,57,0.0382568359375,0.004007172,0.0003,7.531639552116394,2.7237625122070312,0.8690328598022461,18.198156570000002,397.7,-0.0032111613429151474,0.2,0.8159568309783936,-2.438203886151314,560
123,1925,237568,58,0.0795166015625,0.009152684,0.0003,7.623010069131851,4.107719421386719,0.8937491178512573,15.777399789999999,413.78,-0.004001224570674822,0.2,0.815453290939331,-2.4293968796730043,570
124,1944,241664,59,0.0251953125,0.0035610665,0.0003,4.548951205611229,1.8667080402374268,0.9284571409225464,13.75075024,416.12,-0.0025544362142682076,0.2,0.8130385279655457,-2.4270840346813203,580
125,1963,245760,60,0.021533203125,0.003887618,0.0003,12.033209419250488,7.137836456298828,0.7896550893783569,16.679968579999997,407.39,-0.0028924444894073533,0.2,0.8119598627090454,-2.4215058982372284,590
126,1982,249856,61,0.03876953125,0.0061806785,0.0003,8.756354486942291,4.170187950134277,0.9239934682846069,14.38521573,414.99,-0.004171948894509114,0.2,0.8048596382141113,-2.413169580698013,600
126,2000,253952,62,0.023291015625,0.0041906806,0.0003,7.006259495019913,2.8912668228149414,0.9239048957824707,15.934350420000001,411.63,-0.0034187319717602803,0.2,0.8009454607963562,-2.397414040565491,610
127,2019,258048,63,0.04951171875,0.005066786,0.0003,5.2365538507699965,1.7640116214752197,0.8897005319595337,16.02217547,411.0,-0.0042833146144403145,0.2,0.798548698425293,-2.3899751245975493,620
128,2037,262144,64,0.033837890625,0.0039133406,0.0003,7.0387757390737535,4.077988147735596,0.7445392608642578,17.589064389999997,402.92,-0.005161609011702239,0.2,0.7930136322975159,-2.3808846563100814,630
129,2055,266240,65,0.04453125,0.0074377805,0.0003,4.634082472324371,1.8572728633880615,0.9478241801261902,16.20702358,406.91,-0.00394810461148154,0.2,0.7898401021957397,-2.368425503373146,640
130,2072,270336,66,0.074169921875,0.007823883,0.0003,7.922738349437713,3.675999641418457,0.9118224382400513,17.8286285,397.03,-0.00532040382095147,0.2,0.7832362651824951,-2.357771095633507,650
131,2089,274432,67,0.042578125,0.0046586758,0.0003,3.366989390552044,1.3901501893997192,0.9278218746185303,20.47381269,373.88,-0.004660763824358582,0.2,0.7852846384048462,-2.349013936519623,660
132,2106,278528,68,0.01435546875,0.00392229,0.0003,4.505716073513031,1.7703356742858887,0.9380071759223938,21.687438970000002,370.89,-0.002230398742540274,0.2,0.7818537950515747,-2.3501014679670336,670
133,2123,282624,69,0.05166015625,0.006737713,0.0003,1.9229378566145896,0.7714052796363831,0.9673888683319092,24.850626990000002,359.7,-0.003918068693019449,0.2,0.7807402014732361,-2.3414259046316146,680
133,2140,286720,70,0.0325927734375,0.0035120517,0.0003,7.095872712135315,2.88210391998291,0.9174813032150269,27.55456167,357.78,-0.002815099130384624,0.2,0.7768476605415344,-2.336490747332573,690
134,2156,290816,71,0.0361572265625,0.005155838,0.0003,5.624863463640213,1.3980220556259155,0.9374493956565857,23.97952752,374.24,-0.002545830856251996,0.2,0.7786399126052856,-2.331483170390129,700
135,2171,294912,72,0.048779296875,0.00809491,0.0003,3.254517397284508,0.9641616344451904,0.9506004452705383,24.143232950000005,367.77,-0.0032659095857525246,0.2,0.7749170660972595,-2.3321309953927996,710
136,2187,299008,73,0.05166015625,0.0050097825,0.0003,5.945404493808747,1.7226121425628662,0.9235782623291016,21.521804430000007,373.74,-0.003317615480045788,0.2,0.7749829292297363,-2.3250779420137406,720
172,1760,303104,74,0.0138916015625,0.002649936,0.0003,7.464543372392654,2.9801552295684814,0.9194319844245911,23.011821340000004,371.62,-0.0018706357572227717,0.2,0.7717868685722351,-2.3219234973192213,730
172,1776,307200,75,0.0281494140625,0.0045130085,0.0003,5.3141368359327315,2.186007499694824,0.8616712093353271,23.33928136,378.72,-0.0017332048213575036,0.2,0.7734715938568115,-2.3185255736112595,740
173,1790,311296,76,0.028076171875,0.003954552,0.0003,6.715645921230316,2.8979976177215576,0.7727804183959961,21.093623129999997,388.18,-0.003056245067273267,0.2,0.7729536890983582,-2.320950502157211,750
174,1805,315392,77,0.0429931640625,0.004975723,0.0003,5.8758191645145414,2.421147108078003,0.8171008825302124,22.123536740000006,394.71,-0.0033073164653615096,0.2,0.7667498588562012,-2.313179162144661,760
175,1820,319488,78,0.0239013671875,0.003625859,0.0003,7.100860667228699,3.309337854385376,0.9025497436523438,19.80532404,395.61,-0.003147517700563185,0.2,0.7673851251602173,-2.304591655731201,770
176,1835,323584,79,0.0490966796875,0.0048263883,0.0003,4.262914171814918,1.7293592691421509,0.9247591495513916,19.23862732,397.39,-0.004857773592812009,0.2,0.7674380540847778,-2.306338992714882,780
177,1849,327680,80,0.0477783203125,0.0070800316,0.0003,5.709621232748032,2.1151881217956543,0.8866989016532898,21.42736521,391.93,-0.002973692401428707,0.2,0.7667168378829956,-2.3045577585697172,790
178,1863,331776,81,0.0355712890625,0.0044228984,0.0003,5.828178060054779,1.8243622779846191,0.9362530708312988,18.621199509999997,387.75,-0.0026704853342380376,0.2,0.7633517980575562,-2.3008009612560274,800
178,1877,335872,82,0.0305419921875,0.0052069174,0.0003,7.186118775606156,2.280433177947998,0.9565719366073608,21.76476936,373.34,-0.003252162560238503,0.2,0.7625395059585571,-2.292733371257782,810
179,1889,339968,83,0.038818359375,0.0055215573,0.0003,5.4279164433479306,1.8572074174880981,0.9186705946922302,22.0161145,365.97,-0.003682317849597894,0.2,0.7609742879867554,-2.290674424171448,820
181,1900,344064,84,0.0625732421875,0.0047092456,0.0003,5.443789020180702,2.0363173484802246,0.969163179397583,17.862936029999997,381.19,-0.004301863504224457,0.2,0.7583367824554443,-2.2862277030944824,830
182,1912,348160,85,0.0444580078125,0.0033559762,0.0003,4.910856553912163,1.2432883977890015,0.9726430773735046,17.514326150000002,373.47,-0.004798032675171271,0.2,0.7573031187057495,-2.2794197380542753,840
183,1924,352256,86,0.0193603515625,0.0031539896,0.0003,6.846811437606812,1.9637823104858398,0.9297207593917847,19.203725,358.53,-0.0030247247879742643,0.2,0.7524892091751099,-2.273639941215515,850
183,1938,356352,87,0.054931640625,0.0063316533,0.0003,4.619043290615082,1.965495228767395,0.9427966475486755,20.06666959,358.77,-0.004685430484823882,0.2,0.7476383447647095,-2.2600866317749024,860
184,1951,360448,88,0.03818359375,0.005768506,0.0003,2.8609625488519668,1.1239556074142456,0.9164072275161743,19.689657720000003,368.12,-0.002670080961252097,0.2,0.7470644116401672,-2.252997523546219,870
185,1964,364544,89,0.0536865234375,0.003764173,0.0003,4.206781858205796,1.7495896816253662,0.8481370210647583,22.503023809999995,363.91,-0.001730828896688763,0.2,0.743889331817627,-2.2495412677526474,880
186,1976,368640,90,0.02333984375,0.0050803325,0.0003,4.749285766482354,1.7698874473571777,0.9137936234474182,23.761652969999997,366.97,-0.001971321174642071,0.2,0.7383800148963928,-2.2378037869930267,890
187,1988,372736,91,0.031640625,0.0046515213,0.0003,3.453660915791988,0.9421104192733765,0.9631819725036621,21.53959714,373.71,-0.0036003579618409274,0.2,0.7405437231063843,-2.230860063433647,900
188,2000,376832,92,0.0361083984375,0.007228038,0.0003,3.8040990233421326,1.3852125406265259,0.9475458264350891,21.360016379999998,370.6,-0.004713695126702078,0.2,0.7437869310379028,-2.2384338974952698,910
189,2013,380928,93,0.0494873046875,0.0051173647,0.0003,4.190152063965797,1.3490337133407593,0.9587982892990112,23.171858160000003,364.99,-0.004036374704446644,0.2,0.7404425144195557,-2.2404887795448305,920
190,2025,385024,94,0.0352294921875,0.004164857,0.0003,5.525938874483108,1.9307364225387573,0.9741048812866211,23.481004340000005,371.86,-0.002864507510093972,0.2,0.7365784049034119,-2.2293813079595566,930
190,2038,389120,95,0.036962890625,0.005498601,0.0003,4.467055743932724,1.6661890745162964,0.8990145325660706,22.98011857,378.49,-0.0036415486349142155,0.2,0.7327187657356262,-2.2182405084371566,940
191,2051,393216,96,0.0723388671875,0.008371531,0.0003,3.4516307443380354,1.4973117113113403,0.8814672827720642,23.804900249999996,383.12,-0.005943076376570389,0.2,0.7319953441619873,-2.211818438768387,950
192,2063,397312,97,0.0718505859375,0.0077855736,0.0003,3.9799688398838042,1.6025108098983765,0.8784410953521729,23.74796346,375.1,-0.0034811519682989454,0.2,0.7253502607345581,-2.203251376748085,960
229,1751,401408,98,0.04619140625,0.0050481865,0.0003,4.479128095507622,1.6003719568252563,0.8487478494644165,23.988335610000004,377.12,-0.003419438014680054,0.2,0.725369930267334,-2.1916433364152907,970
229,1763,405504,99,0.088232421875,0.017591424,0.0003,2.5756496459245684,1.0586210489273071,0.9095118045806885,26.148824530000006,367.62,-0.0023717276548268274,0.2,0.7268812656402588,-2.1944365084171293,980
230,1774,409600,100,0.067919921875,0.007119553,0.0003,4.692538487911224,2.4526448249816895,0.8678435683250427,27.546405439999997,370.96,-0.0043792080134153364,0.2,0.7211371660232544,-2.1920235753059387,990
231,1785,413696,101,0.04921875,0.006163518,0.0003,4.296547794342041,2.0853054523468018,0.9068697094917297,26.332837839999993,372.32,-0.0035914251755457373,0.2,0.7189481854438782,-2.177296069264412,1000
232,1797,417792,102,0.03671875,0.004696929,0.0003,6.315361803770065,3.299696207046509,0.8967346549034119,32.04170838,350.38,-0.0026643673030775973,0.2,0.721526026725769,-2.1777798622846603,1010
233,1807,421888,103,0.035595703125,0.0053845346,0.0003,4.072278639674186,1.7348151206970215,0.9021814465522766,31.72373729,355.67,-0.0042434693110408265,0.2,0.7149437069892883,-2.173280361294746,1020
234,1818,425984,104,0.037841796875,0.0045280573,0.0003,4.203501531481743,1.4340001344680786,0.9137243032455444,31.571485290000005,354.63,-0.0024606342951301484,0.2,0.7130287885665894,-2.1614954262971877,1030
235,1828,430080,105,0.0462158203125,0.0055391043,0.0003,1.4337265834212303,0.4648357927799225,0.9845024347305298,30.16863732,355.62,-0.00368664479610743,0.2,0.7136374115943909,-2.1579555600881575,1040
236,1838,434176,106,0.0275390625,0.0027123936,0.0003,6.404829034209252,2.1412956714630127,0.9579395055770874,27.441515549999995,365.98,-0.0019008792238309979,0.2,0.7151714563369751,-2.1596367239952086,1050
236,1849,438272,107,0.0572021484375,0.0049110213,0.0003,2.1854403123259543,0.92792147397995,0.980391800403595,28.83011673,355.04,-0.005085529363714159,0.2,0.7104523181915283,-2.1567912697792053,1060
237,1859,442368,108,0.0358642578125,0.0050231167,0.0003,2.6463339149951937,1.0915448665618896,0.9097610116004944,28.34740112,350.34,-0.0029863758711144326,0.2,0.7094208598136902,-2.1458372592926027,1070
239,1865,446464,109,0.0646728515625,0.0073167547,0.0003,11.018409451842308,4.434256553649902,0.8546382188796997,29.090036320000003,345.64,-0.0023157813702709973,0.2,0.7093213200569153,-2.1448418855667115,1080
240,1871,450560,110,0.0548095703125,0.009860855,0.0003,2.1478882685303686,0.7242464423179626,0.9872511625289917,28.897458569999998,349.32,-0.002728999666578602,0.2,0.7099999189376831,-2.1463929951190948,1090
242,1878,454656,111,0.073828125,0.0058074202,0.0003,2.218853233754635,0.673527181148529,0.9844936728477478,25.16691163,359.46,1.3927699183113872e-05,0.2,0.7025747299194336,-2.139352431893349,1100
243,1887,458752,112,0.0346923828125,0.0029390533,0.0003,4.606971395015717,2.305436134338379,0.9770460724830627,22.040041739999996,362.26,-0.0018769187241559847,0.2,0.7000980377197266,-2.1211313873529436,1110
243,1897,462848,113,0.0386474609375,0.005465172,0.0003,8.059837055206298,1.5946364402770996,0.9418026208877563,18.49302862,367.82,-0.004908635136962403,0.2,0.7028480172157288,-2.1194529592990876,1120
244,1906,466944,114,0.04443359375,0.0046694456,0.0003,7.373192989826203,2.552142381668091,0.94589763879776,17.676394900000002,370.3,-0.0029723786108661445,0.2,0.7032695412635803,-2.1256432950496675,1130
245,1916,471040,115,0.019189453125,0.0047635343,0.0003,6.101489141583443,2.2355356216430664,0.9597263932228088,16.11468365,360.01,-0.0031635425664717333,0.2,0.7012832164764404,-2.1237747848033903,1140
246,1926,475136,116,0.0387451171875,0.006661998,0.0003,5.100864672660828,1.6207572221755981,0.9575728178024292,13.35919274,367.01,-0.0036163213691907,0.2,0.7015053033828735,-2.1193538337945936,1150
247,1935,479232,117,0.040185546875,0.0071298857,0.0003,4.264813366532326,1.685408353805542,0.9704618453979492,13.967824620000002,379.92,-0.0035253278620075434,0.2,0.6996862888336182,-2.11806920170784,1160
248,1945,483328,118,0.052685546875,0.0032199062,0.0003,5.257609260082245,1.6451092958450317,0.9405526518821716,13.099552890000002,376.11,-0.003956286687753163,0.2,0.7004205584526062,-2.1147190600633623,1170
249,1955,487424,119,0.0096923828125,0.003700479,0.0003,7.546730870008469,2.783520460128784,0.8278177380561829,14.867215560000002,366.87,-0.0015051720998599193,0.2,0.6979240775108337,-2.1126395046710966,1180
250,1964,491520,120,0.0413818359375,0.0055709677,0.0003,5.7034864842891695,2.67986798286438,0.9642065763473511,16.02293045,362.95,-0.0036738138238433748,0.2,0.6983469724655151,-2.1079931437969206,1190
251,1972,495616,121,0.02578125,0.00427059,0.0003,7.317951726913452,2.043842315673828,0.9501705169677734,12.678924769999998,370.89,-0.002911525889066979,0.2,0.6996673345565796,-2.10914406478405,1200
252,1982,499712,122,0.0339111328125,0.005406014,0.0003,10.734412723779679,3.4507670402526855,0.9444782733917236,13.35871686,368.01,-0.0026235938916215674,0.2,0.6996883153915405,-2.1112137854099275,1210
290,1736,503808,123,0.047705078125,0.004399871,0.0003,4.615054965019226,1.6240736246109009,0.965313196182251,15.83050641,369.34,-0.004272843466605991,0.2,0.7017191052436829,-2.1143056213855744,1220
290,1745,507904,124,0.05478515625,0.0066773407,0.0003,3.5500940129160883,0.920035719871521,0.8305341005325317,19.342387289999998,365.33,-0.005167901166714728,0.2,0.697274923324585,-2.1133002787828445,1230
292,1753,512000,125,0.0313720703125,0.005033056,0.0003,5.204523813724518,1.9272059202194214,0.9566930532455444,19.73473552,358.22,-0.0031720232000225224,0.2,0.6942911148071289,-2.100631406903267,1240
292,1762,516096,126,0.0271728515625,0.0049165813,0.0003,7.003897351026535,2.4652082920074463,0.9554784893989563,16.64522594,353.21,-0.0021820328271132893,0.2,0.6938771605491638,-2.094831922650337,1250
293,1769,520192,127,0.04814453125,0.006618211,0.0003,7.950962865352631,2.6635916233062744,0.9068139791488647,15.238259170000001,366.48,-0.004374397694482468,0.2,0.6924494504928589,-2.0930552542209626,1260
294,1778,524288,128,0.035791015625,0.0054275524,0.0003,6.166956767439842,1.9709895849227905,0.9433180689811707,12.51363803,379.04,-0.0036246724281227215,0.2,0.6887706518173218,-2.085997974872589,1270
295,1786,528384,129,0.037890625,0.0052730627,0.0003,11.06716918349266,4.5836052894592285,0.930722713470459,13.50465541,374.89,-0.00525234716333216,0.2,0.6898583173751831,-2.080885371565819,1280
296,1794,532480,130,0.037841796875,0.0037122774,0.0003,6.504657432436943,2.0578200817108154,0.9500205516815186,14.355906279999997,374.04,-0.0030375716858543457,0.2,0.6890020370483398,-2.082061845064163,1290
297,1803,536576,131,0.04208984375,0.005466697,0.0003,8.674266612529754,3.7919650077819824,0.9569424390792847,17.830990569999997,371.46,-0.0031743664105306378,0.2,0.6908010244369507,-2.0813841998577116,1300
298,1811,540672,132,0.0478271484375,0.0060908142,0.0003,4.677931934595108,1.3121957778930664,0.9224653840065002,16.14382453,369.06,-0.004540994262788445,0.2,0.6895343661308289,-2.081707960367203,1310
299,1819,544768,133,0.0450439453125,0.006104233,0.0003,4.141888648271561,1.6670787334442139,0.9797677397727966,14.09544242,382.49,-0.005116417276440188,0.2,0.6960445642471313,-2.0880307078361513,1320
300,1827,548864,134,0.03134765625,0.0040404145,0.0003,10.731902891397477,3.1826939582824707,0.8200315237045288,16.76737547,378.04,-0.002280711785715539,0.2,0.6969919204711914,-2.0979230791330337,1330
301,1836,552960,135,0.0175537109375,0.003336909,0.0003,7.239117807149887,2.579995632171631,0.9595031142234802,18.69461436,381.79,-0.003066820380627178,0.2,0.6899895668029785,-2.0916149497032164,1340
302,1844,557056,136,0.0430419921875,0.0065161064,0.0003,4.383674502372742,1.6525994539260864,0.9671878218650818,20.34051393,378.25,-0.003221742559981067,0.2,0.6897210478782654,-2.077814242243767,1350
303,1851,561152,137,0.04931640625,0.0055452394,0.0003,5.324800634384156,1.9313669204711914,0.9426851868629456,21.30187513,368.77,-0.004348472370475065,0.2,0.6909253597259521,-2.0805662274360657,1360
303,1859,565248,138,0.08310546875,0.0054409653,0.0003,7.911369246244431,3.2972311973571777,0.9267515540122986,20.86723542,371.27,-0.0063612533995183185,0.2,0.6883141994476318,-2.077615591883659,1370
304,1868,569344,139,0.0485107421875,0.006869132,0.0003,6.472892224788666,2.3903920650482178,0.9160544872283936,26.153767800000004,362.31,-0.005043660115916282,0.2,0.688942551612854,-2.0739131033420564,1380
305,1876,573440,140,0.0666748046875,0.007090849,0.0003,5.118478989601135,3.5526742935180664,0.8731130957603455,26.279824489999996,363.25,-0.003200573241338134,0.2,0.6864869594573975,-2.073627087473869,1390
306,1884,577536,141,0.0370361328125,0.0043763453,0.0003,7.798560172319412,3.2094483375549316,0.9463404417037964,25.41198546,368.34,-0.0034080941375577824,0.2,0.6849841475486755,-2.0652219384908674,1400
307,1891,581632,142,0.0401123046875,0.0048225783,0.0003,6.3605835974216465,2.467872142791748,0.9639431834220886,27.44905994,353.53,-0.004465445436653681,0.2,0.6843239068984985,-2.062544879317284,1410
308,1899,585728,143,0.0648681640625,0.00570775,0.0003,4.49487821161747,1.6126981973648071,0.9810864925384521,26.087747240000002,348.57,-0.0033563467382919042,0.2,0.6843963861465454,-2.0612206190824507,1420
309,1906,589824,144,0.04794921875,0.0041673966,0.0003,5.137898281216621,1.979975700378418,0.959391713142395,25.121597459999997,357.84,-0.004071718157501891,0.2,0.683964729309082,-2.0608037233352663,1430
310,1914,593920,145,0.0546630859375,0.006298438,0.0003,7.88853058218956,2.9468228816986084,0.8694889545440674,27.59605668,345.07,-0.0036389354398124853,0.2,0.6848859786987305,-2.0611347168684007,1440
311,1922,598016,146,0.042529296875,0.004532531,0.0003,4.714696353673935,1.7256830930709839,0.9244707822799683,23.965717959999992,360.23,-0.0044699096004478635,0.2,0.6838575601577759,-2.0621417343616484,1450
346,1738,602112,147,0.027685546875,0.0034911055,0.0003,5.529898071289063,1.9253662824630737,0.975075900554657,23.42564074,359.8,-0.002482131255965214,0.2,0.6833757758140564,-2.0591007232666017,1460
347,1745,606208,148,0.03955078125,0.005510413,0.0003,4.5470036417245865,1.5201717615127563,0.9752408266067505,18.11976509,360.26,-0.0046213388937758285,0.2,0.679175615310669,-2.055043709278107,1470
348,1753,610304,149,0.075537109375,0.008201149,0.0003,8.625782251358032,2.035212755203247,0.8963193297386169,16.37101052,367.97,-0.004787215786927845,0.2,0.6802941560745239,-2.0487508833408357,1480
349,1760,614400,150,0.0420654296875,0.0042403406,0.0003,10.324119982123374,1.727364182472229,0.9369173049926758,15.712438769999999,367.79,-0.0020301208161981775,0.2,0.6796097159385681,-2.0510863810777664,1490
349,1767,618496,151,0.07822265625,0.006180158,0.0003,5.452640333771706,1.6759480237960815,0.9670437574386597,15.556139250000001,370.07,-0.0023526780656538903,0.2,0.6792583465576172,-2.04969382584095,1500
350,1774,622592,152,0.0272216796875,0.0040429044,0.0003,6.469552204012871,2.7161266803741455,0.9489274621009827,17.83853914,365.84,-0.0029730887385085226,0.2,0.6802331805229187,-2.0480579882860184,1510
351,1781,626688,153,0.050537109375,0.0070066457,0.0003,3.82947918176651,1.4355124235153198,0.957491397857666,14.71558933,365.27,-0.003361655693151988,0.2,0.6786816120147705,-2.046713814139366,1520
352,1788,630784,154,0.0363525390625,0.0076677715,0.0003,16.43668375611305,8.233114242553711,0.9293947815895081,13.0500373,366.26,-0.004113276186399162,0.2,0.6772041320800781,-2.0399774581193926,1530
353,1795,634880,155,0.0528076171875,0.0069761155,0.0003,2.546453632414341,0.8227587342262268,0.9568714499473572,15.456280920000001,359.16,-0.0052181251143338155,0.2,0.6741944551467896,-2.0346630036830904,1540
354,1802,638976,156,0.057763671875,0.0077536413,0.0003,3.1726755782961846,1.0564699172973633,0.9331623315811157,21.400801850000004,346.26,-0.003772065747762099,0.2,0.6644693613052368,-2.0165396839380265,1550
355,1809,643072,157,0.04404296875,0.0037992871,0.0003,6.2614258348941805,3.03662371635437,0.9100423455238342,20.939542490000004,347.72,-0.003728209725522902,0.2,0.664179801940918,-1.9979490473866464,1560
356,1817,647168,158,0.045751953125,0.00584119,0.0003,11.377425265312194,5.608187198638916,0.8635222315788269,22.39566448,344.73,-0.002499024415737949,0.2,0.6635249853134155,-1.9992227986454965,1570
357,1823,651264,159,0.0395263671875,0.005517949,0.0003,4.941576206684113,1.6339143514633179,0.9485911726951599,23.648453889999995,345.04,-0.004053099149314221,0.2,0.6638158559799194,-1.995676839351654,1580
358,1830,655360,160,0.0510009765625,0.004519725,0.0003,3.615236756205559,1.1149961948394775,0.9663697481155396,25.419770159999995,342.23,-0.003786606402718462,0.2,0.6615227460861206,-1.993914571404457,1590
358,1837,659456,161,0.064404296875,0.007892114,0.0003,2.3206058114767076,0.7802252769470215,0.98531574010849,24.148809709999995,352.5,-0.004296940669883042,0.2,0.6672612428665161,-1.996905018389225,1600
359,1844,663552,162,0.067822265625,0.0068793558,0.0003,2.5201023280620576,0.848335325717926,0.9790388345718384,28.155877920000002,351.24,-0.0025264056748710573,0.2,0.6627316474914551,-1.9991668999195098,1610
360,1851,667648,163,0.0850341796875,0.00640353,0.0003,4.718748995661736,1.7770479917526245,0.9629029035568237,24.240688910000003,365.6,-0.0025591370853362606,0.2,0.6623561382293701,-1.9877893671393394,1620
361,1858,671744,164,0.0854248046875,0.009765263,0.0003,1.2156058751046657,0.34791895747184753,0.9921400547027588,25.52570292,351.64,-0.0026506650552619248,0.2,0.6624099016189575,-1.985726660490036,1630
362,1864,675840,165,0.0351806640625,0.002867006,0.0003,5.039543160796166,1.8205665349960327,0.8678411841392517,28.42486971,345.76,-0.002503729105228558,0.2,0.6606457233428955,-1.9842166408896447,1640
363,1871,679936,166,0.0664794921875,0.010665238,0.0003,2.380301034450531,0.8348842859268188,0.9320724606513977,29.897588140000003,341.07,-0.004328021551918937,0.2,0.6548035144805908,-1.9749334156513214,1650
364,1878,684032,167,0.078125,0.006682344,0.0003,5.098233631253242,1.7385460138320923,0.9154087901115417,27.38743734,349.91,-0.004264884869917296,0.2,0.6517871618270874,-1.9577836632728576,1660
365,1884,688128,168,0.0271728515625,0.0054381266,0.0003,5.154645922780037,1.9020047187805176,0.9390694499015808,27.886090159999995,347.96,-0.003618778096279129,0.2,0.649757981300354,-1.9528748109936713,1670
366,1891,692224,169,0.05166015625,0.008136301,0.0003,4.632816103100777,2.1024434566497803,0.9725314378738403,28.369702619999995,343.04,-0.00353858009329997,0.2,0.6505492925643921,-1.9485828876495361,1680
366,1897,696320,170,0.07685546875,0.0049003297,0.0003,4.191024303436279,1.3544323444366455,0.9150087833404541,26.73704693,340.65,-0.0012114288052543997,0.2,0.650109052658081,-1.9504246726632117,1690
401,1742,700416,171,0.040771484375,0.0045711417,0.0003,4.414694970846176,1.3983980417251587,0.8909564018249512,30.65164774,324.29,-0.001597970791044645,0.2,0.6505137085914612,-1.9487849101424217,1700
402,1749,704512,172,0.0448974609375,0.00429489,0.0003,3.7913089483976363,1.7352895736694336,0.8419812917709351,30.55676599,328.04,-0.0025904344831360502,0.2,0.6525974273681641,-1.9506961181759834,1710
403,1755,708608,173,0.0489013671875,0.005249243,0.0003,4.51779046356678,1.8476557731628418,0.9167712926864624,27.651257219999998,342.39,-0.002035636478103697,0.2,0.6513556241989136,-1.952606764435768,1720
404,1762,712704,174,0.088525390625,0.006573405,0.0003,3.6372015357017515,1.2409758567810059,0.9452784657478333,25.85988367,354.08,-0.005648041117819957,0.2,0.6505672931671143,-1.9494010522961616,1730
405,1768,716800,175,0.0474853515625,0.0058208783,0.0003,4.2846724599599835,2.2188973426818848,0.9590139985084534,23.947213859999998,358.86,-0.0033773245580960066,0.2,0.6477776765823364,-1.9454316705465318,1740
406,1774,720896,176,0.02666015625,0.0024971329,0.0003,6.6010908603668215,2.706650495529175,0.9090395569801331,25.55648318,357.55,-0.0013927627791417764,0.2,0.6503908634185791,-1.9425462692975999,1750
407,1781,724992,177,0.062158203125,0.009907544,0.0003,4.874563190340996,1.593445897102356,0.9625265002250671,24.073687490000008,361.01,-0.0036076226824661717,0.2,0.6518881916999817,-1.949761751294136,1760
407,1787,729088,178,0.0472412109375,0.010470133,0.0003,3.81629543453455,0.9462880492210388,0.9745081663131714,25.917196489999995,365.37,-0.0019631313218269495,0.2,0.653023362159729,-1.9527114674448967,1770
408,1793,733184,179,0.0561279296875,0.005332102,0.0003,3.135081796348095,0.9484723210334778,0.9743168354034424,24.75629990000001,371.84,-0.0036988323568948544,0.2,0.6547894477844238,-1.9554648086428643,1780
409,1799,737280,180,0.067724609375,0.0057455283,0.0003,4.878770273923874,1.6766895055770874,0.9454661011695862,21.582234120000003,382.78,-0.00310148723074235,0.2,0.6537030935287476,-1.9551650032401084,1790
410,1806,741376,181,0.0412353515625,0.004698987,0.0003,5.714980953931809,2.188220739364624,0.9632542133331299,17.927196340000002,387.23,-0.004159066505962983,0.2,0.6517467498779297,-1.9500378742814064,1800
411,1812,745472,182,0.06044921875,0.004655621,0.0003,2.4216520577669143,0.811378002166748,0.9874386787414551,22.047278149999997,364.89,-0.004165683223982341,0.2,0.64911949634552,-1.9402340799570084,1810
412,1818,749568,183,0.0350341796875,0.006076374,0.0003,4.622292762994766,1.5540292263031006,0.9099569320678711,21.88149489,357.05,-0.0044481069751782345,0.2,0.6490521430969238,-1.9352246686816215,1820
413,1824,753664,184,0.0395263671875,0.0031791686,0.0003,6.523323425650597,2.879396677017212,0.9604669809341431,18.652999809999997,355.89,-0.003097211783460807,0.2,0.648979902267456,-1.9342710718512535,1830
414,1830,757760,185,0.043017578125,0.005511691,0.0003,4.959518480300903,2.2668333053588867,0.977094292640686,19.28540957,356.57,-0.004360492352861911,0.2,0.6497365236282349,-1.9358037874102592,1840
415,1834,761856,186,0.0452880859375,0.009536137,0.0003,5.033090499043465,1.7056878805160522,0.9436099529266357,18.447297650000007,364.64,-0.0019491168175591155,0.2,0.6514177322387695,-1.940822172164917,1850
416,1840,765952,187,0.0636962890625,0.009687342,0.0003,4.065679654479027,0.9175522923469543,0.9838894605636597,16.67462148,366.15,-0.0025679298909381033,0.2,0.6495814919471741,-1.9394453138113021,1860
417,1845,770048,188,0.0387939453125,0.0039852466,0.0003,7.6328743398189545,1.3701921701431274,0.971186637878418,17.714876219999997,359.87,-0.0022122677677543835,0.2,0.6483073234558105,-1.9326912969350816,1870
418,1851,774144,189,0.0539794921875,0.0061340276,0.0003,6.14838684797287,2.2730066776275635,0.9681852459907532,16.413775469999997,361.25,-0.005203640286345035,0.2,0.6427332758903503,-1.9245623618364334,1880
419,1856,778240,190,0.03251953125,0.006039081,0.0003,9.016098022460938,4.621494770050049,0.9675538539886475,17.788830949999998,360.13,-0.0033325351745588706,0.2,0.6411252021789551,-1.912590153515339,1890
420,1860,782336,191,0.0351318359375,0.0038759473,0.0003,7.732039940357208,2.7596523761749268,0.9619646668434143,15.76751116,374.26,-0.0036895294208079575,0.2,0.6372812390327454,-1.9047883793711662,1900
421,1866,786432,192,0.05615234375,0.0075671156,0.0003,4.413093712925911,1.428024172782898,0.9746426343917847,14.267687899999999,377.52,-0.004757826958666556,0.2,0.6374219655990601,-1.8988897010684014,1910
422,1872,790528,193,0.064599609375,0.007034568,0.0003,3.355797950923443,1.5601242780685425,0.9748265743255615,17.4321156,380.75,-0.004636425850912928,0.2,0.6384773254394531,-1.8993358954787254,1920
423,1878,794624,194,0.04501953125,0.0068544988,0.0003,4.20300712287426,1.7078533172607422,0.9766355156898499,16.21750966,382.73,-0.0019338895741384476,0.2,0.633674144744873,-1.8948682114481925,1930
424,1883,798720,195,0.04501953125,0.0053614452,0.0003,4.431245821714401,1.073588252067566,0.9838851690292358,16.33297524,371.76,-0.003478417356382124,0.2,0.6299280524253845,-1.8799396246671676,1940
459,1748,802816,196,0.04033203125,0.004437087,0.0003,6.493058213591576,2.4666221141815186,0.9667562246322632,19.563977270000006,363.44,-0.00483367737615481,0.2,0.625910758972168,-1.8652167931199073,1950
459,1754,806912,197,0.1194580078125,0.009384059,0.0003,2.959726482629776,1.0730319023132324,0.9869083166122437,20.764031269999997,370.25,-0.0024162373563740404,0.2,0.6214656829833984,-1.8497232392430305,1960
460,1759,811008,198,0.084423828125,0.0035873118,0.0003,7.456400144100189,2.545734167098999,0.9626476168632507,22.87414723,363.83,-0.001000283780740574,0.2,0.621275007724762,-1.8396419182419776,1970
461,1765,815104,199,0.0986328125,0.018618323,0.0003,4.421065303683281,1.7450648546218872,0.9713911414146423,22.718611359999997,367.69,-0.00207038375956472,0.2,0.6182699203491211,-1.8320006623864173,1980
462,1770,819200,200,0.0505615234375,0.004318592,0.0003,4.029646417498588,2.13386869430542,0.9836151003837585,22.462461510000004,363.24,-0.0028522266336949544,0.2,0.6106743812561035,-1.8164735317230225,1990
463,1775,823296,201,0.0438720703125,0.0047206106,0.0003,8.223453491926193,2.7737503051757812,0.9536939859390259,21.397921640000003,371.7,-0.004141439869999886,0.2,0.6117998957633972,-1.8010038569569589,2000
464,1780,827392,202,0.0236083984375,0.005798081,0.0003,5.937624138593674,3.0057873725891113,0.9728872776031494,17.057962770000003,390.22,-0.0011035854578949511,0.2,0.6140683889389038,-1.8078878849744797,2010
465,1785,831488,203,0.0468994140625,0.0060002683,0.0003,5.066298460960388,1.672155499458313,0.9670231938362122,18.61597576,381.62,-0.002739599294727668,0.2,0.6128005981445312,-1.8099807024002075,2020
466,1790,835584,204,0.0958984375,0.005174403,0.0003,4.303235876560211,1.3093762397766113,0.969052791595459,21.32178973,384.42,-0.001456800167215988,0.2,0.6109417080879211,-1.80221785902977,2030
467,1796,839680,205,0.0406494140625,0.004772892,0.0003,4.487603372335434,1.7545326948165894,0.9368686676025391,18.76233529,387.97,-0.003896867029106943,0.2,0.6135269999504089,-1.8010178253054618,2040
468,1801,843776,206,0.07568359375,0.009410402,0.0003,3.1820210367441177,1.2735426425933838,0.9802224040031433,19.793448369999993,395.83,-0.0028785094094928355,0.2,0.6139959692955017,-1.8046651616692544,2050
469,1806,847872,207,0.0886474609375,0.0076932097,0.0003,5.718556427955628,1.6760814189910889,0.9443353414535522,20.040117950000003,399.54,-0.003835461486596614,0.2,0.6134293079376221,-1.800330214202404,2060
470,1811,851968,208,0.0473876953125,0.008843488,0.0003,3.996503385901451,1.3735934495925903,0.9682379961013794,21.26676818,400.79,-0.004020405038318131,0.2,0.6113059520721436,-1.7964218139648438,2070
471,1816,856064,209,0.0692138671875,0.004490259,0.0003,7.398287826776505,2.047938346862793,0.8752001523971558,21.176499500000006,406.32,-0.0038241584814386444,0.2,0.6091087460517883,-1.7903827652335167,2080
472,1821,860160,210,0.04013671875,0.006196491,0.0003,8.480114006996155,3.5646181106567383,0.9326728582382202,24.03113537,395.07,-0.0038439622381702065,0.2,0.6072263717651367,-1.7850429177284242,2090
473,1826,864256,211,0.067431640625,0.0078086937,0.0003,3.0425671890377997,1.0003089904785156,0.9844962358474731,24.227853860000003,390.1,-0.00617790010292083,0.2,0.6096566915512085,-1.7849962338805199,2100
474,1831,868352,212,0.0423095703125,0.00533782,0.0003,4.829105916619301,1.912410020828247,0.9559551477432251,24.438717099999998,386.9,-0.002532669686479494,0.2,0.6060395240783691,-1.7856794387102126,2110
474,1837,872448,213,0.090234375,0.019283574,0.0003,3.605839417874813,2.3773720264434814,0.9521049857139587,25.65867179,374.82,-0.002204470569267869,0.2,0.6043161153793335,-1.771511709690094,2120
475,1842,876544,214,0.0816162109375,0.0059543084,0.0003,4.082173544168472,1.5003447532653809,0.9175924062728882,25.513135869999996,379.3,-0.004719588594161906,0.2,0.6080023050308228,-1.7704959154129027,2130
476,1848,880640,215,0.08349609375,0.008884295,0.0003,2.6258685648441316,0.9240013360977173,0.979576051235199,23.157042730000004,378.53,-0.0035035196749959143,0.2,0.6062736511230469,-1.77425706833601,2140
477,1853,884736,216,0.0498779296875,0.0049892818,0.0003,4.457967391610145,1.2419742345809937,0.9298526048660278,22.4155452,375.31,-0.002436327045143116,0.2,0.6091859936714172,-1.770374782383442,2150
478,1858,888832,217,0.1267822265625,0.012131999,0.0003,12.754783660173416,4.371626377105713,0.7683725357055664,22.944518629999994,371.53,-0.003883106443390716,0.2,0.6091216802597046,-1.7778844013810158,2160
479,1863,892928,218,0.0431884765625,0.005614225,0.0003,4.236642736196518,1.3726013898849487,0.9469106793403625,22.11323302,369.94,-0.005396726010076236,0.2,0.6082793474197388,-1.7751496136188507,2170
479,1868,897024,219,0.0347900390625,0.005793893,0.0003,4.3917595654726025,1.7847460508346558,0.943436861038208,21.921324369999997,375.81,-0.003409458009991795,0.2,0.6079318523406982,-1.7739729270339013,2180
520,1731,901120,220,0.0581298828125,0.009415846,0.0003,3.7614172250032425,1.2708348035812378,0.9755197763442993,21.41018576,378.81,-0.003258430998539552,0.2,0.6071465611457825,-1.7705320939421654,2190
521,1735,905216,221,0.0661376953125,0.010105803,0.0003,5.183579382300377,1.9457156658172607,0.9448217749595642,22.59584196,383.73,-0.001616779190953821,0.2,0.6054912805557251,-1.7644950479269028,2200
522,1740,909312,222,0.080078125,0.009987845,0.0003,3.665734702348709,1.6280966997146606,0.9370089173316956,20.84993133,389.11,-0.006190780790348072,0.2,0.595510721206665,-1.747953860461712,2210
523,1745,913408,223,0.052880859375,0.005397992,0.0003,7.497254353761673,2.0385167598724365,0.9566786885261536,20.45249721,391.7,-0.002360535787011031,0.2,0.5977292060852051,-1.7322932869195937,2220
524,1750,917504,224,0.0478515625,0.010207521,0.0003,4.452880845963955,1.4265985488891602,0.9373303055763245,21.971661879999996,395.8,-0.003978819302574266,0.2,0.5949589014053345,-1.7356037825345993,2230
524,1755,921600,225,0.06435546875,0.0071326047,0.0003,5.04853267967701,1.962620496749878,0.9154567122459412,25.166627590000004,382.81,-0.00499622686766088,0.2,0.5937871932983398,-1.7250635534524918,2240
525,1760,925696,226,0.0804443359375,0.0065227533,0.0003,2.7597023084759713,0.8044670820236206,0.951337456703186,24.672548470000002,381.91,-0.0029010034253587947,0.2,0.5905860662460327,-1.716754676401615,2250
526,1765,929792,227,0.066845703125,0.00670431,0.0003,12.728897941112518,4.901637554168701,0.800801694393158,24.424688730000003,386.5,-0.003445354709401727,0.2,0.5945093631744385,-1.7118533208966256,2260
527,1769,933888,228,0.0294921875,0.004288891,0.0003,6.909747523069382,2.6795504093170166,0.901787519454956,23.52331826,382.28,-0.0032773768150946127,0.2,0.5910054445266724,-1.7166496962308884,2270
528,1774,937984,229,0.039697265625,0.004108598,0.0003,13.96626558303833,3.9495434761047363,0.8142837882041931,22.827668,371.82,-0.0036076735996175557,0.2,0.5915393233299255,-1.7077846243977546,2280
529,1778,942080,230,0.07939453125,0.008734141,0.0003,12.067632132768631,7.2103142738342285,0.8992457985877991,23.86695697000001,376.67,-0.002167207912134472,0.2,0.5914233922958374,-1.7110801041126251,2290
530,1782,946176,231,0.0759521484375,0.0054762224,0.0003,2.3528769642114638,0.6781845092773438,0.9691795110702515,19.51677841,384.64,-0.004216286322480301,0.2,0.5917631983757019,-1.7113076388835906,2300
531,1787,950272,232,0.0589111328125,0.0071118535,0.0003,5.914744022488594,2.3045654296875,0.9598436951637268,20.6433692,373.15,-0.004876590732601471,0.2,0.5907843112945557,-1.7103534951806068,2310
532,1791,954368,233,0.0278076171875,0.0025473135,0.0003,15.010631155967712,7.617308616638184,0.8878160715103149,18.694200170000002,380.71,-0.0025030491524375975,0.2,0.5888351798057556,-1.7051420107483863,2320
533,1796,958464,234,0.0323486328125,0.0055260146,0.0003,5.18890872001648,2.120327949523926,0.9620072245597839,16.751705049999998,389.63,-0.002446890526334755,0.2,0.5851600170135498,-1.6957352444529534,2330
534,1801,962560,235,0.051806640625,0.005691067,0.0003,3.384245663881302,0.8745849132537842,0.9302008152008057,14.436014179999999,407.89,-0.00426936614094302,0.2,0.5835843086242676,-1.6849920272827148,2340
535,1806,966656,236,0.0417724609375,0.004903408,0.0003,4.924897480010986,1.2874658107757568,0.9477189779281616,10.188283409999999,416.38,-0.0041516478042467496,0.2,0.5841471552848816,-1.6830493360757828,2350
535,1811,970752,237,0.0447021484375,0.005533928,0.0003,8.829793572425842,3.2247626781463623,0.9434490203857422,11.507247150000003,410.73,-0.005851253005675972,0.2,0.5848256945610046,-1.6866589099168778,2360
536,1815,974848,238,0.06572265625,0.0047994703,0.0003,3.6121785789728165,0.9500577449798584,0.9468483924865723,11.818669479999997,424.9,-0.0040191533684264865,0.2,0.5856045484542847,-1.6881061121821404,2370
537,1820,978944,239,0.0378662109375,0.005985249,0.0003,7.795135599374771,2.4938712120056152,0.9494510889053345,13.337529199999997,419.77,-0.004797334682371002,0.2,0.5850090384483337,-1.688772328197956,2380
538,1824,983040,240,0.0525634765625,0.0074062226,0.0003,6.1714280307292935,2.861309051513672,0.9272749423980713,15.350965139999998,403.49,-0.0036480365175521,0.2,0.5822676420211792,-1.6812113031744957,2390
539,1828,987136,241,0.05205078125,0.00717586,0.0003,8.660938948392868,3.366422653198242,0.9027893543243408,15.7522399,399.68,-0.004081917871371843,0.2,0.5830303430557251,-1.6751185476779937,2400
540,1833,991232,242,0.0513671875,0.0062771924,0.0003,8.331950014829635,2.7790868282318115,0.9434001445770264,11.18903284,419.37,-0.004219433211255818,0.2,0.5861738920211792,-1.6821209028363229,2410
541,1838,995328,243,0.044921875,0.00500518,0.0003,7.932081466913223,2.6194167137145996,0.9284560680389404,9.7857012,426.8,-0.0036800341797061263,0.2,0.5847533345222473,-1.6869537726044654,2420
542,1842,999424,244,0.052734375,0.0050403993,0.0003,5.243357408046722,1.7003957033157349,0.9530631303787231,10.07723519,423.59,-0.003992593254952226,0.2,0.5834773778915405,-1.6816082179546357,2430
580,1728,1003520,245,0.056103515625,0.0078328205,0.0003,14.376552909612656,5.842989921569824,0.9097643494606018,11.599495450000001,412.23,-0.004065347855794243,0.2,0.5832202434539795,-1.6807917907834053,2440
581,1733,1007616,246,0.0485107421875,0.007125195,0.0003,5.928710553050041,1.9508991241455078,0.8679342865943909,16.778817919999998,408.79,-0.005239737860392779,0.2,0.5801101922988892,-1.6783195078372954,2450
582,1736,1011712,247,0.0559814453125,0.0073078857,0.0003,6.772315055131912,2.426485300064087,0.9091618061065674,15.96539547,403.45,-0.005363394136657007,0.2,0.5818943977355957,-1.6753292754292488,2460
583,1741,1015808,248,0.069091796875,0.007063547,0.0003,14.676543933153152,8.415332794189453,0.9224601984024048,14.803649890000004,397.22,-0.002372111254953779,0.2,0.5773987174034119,-1.6715000733733176,2470
584,1744,1019904,249,0.0878173828125,0.008087477,0.0003,7.6213390052318575,2.411555528640747,0.9011467099189758,16.595583170000005,395.97,-0.00214938880817499,0.2,0.5762492418289185,-1.6575012162327767,2480
585,1748,1024000,250,0.051513671875,0.006529168,0.0003,4.9837918996810915,1.4579579830169678,0.9553658962249756,18.33781176,384.37,-0.005066054573399014,0.2,0.5736891627311707,-1.6538607060909272,2490
586,1753,1028096,251,0.066748046875,0.008139732,0.0003,4.831584605574608,1.3965378999710083,0.9611998796463013,22.345837080000006,374.4,-0.005253246499341913,0.2,0.5740630626678467,-1.6453886032104492,2500
587,1757,1032192,252,0.059423828125,0.0061904397,0.0003,4.25053945183754,1.4571157693862915,0.9560632109642029,25.563697379999997,357.86,-0.0035276631257147527,0.2,0.5724686980247498,-1.6398905634880065,2510
588,1761,1036288,253,0.076123046875,0.008551248,0.0003,3.9332043915987014,1.6302623748779297,0.932303786277771,25.11991831,355.54,-0.0016118003753945232,0.2,0.5778656005859375,-1.6413389816880226,2520
588,1766,1040384,254,0.0542724609375,0.0027416346,0.0003,10.555947381258012,3.414515256881714,0.9356067180633545,24.787178559999997,354.18,-0.0009877273987513036,0.2,0.5838671326637268,-1.658424685895443,2530
590,1769,1044480,255,0.065234375,0.013691202,0.0003,5.153129857778549,2.0429956912994385,0.9171842932701111,25.102457679999997,350.17,-0.0034940975107019766,0.2,0.5841608643531799,-1.6682102143764497,2540
591,1774,1048576,256,0.0777587890625,0.008369189,0.0003,5.304150441288948,2.1104955673217773,0.9664099812507629,26.697977,339.75,-0.004378018170245923,0.2,0.5811190605163574,-1.6589837774634362,2550
591,1778,1052672,257,0.0688232421875,0.008396995,0.0003,6.193228384852409,1.5968983173370361,0.9702398777008057,24.444973890000007,347.89,-0.003441407918580808,0.2,0.5817373991012573,-1.6525425568223,2560
592,1782,1056768,258,0.092626953125,0.0073843496,0.0003,3.166661785542965,1.055226445198059,0.9695444107055664,23.227097559999997,356.84,-0.004215034405933693,0.2,0.5803788304328918,-1.6508530914783477,2570
593,1786,1060864,259,0.07197265625,0.009644778,0.0003,5.119452980160713,3.4003560543060303,0.9522086977958679,21.175876989999995,366.45,-0.0030608883942477407,0.2,0.5793898105621338,-1.6497909620404243,2580
594,1791,1064960,260,0.1009765625,0.007463526,0.0003,7.636616507172585,3.5783283710479736,0.9582574963569641,20.28656209,369.36,-0.003788667780463584,0.2,0.5795913934707642,-1.6465250104665756,2590
595,1795,1069056,261,0.0776123046875,0.014819216,0.0003,3.0315829306840896,0.9549627304077148,0.9619970917701721,19.968160750000003,369.44,-0.0022701881840475834,0.2,0.579695463180542,-1.6447093412280083,2600
596,1799,1073152,262,0.119384765625,0.011119779,0.0003,4.988104447722435,2.146394729614258,0.8796579837799072,23.429926969999997,361.7,-0.0004850428173085675,0.2,0.5783892869949341,-1.6394815921783448,2610
597,1803,1077248,263,0.0821044921875,0.0077778753,0.0003,3.868183970451355,1.334615707397461,0.9521397352218628,22.771991900000003,360.78,-0.0035559016396291554,0.2,0.579912543296814,-1.6371920064091683,2620
598,1807,1081344,264,0.0530517578125,0.00683471,0.0003,10.227303084731101,3.2965335845947266,0.8954079151153564,21.05163156,380.04,-0.002576180171308806,0.2,0.5763236284255981,-1.6317128658294677,2630
599,1811,1085440,265,0.0825927734375,0.008237079,0.0003,4.61153065264225,1.2032467126846313,0.9697462916374207,16.78886451,398.71,-0.0054437005121144464,0.2,0.5783390998840332,-1.6243991449475288,2640
600,1815,1089536,266,0.0319091796875,0.0037186514,0.0003,6.269281435012817,2.224191188812256,0.9550197124481201,20.483990350000003,391.56,-0.002181805310829077,0.2,0.578210711479187,-1.628136433660984,2650
600,1819,1093632,267,0.0796142578125,0.008117444,0.0003,3.6237780898809433,1.2248469591140747,0.9612959623336792,18.99627388,389.07,-0.005907559614570346,0.2,0.585441529750824,-1.6346295922994614,2660
601,1824,1097728,268,0.05693359375,0.0070956196,0.0003,10.161852955818176,6.954649448394775,0.9439606666564941,21.95703141,381.71,-0.004613427101867273,0.2,0.5832924842834473,-1.6464419171214104,2670
639,1723,1101824,269,0.0703125,0.004530673,0.0003,5.792427888512611,1.8717913627624512,0.9370797872543335,25.004308229999992,368.54,-0.004315369162941352,0.2,0.5868644714355469,-1.6404739037156104,2680
640,1727,1105920,270,0.0524169921875,0.0056827934,0.0003,7.949550652503968,2.5661041736602783,0.930126965045929,21.749675810000003,383.92,-0.00528155003557913,0.2,0.5893137454986572,-1.6480854228138924,2690
641,1730,1110016,271,0.0578125,0.0076625906,0.0003,4.985385024547577,1.7666884660720825,0.9733827710151672,17.11429992,404.27,-0.005033001035917551,0.2,0.5881628394126892,-1.6537279844284059,2700
642,1734,1114112,272,0.0694580078125,0.016033899,0.0003,2.6014204144477846,0.8385136723518372,0.9855539798736572,17.9798595,399.46,-0.004390745580894873,0.2,0.5764492750167847,-1.6364138752222062,2710
643,1738,1118208,273,0.0605224609375,0.0055181915,0.0003,4.222723379731178,1.2312127351760864,0.9826515913009644,13.875339819999997,412.27,-0.004975328882574103,0.2,0.5750178098678589,-1.6093680784106255,2720
643,1742,1122304,274,0.0433837890625,0.005222505,0.0003,6.558886495232582,1.7227658033370972,0.9278495907783508,14.286461470000006,415.95,-0.003560926704085432,0.2,0.5774867534637451,-1.6129773288965226,2730
644,1746,1126400,275,0.0412109375,0.004608381,0.0003,6.987109678983688,2.3442132472991943,0.9219887852668762,17.57688988,405.14,-0.004431895396555774,0.2,0.5812898874282837,-1.6254536598920821,2740
645,1750,1130496,276,0.054296875,0.0053605167,0.0003,2.651246252655983,0.8557708263397217,0.9821732640266418,16.59768254,405.43,-0.004346919254749082,0.2,0.5818759202957153,-1.6336475789546967,2750
646,1754,1134592,277,0.074560546875,0.012708237,0.0003,2.7957256138324738,1.0483434200286865,0.9254000186920166,21.17458167,398.39,-0.005998283979715779,0.2,0.5822145938873291,-1.6297690644860268,2760
647,1758,1138688,278,0.12431640625,0.012112776,0.0003,4.817332845926285,1.5850027799606323,0.9203349947929382,20.045664529999996,407.67,-0.0027936437050811946,0.2,0.5838969945907593,-1.627911451458931,2770
648,1762,1142784,279,0.1347900390625,0.011267826,0.0003,6.284894123673439,2.651273488998413,0.9415810108184814,18.0429872,417.13,-0.0007192430959548802,0.2,0.5916322469711304,-1.640489435195923,2780
649,1766,1146880,280,0.0392578125,0.0044442276,0.0003,5.044895398616791,1.7582141160964966,0.9465662240982056,20.101123949999998,407.83,-0.0039841644909756726,0.2,0.5967198610305786,-1.6597869396209717,2790
650,1770,1150976,281,0.060888671875,0.006918793,0.0003,5.257405000925064,1.4841758012771606,0.9472264647483826,22.568067120000002,401.28,-0.0036510177364107222,0.2,0.5967276692390442,-1.6678507268428802,2800
650,1774,1155072,282,0.060888671875,0.007243859,0.0003,3.4949853241443636,1.17098069190979,0.96234130859375,22.563945920000002,396.05,-0.004380093087092973,0.2,0.5983576774597168,-1.6659616068005563,2810
651,1778,1159168,283,0.0693603515625,0.008102679,0.0003,6.359024542570114,1.6858078241348267,0.9518049359321594,27.7839892,373.25,-0.004785770020680502,0.2,0.5986582636833191,-1.6650509476661681,2820
652,1782,1163264,284,0.03955078125,0.0038797108,0.0003,5.8005590558052065,2.3392741680145264,0.9433756470680237,26.79730487000001,375.74,-0.004597764031495899,0.2,0.6002265214920044,-1.6630005210638046,2830
653,1785,1167360,285,0.0695068359375,0.010748834,0.0003,4.876806673407555,2.168325662612915,0.9316695332527161,26.68282682,377.09,-0.005609615807770751,0.2,0.5981882810592651,-1.6613860681653023,2840
654,1789,1171456,286,0.049951171875,0.007541775,0.0003,5.215692949295044,1.7718056440353394,0.9620218873023987,24.29699925,379.65,-0.003926204636809416,0.2,0.5973905324935913,-1.6550439983606338,2850
655,1793,1175552,287,0.0686767578125,0.007694326,0.0003,4.659343793988228,2.007267713546753,0.9561706781387329,27.911866189999998,363.14,-0.0036010374256875365,0.2,0.5970194339752197,-1.6524861812591554,2860
656,1797,1179648,288,0.061328125,0.008592743,0.0003,5.948321720957756,1.9889867305755615,0.9452069997787476,24.672098759999997,370.62,-0.004462919544312172,0.2,0.596743643283844,-1.6440898954868317,2870
657,1800,1183744,289,0.0509033203125,0.004620744,0.0003,6.886364996433258,2.6834986209869385,0.952515184879303,23.78246711,367.9,-0.0047615841205697505,0.2,0.5979813933372498,-1.6390087082982063,2880
658,1804,1187840,290,0.0533203125,0.010159769,0.0003,7.624416407942772,3.1791768074035645,0.9044317007064819,24.56068136,364.8,-0.0026544292690232397,0.2,0.5981558561325073,-1.63494803160429,2890
659,1808,1191936,291,0.0762939453125,0.008281376,0.0003,6.033989354968071,2.449326992034912,0.9117898344993591,25.952826220000002,360.75,-0.005234463475062512,0.2,0.5986772179603577,-1.6336982011795045,2900
660,1812,1196032,292,0.044580078125,0.0077694375,0.0003,6.246856099367141,2.256925344467163,0.9414396286010742,25.86586145,362.77,-0.002791611844440922,0.2,0.5978285074234009,-1.635551466047764,2910
697,1720,1200128,293,0.1285888671875,0.023221236,0.0003,2.1500878974795343,0.6993404626846313,0.9873653650283813,25.484514669999996,364.59,-0.0031720056576887146,0.2,0.5964419841766357,-1.6312717959284782,2920
698,1724,1204224,294,0.06103515625,0.0070326114,0.0003,2.958755150437355,0.8495694994926453,0.9407967925071716,27.461192190000006,353.4,-0.0038332743453793226,0.2,0.590035617351532,-1.624480889737606,2930
699,1728,1208320,295,0.099365234375,0.010064304,0.0003,3.865996669232845,1.0588172674179077,0.9225637912750244,26.85670102,364.21,-0.0036787805831409058,0.2,0.5886300206184387,-1.6063354521989823,2940
699,1732,1212416,296,0.04833984375,0.00452171,0.0003,6.444064819812775,1.3250092267990112,0.9293781518936157,25.44663614,379.02,-0.0026722095703007654,0.2,0.5868987441062927,-1.6011527717113494,2950
700,1735,1216512,297,0.0640380859375,0.008444353,0.0003,3.3498802363872526,1.4083088636398315,0.942338764667511,28.21596564,364.86,-0.006045792464283295,0.2,0.5819706320762634,-1.590618221461773,2960
701,1739,1220608,298,0.0395751953125,0.004622075,0.0003,7.779940867424012,2.2738935947418213,0.9295200109481812,26.909015520000004,370.34,-0.002778980717994273,0.2,0.5837263464927673,-1.5827584862709045,2970
702,1743,1224704,299,0.0570556640625,0.00643431,0.0003,6.3660500884056095,2.6048781871795654,0.9423852562904358,25.106191999999997,368.54,-0.004527259897440672,0.2,0.5799830555915833,-1.5845220610499382,2980
703,1746,1228800,300,0.072265625,0.011983341,0.0003,11.834030985832214,2.780999183654785,0.9106612801551819,25.575023520000006,362.11,-0.0017715125213726424,0.2,0.5772304534912109,-1.5738825112581254,2990
704,1750,1232896,301,0.064501953125,0.008387814,0.0003,5.783704259991646,1.5489907264709473,0.9424400329589844,25.67118468,366.54,-0.0029985800792928785,0.2,0.576235294342041,-1.568910962343216,3000
705,1754,1236992,302,0.0921875,0.011533038,0.0003,2.2282721638679504,0.7329700589179993,0.978355348110199,25.293657019999998,356.83,-0.004152734036324546,0.2,0.5737559795379639,-1.5620160847902298,3010
705,1757,1241088,303,0.126806640625,0.0053830054,0.0003,6.420912563800812,1.8665528297424316,0.9066118597984314,27.755073860000003,349.43,-0.0012982166721485556,0.2,0.571955144405365,-1.557165616750717,3020
706,1761,1245184,304,0.068017578125,0.0053081363,0.0003,2.9804954797029497,1.4551434516906738,0.9820072650909424,26.220344240000003,347.6,-0.0034011578041827305,0.2,0.5700922012329102,-1.5540135309100152,3030
707,1764,1249280,305,0.0387451171875,0.0048231217,0.0003,6.82742058634758,2.514652967453003,0.9514703154563904,25.6256135,352.48,-0.0034483308721974027,0.2,0.5702444911003113,-1.5525199949741364,3040
708,1768,1253376,306,0.0606689453125,0.007361071,0.0003,6.191876098513603,2.2474334239959717,0.9590280652046204,23.62951665,354.91,-0.004352305442444049,0.2,0.567253828048706,-1.5460951909422875,3050
709,1771,1257472,307,0.0588134765625,0.01203716,0.0003,10.85288028717041,7.254984378814697,0.9401874542236328,24.099310020000004,358.66,-0.0024603917743661443,0.2,0.568397045135498,-1.540565551817417,3060
710,1775,1261568,308,0.0638427734375,0.0126813445,0.0003,7.7232114493846895,2.3693768978118896,0.934394121170044,24.544133029999994,373.06,-0.003309434189577587,0.2,0.5683256983757019,-1.5450507014989854,3070
711,1778,1265664,309,0.0519775390625,0.0063948277,0.0003,5.3739637464284895,1.5191795825958252,0.972968578338623,21.908732140000005,382.36,-0.004111019478295929,0.2,0.5713431239128113,-1.551609593629837,3080
712,1782,1269760,310,0.0979248046875,0.009109568,0.0003,2.3108454272150993,0.5538318753242493,0.9885109066963196,19.712362990000003,389.94,-0.006153782049659639,0.2,0.5710902214050293,-1.5595438688993455,3090
713,1786,1273856,311,0.0668701171875,0.0053554033,0.0003,4.063332718610764,1.5633853673934937,0.9510928392410278,20.45750237,390.87,-0.004102462495211512,0.2,0.5710837841033936,-1.5554833963513375,3100
714,1789,1277952,312,0.06806640625,0.0052531837,0.0003,6.4968867123126985,3.3839638233184814,0.8896245956420898,21.561975880000006,390.57,-0.004223177980748005,0.2,0.5721265077590942,-1.5593588784337045,3110
714,1793,1282048,313,0.0542236328125,0.005330664,0.0003,4.26447519659996,1.5542842149734497,0.9410630464553833,21.025558829999994,394.97,-0.004435360229399521,0.2,0.5723426938056946,-1.5581280156970023,3120
715,1796,1286144,314,0.092236328125,0.004603272,0.0003,5.604260408878327,2.2178101539611816,0.9308668971061707,24.15385667,385.97,-0.000980969617376104,0.2,0.5698304176330566,-1.5529961436986923,3130
716,1800,1290240,315,0.0900390625,0.0105489995,0.0003,3.6139185428619385,1.0791783332824707,0.9513561725616455,26.654374550000007,386.45,-0.00256698760058498,0.2,0.5648353695869446,-1.5451159432530404,3140
717,1804,1294336,316,0.10966796875,0.016796477,0.0003,3.105804719030857,1.0295000076293945,0.948917031288147,25.695255040000003,394.22,-0.00468329727591481,0.2,0.5642388463020325,-1.5339485958218575,3150
718,1807,1298432,317,0.1104736328125,0.011952555,0.0003,3.5241415351629257,1.3117713928222656,0.9495390057563782,29.52067161,370.28,-0.0047329360124422236,0.2,0.5621057152748108,-1.529588085412979,3160
753,1729,1302528,318,0.0876953125,0.0065801265,0.0003,4.098809713125229,1.3911948204040527,0.9383859038352966,31.83357286,360.63,-0.0033266348647885023,0.2,0.562477171421051,-1.5244203880429268,3170
754,1732,1306624,319,0.070654296875,0.0052378844,0.0003,3.9396670699119567,0.9691254496574402,0.9564875960350037,30.572927609999997,364.4,-0.0026267160268616863,0.2,0.5646094679832458,-1.525597631931305,3180
755,1735,1310720,320,0.095166015625,0.009608751,0.0003,3.453432433307171,1.0490037202835083,0.9449570775032043,31.5491072,359.19,-0.003925489855464548,0.2,0.5613352656364441,-1.5248853519558907,3190
756,1739,1314816,321,0.084521484375,0.0064568417,0.0003,4.936324647068977,1.4466824531555176,0.9258101582527161,30.824529460000004,361.21,-0.005029259866569191,0.2,0.5645628571510315,-1.5185363337397575,3200
756,1742,1318912,322,0.0798828125,0.0075049885,0.0003,3.8133812218904497,1.7190062999725342,0.980515718460083,29.988677030000005,369.17,-0.005063513948698528,0.2,0.5637933611869812,-1.5172757983207703,3210
757,1745,1323008,323,0.0570068359375,0.008996769,0.0003,2.4209498941898344,0.661864697933197,0.9586554169654846,27.63582598,383.58,-0.004446736988029443,0.2,0.5672899484634399,-1.5159177586436272,3220
758,1749,1327104,324,0.116650390625,0.005577387,0.0003,3.346826638281345,1.43159818649292,0.9719321727752686,26.63788891,372.56,-0.0027152255992405117,0.2,0.5715728998184204,-1.5257345750927924,3230
759,1752,1331200,325,0.0569091796875,0.0074052485,0.0003,3.1468223959207533,1.0542781352996826,0.9719447493553162,26.45599858,362.64,-0.003287810177425854,0.2,0.5657438039779663,-1.5249090269207954,3240
760,1755,1335296,326,0.1359619140625,0.008796832,0.0003,5.878062957525254,2.0361225605010986,0.9257310032844543,25.149699969999997,378.57,0.003113320632837713,0.2,0.5661327242851257,-1.5092564240097999,3250
761,1759,1339392,327,0.16279296875,0.022286166,0.0003,2.714172598719597,0.8721882104873657,0.9574760794639587,27.27699347,376.11,-8.359857311006636e-05,0.2,0.5698161125183105,-1.5167334109544754,3260
762,1762,1343488,328,0.1005859375,0.0126960315,0.0003,1.933927020430565,0.6638904809951782,0.9738078117370605,26.114676359999997,368.96,-0.002736477681901306,0.2,0.57113116979599,-1.5241930797696113,3270
763,1766,1347584,329,0.0795166015625,0.007785946,0.0003,5.756028777360916,0.8995633125305176,0.9535769820213318,26.271979740000003,379.27,-0.003938592235863325,0.2,0.5720034837722778,-1.5202218353748322,3280
763,1769,1351680,330,0.06982421875,0.006456659,0.0003,3.7738742366433145,1.672550916671753,0.9769682884216309,22.986805959999998,394.66,-0.003568174969404936,0.2,0.5702803134918213,-1.5187504231929778,3290
764,1772,1355776,331,0.072314453125,0.0075847274,0.0003,1.914243832230568,0.6980661749839783,0.9785895347595215,24.664926050000005,380.28,-0.00518400552100502,0.2,0.5717116594314575,-1.517174881696701,3300
765,1776,1359872,332,0.063232421875,0.0062601594,0.0003,10.66306984424591,2.4784512519836426,0.8288214206695557,27.020325300000003,365.53,-0.002941720583476126,0.2,0.5691992044448853,-1.5172395244240762,3310
766,1779,1363968,333,0.0544189453125,0.0065432545,0.0003,6.987026870250702,2.4204118251800537,0.8841491341590881,27.566066449999994,365.13,-0.005396132371970452,0.2,0.5677688121795654,-1.5102622970938682,3320
767,1782,1368064,334,0.05654296875,0.0044200383,0.0003,2.9516193747520445,1.1922136545181274,0.9788262844085693,28.468557349999998,362.08,-0.002863884158432484,0.2,0.5692365169525146,-1.5064932137727738,3330
768,1785,1372160,335,0.10556640625,0.015619957,0.0003,2.6595132097601892,0.9590193033218384,0.9377015829086304,29.429527180000004,352.01,-0.003810760779015254,0.2,0.5662201642990112,-1.5018715858459473,3340
769,1788,1376256,336,0.0662841796875,0.004672557,0.0003,5.163761654496193,1.71012282371521,0.9571314454078674,26.739870879999994,359.75,-0.004941768839489669,0.2,0.5642712712287903,-1.4908820003271104,3350
770,1791,1380352,337,0.0637939453125,0.0071759867,0.0003,12.571238958835602,3.9595954418182373,0.9593608379364014,22.14214934,374.84,-0.0052663981332443655,0.2,0.5655235052108765,-1.4902769699692726,3360
771,1794,1384448,338,0.0684814453125,0.007105965,0.0003,3.59278993755579,1.0666429996490479,0.9808323979377747,21.29270967,370.26,-0.005855169256392401,0.2,0.5651702880859375,-1.4951936691999435,3370
772,1797,1388544,339,0.065478515625,0.005620387,0.0003,3.1923864409327507,1.0467619895935059,0.9567122459411621,24.035404630000002,364.14,-0.005879680158977862,0.2,0.5641604661941528,-1.4959233686327935,3380
773,1801,1392640,340,0.0931884765625,0.0069138217,0.0003,2.6300858214497564,0.8224173784255981,0.954465925693512,22.660524369999997,372.4,-0.003026581194717437,0.2,0.5638391971588135,-1.4887327075004577,3390
773,1804,1396736,341,0.156298828125,0.022708565,0.0003,5.180186757445336,3.5790982246398926,0.9321130514144897,23.647543069999994,378.18,-0.0019365230386028998,0.2,0.56533282995224,-1.4905683249235153,3400
809,1730,1400832,342,0.052001953125,0.005702057,0.0003,4.819763082265854,1.9919990301132202,0.950154721736908,20.932949909999998,386.35,-0.004357199172955006,0.2,0.5647754073143005,-1.4930186480283738,3410
810,1733,1404928,343,0.0770263671875,0.009017252,0.0003,4.397355002164841,1.5694160461425781,0.9700369834899902,22.984750499999997,382.08,-0.003989679916412569,0.2,0.5597820281982422,-1.4817722126841546,3420
811,1736,1409024,344,0.0779541015625,0.0069138324,0.0003,2.809433251619339,0.783100426197052,0.9784256219863892,20.64296931,390.21,-0.003808424295857549,0.2,0.5581925511360168,-1.465476366877556,3430
812,1739,1413120,345,0.0394775390625,0.005829595,0.0003,7.1451363354921344,4.1435956954956055,0.8743020296096802,24.0572628,375.3,-0.0020967819029465316,0.2,0.558944821357727,-1.4603288099169731,3440
813,1742,1417216,346,0.080615234375,0.009274861,0.0003,6.12797132730484,1.9357984066009521,0.9281196594238281,29.699783719999996,368.59,-0.0035666001291247084,0.2,0.5641494393348694,-1.4669565096497537,3450
814,1745,1421312,347,0.064111328125,0.011963205,0.0003,4.436070293188095,1.201335072517395,0.9494093656539917,28.888745840000002,367.66,-0.005375276796985418,0.2,0.5673201084136963,-1.480033428966999,3460
815,1748,1425408,348,0.0496337890625,0.0066794194,0.0003,6.539691692590713,1.430329442024231,0.9477194547653198,28.337735479999996,367.78,-0.003189117813599296,0.2,0.5698498487472534,-1.4847065195441247,3470
816,1751,1429504,349,0.0514892578125,0.005904199,0.0003,5.416102385520935,1.472158432006836,0.9407963752746582,27.889129519999997,364.04,-0.004895596628193744,0.2,0.5688894987106323,-1.4877570584416389,3480
817,1754,1433600,350,0.062939453125,0.0071764193,0.0003,4.756059902906418,1.9480149745941162,0.9448429346084595,25.708011569999993,373.66,-0.0031345975599833763,0.2,0.5678397417068481,-1.4834412828087806,3490
817,1757,1437696,351,0.0584228515625,0.0073159216,0.0003,6.4628310084342955,2.1564483642578125,0.9217289090156555,28.20659601,368.14,-0.002622978050203528,0.2,0.5633476972579956,-1.47521982640028,3500
818,1760,1441792,352,0.1008056640625,0.012456734,0.0003,2.9881222620606422,0.7940266728401184,0.9282257556915283,30.502647469999996,353.28,-0.0028143706687842494,0.2,0.563049852848053,-1.4668691411614418,3510
819,1763,1445888,353,0.0796875,0.004812401,0.0003,11.205499017238617,6.407302379608154,0.8824835419654846,28.77009903,360.28,-0.0019743177079362796,0.2,0.5614122152328491,-1.4609977886080743,3520
820,1767,1449984,354,0.0842041015625,0.008523918,0.0003,2.055800139904022,0.6045793890953064,0.976148247718811,27.665102909999995,367.08,-0.003840653246152215,0.2,0.5586774349212646,-1.4539437130093575,3530
821,1770,1454080,355,0.059716796875,0.008172382,0.0003,5.734887850284577,1.1072356700897217,0.9208711981773376,28.858246609999995,361.56,-0.0052856507943943145,0.2,0.5581957101821899,-1.444985216856003,3540
822,1773,1458176,356,0.0600830078125,0.0068379343,0.0003,2.700730690360069,0.6957069039344788,0.9797114133834839,30.02825444000001,353.54,-0.0038352745556039735,0.2,0.5579866170883179,-1.4380350604653358,3550
823,1776,1462272,357,0.05185546875,0.005126935,0.0003,3.8678369596600533,1.2139984369277954,0.9439841508865356,31.38748469,354.41,-0.0033042519629816526,0.2,0.5588728189468384,-1.4335089102387428,3560
823,1779,1466368,358,0.08369140625,0.008978346,0.0003,2.5489760845899583,0.7867711186408997,0.9578109383583069,30.38615132,362.11,-0.0050027873672661375,0.2,0.56565260887146,-1.441427980363369,3570
824,1782,1470464,359,0.1030517578125,0.005624339,0.0003,1.875445543974638,0.650299608707428,0.9825766682624817,28.94173322,360.69,0.0001527682092273608,0.2,0.5624701976776123,-1.4534410625696181,3580
825,1785,1474560,360,0.055712890625,0.005035554,0.0003,4.753237769007683,1.4692225456237793,0.9576221108436584,28.13136951,351.1,-0.001982666875119321,0.2,0.5620338916778564,-1.4466677367687226,3590
826,1788,1478656,361,0.103955078125,0.006480218,0.0003,6.004972644150257,0.7271904945373535,0.9108184576034546,26.448984770000003,354.9,-0.003664700854278635,0.2,0.5641472339630127,-1.447035227715969,3600
827,1791,1482752,362,0.04296875,0.0037735128,0.0003,8.55666983127594,2.8847413063049316,0.9098320603370667,27.234655100000005,357.46,-0.0024561547135817817,0.2,0.5647941827774048,-1.4536398231983185,3610
828,1794,1486848,363,0.112841796875,0.012652354,0.0003,1.5318079978227614,0.40379998087882996,0.9678610563278198,26.44022728,372.26,-0.0020197934354655445,0.2,0.5677508115768433,-1.4589189186692237,3620
829,1797,1490944,364,0.082568359375,0.0078310575,0.0003,2.4187256172299385,0.7743245363235474,0.9683509469032288,25.944660569999996,367.66,-0.0059043423796538265,0.2,0.5678939819335938,-1.468559418618679,3630
830,1800,1495040,365,0.0524169921875,0.00520516,0.0003,4.293711310625076,1.3235312700271606,0.9555521011352539,25.608277899999997,372.23,-0.002438602689653635,0.2,0.565726637840271,-1.4633945897221565,3640
831,1803,1499136,366,0.0267578125,0.005746091,0.0003,4.602557665109634,1.2948471307754517,0.9306301474571228,23.791115879999996,377.04,-0.0033243603655137123,0.2,0.5608159303665161,-1.4498676374554633,3650
867,1732,1503232,367,0.0613037109375,0.0052743033,0.0003,2.515458585321903,0.7192878127098083,0.9818345904350281,23.6427281,368.28,-0.00375971527537331,0.2,0.5619863271713257,-1.4398962080478668,3660
868,1735,1507328,368,0.0762451171875,0.0083767725,0.0003,2.36110627502203,0.8708920478820801,0.9641167521476746,28.398554949999998,360.93,-0.0045807661022990945,0.2,0.5626909732818604,-1.4386642217636108,3670
869,1738,1511424,369,0.064453125,0.0066259187,0.0003,3.6198008447885512,1.1167460680007935,0.9628928303718567,27.608705760000003,359.28,-0.004318837996106595,0.2,0.5645068287849426,-1.4331258490681649,3680
870,1741,1515520,370,0.092138671875,0.006783949,0.0003,2.9851157903671264,1.4023354053497314,0.9694595336914062,28.300651849999998,357.04,-0.003927521675359457,0.2,0.5681987404823303,-1.4406157910823822,3690
871,1744,1519616,371,0.09658203125,0.0153589295,0.0003,8.087079672515392,3.0382792949676514,0.8739150166511536,29.025909979999998,343.86,-0.0016286169236991554,0.2,0.5715757608413696,-1.4490662440657616,3700
872,1746,1523712,372,0.04892578125,0.004470988,0.0003,5.965091148018837,2.1704602241516113,0.9590466022491455,27.436771320000002,339.43,-0.004917655844474211,0.2,0.5729964971542358,-1.4541967287659645,3710
873,1749,1527808,373,0.0364990234375,0.00614874,0.0003,7.266858676075936,1.9595175981521606,0.9451220035552979,29.192724329999997,333.94,-0.0017727430386003107,0.2,0.573384165763855,-1.4579337701201438,3720
874,1752,1531904,374,0.0778076171875,0.0070159417,0.0003,3.4811804056167603,1.097530722618103,0.9520148038864136,29.28465153,326.27,-0.0022308774787234142,0.2,0.5697498321533203,-1.451647201180458,3730
875,1755,1536000,375,0.0865234375,0.004179126,0.0003,4.106499835848808,1.1284765005111694,0.9483357071876526,30.151185249999994,332.32,-0.0014422894309973344,0.2,0.5714437961578369,-1.448420736193657,3740
876,1757,1540096,376,0.0854736328125,0.008111983,0.0003,1.65233960673213,0.5694561004638672,0.965400218963623,30.571520790000005,328.73,-0.0014780265468289145,0.2,0.5681291222572327,-1.4498638197779656,3750
876,1760,1544192,377,0.07333984375,0.004699922,0.0003,3.313692016899586,0.9584383964538574,0.9039298892021179,28.887307039999996,352.11,-0.003683891674154438,0.2,0.5681471228599548,-1.4355598181486129,3760
877,1763,1548288,378,0.040771484375,0.0076028164,0.0003,2.501341837644577,0.9752496480941772,0.9707171320915222,29.273772899999997,351.52,-0.002057830891862977,0.2,0.5656388998031616,-1.4336485981941223,3770
878,1766,1552384,379,0.0603271484375,0.0077395146,0.0003,3.5300660878419876,1.1914671659469604,0.9416546821594238,31.0398396,349.39,-0.0034105014929082245,0.2,0.5652310252189636,-1.4246433272957801,3780
879,1769,1556480,380,0.069287109375,0.008969684,0.0003,4.192178601026535,0.9499303698539734,0.9379725456237793,32.48255672,347.6,-0.004094355512643233,0.2,0.5633602738380432,-1.4204068168997765,3790
880,1772,1560576,381,0.0649169921875,0.00501781,0.0003,3.8673747673630716,1.3930854797363281,0.9530732035636902,32.06765645,355.8,-0.0016809952539915685,0.2,0.5586642026901245,-1.4098163008689881,3800
881,1775,1564672,382,0.1228515625,0.015857695,0.0003,2.0780466377735136,0.6840517520904541,0.9617453217506409,32.304942090000004,351.49,-0.004072111810091883,0.2,0.5598034858703613,-1.3983598098158836,3810
882,1778,1568768,383,0.07431640625,0.0062907077,0.0003,3.9068048685789107,1.2441487312316895,0.9298630356788635,31.467812509999995,350.51,-0.0031765036212163976,0.2,0.5596796274185181,-1.3967890605330466,3820
883,1780,1572864,384,0.0483154296875,0.004674677,0.0003,5.281105892360211,0.9113582968711853,0.9283720254898071,29.141496529999994,344.81,-0.003536191344028339,0.2,0.5636144280433655,-1.3980840787291526,3830
884,1783,1576960,385,0.0705322265625,0.008226685,0.0003,3.384398211538792,1.0229079723358154,0.9708335399627686,28.89547536,328.63,-0.004264388108276762,0.2,0.5610188841819763,-1.4062671855092048,3840
885,1786,1581056,386,0.0839599609375,0.004941268,0.0003,2.9890826284885406,1.1145567893981934,0.9830651879310608,29.23300678,326.3,-0.0025431677771848627,0.2,0.5539690256118774,-1.3907442286610603,3850
885,1789,1585152,387,0.055078125,0.008497432,0.0003,3.519319458305836,1.0423316955566406,0.9340499639511108,26.72623764,351.36,-0.0056563039863249285,0.2,0.5547055602073669,-1.3748041108250617,3860
886,1792,1589248,388,0.0871826171875,0.008789096,0.0003,2.005945387482643,0.654373049736023,0.9732182025909424,25.19477302,363.76,-0.0056022077362285925,0.2,0.5576783418655396,-1.3790839999914168,3870
887,1795,1593344,389,0.06083984375,0.007872735,0.0003,4.602797943353653,1.916864037513733,0.9579777121543884,28.15223376000001,352.3,-0.003359499938960653,0.2,0.5581851005554199,-1.3859593942761421,3880
888,1798,1597440,390,0.07177734375,0.0077723484,0.0003,1.5728424333035946,0.5733934640884399,0.9718033075332642,28.798069529999992,343.55,-0.0034970665743458084,0.2,0.5584833025932312,-1.390368476510048,3890
924,1731,1601536,391,0.0743896484375,0.008157772,0.0003,2.802763719856739,0.8726875185966492,0.94286048412323,28.814926240000005,348.75,-0.008839509289828129,0.2,0.5575588345527649,-1.3833356112241746,3900
925,1734,1605632,392,0.0786376953125,0.007692109,0.0003,2.615677331387997,0.8988397121429443,0.9589391350746155,30.497340780000005,349.13,-0.0035441764775896445,0.2,0.5518551468849182,-1.3751869186758996,3910
926,1737,1609728,393,0.088232421875,0.01412918,0.0003,2.006469473987818,0.6079670190811157,0.9832955598831177,29.2019419,352.78,-0.004739034845260903,0.2,0.5567777156829834,-1.3641109049320221,3920
927,1740,1613824,394,0.0755859375,0.007813746,0.0003,3.361199839413166,1.0598160028457642,0.9619280099868774,30.94315688,349.28,-0.0025889870477840303,0.2,0.5570339560508728,-1.3710479319095612,3930
928,1742,1617920,395,0.0521240234375,0.006858309,0.0003,2.9816941931843757,0.8511729836463928,0.9640064835548401,31.81794689,347.55,-0.0045518663842813115,0.2,0.5590247511863708,-1.3679208502173423,3940
929,1745,1622016,396,0.0576904296875,0.006848402,0.0003,4.3793600961565975,0.844254732131958,0.94822758436203,30.411211559999998,354.54,-0.0043192639772314575,0.2,0.5592740774154663,-1.3686599418520928,3950
930,1748,1626112,397,0.0501953125,0.004696562,0.0003,2.191831886768341,0.7908185720443726,0.9724913239479065,32.10579051,341.02,-0.0019325053610373289,0.2,0.5601031184196472,-1.3675978884100914,3960
930,1751,1630208,398,0.07548828125,0.0071250177,0.0003,2.219115622341633,0.7075210809707642,0.9624894857406616,31.948265100000004,343.18,-0.004850135429296643,0.2,0.5567433834075928,-1.3620718628168107,3970
931,1753,1634304,399,0.0743896484375,0.00890414,0.0003,3.7798332184553147,1.299810767173767,0.937326192855835,29.44964484,352.51,-0.004016121322638355,0.2,0.5573669672012329,-1.3516860365867616,3980
932,1756,1638400,400,0.0567138671875,0.0062770117,0.0003,4.844133922457695,1.5498323440551758,0.9724289178848267,29.583103559999998,354.74,-0.003660629475780297,0.2,0.5559602379798889,-1.351913148164749,3990
933,1758,1642496,401,0.0614501953125,0.007953903,0.0003,4.481125316023826,1.8845677375793457,0.9475746750831604,27.51799507,364.78,-0.0038219076945097187,0.2,0.5584366321563721,-1.3528712660074234,4000
935,1760,1646592,402,0.050048828125,0.0053673023,0.0003,10.859598329663276,2.928213119506836,0.9042224287986755,28.761057620000003,364.74,-0.00350558299687691,0.2,0.5610609650611877,-1.3620302945375442,4010
935,1763,1650688,403,0.0403564453125,0.0057514827,0.0003,5.042837297916412,1.0039677619934082,0.9628931283950806,25.97268071,374.75,-0.003024217308848165,0.2,0.5577375292778015,-1.3634126156568527,4020
936,1766,1654784,404,0.047314453125,0.003947436,0.0003,5.701752963662147,1.4515407085418701,0.9304457902908325,28.682263149999997,354.17,-0.0023455957503756507,0.2,0.5550035238265991,-1.3513258501887322,4030
937,1769,1658880,405,0.101708984375,0.008737593,0.0003,2.5869945749640464,0.7213764786720276,0.967185914516449,26.47672477,351.89,-0.0029291202139575035,0.2,0.5578311681747437,-1.3486057609319686,4040
938,1771,1662976,406,0.0654541015625,0.0054738144,0.0003,6.83800872862339,2.479783058166504,0.9558145999908447,24.40459571,368.67,-0.0017278193263337016,0.2,0.556230902671814,-1.350140555202961,4050
939,1773,1667072,407,0.0578369140625,0.010424333,0.0003,5.90190435051918,2.0017828941345215,0.942939281463623,22.180448309999996,362.77,-0.002641436757403426,0.2,0.5576253533363342,-1.3530364334583282,4060
940,1776,1671168,408,0.099365234375,0.005033945,0.0003,8.853776845335961,2.779515266418457,0.9307891130447388,24.86645077,351.1,-0.0009109164238907397,0.2,0.5580098628997803,-1.3565928503870963,4070
941,1779,1675264,409,0.0580810546875,0.007989779,0.0003,4.863123878836632,1.1675066947937012,0.9240648746490479,24.486557059999992,352.37,-0.005113865149905905,0.2,0.5581920742988586,-1.3589329093694686,4080
942,1781,1679360,410,0.075,0.0065427916,0.0003,3.6357554748654364,1.0840775966644287,0.9448743462562561,25.458331689999994,349.64,-0.002940422992105596,0.2,0.552674412727356,-1.3515662014484406,4090
943,1784,1683456,411,0.08212890625,0.007465357,0.0003,2.6991899400949477,0.774562418460846,0.9629788994789124,28.594258030000002,353.26,-0.006546918125241064,0.2,0.5491218566894531,-1.334007866680622,4100
944,1787,1687552,412,0.0857666015625,0.007900676,0.0003,2.1408594816923143,0.6721485257148743,0.9673299193382263,28.2382843,366.56,-0.006104721137671731,0.2,0.5491794943809509,-1.3266717910766601,4110
944,1790,1691648,413,0.073876953125,0.010258393,0.0003,4.216214945912361,1.5747318267822266,0.9453017711639404,29.6411433,366.37,-0.003977452329127118,0.2,0.5484827756881714,-1.3282765030860901,4120
945,1792,1695744,414,0.069873046875,0.0051891403,0.0003,4.402287846803665,1.0891859531402588,0.9053298234939575,32.07157831000001,356.7,-0.0015314121585106478,0.2,0.547702431678772,-1.3277679234743118,4130
946,1795,1699840,415,0.1841552734375,0.018823262,0.0003,1.678704310208559,0.5294748544692993,0.9551971554756165,32.98024983999999,347.97,0.003400214170687832,0.2,0.5532571077346802,-1.3277318835258485,4140
981,1735,1703936,416,0.15380859375,0.005091346,0.0003,9.818926164507866,2.222153663635254,0.8318771123886108,33.44301976,352.23,0.0023256217391462997,0.2,0.5563033819198608,-1.3394864812493323,4150
982,1737,1708032,417,0.0712646484375,0.009885584,0.0003,4.648457396030426,1.5511207580566406,0.9400728940963745,30.857989449999994,364.06,-0.004314355895621702,0.2,0.5547651052474976,-1.339770072698593,4160
983,1740,1712128,418,0.0580078125,0.0057126693,0.0003,2.006208474189043,0.6166685223579407,0.9506692290306091,31.967811870000006,365.93,-0.002424900108599104,0.2,0.5542685389518738,-1.33215361982584,4170
984,1743,1716224,419,0.0677734375,0.008698892,0.0003,2.061310814321041,0.6664174199104309,0.961399257183075,33.628496510000005,360.03,-0.004586443028529175,0.2,0.5500763654708862,-1.3239382445812224,4180
985,1745,1720320,420,0.079296875,0.008117899,0.0003,2.3594220906496046,0.820009708404541,0.9597882628440857,33.64344842,359.49,-0.004394509014673531,0.2,0.5502196550369263,-1.3137809351086616,4190
986,1748,1724416,421,0.068798828125,0.006242675,0.0003,2.3472478479146957,0.6279640793800354,0.9706505537033081,34.157803339999994,350.09,-0.005974486703053117,0.2,0.5511248111724854,-1.313040640950203,4200
987,1751,1728512,422,0.0660400390625,0.0069120824,0.0003,2.868416602909565,0.971601128578186,0.9578231573104858,34.64251908,355.47,-0.004836216938565485,0.2,0.5491092205047607,-1.3116912797093392,4210
987,1753,1732608,423,0.0717529296875,0.004723535,0.0003,3.199387180805206,1.0792521238327026,0.9516064524650574,32.81067137,369.5,-0.003250358390505426,0.2,0.551979124546051,-1.3103051126003264,4220
988,1756,1736704,424,0.094970703125,0.016111244,0.0003,1.205162388086319,0.3247407376766205,0.9826996922492981,33.850866450000005,370.97,-0.0022943003132240847,0.2,0.5554478168487549,-1.321517814695835,4230
989,1758,1740800,425,0.0642333984375,0.0059167957,0.0003,3.676940715312958,0.8588523268699646,0.9442322850227356,30.862122270000004,386.83,-0.00159549291129224,0.2,0.5563812851905823,-1.328352226316929,4240
990,1761,1744896,426,0.04208984375,0.005207232,0.0003,9.947822096943856,4.564511775970459,0.9057657718658447,33.773894729999995,379.21,-0.004214836884057149,0.2,0.555662214756012,-1.3273033812642097,4250
991,1764,1748992,427,0.04375,0.0048396843,0.0003,3.7465052902698517,0.8309181928634644,0.9124347567558289,34.052437229999995,378.64,-0.00424930349108763,0.2,0.5518074035644531,-1.3211311176419258,4260
992,1766,1753088,428,0.07099609375,0.0042721056,0.0003,2.913873153924942,0.8164652585983276,0.9527782201766968,33.29818786,378.64,-0.0040889798168791455,0.2,0.5514358282089233,-1.3102637588977815,4270
993,1769,1757184,429,0.070751953125,0.0074441144,0.0003,3.40534251332283,1.1367560625076294,0.9512975215911865,33.04367611,367.27,-0.004108836207888089,0.2,0.5482405424118042,-1.3105710923671723,4280
994,1771,1761280,430,0.0539794921875,0.005367891,0.0003,3.908760018646717,1.3353347778320312,0.9394357204437256,32.541060740000006,367.75,-0.0035250684682978316,0.2,0.5503321290016174,-1.3088081762194634,4290
995,1774,1765376,431,0.053759765625,0.006262371,0.0003,4.633467069268226,1.687345027923584,0.9671234488487244,27.414334820000004,374.59,-0.0018278321556863375,0.2,0.549410343170166,-1.3079978421330452,4300
996,1776,1769472,432,0.0619384765625,0.006945667,0.0003,7.184837666153908,1.6171742677688599,0.9396411776542664,25.393839639999996,371.61,-0.0035254683753009886,0.2,0.5530205368995667,-1.3067909225821495,4310
997,1778,1773568,433,0.0505615234375,0.007849097,0.0003,7.098984053730964,3.28792667388916,0.940191388130188,24.99180252,370.72,-0.0030087522260146215,0.2,0.5547270178794861,-1.3193693041801453,4320
998,1780,1777664,434,0.0611572265625,0.004869479,0.0003,4.333568254113198,1.2136088609695435,0.9682703018188477,25.941811119999997,356.25,-0.0017205459138494917,0.2,0.5540726780891418,-1.321498592197895,4330
999,1783,1781760,435,0.0559326171875,0.008530788,0.0003,7.016729471087456,2.1836702823638916,0.9557507634162903,23.889312620000005,361.53,-0.004707862908253447,0.2,0.5486611127853394,-1.3121981769800186,4340
999,1785,1785856,436,0.1209716796875,0.0071968352,0.0003,2.8312408834695817,0.7793096303939819,0.9720340967178345,21.242013529999998,368.93,-0.0005337600887287408,0.2,0.5506138205528259,-1.3036725655198098,4350
1000,1788,1789952,437,0.0973876953125,0.006407438,0.0003,2.9162487611174583,0.7544466257095337,0.9437107443809509,22.792947029999997,371.36,-0.002462662840844132,0.2,0.5501723885536194,-1.3043431401252747,4360
1001,1790,1794048,438,0.0509765625,0.006377848,0.0003,3.4250144109129907,1.1633427143096924,0.9740322828292847,21.11018381,384.99,-0.0030247496484662405,0.2,0.5471900701522827,-1.2987603798508645,4370
1002,1793,1798144,439,0.093701171875,0.0143971555,0.0003,1.7203851871192455,0.4739587604999542,0.9905293583869934,24.88849508,364.01,-0.0036529481294564903,0.2,0.5512832999229431,-1.3018814042210578,4380
1038,1735,1802240,440,0.0837646484375,0.008012211,0.0003,1.5106300443410874,0.5446329712867737,0.9781469702720642,26.378868699999998,357.04,-0.0037074275969644077,0.2,0.5495947599411011,-1.313608345389366,4390
1039,1738,1806336,441,0.074169921875,0.005640299,0.0003,3.4841154247522352,1.2207945585250854,0.978948712348938,26.61459896,349.38,-0.0035762317813350817,0.2,0.5477696061134338,-1.302906584739685,4400
1040,1740,1810432,442,0.0722412109375,0.011239129,0.0003,2.0826884254813196,0.5902705192565918,0.9888129830360413,22.65353135,371.44,-0.0029866968965507113,0.2,0.5464453101158142,-1.2984158545732498,4410
1041,1742,1814528,443,0.0769287109375,0.0059772613,0.0003,3.136881597340107,1.22495436668396,0.9718189239501953,24.784975440000007,380.98,-0.0041815440854406916,0.2,0.5463075637817383,-1.3026450529694558,4420
1042,1745,1818624,444,0.0629638671875,0.011220368,0.0003,2.392122910916805,0.691398561000824,0.9838017225265503,25.5263267,383.89,-0.0021926607470959423,0.2,0.5488128662109375,-1.3009058982133865,4430
1042,1747,1822720,445,0.0716796875,0.0056233592,0.0003,4.3970757067203525,1.2678589820861816,0.9705222845077515,26.051139430000003,383.26,-0.005265683575998992,0.2,0.5489808320999146,-1.3035354524850846,4440
1043,1749,1826816,446,0.0617431640625,0.006215954,0.0003,3.6802073553204537,1.0054670572280884,0.9602528810501099,25.888637780000003,379.99,-0.005380111729027704,0.2,0.5513637065887451,-1.3076267495751381,4450
1044,1752,1830912,447,0.0519287109375,0.005065053,0.0003,2.834518609941006,0.8287099599838257,0.9658277034759521,26.482837479999997,375.71,-0.00273677780496655,0.2,0.5538102388381958,-1.3101855605840682,4460
1045,1754,1835008,448,0.08896484375,0.0060850237,0.0003,3.747049494087696,0.7792456746101379,0.9535208344459534,29.73292923,376.88,-0.003031837986782193,0.2,0.553111732006073,-1.311057595908642,4470
1046,1757,1839104,449,0.0706787109375,0.009237982,0.0003,2.413184932619333,0.7042143940925598,0.9670433402061462,26.555938819999998,390.17,-0.006930481721065007,0.2,0.5507246255874634,-1.306415992975235,4480
1047,1759,1843200,450,0.0354248046875,0.004903383,0.0003,11.973511931300163,2.2589571475982666,0.9068636298179626,29.82653201,388.54,-0.0031668112147599458,0.2,0.5470699071884155,-1.3000176772475243,4490
1048,1762,1847296,451,0.0644287109375,0.008858265,0.0003,1.8624730214476586,0.7093247175216675,0.9613682627677917,33.14958195,383.06,-0.003866029984783381,0.2,0.547789990901947,-1.2922283232212066,4500
1049,1764,1851392,452,0.076025390625,0.005952955,0.0003,2.797087700664997,0.67141193151474,0.9571165442466736,31.128161289999998,376.27,-0.0029170716232329143,0.2,0.5443121194839478,-1.281266911327839,4510
1049,1767,1855488,453,0.0517578125,0.0028400938,0.0003,7.863666096329689,1.376841425895691,0.9082726836204529,33.83337218,360.62,-0.0033104122267104685,0.2,0.5444712042808533,-1.272112600505352,4520
1050,1769,1859584,454,0.077197265625,0.00935496,0.0003,2.704127000272274,0.8011400103569031,0.9657615423202515,34.371027430000005,349.53,-0.0033959078311454503,0.2,0.5436923503875732,-1.2707307383418083,4530
1051,1771,1863680,455,0.05517578125,0.0057863332,0.0003,3.2532584592700005,1.2816321849822998,0.9828751683235168,32.3230059,356.08,-0.0037041555930045432,0.2,0.5427865982055664,-1.2663032561540604,4540
1052,1774,1867776,456,0.1115234375,0.01303192,0.0003,2.9362095087766646,0.8064618110656738,0.9661701321601868,30.967815070000007,350.63,-0.004569752057432197,0.2,0.5446964502334595,-1.271200141310692,4550
1053,1776,1871872,457,0.0731201171875,0.0056444462,0.0003,2.4273483887314797,0.787969172000885,0.9874367713928223,29.178225700000002,349.24,-0.005476161043043248,0.2,0.547803521156311,-1.2823303744196892,4560
1054,1779,1875968,458,0.0835693359375,0.007888861,0.0003,2.654736818373203,0.6831265687942505,0.9803080558776855,30.63900158,348.38,-0.005644460045732558,0.2,0.5508166551589966,-1.2959823474287986,4570
1055,1781,1880064,459,0.0494384765625,0.0039969683,0.0003,5.289501240849495,1.9627535343170166,0.9709759950637817,25.917811489999995,356.99,-0.005213863839162514,0.2,0.5507848262786865,-1.3020963817834854,4580
1056,1783,1884160,460,0.0575927734375,0.006079997,0.0003,5.269949242472649,1.5449798107147217,0.9803456664085388,22.86158632,346.74,-0.003500026313122362,0.2,0.549420177936554,-1.2990324959158897,4590
1057,1786,1888256,461,0.0407470703125,0.0055959104,0.0003,3.4850072503089904,0.8800903558731079,0.9716577529907227,23.713944609999995,354.51,-0.003485573857324198,0.2,0.5491390824317932,-1.2942592993378639,4600
1057,1788,1892352,462,0.0635498046875,0.0060267574,0.0003,5.5116519898176195,2.021718740463257,0.9398437142372131,23.38193314,354.44,-0.005570834316313267,0.2,0.5482622385025024,-1.2884788617491723,4610
1058,1791,1896448,463,0.0640625,0.010350365,0.0003,3.4489806935191156,0.9207297563552856,0.9663854241371155,25.48003701,354.13,-0.004792864962655585,0.2,0.5440217852592468,-1.2835304901003837,4620
1094,1736,1900544,464,0.050341796875,0.007322559,0.0003,3.0653091371059418,1.040928840637207,0.9314649701118469,25.215741850000004,351.5,-0.0060739081527572125,0.2,0.5442411303520203,-1.2755963578820229,4630
1095,1738,1904640,465,0.076611328125,0.009871228,0.0003,3.993703508377075,1.0236930847167969,0.9608405828475952,27.008518920000007,346.83,-0.004174908809363842,0.2,0.5473659634590149,-1.2810964405536651,4640
1096,1741,1908736,466,0.05556640625,0.0055292556,0.0003,2.5919032767415047,0.7399013638496399,0.9681183695793152,26.42123059,353.05,-0.004819401115673827,0.2,0.5534094572067261,-1.291518260538578,4650
1097,1743,1912832,467,0.071435546875,0.007954341,0.0003,3.33319698125124,0.898953378200531,0.9480001330375671,26.785105429999998,357.77,-0.005806470164679922,0.2,0.5569053888320923,-1.3011614233255386,4660
1097,1745,1916928,468,0.05830078125,0.0072053475,0.0003,3.812876020371914,0.8699138164520264,0.9646686911582947,31.085689730000002,353.14,-0.005283126802532933,0.2,0.5592652559280396,-1.3099707946181298,4670
1098,1748,1921024,469,0.053759765625,0.0056253183,0.0003,4.655338707566261,1.377920389175415,0.9663662910461426,30.116059610000008,357.9,-0.005031749090994709,0.2,0.5607672929763794,-1.3162313729524613,4680
1099,1750,1925120,470,0.0632568359375,0.0050812797,0.0003,3.502721920609474,1.0077168941497803,0.9681130647659302,28.03142066,357.76,-0.0032388227176852525,0.2,0.5598175525665283,-1.3211916714906693,4690
1100,1752,1929216,471,0.048583984375,0.0063833417,0.0003,6.80549008846283,3.5088284015655518,0.9093713164329529,29.077197459999997,353.22,-0.00353405099012889,0.2,0.5593474507331848,-1.3214798972010613,4700
1101,1755,1933312,472,0.0553955078125,0.0067596417,0.0003,3.736344467103481,1.3396682739257812,0.9521603584289551,27.80393753,360.3,-0.004227960400748998,0.2,0.561210036277771,-1.3188596978783607,4710
1102,1757,1937408,473,0.0881591796875,0.007956548,0.0003,4.6954529941082,1.2459876537322998,0.9473135471343994,24.9900897,377.1,-0.0023524312215158715,0.2,0.5613793134689331,-1.3169695898890494,4720
1103,1759,1941504,474,0.1284912109375,0.011935389,0.0003,5.942246377468109,1.2570068836212158,0.9523941874504089,21.166849340000002,387.0,0.000926690518099349,0.2,0.5619151592254639,-1.3205785661935807,4730
1104,1761,1945600,475,0.0927734375,0.005850146,0.0003,4.365809231996536,2.153172492980957,0.9725622534751892,20.850904890000002,386.38,-0.0033199995261384172,0.2,0.563787043094635,-1.3240528270602225,4740
1105,1763,1949696,476,0.05390625,0.0070957895,0.0003,5.61817837357521,1.8512176275253296,0.9633013606071472,18.05512093,389.99,-0.0036619283506297506,0.2,0.5626208186149597,-1.3281635344028473,4750
1106,1766,1953792,477,0.0712646484375,0.0070914757,0.0003,6.042201459407806,1.0541269779205322,0.9674029350280762,18.531806640000003,393.71,-0.004317930914112367,0.2,0.5632975101470947,-1.3269773855805398,4760
1106,1768,1957888,478,0.0598388671875,0.009191028,0.0003,2.6348277032375336,0.770677387714386,0.9783364534378052,20.865597679999997,385.86,-0.003140788126620464,0.2,0.5663619041442871,-1.32927855104208,4770
1107,1770,1961984,479,0.0475341796875,0.005689984,0.0003,4.835319611430168,1.409676432609558,0.9571841955184937,18.48883744,390.31,-0.004574910865630955,0.2,0.5673773884773254,-1.330900990962982,4780
1108,1773,1966080,480,0.0548828125,0.007912694,0.0003,5.518268430233002,1.6769437789916992,0.9554833173751831,18.926387929999997,394.89,-0.004573509682086296,0.2,0.5640067458152771,-1.3316483467817306,4790
1109,1775,1970176,481,0.0562255859375,0.006646242,0.0003,3.9204149201512335,0.9804725646972656,0.9356599450111389,18.7070431,390.84,-0.0035300348481541732,0.2,0.5669271945953369,-1.3257862016558648,4800
1110,1777,1974272,482,0.0707275390625,0.0049014525,0.0003,5.416449892520904,2.0539560317993164,0.960018515586853,17.574023490000002,391.08,-0.0013953400019090622,0.2,0.570080041885376,-1.3338744685053825,4810
1111,1779,1978368,483,0.0632568359375,0.0077683562,0.0003,3.9941524863243103,0.819945216178894,0.9749959111213684,21.222371700000004,384.44,-0.004418708311277442,0.2,0.5749586820602417,-1.345890411734581,4820
1112,1781,1982464,484,0.0900634765625,0.009797622,0.0003,1.5045755878090858,0.3037071228027344,0.9922853112220764,23.01543773,377.43,-0.006998775887768716,0.2,0.5804076194763184,-1.3580831363797188,4830
1113,1784,1986560,485,0.087744140625,0.01127692,0.0003,3.8366385400295258,0.9507410526275635,0.9159577488899231,26.779959579999996,371.33,-0.0015872155694523827,0.2,0.5753790736198425,-1.35252393335104,4840
1114,1786,1990656,486,0.0820556640625,0.013427153,0.0003,3.853923109173775,1.3020191192626953,0.9117658138275146,27.877192280000003,365.27,-0.0067801713332301,0.2,0.5792568922042847,-1.3409049093723298,4850
1115,1788,1994752,487,0.103759765625,0.014247013,0.0003,1.7467814609408379,0.6225093603134155,0.961808979511261,29.905539799999996,362.23,-0.002903047201107256,0.2,0.5821529626846313,-1.3535656675696373,4860
1116,1790,1998848,488,0.083056640625,0.01028102,0.0003,2.5757271319627764,0.7703121900558472,0.956970751285553,31.21435837,357.81,-0.004098816426994745,0.2,0.5816795825958252,-1.3585888251662255,4870
1151,1739,2002944,489,0.0568603515625,0.006583024,0.0003,1.8052719250321387,0.5145175457000732,0.9883767366409302,30.51124826,364.83,-0.004362161367316731,0.2,0.5752226710319519,-1.3460731610655785,4880
1152,1741,2007040,490,0.0720458984375,0.007745004,0.0003,1.7823207907378673,0.656280517578125,0.9860599637031555,30.431481140000002,375.48,-0.0045569507754407825,0.2,0.572264552116394,-1.3296086728572845,4890
1153,1743,2011136,491,0.065771484375,0.0070621464,0.0003,3.8999632000923157,1.2112798690795898,0.9686445593833923,26.56454316,384.38,-0.002529886017146055,0.2,0.5722252130508423,-1.3222282871603965,4900
1154,1746,2015232,492,0.0952880859375,0.010109048,0.0003,3.5628949508070944,0.9334564805030823,0.9752976894378662,31.07655995,364.82,-0.006181359305628575,0.2,0.5719349384307861,-1.3161099672317504,4910
1154,1748,2019328,493,0.043896484375,0.0059088515,0.0003,1.9200339652597904,0.639869213104248,0.9577945470809937,31.388748119999995,372.55,-0.004317874734988436,0.2,0.5773945450782776,-1.3158642575144768,4920
1155,1750,2023424,494,0.0688232421875,0.0117571065,0.0003,3.6842504754662513,1.215743899345398,0.9477393627166748,29.977267300000005,371.87,-0.002068362676072866,0.2,0.5792288184165955,-1.3174329683184625,4930
1156,1752,2027520,495,0.0775634765625,0.006140084,0.0003,3.9361864790320396,1.284216284751892,0.974180281162262,28.97146397,370.85,-0.0049046770494896915,0.2,0.5814689993858337,-1.3174432560801506,4940
1157,1755,2031616,496,0.0716552734375,0.008054182,0.0003,2.003249028325081,0.6635435819625854,0.9881661534309387,27.527825329999995,361.8,-0.005361314094625413,0.2,0.5837463736534119,-1.3189342424273491,4950
1158,1757,2035712,497,0.044384765625,0.0040858616,0.0003,4.400876066088676,1.225162148475647,0.9580714106559753,27.401567449999998,368.0,-0.003087960428092629,0.2,0.582362949848175,-1.3129132851958274,4960
1159,1759,2039808,498,0.0481201171875,0.005820314,0.0003,3.0339973866939545,0.8298417925834656,0.9321168661117554,29.9210471,354.44,-0.0033683549059787764,0.2,0.5860601663589478,-1.3082666963338851,4970
1160,1761,2043904,499,0.0428466796875,0.00578073,0.0003,3.4014832675457,0.8190852999687195,0.9423593282699585,30.277599149999997,350.66,-0.0030683056291309187,0.2,0.5868697166442871,-1.3066817000508308,4980
1161,1763,2048000,500,0.0481689453125,0.0039457874,0.0003,3.3183765530586244,0.8371015787124634,0.9678745269775391,29.39737185,357.35,-0.0033204994426341726,0.2,0.5881140232086182,-1.299899199604988,4990
1161,1766,2052096,501,0.071142578125,0.006802393,0.0003,1.9657251179218291,0.5386437773704529,0.9780223369598389,29.888872649999993,345.98,-0.005130729818483814,0.2,0.5935680270195007,-1.3086019918322562,5000
1162,1768,2056192,502,0.07451171875,0.005570544,0.0003,1.5917204760015011,0.5234757661819458,0.9374311566352844,30.134098119999997,349.88,-0.004582861764356494,0.2,0.6003481149673462,-1.326006034016609,5010
1163,1770,2060288,503,0.0710693359375,0.004928273,0.0003,2.5711722031235693,0.7609022259712219,0.9727983474731445,31.271312440000006,351.27,-0.002614988316781819,0.2,0.5996422171592712,-1.3303133130073548,5020
1164,1772,2064384,504,0.0695556640625,0.008508366,0.0003,1.0210497446358204,0.25677600502967834,0.9895673394203186,31.674264899999997,359.66,-0.0030945117789087815,0.2,0.5982756614685059,-1.3192281603813172,5030
1165,1774,2068480,505,0.0782958984375,0.007745883,0.0003,1.640406996011734,0.421147882938385,0.9858816266059875,33.10193307000001,352.62,-0.004095460605458357,0.2,0.5908445715904236,-1.3123104229569436,5040
1166,1776,2072576,506,0.075048828125,0.006635868,0.0003,3.993605436384678,0.8813515305519104,0.9734337329864502,29.09995542,352.97,-0.004265328857582062,0.2,0.589457631111145,-1.305431778728962,5050
1167,1778,2076672,507,0.041552734375,0.006157119,0.0003,5.033537918329239,1.730892300605774,0.9727814793586731,30.55486457,358.15,-0.003901914144080365,0.2,0.592738151550293,-1.3035766363143921,5060
1168,1780,2080768,508,0.0689453125,0.0061866245,0.0003,2.8024425387382506,0.6207031011581421,0.9761056900024414,30.585540459999997,355.51,-0.002644625457469374,0.2,0.5925643444061279,-1.3065533548593522,5070
1169,1782,2084864,509,0.0383544921875,0.006353142,0.0003,2.7212293654680253,0.7896530032157898,0.9605856537818909,32.07958785,354.34,-0.0023141573066823183,0.2,0.5932549834251404,-1.306591299176216,5080
1170,1784,2088960,510,0.06171875,0.007698058,0.0003,3.1110677450895308,0.7293758988380432,0.9419817328453064,32.1151614,353.74,-0.003921308847202454,0.2,0.587226390838623,-1.3028601750731468,5090
1171,1787,2093056,511,0.044775390625,0.008133072,0.0003,3.431639003753662,1.542677879333496,0.9641404747962952,30.17496629,363.97,-0.003980725863948464,0.2,0.5856474041938782,-1.288645176589489,5100
1172,1789,2097152,512,0.040185546875,0.005595426,0.0003,3.2074555546045302,0.8540022373199463,0.9730425477027893,30.74341104,357.77,-0.0021936617558822036,0.2,0.5839051604270935,-1.286193284392357,5110
1204,1744,2101248,513,0.0888427734375,0.015263521,0.0003,2.2465571388602257,0.6231510043144226,0.9291055202484131,32.065467719999994,338.99,-0.00468712714209687,0.2,0.5836105346679688,-1.2830555334687233,5120
1205,1746,2105344,514,0.0478515625,0.005860477,0.0003,5.109368017315864,1.1589964628219604,0.9464315176010132,31.975525749999996,350.52,-0.004468810558319092,0.2,0.5820830464363098,-1.280351696908474,5130
1206,1747,2109440,515,0.0647216796875,0.0061249994,0.0003,2.5192820742726325,0.7227652668952942,0.980994462966919,31.872872839999996,343.55,-0.0081001646729419,0.2,0.5783811211585999,-1.2764992654323577,5140
1207,1749,2113536,516,0.0498046875,0.0076285303,0.0003,2.6131597056984903,0.7959182858467102,0.9821184873580933,31.07493462,350.69,-0.004846850453759544,0.2,0.580073356628418,-1.2734129071235656,5150
1208,1751,2117632,517,0.0684326171875,0.006454929,0.0003,3.298597754538059,0.6329053640365601,0.9694614410400391,30.716733890000004,361.1,-0.006135432679730002,0.2,0.5812345147132874,-1.280450564622879,5160
1209,1753,2121728,518,0.1022705078125,0.016225863,0.0003,1.4456233754754066,0.5174475312232971,0.9878390431404114,29.60543073,359.6,-0.004707456761389039,0.2,0.5783137679100037,-1.2749448165297508,5170
1210,1756,2125824,519,0.1316162109375,0.008034514,0.0003,2.858443084359169,0.9646487832069397,0.9813421964645386,27.191459100000003,376.52,3.4337746910750868e-06,0.2,0.5782185196876526,-1.2643172174692154,5180
1211,1758,2129920,520,0.0829833984375,0.00934338,0.0003,1.8178855240345002,0.7945706248283386,0.9874672889709473,26.98456639,367.61,-0.005904754460789263,0.2,0.5775426030158997,-1.270691353082657,5190
1212,1760,2134016,521,0.0577392578125,0.006790729,0.0003,4.133459615707397,1.8154300451278687,0.9328648447990417,27.790732079999994,364.57,-0.004894491235609167,0.2,0.5788761377334595,-1.2772718995809555,5200
1213,1762,2138112,522,0.0658935546875,0.007759846,0.0003,2.6159839540719987,0.8107678294181824,0.9542067050933838,27.834529749999998,365.33,-0.005152718920726329,0.2,0.5772161483764648,-1.275040203332901,5210
1213,1764,2142208,523,0.074951171875,0.012595888,0.0003,2.8255259484052657,0.9019215106964111,0.9546400308609009,29.803677229999998,359.75,-0.0033838238421594726,0.2,0.5798820853233337,-1.2728970289230346,5220
1214,1766,2146304,524,0.096728515625,0.011521662,0.0003,3.3458009138703346,1.0618321895599365,0.9084048271179199,29.30169894,363.5,-0.004334581147122663,0.2,0.5773317813873291,-1.2763184890151025,5230
1215,1768,2150400,525,0.0770751953125,0.005213366,0.0003,2.240492132306099,0.633613646030426,0.9580380320549011,30.714776499999992,352.27,-0.002305687085026875,0.2,0.5765028595924377,-1.2743892595171928,5240
1216,1770,2154496,526,0.0590087890625,0.004309754,0.0003,4.195957261323929,0.9480907917022705,0.9434763789176941,32.88991891,341.22,-0.0024857233569491656,0.2,0.5776761770248413,-1.2742985919117928,5250
1217,1772,2158592,527,0.080517578125,0.00711294,0.0003,2.8041771441698073,0.868613064289093,0.9586030840873718,34.8568118,341.21,-0.004247650370234624,0.2,0.5750199556350708,-1.2714599952101708,5260
1218,1774,2162688,528,0.0684326171875,0.007109648,0.0003,2.0812344044446944,0.7069224119186401,0.9550912380218506,34.570932860000006,339.08,-0.004275314749975223,0.2,0.5801182389259338,-1.267940928041935,5270
1219,1777,2166784,529,0.0775634765625,0.008585038,0.0003,2.5755016416311265,0.5686751008033752,0.9511542916297913,34.32043486,344.49,-0.0020446689886739478,0.2,0.5797303318977356,-1.2766098394989966,5280
1220,1779,2170880,530,0.0584716796875,0.008038623,0.0003,2.592600752413273,0.7113097906112671,0.9496573805809021,32.03318341,358.32,-0.002622503701422829,0.2,0.5789469480514526,-1.2812773928046226,5290
1221,1781,2174976,531,0.0752197265625,0.008422861,0.0003,2.7269054740667342,0.7160980701446533,0.950756311416626,33.09063807,354.34,-0.0031596642365911976,0.2,0.5774282813072205,-1.284328956902027,5300
1222,1783,2179072,532,0.0445068359375,0.0076715834,0.0003,5.96582790017128,2.8792786598205566,0.9347096681594849,29.86599073,354.35,-0.0021742197481216864,0.2,0.5771085023880005,-1.2879233911633492,5310
1223,1784,2183168,533,0.0828125,0.006221301,0.0003,1.8708380788564682,0.6090328097343445,0.9856993556022644,30.28625197,351.01,-0.004552093357779086,0.2,0.5761440992355347,-1.2834227308630943,5320
1223,1786,2187264,534,0.106494140625,0.01129614,0.0003,1.3570819303393364,0.42967021465301514,0.983768105506897,30.591426409999993,352.53,-0.0025289560173405333,0.2,0.5706366896629333,-1.2693875283002853,5330
1224,1788,2191360,535,0.0529541015625,0.0056595486,0.0003,2.0131529338657854,0.4374731183052063,0.9756551384925842,30.544233910000003,340.8,-0.0030005983280716464,0.2,0.5698780417442322,-1.2577036216855049,5340
1225,1790,2195456,536,0.0837646484375,0.007511504,0.0003,2.193811963498592,0.7541202306747437,0.986530601978302,28.806782780000002,337.59,-0.0019562790112104267,0.2,0.5726882219314575,-1.2513667717576027,5350
1226,1792,2199552,537,0.0648681640625,0.007242403,0.0003,1.5988050065934658,0.3974562883377075,0.9891214370727539,29.166988490000005,338.76,-0.004867791893775575,0.2,0.5743465423583984,-1.2521878704428673,5360
1259,1749,2203648,538,0.093994140625,0.0050823744,0.0003,1.4888599328696728,0.40569573640823364,0.977437436580658,31.51594029,337.8,-0.003930376365315169,0.2,0.5751227736473083,-1.2557948783040047,5370
1260,1751,2207744,539,0.0625,0.009041704,0.0003,1.7133971989154815,0.4583757221698761,0.9775787591934204,29.449740029999997,335.11,-0.004986581605044194,0.2,0.5728976726531982,-1.2552674308419227,5380
1261,1753,2211840,540,0.03720703125,0.006502246,0.0003,3.038880367577076,0.6509837508201599,0.9584801197052002,30.424645310000002,344.04,-0.003961398478713818,0.2,0.5715768933296204,-1.2543512269854546,5390
1262,1755,2215936,541,0.0851806640625,0.0073431116,0.0003,1.5975456736981868,0.33831435441970825,0.9858145117759705,32.71066527000001,346.97,-0.005154741124715656,0.2,0.5714167356491089,-1.2532517105340957,5400
1263,1757,2220032,542,0.068408203125,0.012082994,0.0003,2.4159335032105447,0.48493629693984985,0.9685370922088623,32.727940520000004,353.39,-0.002543852329836227,0.2,0.5723161697387695,-1.2556393668055534,5410
1263,1759,2224128,543,0.0563720703125,0.004997858,0.0003,4.140581750869751,1.5639694929122925,0.9478040933609009,31.132492159999998,359.01,-0.003666917103691958,0.2,0.574521541595459,-1.2550960034132004,5420
1264,1761,2228224,544,0.12236328125,0.007960094,0.0003,2.1090615935623647,0.6461586356163025,0.952414870262146,31.870029279999997,367.77,-0.003484831619425677,0.2,0.5753509998321533,-1.2613471448421478,5430
1265,1763,2232320,545,0.0568115234375,0.004583354,0.0003,2.037877894937992,0.7462557554244995,0.9486611485481262,29.904883859999998,374.49,-0.005648457998177037,0.2,0.5750980377197266,-1.2688144713640213,5440
1266,1765,2236416,546,0.0341796875,0.004607169,0.0003,15.361678123474121,4.7433295249938965,0.8772844076156616,29.130148729999995,365.74,-0.0025254330757888965,0.2,0.5748393535614014,-1.271087196469307,5450
1267,1767,2240512,547,0.03603515625,0.0046269963,0.0003,7.537489911913871,2.1516623497009277,0.9515770673751831,28.2766101,365.07,-0.0034971439570654185,0.2,0.5745934844017029,-1.271210503578186,5460
1268,1768,2244608,548,0.045458984375,0.007413,0.0003,3.715290729701519,0.8335619568824768,0.9518622159957886,25.251247089999996,380.18,-0.003215644243755378,0.2,0.572716236114502,-1.269416408240795,5470
1269,1770,2248704,549,0.0779541015625,0.008938376,0.0003,2.72756741642952,0.89888596534729,0.9744767546653748,26.32624798,368.99,-0.005557827668963,0.2,0.577065110206604,-1.2673452660441398,5480
1270,1772,2252800,550,0.0692626953125,0.0033199135,0.0003,4.751285901665687,0.8047947883605957,0.8798075318336487,28.771441860000003,353.81,-9.011988149723038e-05,0.2,0.5742403268814087,-1.2697548002004624,5490
1271,1775,2256896,551,0.0851318359375,0.008086316,0.0003,1.8470696665346622,0.6145983934402466,0.9341574311256409,31.43039906,347.45,-0.00438756871590158,0.2,0.5711879134178162,-1.255751647055149,5500
1272,1777,2260992,552,0.079248046875,0.009100048,0.0003,1.169799916446209,0.3898937404155731,0.9372389912605286,31.963050319999997,336.02,-0.004484203024185262,0.2,0.5692198276519775,-1.2412640661001206,5510
1273,1778,2265088,553,0.0623779296875,0.008184349,0.0003,3.69128185659647,0.9318496584892273,0.9258420467376709,31.58558002,340.41,-0.004068326490232721,0.2,0.5681496262550354,-1.232196567952633,5520
1274,1781,2269184,554,0.067138671875,0.0076582734,0.0003,1.9347263738512992,0.7743982672691345,0.9641463756561279,37.064721999999996,333.54,-0.005935541795042809,0.2,0.565802812576294,-1.2253409549593925,5530
1274,1782,2273280,555,0.0437255859375,0.00564262,0.0003,2.0586411871016024,0.4576570689678192,0.9271386861801147,35.87886226,333.6,-0.002281437574129086,0.2,0.5677497982978821,-1.2180539563298225,5540
1275,1784,2277376,556,0.0748291015625,0.007344618,0.0003,4.423741739988327,1.2012566328048706,0.9363749027252197,38.97577673,330.8,-0.006453387020155787,0.2,0.5675657987594604,-1.2200194895267487,5550
1276,1786,2281472,557,0.07861328125,0.0143917035,0.0003,2.8267192482948302,1.4712157249450684,0.9804928302764893,39.28414164,336.69,-0.004133078485028818,0.2,0.5665016174316406,-1.2173307254910468,5560
1277,1788,2285568,558,0.0595703125,0.009502397,0.0003,1.3603277325630188,0.40169256925582886,0.9798498749732971,36.63744535000001,337.06,-0.005027543028700165,0.2,0.5630828142166138,-1.209932167828083,5570
1278,1790,2289664,559,0.049609375,0.0045245,0.0003,7.692315520346165,2.973299026489258,0.93093341588974,35.790299489999995,339.92,-0.00275299038621597,0.2,0.563696563243866,-1.2031397208571435,5580
1279,1792,2293760,560,0.08203125,0.00946706,0.0003,3.0017114147543906,0.8022420406341553,0.9554315805435181,34.491040600000005,350.18,-0.0024742500419961287,0.2,0.5685781240463257,-1.2091170638799666,5590
1280,1794,2297856,561,0.0880859375,0.0124851465,0.0003,1.4418061397969724,0.3725394606590271,0.9737758040428162,34.63829651,356.21,-0.004041934639099054,0.2,0.5699476003646851,-1.2136081144213677,5600
1312,1753,2301952,562,0.0867431640625,0.00653918,0.0003,2.961686433851719,0.6087163686752319,0.9792535305023193,32.02574599,363.83,-0.0035039413298363796,0.2,0.5685550570487976,-1.2109806269407273,5610
1313,1755,2306048,563,0.05791015625,0.0061394162,0.0003,4.63642455637455,2.7463645935058594,0.9677179455757141,33.08150998000001,352.62,-0.00418574274808634,0.2,0.5635781288146973,-1.1985253304243089,5620
1314,1757,2310144,564,0.055859375,0.0063420767,0.0003,4.52538434267044,1.2542845010757446,0.9558591246604919,29.975034150000006,363.83,-0.004991609948046971,0.2,0.5610491037368774,-1.1831642970442773,5630
1315,1759,2314240,565,0.0325927734375,0.005413386,0.0003,3.4324348717927933,0.9583122134208679,0.9754941463470459,27.45411346,372.64,-0.002770941391645465,0.2,0.5630427598953247,-1.180775149166584,5640
1316,1761,2318336,566,0.0904296875,0.014050471,0.0003,1.82152703627944,0.4728038012981415,0.9875110983848572,29.531005669999995,359.08,-0.005022881322656758,0.2,0.5585582852363586,-1.1790050938725471,5650
1317,1763,2322432,567,0.0905517578125,0.009169983,0.0003,3.0165610000491143,1.0119962692260742,0.9819247126579285,26.111177440000006,370.24,-0.0031925662246067078,0.2,0.5606221556663513,-1.1708721742033958,5660
1318,1764,2326528,568,0.0736572265625,0.008942875,0.0003,2.670030675828457,0.7631823420524597,0.986189603805542,24.837077909999998,370.72,-0.00301015116419876,0.2,0.5586053133010864,-1.173600822687149,5670
1319,1766,2330624,569,0.08193359375,0.009341398,0.0003,3.1373382091522215,0.7583403587341309,0.9829505085945129,22.92822865,374.03,-0.0065213277732254936,0.2,0.5558082461357117,-1.166201537847519,5680
1320,1768,2334720,570,0.06044921875,0.00842303,0.0003,5.2606186151504515,1.792320728302002,0.9667976498603821,18.598823910000004,377.43,-0.004866226046578959,0.2,0.5496572852134705,-1.1556648761034012,5690
1320,1770,2338816,571,0.0838623046875,0.008030643,0.0003,6.85925840139389,3.200765609741211,0.9557346105575562,15.68345626,388.77,-0.0024939277180237697,0.2,0.5506295561790466,-1.1438492134213447,5700
1321,1772,2342912,572,0.084716796875,0.00743222,0.0003,2.198603834211826,0.8915312886238098,0.973586916923523,19.728877670000003,393.09,-0.00397243668558076,0.2,0.5480690598487854,-1.143334798514843,5710
1322,1774,2347008,573,0.077783203125,0.009804832,0.0003,2.637500989437103,0.8107349276542664,0.9562163352966309,20.55333236,391.71,-0.005992000522383023,0.2,0.5452028512954712,-1.1337909191846847,5720
1323,1776,2351104,574,0.088623046875,0.004774387,0.0003,3.136681519448757,0.6568906903266907,0.943820595741272,23.995076999999995,379.89,-0.003663785774551798,0.2,0.5450999736785889,-1.1328020229935647,5730
1324,1778,2355200,575,0.0654296875,0.0074577844,0.0003,2.172599384188652,0.9746060371398926,0.9451735019683838,26.332823499999996,383.96,-0.0027120169761474244,0.2,0.5411714315414429,-1.127972960472107,5740
1325,1780,2359296,576,0.07099609375,0.0074452036,0.0003,1.8835978753864766,0.5466391444206238,0.9746986627578735,30.341966600000006,369.72,-0.005625129395048134,0.2,0.5383908748626709,-1.1141353219747543,5750
1326,1782,2363392,577,0.0825927734375,0.006371944,0.0003,2.1618129819631577,0.5638550519943237,0.9754777550697327,32.38915025,373.38,-0.005226534605026245,0.2,0.5437610745429993,-1.1151942551136016,5760
1326,1784,2367488,578,0.0820068359375,0.0096576465,0.0003,2.5738786935806273,0.8836765885353088,0.9684677720069885,35.87494987,360.54,-0.005861060373717919,0.2,0.5433858036994934,-1.125506119430065,5770
1327,1786,2371584,579,0.1256591796875,0.009940086,0.0003,2.315053841471672,1.030655860900879,0.971161961555481,39.001541620000005,333.3,-0.004078105353983119,0.2,0.5465919375419617,-1.1287544533610343,5780
1328,1787,2375680,580,0.084716796875,0.0076117497,0.0003,4.096507279574871,1.4034123420715332,0.9710806012153625,36.831303330000004,337.86,-0.0024467376177199187,0.2,0.5473434925079346,-1.1329264402389527,5790
1329,1789,2379776,581,0.0724365234375,0.0077356603,0.0003,1.6755306176841258,0.6022927165031433,0.9816250801086426,37.459746939999995,331.62,-0.005835356411989778,0.2,0.5376449227333069,-1.1184912517666816,5800
1330,1791,2383872,582,0.0668701171875,0.0069697304,0.0003,3.1813285663723945,0.8830661177635193,0.9398363828659058,36.86589891,332.95,-0.004358098935335874,0.2,0.5367337465286255,-1.0939449489116668,5810
1331,1793,2387968,583,0.0593017578125,0.007332921,0.0003,2.6486061811447144,0.6081572771072388,0.9616135358810425,34.39276507,338.25,-0.002126479786238633,0.2,0.5384616851806641,-1.0939113229513169,5820
1332,1795,2392064,584,0.1241943359375,0.0151158655,0.0003,2.393341262638569,0.6428664326667786,0.9568402171134949,33.84741382,343.02,-0.0030698876347742044,0.2,0.5410934686660767,-1.1012983918190002,5830
1333,1797,2396160,585,0.1085693359375,0.0123828575,0.0003,2.2596214428544044,0.61942058801651,0.9712111949920654,34.7580448,348.36,-0.002054041967494413,0.2,0.540098249912262,-1.098246242105961,5840
1365,1757,2400256,586,0.0888427734375,0.007841913,0.0003,1.5571732573211192,0.6093353033065796,0.9700279235839844,35.75904921,342.04,-0.006315532667213119,0.2,0.5418781042098999,-1.0933149561285973,5850
1366,1759,2404352,587,0.074365234375,0.008416317,0.0003,2.539995454251766,0.5802910327911377,0.9520425796508789,36.34920807,345.46,-0.0042080893268575895,0.2,0.5408843159675598,-1.095405238866806,5860
1367,1760,2408448,588,0.098828125,0.015333136,0.0003,2.475367638468742,0.7489567995071411,0.9672036170959473,37.06367451,355.14,-0.0025242692383471875,0.2,0.5381671786308289,-1.0883592084050178,5870
1368,1762,2412544,589,0.0855712890625,0.011187536,0.0003,2.2454311519861223,0.5062639713287354,0.9416221380233765,37.68287469,359.3,-0.005121353661525063,0.2,0.5408068895339966,-1.0842492908239365,5880
1369,1764,2416640,590,0.0863037109375,0.0069477893,0.0003,4.140843163430691,0.8405516147613525,0.9359349012374878,36.11253557,367.65,-0.003188562099239789,0.2,0.5402877926826477,-1.0875322088599204,5890
1370,1766,2420736,591,0.0682861328125,0.008747987,0.0003,3.248735602200031,1.044421672821045,0.9569087028503418,36.8862691,364.59,-0.0035195184871554376,0.2,0.5417166948318481,-1.0838551238179206,5900
1371,1768,2424832,592,0.0875244140625,0.011398923,0.0003,2.158672754466534,0.7553547620773315,0.9625482559204102,37.554232,367.19,-0.0030819814768619836,0.2,0.5416080355644226,-1.0794692546129228,5910
1372,1769,2428928,593,0.0927490234375,0.007615675,0.0003,1.86171213388443,0.5072894096374512,0.9734836220741272,35.3784142,365.15,-0.005914108769502491,0.2,0.5392436385154724,-1.0737066462635994,5920
1373,1771,2433024,594,0.0489501953125,0.0049932413,0.0003,7.605448040366173,2.6138625144958496,0.9277763366699219,34.75860781,374.67,-0.0046799509116681294,0.2,0.5386113524436951,-1.0649137139320373,5930
1374,1773,2437120,595,0.0637939453125,0.006204034,0.0003,2.0249698892235757,0.5730907320976257,0.9589783549308777,34.790158059999996,374.25,-0.005552627786528319,0.2,0.5374990105628967,-1.066339185833931,5940
1374,1775,2441216,596,0.0818359375,0.008686501,0.0003,2.684804141521454,0.6860088109970093,0.9557489156723022,34.49317534,377.02,-0.004261106575722806,0.2,0.5348866581916809,-1.059418411552906,5950
1375,1777,2445312,597,0.08251953125,0.009373991,0.0003,2.6873830378055574,0.5684927701950073,0.9620391726493835,33.209096689999996,385.51,-0.004221358624636196,0.2,0.5346646904945374,-1.0459151849150659,5960
1376,1779,2449408,598,0.077197265625,0.0060124896,0.0003,2.874968245625496,0.8571661114692688,0.9576064944267273,32.20757916,377.66,-0.0006519409231259488,0.2,0.5331095457077026,-1.0444778323173523,5970
1377,1780,2453504,599,0.061669921875,0.005808533,0.0003,4.986107274889946,0.5284560322761536,0.8873200416564941,34.57222179,369.87,-0.004147966907476075,0.2,0.539891242980957,-1.0505652293562888,5980
1378,1782,2457600,600,0.1079345703125,0.01581486,0.0003,2.060158856213093,0.410684198141098,0.9730563759803772,33.4424928,370.26,-0.005379545560572296,0.2,0.5401352047920227,-1.0633288830518723,5990
1379,1784,2461696,601,0.1012451171875,0.00869004,0.0003,2.26080327630043,0.675041675567627,0.9587258696556091,32.53755291,361.79,-0.0031304805117542854,0.2,0.5395405292510986,-1.055613248050213,6000
1380,1786,2465792,602,0.0614501953125,0.007955749,0.0003,1.119288071244955,0.300027996301651,0.9088569283485413,36.541341190000004,348.51,-0.004784414771711454,0.2,0.5395315289497375,-1.0506051540374757,6010
1381,1788,2469888,603,0.1372314453125,0.015067222,0.0003,1.7045499175786971,0.7690911293029785,0.9581769704818726,36.73604214,338.04,-0.0003767618996789679,0.2,0.5415926575660706,-1.0432674303650855,6020
1382,1789,2473984,604,0.0714599609375,0.0067827203,0.0003,1.2799613133072854,0.3726326525211334,0.9736586809158325,37.08075219,335.02,-0.0026752017220132984,0.2,0.5365539193153381,-1.0355898022651673,6030
1383,1791,2478080,605,0.075439453125,0.008492928,0.0003,3.3011240392923353,0.8372889161109924,0.9613959789276123,36.632399250000006,327.13,-0.0024173997502657586,0.2,0.5366878509521484,-1.0267434939742088,6040
1383,1793,2482176,606,0.0931884765625,0.010349337,0.0003,2.3851396292448044,0.6665958166122437,0.97845458984375,37.59249494,326.74,-0.004178300788043998,0.2,0.5374210476875305,-1.031857043504715,6050
1384,1795,2486272,607,0.126611328125,0.0076427367,0.0003,0.9427543327212333,0.22305463254451752,0.9835029244422913,37.08932162000001,326.42,-0.001534083829028532,0.2,0.5407295227050781,-1.0386152192950249,6060
1385,1797,2490368,608,0.09365234375,0.008391602,0.0003,2.390522746741772,0.6501555442810059,0.9739685654640198,38.59162782,323.12,-0.0033824126789113508,0.2,0.5415617227554321,-1.0475173503160478,6070
1386,1799,2494464,609,0.1266357421875,0.027241524,0.0003,2.3553608402609827,0.6488116383552551,0.95649653673172,38.48806172,328.07,0.0006170701613882557,0.2,0.5430363416671753,-1.0501547753810883,6080
1387,1801,2498560,610,0.1181640625,0.010351233,0.0003,3.047499527037144,0.8417657613754272,0.9394053816795349,38.45057355,327.04,-0.0010897265252424403,0.2,0.544992208480835,-1.0573564723134041,6090
1420,1762,2502656,611,0.10732421875,0.0141652115,0.0003,1.557524073123932,0.42972517013549805,0.9290733337402344,38.49899009999999,325.8,-0.003905584858148359,0.2,0.5479233264923096,-1.0592505753040313,6100
1421,1763,2506752,612,0.0942138671875,0.014070073,0.0003,1.72273600846529,0.49072006344795227,0.8974894285202026,37.2449693,325.11,-0.004004584322683513,0.2,0.5476360321044922,-1.0585498437285423,6110
1422,1765,2510848,613,0.056298828125,0.0047308668,0.0003,3.331653745472431,1.917773962020874,0.9640316367149353,39.632366329999996,315.95,-0.002133048724499531,0.2,0.5447704792022705,-1.0585405662655831,6120
1423,1767,2514944,614,0.07236328125,0.007877139,0.0003,2.4559251949191094,1.0647848844528198,0.9511110186576843,39.87875307,308.87,-0.00435660999501124,0.2,0.5440810918807983,-1.0560481190681457,6130
1423,1769,2519040,615,0.0956787109375,0.010813519,0.0003,1.524663306772709,0.43480250239372253,0.977493166923523,40.944819280000004,303.32,-0.005830266099656001,0.2,0.5411010384559631,-1.045912691950798,6140
1424,1770,2523136,616,0.0878662109375,0.0074465647,0.0003,3.8668476790189743,0.78484708070755,0.9316235780715942,40.3042708,304.84,-0.003906683906097897,0.2,0.540702223777771,-1.0283253446221352,6150
1425,1772,2527232,617,0.0822509765625,0.023303572,0.0003,1.9170237101614476,0.7453715801239014,0.9655469655990601,38.24850928,316.04,-0.004658245200698729,0.2,0.5418623089790344,-1.0284972697496415,6160
1426,1774,2531328,618,0.0849609375,0.0075635286,0.0003,2.5437482953071595,0.6265920400619507,0.9530202746391296,37.24139962,320.14,-0.0025355180652695706,0.2,0.5446910262107849,-1.0341565787792206,6170
1427,1776,2535424,619,0.078173828125,0.010244988,0.0003,2.2884684279561043,0.7870193719863892,0.9679937362670898,34.94782517000001,342.39,-0.0020382395858177917,0.2,0.5427432656288147,-1.03167182803154,6180
1428,1778,2539520,620,0.05322265625,0.00797235,0.0003,2.0804376788437366,0.482593297958374,0.968163013458252,33.505851729999996,349.47,-0.0032864327396964653,0.2,0.5408676862716675,-1.0272051200270653,6190
1429,1779,2543616,621,0.0614013671875,0.0058322027,0.0003,1.8501854330301284,0.4044453203678131,0.9695111513137817,34.26647669,355.05,-0.003042848846234847,0.2,0.5403731465339661,-1.0244710221886635,6200
1430,1781,2547712,622,0.0805908203125,0.009315951,0.0003,5.031347292661667,1.4994293451309204,0.9656584858894348,32.946956390000004,360.73,-0.006749779931851663,0.2,0.5404350757598877,-1.019737958908081,6210
1431,1783,2551808,623,0.0692138671875,0.005003758,0.0003,1.189378710091114,0.38748207688331604,0.9857913255691528,33.50269196,363.11,-0.003030631823639851,0.2,0.544607400894165,-1.0248577371239662,6220
1431,1784,2555904,624,0.0609619140625,0.007326016,0.0003,3.632045568525791,1.3182883262634277,0.9303235411643982,34.526028409999995,369.24,-0.006008903041947633,0.2,0.5426107048988342,-1.024058024585247,6230
1432,1786,2560000,625,0.0810791015625,0.0082251,0.0003,2.9372372679412364,0.7980893850326538,0.9037196636199951,34.55117361,372.88,-0.0043082454285467975,0.2,0.5426449179649353,-1.0196311622858047,6240
1433,1788,2564096,626,0.08955078125,0.008058368,0.0003,1.4418541073799134,0.4003305435180664,0.967663586139679,35.41817526,365.03,-0.004874619576730766,0.2,0.5456022024154663,-1.02465627938509,6250
1434,1790,2568192,627,0.0378173828125,0.003708472,0.0003,10.895674630999565,1.3837199211120605,0.9079391360282898,35.42601262000001,363.28,-0.003658517636358738,0.2,0.5507392883300781,-1.0386020943522454,6260
1435,1791,2572288,628,0.0694091796875,0.008687148,0.0003,1.9394736409187316,0.5689551830291748,0.9777520895004272,37.50238307,343.72,-0.0041348352184286345,0.2,0.5477492809295654,-1.0424799546599388,6270
1436,1793,2576384,629,0.0597900390625,0.005520244,0.0003,1.8047381609678268,0.5419512987136841,0.962028443813324,37.1988119,340.15,-0.003640392964007333,0.2,0.5472638607025146,-1.0366769537329674,6280
1437,1795,2580480,630,0.059619140625,0.0048385994,0.0003,3.329876983165741,0.7568496465682983,0.9489408731460571,38.10047784,338.38,-0.004158102974179201,0.2,0.5471055507659912,-1.0370693534612656,6290
1438,1797,2584576,631,0.0512451171875,0.005904447,0.0003,5.0276990830898285,1.6342277526855469,0.9535024166107178,35.75690652,346.8,-0.004142529872478917,0.2,0.5482200384140015,-1.0381817132234574,6300
1439,1798,2588672,632,0.0953857421875,0.008128472,0.0003,3.359644705057144,0.8740952610969543,0.9657396078109741,32.669110599999996,347.42,-0.0020774659409653396,0.2,0.546988308429718,-1.039891493320465,6310
1440,1799,2592768,633,0.072705078125,0.009938333,0.0003,4.087980124354362,1.2836947441101074,0.9668725728988647,30.48395718,338.01,-0.0018056837317999453,0.2,0.5408914685249329,-1.0334020420908927,6320
1441,1801,2596864,634,0.0860595703125,0.009292759,0.0003,1.2935221046209335,0.31991833448410034,0.9799380302429199,33.41722878,332.2,-0.003405569259484764,0.2,0.5329296588897705,-1.010332641005516,6330
1474,1764,2600960,635,0.1201416015625,0.010280529,0.0003,0.8818591460585594,0.3081628978252411,0.8854115605354309,34.76979797,320.47,-0.004090340930270031,0.2,0.5327367782592773,-0.995016597956419,6340
1475,1765,2605056,636,0.081591796875,0.010492045,0.0003,1.702114600688219,0.4069116711616516,0.97700434923172,32.985731030000004,328.73,-0.005148808864760213,0.2,0.5306483507156372,-0.9909794449806213,6350
1476,1767,2609152,637,0.0719482421875,0.007703143,0.0003,1.047617307305336,0.36076438426971436,0.9817174077033997,34.219873310000004,319.81,-0.0036368066212162375,0.2,0.5311506390571594,-0.9852319397032261,6360
1477,1769,2613248,638,0.0841552734375,0.010193016,0.0003,0.8901276260614395,0.29051506519317627,0.9870976209640503,35.02266135,313.75,-0.007588689168915153,0.2,0.5279498100280762,-0.9781152740120888,6370
1478,1770,2617344,639,0.079296875,0.0052097975,0.0003,1.7243848249316216,0.5388228893280029,0.9405222535133362,37.30471574,306.48,-0.0028669076738879083,0.2,0.526991605758667,-0.9667388916015625,6380
1478,1772,2621440,640,0.0536376953125,0.014529583,0.0003,3.0536865696310995,0.8043217062950134,0.9529281854629517,37.56291687,312.98,-0.0031225676502799615,0.2,0.5264297723770142,-0.9660680644214154,6390
1480,1773,2625536,641,0.0721923828125,0.0067449217,0.0003,3.2070299461483955,0.8812561631202698,0.9482305645942688,37.48850245,320.87,-0.004217481735395268,0.2,0.5276038646697998,-0.9676356926560402,6400
1481,1775,2629632,642,0.047021484375,0.0066094915,0.0003,2.8738817051053047,0.7510741949081421,0.9816219806671143,34.777355930000006,328.02,-0.004992381595366168,0.2,0.5328097939491272,-0.9793968804180622,6410
1482,1776,2633728,643,0.0644287109375,0.006279434,0.0003,3.288805641233921,1.000248670578003,0.9782730937004089,33.1549835,338.29,-0.0035630538972327487,0.2,0.5348499417304993,-0.9887484520673752,6420
1483,1778,2637824,644,0.1041259765625,0.020807832,0.0003,2.7488512083888055,0.9344797134399414,0.9713207483291626,34.56661909,338.82,-0.0027577339380513875,0.2,0.5321109890937805,-0.9852070309221744,6430
1484,1780,2641920,645,0.0861083984375,0.011797924,0.0003,2.718450600653887,1.051327109336853,0.9752475023269653,31.412605029999995,356.54,-0.005650510615669191,0.2,0.5340421199798584,-0.9798546530306339,6440
1485,1781,2646016,646,0.088525390625,0.008711501,0.0003,2.476127627491951,0.9011963605880737,0.9807406663894653,29.115560920000004,369.77,-0.005861964769428596,0.2,0.5347331166267395,-0.9849919028580189,6450
1485,1783,2650112,647,0.0788330078125,0.0070231464,0.0003,4.288029327988625,1.0356751680374146,0.9561892151832581,29.470657550000002,378.08,-0.003714466074598022,0.2,0.5319131016731262,-0.9842841848731041,6460
1486,1785,2654208,648,0.0475830078125,0.007193271,0.0003,2.527009901404381,0.9740020632743835,0.9507974982261658,30.935892319999997,369.76,-0.0044733868257026185,0.2,0.5328922271728516,-0.9793462738394737,6470
1487,1786,2658304,649,0.072900390625,0.008821123,0.0003,1.5054802112281322,0.4969285726547241,0.9302219152450562,33.633765579999995,355.83,-0.0034339680947596206,0.2,0.5339436531066895,-0.9822256058454514,6480
1488,1788,2662400,650,0.049560546875,0.006140529,0.0003,3.1382582262158394,0.8859302401542664,0.9381298422813416,33.75927704,360.88,-0.00262443468964193,0.2,0.5307238101959229,-0.9748637862503529,6490
1489,1790,2666496,651,0.0822509765625,0.0072600674,0.0003,1.9398565575480462,0.6115065813064575,0.9798563718795776,33.7661141,355.54,-0.0062237609061412515,0.2,0.5290098786354065,-0.9602201163768769,6500
1490,1791,2670592,652,0.1099609375,0.010180537,0.0003,2.17431064248085,0.6947879791259766,0.981920599937439,35.910678649999994,342.42,-0.007081752276280895,0.2,0.5279654264450073,-0.9519219651818276,6510
1491,1793,2674688,653,0.11396484375,0.017036958,0.0003,0.8624759085476399,0.37281334400177,0.9774069786071777,39.15187833,329.44,-0.002247660723514855,0.2,0.530543863773346,-0.9452460914850235,6520
1492,1795,2678784,654,0.1373779296875,0.010564665,0.0003,2.028880453854799,0.32000160217285156,0.9076772928237915,38.75634663999999,328.63,-0.003471031042863615,0.2,0.531801164150238,-0.9431690521538257,6530
1493,1796,2682880,655,0.0733642578125,0.004681129,0.0003,6.536027327179909,3.4306728839874268,0.9361668825149536,38.336745799999996,329.21,-8.005138661246747e-05,0.2,0.5343164205551147,-0.9520504601299763,6540
1493,1798,2686976,656,0.0679443359375,0.0086871255,0.0003,3.4098481848835944,1.1449912786483765,0.9416515231132507,36.21475040999999,337.48,-0.0034073529473971575,0.2,0.5339942574501038,-0.959169252961874,6550
1494,1800,2691072,657,0.0570068359375,0.007056014,0.0003,3.5378156036138533,0.7683128714561462,0.9232324957847595,34.0466233,347.92,-0.004259054362773895,0.2,0.5325688123703003,-0.9595720410346985,6560
1495,1801,2695168,658,0.064501953125,0.0067988653,0.0003,10.950557464361191,6.031979560852051,0.8508395552635193,33.464745380000004,348.16,-0.0029469276865711435,0.2,0.5328740477561951,-0.9534279935061931,6570
1496,1803,2699264,659,0.0978759765625,0.008889872,0.0003,2.186403901875019,0.7459374070167542,0.9696176052093506,33.41231501,336.37,-0.00535845855192747,0.2,0.5298619866371155,-0.9509211525321006,6580
1528,1769,2703360,660,0.093994140625,0.0070687253,0.0003,9.407723873853683,8.464282989501953,0.8842222094535828,33.280856029999995,342.76,-0.0036278432147810236,0.2,0.5302385091781616,-0.9474716424942017,6590
1528,1770,2707456,661,0.06484375,0.0077314824,0.0003,1.5901446290314198,0.608963131904602,0.9823519587516785,32.702420890000006,344.85,-0.004993801121599972,0.2,0.5277594923973083,-0.9480816878378391,6600
1529,1772,2711552,662,0.0685791015625,0.007310042,0.0003,2.182280918955803,0.5659018158912659,0.9653719663619995,32.900382210000004,344.47,-0.0026417882123496383,0.2,0.5241679549217224,-0.9343146488070488,6610
1530,1774,2715648,663,0.0704345703125,0.0118295085,0.0003,2.2024890474975107,0.8084087371826172,0.9590093493461609,35.660246040000004,331.74,-0.0030736645101569595,0.2,0.5244436264038086,-0.9240665458142757,6620
1531,1775,2719744,664,0.0883056640625,0.0076319715,0.0003,3.7793980956077577,1.0375423431396484,0.9155818223953247,37.67013877,331.61,-0.004202624960453249,0.2,0.5266192555427551,-0.9291177429258823,6630
1532,1777,2723840,665,0.09189453125,0.00782564,0.0003,2.1720803186297415,0.587260901927948,0.9262610077857971,39.208127270000006,331.58,-0.007159197962027975,0.2,0.526260256767273,-0.9354635365307331,6640
1533,1779,2727936,666,0.0919189453125,0.009494723,0.0003,1.4240933366119861,0.46441036462783813,0.9553396105766296,41.66693782,329.2,-0.007326529271085747,0.2,0.5248585939407349,-0.9341712839901447,6650
1534,1780,2732032,667,0.0664306640625,0.0072355065,0.0003,1.4055023908615112,0.33153602480888367,0.9080135822296143,43.23699877999999,338.75,-0.005409568769391626,0.2,0.5311086773872375,-0.935669956356287,6660
1534,1782,2736128,668,0.090771484375,0.007052797,0.0003,0.7969576880335808,0.2571659982204437,0.9795395135879517,45.399484269999995,337.15,-0.0037027734928415158,0.2,0.5268161296844482,-0.9420695215463638,6670
1535,1784,2740224,669,0.0642822265625,0.013345786,0.0003,1.916976473480463,0.42774349451065063,0.8745737075805664,45.02731822,327.8,-0.0038591864693444224,0.2,0.5261088013648987,-0.9377535179257392,6680
1536,1785,2744320,670,0.143115234375,0.023680968,0.0003,1.732088102400303,0.4590519666671753,0.9735009074211121,42.42798556,333.61,0.0005458293700939976,0.2,0.526447057723999,-0.9421700522303581,6690
1537,1787,2748416,671,0.060791015625,0.0043255896,0.0003,4.94822878241539,1.0522441864013672,0.9419801235198975,41.3383544,339.48,-0.0017035003285855055,0.2,0.5283383131027222,-0.9437858574092388,6700
1538,1789,2752512,672,0.0945556640625,0.008672204,0.0003,1.5923723325133323,0.4537285566329956,0.9686653017997742,40.19530733,327.06,-0.004723839010694064,0.2,0.529975414276123,-0.9502206265926361,6710
1539,1790,2756608,673,0.083056640625,0.006592574,0.0003,1.1057851381599904,0.4283789098262787,0.9397186040878296,42.010363899999994,318.67,-0.00546933849400375,0.2,0.5281335115432739,-0.9511230133473874,6720
1540,1792,2760704,674,0.082470703125,0.008052055,0.0003,1.9455216497182846,0.6783232688903809,0.9708214402198792,39.63944516999999,328.43,-0.0018544431382906622,0.2,0.5291624665260315,-0.9410608969628811,6730
1541,1794,2764800,675,0.1191650390625,0.011967221,0.0003,1.3354802638292314,0.54238361120224,0.9856226444244385,38.97647146,327.62,-0.0010609562625177205,0.2,0.5311145186424255,-0.9430219650268554,6740
1542,1795,2768896,676,0.0573486328125,0.0094737895,0.0003,2.8353506088256837,1.0227972269058228,0.9723138809204102,37.95240142000001,327.38,-0.004527892119949683,0.2,0.5299897193908691,-0.9432926490902901,6750
1543,1797,2772992,677,0.12509765625,0.01027273,0.0003,2.45153843909502,0.8745520710945129,0.983974814414978,32.12575228,351.24,-0.00349224264791701,0.2,0.5310285687446594,-0.9428036168217659,6760
1544,1798,2777088,678,0.0714599609375,0.010270892,0.0003,5.879799531400204,1.917525291442871,0.9628742337226868,33.77566953,350.36,-0.004515322248334996,0.2,0.5316912531852722,-0.9450764276087285,6770
1545,1800,2781184,679,0.09541015625,0.00988301,0.0003,1.9560363829135894,0.602435827255249,0.982217013835907,33.129623339999995,337.74,-0.006992453432758339,0.2,0.5363269448280334,-0.9525527961552143,6780
1545,1801,2785280,680,0.0766357421875,0.0129234465,0.0003,1.98754930049181,0.6953226327896118,0.9765985012054443,33.82909862,333.54,-0.005369014293682995,0.2,0.5338889360427856,-0.9567084729671478,6790
1546,1803,2789376,681,0.0834228515625,0.009676408,0.0003,1.4770671457052231,0.4113403856754303,0.967964231967926,32.74870498,334.35,-0.005835938344534952,0.2,0.5381415486335754,-0.9496826484799386,6800
1547,1804,2793472,682,0.1014404296875,0.009782726,0.0003,1.2454281061887742,0.38114309310913086,0.9831086993217468,32.5155494,332.18,-0.0037206637440249323,0.2,0.534733235836029,-0.9496116995811462,6810
1548,1806,2797568,683,0.084765625,0.01287253,0.0003,2.7841100484132766,0.7563236951828003,0.9522008895874023,32.338902590000004,331.49,-0.0013208452292019501,0.2,0.537133514881134,-0.9421326205134392,6820
1581,1771,2801664,684,0.065966796875,0.0090395585,0.0003,2.9916737914085387,0.8080965876579285,0.9697861671447754,29.2336174,344.38,-0.004118343724985607,0.2,0.5345587730407715,-0.9404227778315544,6830
1582,1773,2805760,685,0.034130859375,0.007514705,0.0003,7.4111651360988615,3.328714609146118,0.9454026818275452,29.97910789,340.14,-0.0014593596555641853,0.2,0.5315825343132019,-0.9320855595171451,6840
1583,1774,2809856,686,0.0365966796875,0.0062263133,0.0003,4.650370436906814,1.291327714920044,0.9422574639320374,33.22593299,343.45,-0.003960388636915013,0.2,0.5322009325027466,-0.9278887405991554,6850
1584,1776,2813952,687,0.0925048828125,0.013954641,0.0003,2.110704480111599,0.685014009475708,0.9571601748466492,33.190969609999996,342.6,-0.005900785158155486,0.2,0.5307759046554565,-0.9247770838439464,6860
1585,1777,2818048,688,0.070166015625,0.009136766,0.0003,2.9252804562449457,1.1371090412139893,0.9616928696632385,34.58319772,344.08,-0.002730776957469061,0.2,0.5318403840065002,-0.9167008616030217,6870
1586,1779,2822144,689,0.0822265625,0.0104469545,0.0003,1.4805113971233368,0.36193031072616577,0.932425856590271,34.08820570999999,353.09,-0.005214621327468194,0.2,0.5329063534736633,-0.9146840296685695,6880
1586,1780,2826240,690,0.09833984375,0.014105724,0.0003,2.209292656183243,0.8279130458831787,0.9761524200439453,34.669052920000006,353.62,-0.004021731455577537,0.2,0.529804527759552,-0.9132987223565578,6890
1587,1782,2830336,691,0.081591796875,0.0076976893,0.0003,2.351060801744461,0.8430887460708618,0.9568713903427124,34.511879150000006,355.32,-0.0021807431781780905,0.2,0.5265867710113525,-0.9058715470135212,6900
1588,1784,2834432,692,0.0816162109375,0.009499844,0.0003,2.4960642978549004,0.9018267393112183,0.9782354831695557,37.2983529,337.73,-0.005379545947653242,0.2,0.522153913974762,-0.8958348505198955,6910
1589,1785,2838528,693,0.094384765625,0.008815704,0.0003,2.1891196057200433,0.5753469467163086,0.9649471044540405,38.1352939,335.67,-0.005982303997734561,0.2,0.5234935879707336,-0.8865493841469287,6920
1590,1787,2842624,694,0.0782470703125,0.012445782,0.0003,3.262781472504139,0.9534268975257874,0.9284180402755737,37.38079899,336.39,-0.005019189746235497,0.2,0.5206947326660156,-0.886095680296421,6930
1591,1788,2846720,695,0.06689453125,0.007452589,0.0003,1.3819042943418025,0.3880736827850342,0.973019003868103,36.171591209999995,345.2,-0.004859674753970466,0.2,0.5188473463058472,-0.8840737089514732,6940
1592,1790,2850816,696,0.08134765625,0.0070847236,0.0003,2.8510531902313234,0.8417453765869141,0.950263500213623,37.32714906,340.64,-0.0031439021608093754,0.2,0.5192025899887085,-0.883357984572649,6950
1593,1792,2854912,697,0.1061279296875,0.008437891,0.0003,2.066749465465546,0.6892358660697937,0.9783298969268799,35.57682944,347.75,-0.0015342926839366556,0.2,0.5190489888191223,-0.8792313829064369,6960
1593,1793,2859008,698,0.0683837890625,0.007964442,0.0003,3.0286562189459802,1.0286865234375,0.965155303478241,35.12084526,346.31,-0.00461231742228847,0.2,0.5221020579338074,-0.8744514577090741,6970
1594,1795,2863104,699,0.0829833984375,0.0072090966,0.0003,3.017530082166195,1.3067506551742554,0.9645896553993225,34.637774130000004,340.35,-0.0030927907879231497,0.2,0.5267406702041626,-0.8813227109611035,6980
1595,1796,2867200,700,0.0711181640625,0.00633826,0.0003,1.2697302103042603,0.39048075675964355,0.9127029180526733,38.358022979999994,327.57,-0.0026006079569924623,0.2,0.5217375159263611,-0.8786934740841389,6990
1596,1798,2871296,701,0.0985595703125,0.0071072606,0.0003,2.348792000114918,0.7806330919265747,0.9479984045028687,37.63124577000001,346.23,-0.0038394648814573883,0.2,0.5204399824142456,-0.86223478987813,7000
1597,1799,2875392,702,0.0874755859375,0.008661196,0.0003,0.8909299917519092,0.2782669961452484,0.9905487298965454,39.01844739999999,337.42,-0.002640723655349575,0.2,0.5175398588180542,-0.8603080496191978,7010
1598,1801,2879488,703,0.075048828125,0.00673,0.0003,3.09209530800581,0.8779111504554749,0.9696792364120483,37.8529012,338.07,-0.0045530285831773655,0.2,0.5176048874855042,-0.8539790652692318,7020
1599,1802,2883584,704,0.0676025390625,0.006858158,0.0003,1.9317149087786674,0.6020105481147766,0.9713302850723267,38.83534249,333.51,-0.004698094639752526,0.2,0.5205386877059937,-0.8634088307619094,7030
1600,1804,2887680,705,0.0692138671875,0.008078383,0.0003,2.6008043751120566,0.672486424446106,0.959174633026123,38.65008068,328.89,-0.007144512160448357,0.2,0.5209788680076599,-0.8738004982471466,7040
1601,1805,2891776,706,0.085400390625,0.008384516,0.0003,2.7575716227293015,0.7215675711631775,0.9705895781517029,36.083237,349.58,-0.003343810126534663,0.2,0.5213429927825928,-0.8705590464174747,7050
1602,1807,2895872,707,0.1030029296875,0.015582876,0.0003,3.0240582078695297,0.7727293372154236,0.9749901294708252,36.21480819,349.95,-0.005448178391088731,0.2,0.5198413729667664,-0.8671020597219468,7060
1603,1809,2899968,708,0.0823486328125,0.007868597,0.0003,5.13724240064621,2.0708465576171875,0.9503424763679504,32.37450655,363.19,-0.0030026886524865404,0.2,0.5199522972106934,-0.8696335315704345,7070
1635,1775,2904064,709,0.0790771484375,0.012968906,0.0003,2.2669958770275116,0.7910845279693604,0.974254310131073,31.716185520000003,369.43,-0.0038519450725289063,0.2,0.5172809958457947,-0.8681950151920319,7080
1636,1777,2908160,710,0.094677734375,0.008624726,0.0003,2.1665468767285345,0.62164306640625,0.972814679145813,30.978710930000002,360.31,-0.002178017469123006,0.2,0.5128968358039856,-0.8609944351017476,7090
1637,1779,2912256,711,0.0843505859375,0.0069943294,0.0003,2.341050882637501,0.7561126351356506,0.969140887260437,32.01610865000001,369.37,-0.003049260622356087,0.2,0.515270471572876,-0.8553653940558433,7100
1637,1780,2916352,712,0.0785400390625,0.009987261,0.0003,3.8841417610645292,1.152413249015808,0.9243026971817017,32.59507831999999,371.91,-0.004901171702658758,0.2,0.5135940909385681,-0.8553480446338654,7110
1638,1782,2920448,713,0.0744140625,0.006142844,0.0003,2.94851318448782,0.806123673915863,0.9517653584480286,31.824617259999997,375.58,-0.006907231817604042,0.2,0.5097464323043823,-0.8473547630012035,7120
1639,1783,2924544,714,0.07099609375,0.011050824,0.0003,2.8592989549040793,1.3012489080429077,0.9630591869354248,32.20064505,389.24,-0.0033507169646327384,0.2,0.5065923929214478,-0.8364517234265805,7130
1640,1785,2928640,715,0.096337890625,0.0108256545,0.0003,1.9356108762323856,0.507575511932373,0.968055009841919,32.998164440000004,398.04,-0.004207932737335796,0.2,0.5057128071784973,-0.8320629186928272,7140
1641,1786,2932736,716,0.0820068359375,0.006530634,0.0003,2.907633236050606,0.907534658908844,0.958928108215332,32.691603349999994,394.91,-0.002622294088359922,0.2,0.5054759979248047,-0.8295815318822861,7150
1641,1788,2936832,717,0.0857666015625,0.008818619,0.0003,2.0973918795585633,0.6525955200195312,0.9660235643386841,33.8723217,382.28,-0.005826392961898819,0.2,0.504660427570343,-0.8315494991838932,7160
1642,1790,2940928,718,0.0602294921875,0.006710924,0.0003,3.17030473947525,0.8591682314872742,0.9459968209266663,33.89290276,389.05,-0.004621252103243023,0.2,0.504427433013916,-0.8310489930212498,7170
1644,1791,2945024,719,0.0621337890625,0.008198459,0.0003,4.440661320090294,1.2371209859848022,0.9560262560844421,33.67439437,383.27,-0.0031990819581551476,0.2,0.5015624761581421,-0.8216301389038563,7180
1644,1792,2949120,720,0.0864013671875,0.007759326,0.0003,1.771796752512455,0.6012850999832153,0.9836401343345642,33.98395087,373.84,-0.006091891275718808,0.2,0.5020368695259094,-0.8154208056628705,7190
1645,1794,2953216,721,0.079248046875,0.0070054224,0.0003,1.5290168181061745,0.43700361251831055,0.9156898260116577,37.403386950000005,354.59,-0.002698449252056889,0.2,0.5002644062042236,-0.816148130595684,7200
1646,1796,2957312,722,0.0606201171875,0.009603411,0.0003,1.2714056953787805,0.376823753118515,0.9644054770469666,37.497251469999995,360.57,-0.005365543659718241,0.2,0.4939727187156677,-0.8002192437648773,7210
1647,1797,2961408,723,0.084619140625,0.0075536333,0.0003,2.4105372384190558,0.5596251487731934,0.94385826587677,37.67485975,360.13,-0.0037420787557493895,0.2,0.49504852294921875,-0.7887987315654754,7220
1648,1799,2965504,724,0.0782470703125,0.011898215,0.0003,2.4883418172597884,0.6642494201660156,0.9497296810150146,38.86351918,348.1,-0.00310260625265073,0.2,0.49446454644203186,-0.793214026093483,7230
1649,1800,2969600,725,0.052294921875,0.0059774388,0.0003,3.5076865687966348,1.0450680255889893,0.9394688010215759,42.243945,338.5,-0.003008555679116398,0.2,0.4973830580711365,-0.796629186719656,7240
1650,1802,2973696,726,0.0577880859375,0.005750267,0.0003,2.774467594921589,0.7366289496421814,0.9609342813491821,42.20633059000001,344.15,-0.003791391072445549,0.2,0.4969637095928192,-0.8029789626598358,7250
1651,1803,2977792,727,0.105029296875,0.010694137,0.0003,1.7242304265499115,0.39762818813323975,0.9742171764373779,43.498904309999986,339.4,-0.0040413663577055555,0.2,0.4983457922935486,-0.8068945944309235,7260
1651,1805,2981888,728,0.126123046875,0.01673489,0.0003,2.5813159897923468,0.7765250205993652,0.9418219327926636,42.079236410000014,333.08,-0.005054310173727572,0.2,0.5007031559944153,-0.8144747965037823,7270
1652,1806,2985984,729,0.11005859375,0.009539248,0.0003,1.5135323144495487,0.5179774761199951,0.9644418358802795,41.865867720000004,343.54,-0.004772666114149615,0.2,0.5000520944595337,-0.8167042903602123,7280
1653,1808,2990080,730,0.0778076171875,0.007503675,0.0003,2.5201839327812197,0.8179298639297485,0.967623770236969,39.846688019999995,353.93,-0.003903228507988388,0.2,0.4996873736381531,-0.8089678771793842,7290
1654,1809,2994176,731,0.068310546875,0.008591766,0.0003,2.11515681296587,0.6715241074562073,0.9554583430290222,41.69388626,337.96,-0.004930903986678459,0.2,0.49727320671081543,-0.7996568620204926,7300
1655,1811,2998272,732,0.0646728515625,0.010773916,0.0003,2.055425116419792,0.6380537748336792,0.9281200170516968,41.53357553,340.83,-0.004396663527586497,0.2,0.49948716163635254,-0.7979514196515083,7310
1688,1777,3002368,733,0.0864013671875,0.013421785,0.0003,1.2783990174531936,0.3506523370742798,0.9417688250541687,42.313392609999994,330.76,-0.0020564526348607615,0.2,0.5044559240341187,-0.8061682015657425,7320
1689,1779,3006464,734,0.0957275390625,0.0088615995,0.0003,1.5888562195003033,0.5116643905639648,0.869179904460907,43.74922179,324.21,-0.00364887676842045,0.2,0.5034430623054504,-0.8059648290276528,7330
1690,1780,3010560,735,0.075,0.011289265,0.0003,1.0364020995795726,0.3359886109828949,0.9667357206344604,44.49629326000001,321.76,-0.007455280958674848,0.2,0.5101396441459656,-0.8030164122581482,7340
1691,1782,3014656,736,0.07333984375,0.005857763,0.0003,3.1873743131756784,0.9094831347465515,0.9693225622177124,43.404049490000006,326.46,-0.005694919243978802,0.2,0.5151410102844238,-0.8195455260574818,7350
1692,1783,3018752,737,0.0797607421875,0.011379112,0.0003,2.707449012994766,0.9727551341056824,0.9723786115646362,41.6765661,326.11,-0.004422875336604193,0.2,0.5197647213935852,-0.8379861675202847,7360
1693,1785,3022848,738,0.0601806640625,0.007098142,0.0003,1.832931935787201,0.41629868745803833,0.9485207200050354,43.36059623,326.75,-0.005564728059107437,0.2,0.5203977823257446,-0.8478873312473297,7370
1694,1786,3026944,739,0.0734619140625,0.0085229315,0.0003,1.2548016667366029,0.5264385938644409,0.8849267959594727,43.42833506,325.92,-0.0054422091168817134,0.2,0.5193471312522888,-0.8519961178302765,7380
1695,1787,3031040,740,0.0709228515625,0.0065444233,0.0003,2.6927861109375955,0.6714995503425598,0.9171218276023865,42.743188200000006,328.11,-0.004016791086178273,0.2,0.5161064267158508,-0.8470140695571899,7390
1696,1789,3035136,741,0.073779296875,0.00702178,0.0003,2.365558446198702,0.5832201242446899,0.9489954710006714,41.583147460000006,335.67,-0.005162433881196193,0.2,0.5155970454216003,-0.8430292651057243,7400
1697,1790,3039232,742,0.09521484375,0.0084772445,0.0003,1.5936434432864188,0.3965284526348114,0.9702528119087219,39.79908738,348.58,-0.0046786994731519375,0.2,0.5168057084083557,-0.8395867727696895,7410
1698,1792,3043328,743,0.0722900390625,0.011237483,0.0003,2.3344487592577936,0.5015885233879089,0.960908055305481,37.05398168,359.49,-0.004179703813861124,0.2,0.5163774490356445,-0.8405924320220948,7420
1699,1793,3047424,744,0.079345703125,0.010868698,0.0003,2.0005108051002027,0.5670190453529358,0.967889666557312,37.04520549000001,369.5,-0.006228789503802545,0.2,0.51929771900177,-0.8499270081520081,7430
1699,1795,3051520,745,0.070751953125,0.0061567426,0.0003,2.8526486471295356,0.7344916462898254,0.8215128183364868,40.86574898,353.18,-0.0036536511994199826,0.2,0.5148429870605469,-0.8520289584994316,7440
1700,1796,3055616,746,0.084326171875,0.010478497,0.0003,1.5251713685691357,0.491399347782135,0.961819589138031,40.17929063,359.07,-0.0068893697403837,0.2,0.5112621188163757,-0.830206137150526,7450
1701,1798,3059712,747,0.0866455078125,0.009067474,0.0003,1.9901720777153968,0.47970741987228394,0.9650661945343018,38.005391409999994,360.09,-0.003404034490813501,0.2,0.5072285532951355,-0.8213190466165543,7460
1702,1799,3063808,748,0.0832763671875,0.007857012,0.0003,0.8368737012147903,0.3108702003955841,0.9822847247123718,39.11308293,353.76,-0.004163445503218099,0.2,0.5118394494056702,-0.8131920740008354,7470
1703,1801,3067904,749,0.076220703125,0.00824829,0.0003,2.5420512676239015,0.6797528862953186,0.9316703677177429,38.69107732,345.67,-0.0038052631891332565,0.2,0.5149521827697754,-0.8175979189574718,7480
1704,1802,3072000,750,0.0751220703125,0.009525216,0.0003,1.4078445836901665,0.3528526723384857,0.976180374622345,40.34918905,332.94,-0.008691294866730459,0.2,0.5130710601806641,-0.8155190140008927,7490
1705,1803,3076096,751,0.09150390625,0.010655251,0.0003,1.3327348858118058,0.3921850025653839,0.9233019948005676,43.442831430000005,324.84,-0.004611714335624129,0.2,0.5169705748558044,-0.8139072611927987,7500
1706,1805,3080192,752,0.0809326171875,0.0074580344,0.0003,1.9612219527363777,0.49940937757492065,0.9317386746406555,43.62764348,323.68,-0.003949695669871289,0.2,0.5121023058891296,-0.8186822690069675,7510
1706,1806,3084288,753,0.0888427734375,0.008588439,0.0003,1.8884621396660806,0.5179615020751953,0.9364237189292908,42.514794939999994,326.98,-0.0055270221666432915,0.2,0.5100617408752441,-0.8024425029754638,7520
1707,1808,3088384,754,0.0830078125,0.005657291,0.0003,2.8948530837893487,0.9242001175880432,0.9498085379600525,42.96395544000001,336.37,-0.001099288128898479,0.2,0.5129522085189819,-0.8009934112429619,7530
1708,1809,3092480,755,0.08837890625,0.007760634,0.0003,2.096031651645899,0.5435187816619873,0.9555182456970215,41.00099462000001,351.81,-0.007071674836333841,0.2,0.5116323232650757,-0.8103777952492237,7540
1709,1811,3096576,756,0.0725830078125,0.007074764,0.0003,9.093989244103431,2.1156504154205322,0.8838033676147461,40.73743761,352.7,-0.0029490898072253914,0.2,0.5119979977607727,-0.8111699663102627,7550
1743,1778,3100672,757,0.064306640625,0.008438964,0.0003,3.3212439149618147,0.8011518716812134,0.9471743106842041,36.675001939999994,371.48,-0.0035778059740550817,0.2,0.5139058232307434,-0.8107234843075275,7560
1744,1779,3104768,758,0.09404296875,0.013589127,0.0003,2.8644844964146614,0.9145073294639587,0.9512302875518799,34.05827812,389.23,-0.006128394741972442,0.2,0.5166704654693604,-0.8126017116010189,7570
1745,1781,3108864,759,0.053857421875,0.0049885204,0.0003,3.2095265060663225,0.8829150795936584,0.9376639723777771,34.0065048,375.24,-0.004167282125854399,0.2,0.5159467458724976,-0.8199615254998207,7580
1746,1782,3112960,760,0.0723388671875,0.005842625,0.0003,12.133563578128815,8.233768463134766,0.7170257568359375,32.44754561,367.57,-0.003931074743741192,0.2,0.5170599818229675,-0.8253793224692345,7590
1747,1784,3117056,761,0.0782958984375,0.007280115,0.0003,1.7185418270528316,0.5249265432357788,0.9273195862770081,32.93305991,358.43,-0.0049969415253144685,0.2,0.5167250037193298,-0.8255961671471596,7600
1747,1785,3121152,762,0.082421875,0.008829698,0.0003,2.232742957025766,0.6429897546768188,0.9466807246208191,32.93114,359.87,-0.007280467331293039,0.2,0.5146656632423401,-0.8188571199774742,7610
1748,1787,3125248,763,0.0878662109375,0.009085573,0.0003,1.2693224214017391,0.3819352686405182,0.9709827303886414,32.87608849,346.49,-0.004585421727097127,0.2,0.5134134292602539,-0.8102856002748012,7620
1749,1788,3129344,764,0.0658935546875,0.008693211,0.0003,1.7460192762315274,0.3637675344944,0.9569934606552124,34.93946572,340.04,-0.003757109079742804,0.2,0.5114303231239319,-0.8049115508794784,7630
1750,1790,3133440,765,0.0844970703125,0.009425016,0.0003,2.6888339072465897,0.6470873355865479,0.9516437649726868,36.98045015,331.71,-0.002844740552245639,0.2,0.5080479979515076,-0.7976980365812778,7640
1751,1791,3137536,766,0.099462890625,0.020682827,0.0003,1.3247384414076806,0.5245459675788879,0.9806562662124634,39.649663520000004,309.64,-0.004192920919740573,0.2,0.5088039636611938,-0.7905858963727951,7650
1752,1793,3141632,767,0.07275390625,0.006984235,0.0003,3.4074113741517067,1.3259910345077515,0.9396343231201172,38.916363280000006,331.22,-0.006236995544168167,0.2,0.508068859577179,-0.7937102437019348,7660
1753,1794,3145728,768,0.0714111328125,0.008712648,0.0003,1.9066138245165347,0.45466476678848267,0.9633929133415222,38.66541359,335.56,-0.002156573612592183,0.2,0.5081307888031006,-0.7875021740794181,7670
1753,1795,3149824,769,0.0977783203125,0.012793392,0.0003,2.6291867941617966,0.9040437936782837,0.9521918892860413,38.786672440000004,352.64,-0.0021588125615380704,0.2,0.5103453993797302,-0.7888898253440857,7680
1754,1797,3153920,770,0.08876953125,0.011387706,0.0003,1.7739430904388427,0.42266029119491577,0.9611666798591614,37.34478094,355.55,-0.0040464009216520935,0.2,0.5109732747077942,-0.7945040315389633,7690
1755,1798,3158016,771,0.0441162109375,0.0064685238,0.0003,2.87740288823843,0.9958866834640503,0.94901043176651,36.585964139999994,361.93,-0.0028620776254683735,0.2,0.5097665786743164,-0.7909560710191726,7700
1756,1800,3162112,772,0.087255859375,0.0056167566,0.0003,2.018678884208202,0.5335022807121277,0.9655423760414124,37.72141122,361.99,-0.0031768039407324977,0.2,0.509816586971283,-0.790641762316227,7710
1757,1801,3166208,773,0.088330078125,0.010559194,0.0003,1.902714129537344,0.4125124514102936,0.9660708904266357,36.894627799999995,360.51,-0.003450274738133885,0.2,0.5075117945671082,-0.788758809119463,7720
1758,1803,3170304,774,0.07861328125,0.0063459445,0.0003,2.152419401705265,0.4933573305606842,0.9651135206222534,37.06732341,360.67,-0.005584205582272262,0.2,0.5031038522720337,-0.7837936215102672,7730
1759,1804,3174400,775,0.1083740234375,0.008640806,0.0003,1.1899430595338345,0.31467974185943604,0.9851611852645874,37.08713089,369.35,-0.0033150649440358395,0.2,0.5040197372436523,-0.7841287352144718,7740
1760,1805,3178496,776,0.09228515625,0.0075578988,0.0003,2.751252420246601,0.7098987698554993,0.957853376865387,37.157777509999995,363.28,-0.0027115535136545076,0.2,0.5051993727684021,-0.7873290233314038,7750
1760,1807,3182592,777,0.0993896484375,0.009097623,0.0003,1.2789185769855975,0.39799046516418457,0.9226222038269043,38.08650987000001,357.85,-0.006171114818425849,0.2,0.5059917569160461,-0.7899779327213764,7760
1761,1808,3186688,778,0.1054931640625,0.007975014,0.0003,1.2414881996810436,0.3152659833431244,0.9154187440872192,39.486045620000006,354.54,-0.0019277528044767678,0.2,0.5123366713523865,-0.7971662729978561,7770
1762,1810,3190784,779,0.08076171875,0.0077562695,0.0003,2.1391233801841736,0.5398769378662109,0.9412999153137207,40.23922651,345.98,-0.005091113524395041,0.2,0.5111767053604126,-0.8075470700860023,7780
1763,1811,3194880,780,0.090185546875,0.008237509,0.0003,2.484112299978733,0.7000871896743774,0.8852672576904297,39.1762293,344.56,-0.005862065686960705,0.2,0.512671172618866,-0.8091341070830822,7790
1764,1812,3198976,781,0.0697265625,0.0050679934,0.0003,8.677857387065888,4.875327110290527,0.8765953779220581,37.80203282,348.93,-0.0026788765397213867,0.2,0.5105612874031067,-0.8158899426460267,7800
1796,1783,3203072,782,0.077392578125,0.0100796195,0.0003,1.7644075207412242,0.5368615388870239,0.9704424142837524,35.604487379999995,352.12,-0.0072058805439155545,0.2,0.510644257068634,-0.8106930360198021,7810
1797,1784,3207168,783,0.082861328125,0.0073761772,0.0003,5.7525045484304425,3.4743926525115967,0.9544414281845093,34.15061198,348.27,-0.00047844810760580005,0.2,0.5121417045593262,-0.8124418392777443,7820
1798,1785,3211264,784,0.10078125,0.009805374,0.0003,1.8525479078292846,0.5540863275527954,0.9718485474586487,34.62448629,339.66,-0.004809930844930932,0.2,0.5110244154930115,-0.8148464970290661,7830
1799,1787,3215360,785,0.055224609375,0.0047801766,0.0003,4.257263986766338,2.1159591674804688,0.9181231260299683,33.155988640000004,346.25,-0.005622110672993586,0.2,0.5106987357139587,-0.8160838164389134,7840
1799,1788,3219456,786,0.076904296875,0.009230204,0.0003,2.7211718291044233,0.689520001411438,0.9452431201934814,32.88994936,342.58,-0.005707945176982321,0.2,0.5146576166152954,-0.8185615293681622,7850
1800,1790,3223552,787,0.1143310546875,0.010801095,0.0003,1.4993619963526725,0.44708481431007385,0.9776818156242371,31.924886620000006,346.84,-0.004555069844354875,0.2,0.5165433287620544,-0.8231705024838447,7860
1801,1791,3227648,788,0.06279296875,0.0070730196,0.0003,1.5546612426638604,0.4351109266281128,0.9848918914794922,32.35880671,345.71,-0.005747813283232972,0.2,0.5167767405509949,-0.8199764475226402,7870
1802,1792,3231744,789,0.066796875,0.009348467,0.0003,1.8436239689588547,0.6484292149543762,0.9518426656723022,35.42178474,329.1,-0.0017270178213948384,0.2,0.5175364017486572,-0.816475561261177,7880
1803,1794,3235840,790,0.1004150390625,0.0074021816,0.0003,2.313769133388996,0.6977331638336182,0.959016740322113,35.732846,333.05,-0.005158923572162166,0.2,0.5182077288627625,-0.8257628135383129,7890
1804,1795,3239936,791,0.0680419921875,0.0051849065,0.0003,3.3704115614295005,0.9954556822776794,0.9624432325363159,38.55928337,329.72,-0.004134493737365119,0.2,0.5207018256187439,-0.8322940230369568,7900
1805,1797,3244032,792,0.0850830078125,0.008345278,0.0003,1.0022662743926047,0.2591124176979065,0.9890223741531372,39.806574350000005,335.35,-0.005336330932914279,0.2,0.5189204812049866,-0.826810835301876,7910
1805,1798,3248128,793,0.092529296875,0.0062101656,0.0003,1.6048025518655777,0.5269837975502014,0.9610893130302429,40.76677172,342.23,-0.004987334538600408,0.2,0.5222955346107483,-0.8239246226847172,7920
1806,1799,3252224,794,0.051318359375,0.0073665264,0.0003,3.8577482625842094,1.4753497838974,0.9232673645019531,40.521934359999996,337.78,-0.002726235779118724,0.2,0.5203413367271423,-0.8285346247255803,7930
1807,1801,3256320,795,0.06787109375,0.0109446915,0.0003,1.6210417069494725,0.6956025958061218,0.9722127318382263,39.73367683,341.25,-0.002747685060603544,0.2,0.5214095711708069,-0.8275790326297283,7940
1808,1802,3260416,796,0.1070068359375,0.010791585,0.0003,2.623703545331955,0.4455852806568146,0.9407223463058472,39.947633370000005,348.83,-0.003227551409509033,0.2,0.5214571952819824,-0.8282871693372726,7950
1809,1804,3264512,797,0.1085205078125,0.011129285,0.0003,2.536691904067993,0.7106114625930786,0.9850741624832153,38.028000649999996,366.63,-0.003917782913777046,0.2,0.5238514542579651,-0.8326582603156567,7960
1810,1805,3268608,798,0.0582763671875,0.008238399,0.0003,2.2189474016427995,0.6566129922866821,0.968524158000946,37.92740802,370.68,-0.004090503638144583,0.2,0.5236235857009888,-0.8359658189117909,7970
1811,1806,3272704,799,0.0750732421875,0.008615939,0.0003,2.6001605659723284,0.8728860020637512,0.9655713438987732,37.57898291,382.04,-0.004183208322501741,0.2,0.5261136889457703,-0.8352789863944053,7980
1812,1808,3276800,800,0.05595703125,0.00630632,0.0003,2.226595591008663,0.8608044981956482,0.9595137238502502,37.79706839,374.83,-0.004042841488262639,0.2,0.522904098033905,-0.8341870792210102,7990
1813,1809,3280896,801,0.0729736328125,0.006171018,0.0003,3.4780711099505424,1.0939139127731323,0.9595173597335815,36.194236769999996,384.76,-0.0018786862867273158,0.2,0.5236114859580994,-0.831936490535736,8000
1814,1810,3284992,802,0.125341796875,0.00966603,0.0003,1.6121019043028355,0.3018859922885895,0.9661965370178223,36.12414596,369.11,0.000586779807053972,0.2,0.5209789872169495,-0.8285525426268577,8010
1814,1812,3289088,803,0.1013916015625,0.009977145,0.0003,1.9730125218629837,0.6723058223724365,0.9233846068382263,36.85874552999999,370.81,-0.0011322663747705519,0.2,0.5201881527900696,-0.8209765829145909,8020
1815,1813,3293184,804,0.1132080078125,0.010699227,0.0003,1.5601873770356178,0.6341294646263123,0.9139155149459839,38.02816188,368.95,-0.00559322458866518,0.2,0.5180413126945496,-0.8182768046855926,8030
1816,1815,3297280,805,0.083642578125,0.009037932,0.0003,1.812825794517994,0.528987467288971,0.9684939384460449,38.73033832,354.75,-0.003957714795251377,0.2,0.5217404365539551,-0.8201770044863224,8040
1848,1785,3301376,806,0.083642578125,0.008494373,0.0003,1.886967621743679,0.42692095041275024,0.9678173065185547,38.177005689999994,340.57,-0.004469402239192277,0.2,0.5243772268295288,-0.8301565520465374,8050
1850,1786,3305472,807,0.070166015625,0.008155158,0.0003,2.651646853983402,0.7718252539634705,0.963098406791687,37.507484340000005,340.32,-0.005443902662955224,0.2,0.5274555087089539,-0.8400317087769509,8060
1851,1787,3309568,808,0.0616943359375,0.0051226458,0.0003,3.6669713497161864,0.7976314425468445,0.9439342617988586,35.75731226,351.66,-0.0016679064516210928,0.2,0.5279349088668823,-0.8417524740099906,8070
1851,1789,3313664,809,0.087646484375,0.015488054,0.0003,1.8614894554018975,0.7705397009849548,0.979627251625061,36.81139428,351.25,-0.0059567716059973465,0.2,0.5296290516853333,-0.8459352225065231,8080
1852,1790,3317760,810,0.075390625,0.0064359223,0.0003,1.7563206367194653,0.5135312080383301,0.9645293951034546,36.71630274,349.21,-0.006618750050256495,0.2,0.5284156203269958,-0.8499327681958675,8090
1853,1791,3321856,811,0.0838134765625,0.008344363,0.0003,3.5247194722294806,0.9306835532188416,0.9680804014205933,35.75796585,356.65,-0.004061428924615029,0.2,0.528906524181366,-0.8502256490290165,8100
1854,1793,3325952,812,0.066650390625,0.00707722,0.0003,3.857565177977085,0.9259703755378723,0.8884990215301514,35.72881166,355.49,-0.00425554774410557,0.2,0.5298396348953247,-0.8502496369183064,8110
1855,1794,3330048,813,0.0581787109375,0.007764034,0.0003,2.6884403586387635,0.8080750107765198,0.9171158075332642,33.27513154,354.73,-0.003970185724028852,0.2,0.5276012420654297,-0.8483889758586883,8120
1856,1795,3334144,814,0.06533203125,0.007146111,0.0003,11.24039349257946,4.120707988739014,0.8502705097198486,30.634235290000003,370.17,-0.0036584887333447115,0.2,0.5274797677993774,-0.8446688339114189,8130
1857,1797,3338240,815,0.05537109375,0.0069369813,0.0003,3.6651891842484474,1.136176586151123,0.9438953995704651,31.83734298,363.09,-0.0037978486652718857,0.2,0.5279154777526855,-0.8460491932928562,8140
1858,1798,3342336,816,0.074658203125,0.0077796327,0.0003,1.8560693204402923,0.6424621343612671,0.9678431749343872,32.590965149999995,365.94,-0.003719940804876387,0.2,0.5278207659721375,-0.8456880651414395,8150
1859,1799,3346432,817,0.061181640625,0.0055760825,0.0003,3.1893107548356054,1.28355073928833,0.9646310806274414,31.780103619999995,359.81,-0.0038561490888241678,0.2,0.5242223739624023,-0.8436646670103073,8160
1860,1801,3350528,818,0.06337890625,0.0047685564,0.0003,8.48825535774231,1.2652935981750488,0.9357047080993652,31.173143159999995,358.58,-0.003416752503835596,0.2,0.5256648659706116,-0.8413902916014194,8170
1861,1802,3354624,819,0.0317138671875,0.004040536,0.0003,6.675886812806129,1.651170253753662,0.9217146039009094,29.486801869999994,359.36,-0.004245566832832992,0.2,0.5283653736114502,-0.8477519296109677,8180
1861,1803,3358720,820,0.0622802734375,0.008525204,0.0003,6.3118774682283405,3.2536895275115967,0.9198606014251709,29.870570280000006,362.93,-0.004685623697878327,0.2,0.5325833559036255,-0.8534101977944374,8190
1862,1805,3362816,821,0.07783203125,0.010366796,0.0003,2.01054924428463,0.4748219847679138,0.965996265411377,32.36935293,366.97,-0.004013370419852435,0.2,0.5314618349075317,-0.85423753708601,8200
1863,1806,3366912,822,0.0927490234375,0.008342067,0.0003,0.5278069343417883,0.1360204666852951,0.960048258304596,34.813448029999996,360.66,-0.002973915814072825,0.2,0.5370718240737915,-0.8603862568736076,8210
1864,1808,3371008,823,0.0948486328125,0.016957004,0.0003,1.5904660783708096,0.5458714365959167,0.9551591277122498,37.790194549999995,355.23,-0.005780981748830527,0.2,0.5377330183982849,-0.8695304475724697,8220
1865,1809,3375104,824,0.0635009765625,0.005667245,0.0003,2.181351988762617,0.4753500521183014,0.9294795989990234,37.004137220000004,364.81,-0.0026497793238377198,0.2,0.5401085615158081,-0.8675412856042385,8230
1866,1810,3379200,825,0.098876953125,0.009445624,0.0003,1.954423551261425,0.5109743475914001,0.9598950147628784,39.00156227,357.15,-0.00778652962326305,0.2,0.5452908277511597,-0.8770747028291226,8240
1867,1811,3383296,826,0.08505859375,0.0068071927,0.0003,3.408655485510826,1.2694374322891235,0.9376211166381836,40.49104284,355.43,-0.00665075775468722,0.2,0.5453288555145264,-0.8825787916779518,8250
1868,1813,3387392,827,0.062841796875,0.007962508,0.0003,2.064903935045004,0.47009292244911194,0.9717653393745422,41.689579519999995,361.2,-0.0040031618293141944,0.2,0.5456651449203491,-0.8821185037493706,8260
1869,1814,3391488,828,0.0665771484375,0.0067937467,0.0003,3.628696209192276,1.605930209159851,0.9334579706192017,40.39761431,363.96,-0.0039901362149976196,0.2,0.5445420145988464,-0.8790800370275974,8270
1869,1815,3395584,829,0.03603515625,0.006113897,0.0003,7.076223659515381,1.8001693487167358,0.8902652859687805,41.599753119999995,359.84,-0.0024477797443978487,0.2,0.5447967648506165,-0.8739304289221763,8280
1870,1817,3399680,830,0.0622314453125,0.007477196,0.0003,1.5225629702210426,0.40502047538757324,0.867863118648529,40.19755018,349.95,-0.002907980658346787,0.2,0.5461017489433289,-0.8789177812635899,8290
1903,1787,3403776,831,0.08173828125,0.010760298,0.0003,1.0436377115547657,0.4144086241722107,0.9748530387878418,40.16938211,352.74,-0.004458884618361481,0.2,0.5478602647781372,-0.8816857397556305,8300
1904,1789,3407872,832,0.07412109375,0.009706911,0.0003,2.1660487785935403,0.6338090300559998,0.9225404262542725,41.658168759999995,341.13,-0.004346160037675873,0.2,0.5451696515083313,-0.8750695995986462,8310
1905,1790,3411968,833,0.0556396484375,0.0070050727,0.0003,1.3924331068992615,0.3571907877922058,0.9676864743232727,42.10715628,335.83,-0.006207522974000313,0.2,0.5457814931869507,-0.8683609366416931,8320
1906,1791,3416064,834,0.07109375,0.010240283,0.0003,1.0803174458444118,0.2865692377090454,0.9759548902511597,43.492590950000015,327.73,-0.0034758813708322123,0.2,0.5417850613594055,-0.8650365546345711,8330
1907,1793,3420160,835,0.09169921875,0.013107007,0.0003,1.5193855807185173,0.4221428334712982,0.9422783851623535,43.61411047000001,322.38,-0.004822874767705798,0.2,0.541506290435791,-0.8558729082345963,8340
1908,1794,3424256,836,0.0738525390625,0.0056412853,0.0003,1.8316424109041691,0.4656074047088623,0.9372580051422119,44.18267307000001,316.45,-0.001718624119530432,0.2,0.5427888035774231,-0.856495575606823,8350
1909,1795,3428352,837,0.0546142578125,0.007326871,0.0003,3.5508402794599534,1.1909772157669067,0.9582951068878174,41.354541010000005,316.7,-0.0026897347794147207,0.2,0.5454602837562561,-0.8572219356894493,8360
1910,1796,3432448,838,0.077880859375,0.012336661,0.0003,1.6199036523699761,0.3583504259586334,0.9695203900337219,39.78302427,324.64,-0.004367759160231799,0.2,0.549475908279419,-0.8614531457424164,8370
1911,1798,3436544,839,0.0942138671875,0.0096409265,0.0003,2.4124988481402396,0.7775407433509827,0.969261646270752,37.94817857,330.2,-0.003437163966009393,0.2,0.5511427521705627,-0.8612603910267354,8380
1912,1799,3440640,840,0.090234375,0.0067145294,0.0003,1.347933678328991,0.31806111335754395,0.9772439002990723,36.56047821,338.19,-0.002776317493407987,0.2,0.5530158281326294,-0.8633035406470299,8390
1913,1800,3444736,841,0.0866455078125,0.0078000976,0.0003,1.6205308951437474,0.46359023451805115,0.9843227863311768,35.47580334,337.55,-0.0052892238003551025,0.2,0.5560334920883179,-0.8674443617463112,8400
1913,1801,3448832,842,0.0798095703125,0.007497847,0.0003,2.420406399667263,0.4767424762248993,0.946969747543335,36.51591320000001,339.79,-0.003490101073111873,0.2,0.5544717311859131,-0.8705304972827435,8410
1914,1803,3452928,843,0.077392578125,0.015764171,0.0003,2.257706617563963,0.6925832629203796,0.8984134197235107,36.44882782,334.93,-0.000701105417101644,0.2,0.5585983395576477,-0.8716853119432926,8420
1915,1804,3457024,844,0.0856201171875,0.011633019,0.0003,3.1137395560741425,0.878309965133667,0.9339702725410461,38.92011795999999,323.15,-0.0034388417887385005,0.2,0.557409942150116,-0.874497352540493,8430
1916,1805,3461120,845,0.0745361328125,0.008955821,0.0003,1.1392298243939876,0.4445801377296448,0.9237505197525024,40.42680446,318.6,-0.005525676748948172,0.2,0.550731897354126,-0.8608362220227719,8440
1917,1807,3465216,846,0.0676025390625,0.007005207,0.0003,3.452604055404663,0.9070220589637756,0.9525620341300964,39.29573809000001,324.93,-0.003627578719169833,0.2,0.5505586266517639,-0.8460468769073486,8450
1918,1808,3469312,847,0.0724853515625,0.00840946,0.0003,1.496469296514988,0.3882670998573303,0.9814537167549133,39.92298114,323.19,-0.005598585464758799,0.2,0.5491294264793396,-0.8449559807777405,8460
1919,1809,3473408,848,0.0752685546875,0.008154648,0.0003,1.8277989134192467,0.691555380821228,0.9723970293998718,40.69371795,325.29,-0.00566563531756401,0.2,0.5510834455490112,-0.8477844834327698,8470
1920,1811,3477504,849,0.055615234375,0.01116419,0.0003,3.1192311987280847,0.8248659372329712,0.944599449634552,40.246118270000004,330.5,-0.003561834612628445,0.2,0.5534151792526245,-0.8571312837302685,8480
1920,1812,3481600,850,0.0840576171875,0.012571553,0.0003,2.618375617265701,0.8277310729026794,0.9545937776565552,39.55916737,340.44,-0.0054072525643277915,0.2,0.5545920133590698,-0.8642334118485451,8490
1921,1813,3485696,851,0.10830078125,0.016226746,0.0003,1.6923314839601518,0.5774358510971069,0.9552633166313171,39.06583952,343.15,0.0004930810071527957,0.2,0.5561223030090332,-0.8660375125706196,8500
1922,1815,3489792,852,0.0818603515625,0.010639816,0.0003,2.2746375508606436,0.9129276871681213,0.9694322943687439,38.374698499999994,341.32,-0.0010765511891804636,0.2,0.5586090087890625,-0.8647983267903327,8510
1923,1816,3493888,853,0.0658447265625,0.0075280797,0.0003,8.836214849352837,4.699246883392334,0.8756350874900818,36.57343677,365.51,-0.0046534963039448485,0.2,0.5580534934997559,-0.867564345151186,8520
1924,1817,3497984,854,0.0496337890625,0.0066161947,0.0003,2.7251883924007414,0.7413830161094666,0.9559909701347351,35.157190359999994,377.58,-0.004743535979650914,0.2,0.5636221766471863,-0.8739571131765842,8530
1958,1788,3502080,855,0.0386474609375,0.0053094886,0.0003,3.263371269404888,0.9606306552886963,0.9425241947174072,35.07345246,378.5,-0.0031511096545727923,0.2,0.5642858147621155,-0.8861009627580643,8540
1959,1789,3506176,856,0.0546142578125,0.00474301,0.0003,3.4170228064060213,1.1338783502578735,0.952118456363678,35.56311829,377.92,-0.0027868111588759347,0.2,0.5675456523895264,-0.8910940930247306,8550
1960,1790,3510272,857,0.07939453125,0.006473648,0.0003,2.3636273428797723,0.7604764699935913,0.8408268094062805,36.4108166,364.0,-0.004377569968346507,0.2,0.5710280537605286,-0.9001715496182442,8560
1960,1792,3514368,858,0.0870849609375,0.007909127,0.0003,1.6405733570456504,0.7638373970985413,0.9496508836746216,37.55921256999999,362.95,-0.004468186816666275,0.2,0.5674166679382324,-0.8969467021524906,8570
1961,1793,3518464,859,0.077001953125,0.0060289986,0.0003,2.7191789492964746,0.723749041557312,0.9218802452087402,37.30367625,356.52,-0.0015546331269433722,0.2,0.5686314105987549,-0.8883925184607506,8580
1962,1794,3522560,860,0.04169921875,0.0063797054,0.0003,2.577518381178379,0.7974051833152771,0.9497680068016052,36.10159752999999,354.77,-0.005337395600508899,0.2,0.5641843676567078,-0.8863625295460225,8590
1963,1795,3526656,861,0.0583740234375,0.010874446,0.0003,3.2260898485779763,1.0567626953125,0.9558476209640503,35.680950710000005,358.05,-0.0034390297369100153,0.2,0.5611664652824402,-0.8731235355138779,8600
1964,1797,3530752,862,0.091015625,0.015508446,0.0003,2.2698070824146273,0.661125898361206,0.9702207446098328,35.285460119999996,348.94,-0.005268081324175,0.2,0.5627270936965942,-0.8717819795012474,8610
1965,1798,3534848,863,0.054541015625,0.0061505195,0.0003,2.4648820415139197,0.9344000816345215,0.9659821391105652,37.94135237999999,341.65,-0.0030416489666095004,0.2,0.5640923380851746,-0.8720981098711491,8620
1966,1799,3538944,864,0.0821533203125,0.008488234,0.0003,2.8192851558327674,0.6869915723800659,0.9544354677200317,36.79519658,346.31,-0.008503157849190757,0.2,0.5674800276756287,-0.8746515944600105,8630
1967,1801,3543040,865,0.0919921875,0.0063755573,0.0003,3.0422783315181734,0.8249333500862122,0.9549183249473572,35.443087440000006,352.78,-0.001630948015372269,0.2,0.5671638250350952,-0.8795689046382904,8640
1967,1802,3547136,866,0.0529541015625,0.007249023,0.0003,2.4250646770000457,0.692893922328949,0.9711878895759583,33.60000437,370.56,-0.002257712109712884,0.2,0.5644259452819824,-0.8734905302524567,8650
1968,1803,3551232,867,0.0917236328125,0.005092997,0.0003,5.62706159055233,2.850172519683838,0.9450424909591675,33.31554781,373.31,-0.001040179276606068,0.2,0.5648885369300842,-0.8665095783770085,8660
1969,1805,3555328,868,0.0582275390625,0.006817368,0.0003,3.6415084674954414,1.059597373008728,0.9221826791763306,32.614741959999996,371.57,-0.003968614323821384,0.2,0.5653302073478699,-0.8690401963889599,8670
1970,1806,3559424,869,0.0717529296875,0.009241748,0.0003,2.934450899064541,0.7455903887748718,0.9506463408470154,32.5804215,383.64,-0.0026532471703831105,0.2,0.569911539554596,-0.8732758410274982,8680
1971,1807,3563520,870,0.06435546875,0.0072870483,0.0003,2.829141026735306,0.5925068855285645,0.9632327556610107,33.04532450999999,388.01,-0.0029279011228936723,0.2,0.5723866820335388,-0.8815720938146114,8690
1972,1808,3567616,871,0.09765625,0.006812356,0.0003,2.7171495735645292,0.7552066445350647,0.9423345923423767,33.13834323999999,387.24,-0.0045861832360969855,0.2,0.5741926431655884,-0.8792994923889637,8700
1973,1810,3571712,872,0.0689697265625,0.008252309,0.0003,2.7924463495612146,0.6378536224365234,0.9617499113082886,33.8970123,384.69,-0.005269350795424543,0.2,0.5773851871490479,-0.8752615608274936,8710
1974,1811,3575808,873,0.096875,0.0087181125,0.0003,1.969694310426712,0.33956485986709595,0.9771804809570312,34.98731395,370.72,-0.0051663842459674925,0.2,0.5704143047332764,-0.8710151240229607,8720
1974,1812,3579904,874,0.0639892578125,0.0077559333,0.0003,1.3285115882754326,0.4037753939628601,0.961959719657898,36.756642830000004,367.1,-0.0043860620557097715,0.2,0.5676164031028748,-0.8582300148904324,8730
1975,1813,3584000,875,0.1054443359375,0.0075087557,0.0003,0.921940803527832,0.314975768327713,0.8528826832771301,40.4971259,350.63,-0.0033052798797143625,0.2,0.563414990901947,-0.8445952847599983,8740
1976,1815,3588096,876,0.0403564453125,0.0046558348,0.0003,2.4825661346316337,0.5915645956993103,0.9245954751968384,40.35000194,351.38,-0.001350206573260948,0.2,0.558250904083252,-0.828963766247034,8750
1977,1816,3592192,877,0.0778076171875,0.007617176,0.0003,4.021185164153576,0.8997639417648315,0.9389229416847229,39.49843639,354.74,-0.00347168407170102,0.2,0.5602321028709412,-0.8209204711019993,8760
1978,1817,3596288,878,0.0495849609375,0.005563129,0.0003,7.507638770341873,5.327699661254883,0.9201533794403076,40.53904605,359.8,-0.0010163362487219274,0.2,0.5626866817474365,-0.8326707378029823,8770
2011,1790,3600384,879,0.099560546875,0.019597098,0.0003,2.1167057134211062,0.5684372782707214,0.9724870920181274,39.957624880000004,352.38,-0.0029850502964109183,0.2,0.5614234805107117,-0.8241497375071049,8780
2012,1791,3604480,880,0.044970703125,0.0071160747,0.0003,3.310910718142986,0.8050522208213806,0.9506465196609497,41.49720429999999,342.57,-0.0028630363056436183,0.2,0.5621179342269897,-0.810952341556549,8790
2012,1792,3608576,881,0.082275390625,0.0111471545,0.0003,1.7424148932099341,0.40213561058044434,0.9655702114105225,42.292490169999994,342.49,-0.003597432703827508,0.2,0.559367299079895,-0.8075413085520268,8800
2013,1793,3612672,882,0.0770263671875,0.009512262,0.0003,2.375121408700943,1.1493107080459595,0.91670161485672,42.875005319999985,350.59,-0.002851243068289477,0.2,0.5607684850692749,-0.801333949714899,8810
2014,1795,3616768,883,0.0743896484375,0.009352138,0.0003,1.9160441018640995,0.5828036069869995,0.93426114320755,41.914320520000004,346.4,-0.004509140456502791,0.2,0.5666621923446655,-0.8104030199348926,8820
2015,1796,3620864,884,0.08056640625,0.007444067,0.0003,1.5878955483436585,0.4670833647251129,0.9204051494598389,41.118051879999996,346.55,-0.002219072950538248,0.2,0.5610987544059753,-0.8099523067474366,8830
2016,1797,3624960,885,0.0620361328125,0.008713618,0.0003,1.480213999003172,0.5130167007446289,0.9731319546699524,43.23616112999999,338.48,-0.002853488712571561,0.2,0.5586247444152832,-0.7875984653830528,8840
2017,1798,3629056,886,0.056005859375,0.008522159,0.0003,1.4315813779830933,0.3035048544406891,0.8923242092132568,44.38479103999998,338.61,-0.0004171509644947946,0.2,0.558713972568512,-0.7846440218389035,8850
2018,1800,3633152,887,0.0605712890625,0.0061942185,0.0003,3.154800198227167,0.47494587302207947,0.90799880027771,45.95841895999999,334.56,-0.0015411305183079093,0.2,0.5570942759513855,-0.7853951871395111,8860
2019,1801,3637248,888,0.0692138671875,0.012506333,0.0003,1.9350839890539646,0.3932170569896698,0.9593864679336548,43.67368303999999,348.4,-0.0027099996194010602,0.2,0.5572070479393005,-0.7887556463479996,8870
2020,1802,3641344,889,0.0875,0.0075700674,0.0003,2.753044007718563,0.5671916007995605,0.9510200023651123,44.4332061,347.19,-0.0004925595800159499,0.2,0.5586859583854675,-0.7951934143900872,8880
2020,1803,3645440,890,0.090576171875,0.0069093425,0.0003,2.4363858863711356,0.8541468381881714,0.9623225927352905,44.34004158999999,363.9,-0.002027166308835149,0.2,0.5606389045715332,-0.797524506598711,8890
2021,1805,3649536,891,0.112890625,0.0065934267,0.0003,3.1905829280614855,0.9649043679237366,0.9620187878608704,41.46756621,377.85,-0.0029806162834574933,0.2,0.5626016855239868,-0.8015126876533032,8900
2022,1806,3653632,892,0.08466796875,0.009067034,0.0003,3.287940989434719,1.5673673152923584,0.9628520011901855,41.41676492,380.1,-0.001185306282422971,0.2,0.5586323738098145,-0.7997566401958466,8910
2023,1807,3657728,893,0.051708984375,0.0061094384,0.0003,3.3494993701577185,1.3472994565963745,0.9185171127319336,40.48094269999999,400.79,-0.0028370445361360908,0.2,0.55914306640625,-0.7909251570701599,8920
2024,1808,3661824,894,0.0778076171875,0.0055850083,0.0003,3.974666553735733,1.1506502628326416,0.9459661841392517,41.336794929999996,392.29,-0.0027195156988454984,0.2,0.5566274523735046,-0.7912598274648189,8930
2025,1810,3665920,895,0.0947998046875,0.010275742,0.0003,3.5308550223708153,0.9934067726135254,0.9491069316864014,38.464690759999996,408.5,-0.0014282490039477125,0.2,0.5558090209960938,-0.7855460949242115,8940
2026,1811,3670016,896,0.073681640625,0.008849604,0.0003,2.14110786318779,0.6700925827026367,0.9664069414138794,35.91895870999999,396.74,-0.004974161527934484,0.2,0.5542520880699158,-0.7841613970696926,8950
2027,1812,3674112,897,0.0696044921875,0.009022346,0.0003,3.987186123430729,1.295702576637268,0.9348989725112915,35.28923139,400.09,-0.005500056725577451,0.2,0.5536683797836304,-0.7834279350936413,8960
2027,1813,3678208,898,0.0811767578125,0.0045842943,0.0003,3.34383857101202,1.2019602060317993,0.9587096571922302,36.544636759999996,397.19,-0.0022096231841715053,0.2,0.554927408695221,-0.7885494701564312,8970
2028,1814,3682304,899,0.066015625,0.008678505,0.0003,3.5676932141184805,0.9411304593086243,0.9439725279808044,34.42219065999999,396.56,-0.0025282669565058315,0.2,0.5596266388893127,-0.794455797970295,8980
2029,1816,3686400,900,0.0823974609375,0.014071431,0.0003,2.3645262986421587,0.5549401640892029,0.9538293480873108,36.073898989999996,375.57,-0.003243306349031627,0.2,0.5623118877410889,-0.805281613767147,8990
2030,1817,3690496,901,0.0704345703125,0.0071066115,0.0003,2.400888203084469,0.682363748550415,0.9284708499908447,35.317613650000006,381.07,-0.005724513210589066,0.2,0.561269223690033,-0.8141831539571285,9000
2031,1818,3694592,902,0.1150146484375,0.015809763,0.0003,2.61801670640707,1.2102166414260864,0.9563661217689514,34.069488989999996,383.37,-0.000660404353402555,0.2,0.5600278377532959,-0.8148088932037354,9010
2032,1819,3698688,903,0.0894287109375,0.007151329,0.0003,2.2498453944921493,0.6309592723846436,0.9599226117134094,33.0299864,383.8,-0.0031504882674198596,0.2,0.5621211528778076,-0.815229631960392,9020
2070,1788,3702784,904,0.0753173828125,0.008054463,0.0003,1.956340254843235,0.48688068985939026,0.9706329703330994,34.11862394,386.03,-0.003310850478010252,0.2,0.5617713332176208,-0.8154594101011753,9030
2071,1789,3706880,905,0.084033203125,0.008646868,0.0003,3.0576898023486137,0.7330299615859985,0.9457107782363892,32.306740219999995,387.23,-0.006205975991906598,0.2,0.5632211565971375,-0.817430766671896,9040
2072,1790,3710976,906,0.073779296875,0.008822651,0.0003,2.4036047637462614,0.7374486923217773,0.9614683389663696,33.62849359,393.67,-0.0033753149837139063,0.2,0.5672743320465088,-0.820188544690609,9050
2073,1791,3715072,907,0.0843994140625,0.005086829,0.0003,2.896587185561657,0.8583359122276306,0.9395734071731567,33.06630466,403.96,-0.002662823870196007,0.2,0.5724850296974182,-0.8280819751322269,9060
2074,1793,3719168,908,0.0901123046875,0.007166337,0.0003,2.0516075663268567,0.5755956768989563,0.965958297252655,32.67912926,407.95,-0.00365645139827393,0.2,0.5763790607452393,-0.8347795240581035,9070
2075,1794,3723264,909,0.0982177734375,0.012966679,0.0003,2.7350793585181234,0.8289279937744141,0.9117143154144287,33.50744116,402.96,-0.006284621474333107,0.2,0.5758004188537598,-0.8369337260723114,9080
2075,1795,3727360,910,0.1032470703125,0.012661731,0.0003,3.4063371807336806,1.253205418586731,0.9266177415847778,32.06171705,411.86,-0.0013669645675690844,0.2,0.5770418047904968,-0.834230937063694,9090
2076,1796,3731456,911,0.0798583984375,0.007064705,0.0003,2.0552782744169233,0.49216026067733765,0.9401514530181885,28.292179799999996,429.73,-0.001775476217153482,0.2,0.5790970921516418,-0.8394369147717953,9100
2077,1797,3735552,912,0.08447265625,0.013733052,0.0003,6.1652076750993725,1.968754529953003,0.91350257396698,27.508218920000004,421.18,-0.0023388074623653665,0.2,0.5778385996818542,-0.8396318309009075,9110
2078,1799,3739648,913,0.0659912109375,0.0067486498,0.0003,5.303060571849346,1.556139349937439,0.9068982005119324,27.27489047,419.21,-0.0021519898189581,0.2,0.5838354229927063,-0.8379860520362854,9120
2079,1800,3743744,914,0.0644775390625,0.006350428,0.0003,2.546403171122074,0.9034041166305542,0.9523426294326782,27.32024394,427.48,-0.003851589621626772,0.2,0.5845603942871094,-0.8490030847489833,9130
2080,1801,3747840,915,0.0609375,0.0098463185,0.0003,4.560007677972317,1.472374439239502,0.9131904244422913,28.694852309999998,426.45,-0.0038638143712887542,0.2,0.5850517749786377,-0.8521673686802387,9140
2081,1802,3751936,916,0.05263671875,0.00775744,0.0003,2.6682044088840486,1.2158282995224,0.9550765156745911,27.82983514,433.7,-0.0034516664018156007,0.2,0.5843563079833984,-0.851945311576128,9150
2082,1803,3756032,917,0.0514892578125,0.007864745,0.0003,4.113465657830238,1.3528118133544922,0.9444149136543274,27.8882313,410.84,-0.002512628515250981,0.2,0.5848842263221741,-0.8481299363076686,9160
2083,1804,3760128,918,0.0891845703125,0.00793292,0.0003,3.618308985233307,1.0420091152191162,0.9592555165290833,23.68801133,425.61,-0.0042030886164866384,0.2,0.5810295939445496,-0.8389519818127156,9170
2084,1806,3764224,919,0.0613525390625,0.006898175,0.0003,3.189678655564785,0.896781325340271,0.9624531865119934,23.618844059999997,428.88,-0.003721660585142672,0.2,0.5802255272865295,-0.8309073008596897,9180
2085,1807,3768320,920,0.0560791015625,0.009815592,0.0003,2.608856362104416,0.6645767092704773,0.908442497253418,25.29934563,422.61,-0.0032111303647980095,0.2,0.5793660283088684,-0.8360250383615494,9190
2085,1808,3772416,921,0.0806396484375,0.009251059,0.0003,2.066142086684704,0.9097148776054382,0.9590098857879639,29.27436731,405.84,-0.002780644703307189,0.2,0.5794762372970581,-0.8325949624180794,9200
2086,1809,3776512,922,0.079541015625,0.010948072,0.0003,5.856450478732586,2.220115900039673,0.9030020236968994,30.060004319999997,407.17,-0.0017952093956409953,0.2,0.5824251174926758,-0.8373748660087585,9210
2087,1810,3780608,923,0.10107421875,0.008419916,0.0003,2.835053300857544,0.8765722513198853,0.9349259734153748,32.29729609,387.98,-0.0038451083732070402,0.2,0.5806847810745239,-0.8405113138258458,9220
2088,1812,3784704,924,0.0756103515625,0.0055050477,0.0003,2.2588329777121543,0.7980424165725708,0.9593673348426819,30.23849532,384.12,-0.0017719587311148643,0.2,0.5777897238731384,-0.8361629478633403,9230
2089,1813,3788800,925,0.057421875,0.0069873054,0.0003,2.6324391603469848,0.5777426362037659,0.9242392778396606,29.831876179999995,390.0,-0.0033582364660105666,0.2,0.5808126926422119,-0.8347396865487099,9240
2090,1814,3792896,926,0.0576904296875,0.007942877,0.0003,3.276918886601925,0.7477262020111084,0.9316011667251587,31.871118940000002,378.58,-0.004395591604406945,0.2,0.5826214551925659,-0.8386073268949985,9250
2091,1815,3796992,927,0.0888427734375,0.006966077,0.0003,2.761844152212143,0.961392343044281,0.9592429399490356,35.92436693,364.77,-0.0033474155032308774,0.2,0.5810838937759399,-0.8453815504908562,9260
2127,1786,3801088,928,0.0545654296875,0.0052898917,0.0003,3.271536649763584,0.8773000240325928,0.9584500193595886,36.10476712,360.08,-0.003435743198497221,0.2,0.5788142085075378,-0.8377176873385906,9270
2128,1787,3805184,929,0.092431640625,0.008773348,0.0003,2.229910686612129,0.7346469163894653,0.941301167011261,36.07946887000001,358.42,-0.005458510481912526,0.2,0.5794127583503723,-0.8325314775109292,9280
2129,1788,3809280,930,0.0658203125,0.0077524087,0.0003,1.901940181851387,0.5198624134063721,0.9540132284164429,37.09037985,360.45,-0.0030797080136835573,0.2,0.5783202648162842,-0.8243811897933483,9290
2130,1789,3813376,931,0.102685546875,0.008443203,0.0003,2.110391044616699,0.547874391078949,0.9681753516197205,36.84350714,356.82,-0.002987773681525141,0.2,0.5769246220588684,-0.8158020041882992,9300
2131,1791,3817472,932,0.0962646484375,0.0083642695,0.0003,4.022676031291485,1.3087571859359741,0.9269444942474365,38.188291050000004,357.71,-0.0019223322509787978,0.2,0.5764729976654053,-0.8082021288573742,9310
2132,1792,3821568,933,0.070556640625,0.010547963,0.0003,3.7448740765452384,1.2667686939239502,0.9440284371376038,39.810802349999996,350.3,-0.002682382459170185,0.2,0.5756738781929016,-0.8023734837770462,9320
2133,1793,3825664,934,0.0765869140625,0.0046991394,0.0003,3.2544020146131514,0.6859316825866699,0.9332485198974609,37.88984221,363.06,-0.0020491251671046484,0.2,0.5729166865348816,-0.789061001688242,9330
2134,1794,3829760,935,0.1127197265625,0.009543312,0.0003,2.8011384651064875,0.8752511143684387,0.9543564319610596,38.76742556,365.69,-0.008601699807331897,0.2,0.5720909833908081,-0.7805166780948639,9340
2134,1795,3833856,936,0.1060791015625,0.019620076,0.0003,2.858296477794647,0.6532378792762756,0.906091570854187,38.69090044,367.78,-0.0027702090170350856,0.2,0.5674002766609192,-0.7694148503243923,9350
2135,1796,3837952,937,0.1165771484375,0.013431974,0.0003,1.535880683362484,0.44061973690986633,0.9762647747993469,36.356571519999996,376.52,-0.002374692939338274,0.2,0.5625020265579224,-0.7492312841117382,9360
2136,1798,3842048,938,0.09169921875,0.0074879387,0.0003,12.270105263590812,6.092456817626953,0.8652118444442749,33.751372169999996,380.47,-0.002866021351655945,0.2,0.5645777583122253,-0.7396249212324619,9370
2137,1799,3846144,939,0.0853515625,0.0058010817,0.0003,3.0449085161089897,1.191951870918274,0.942939043045044,33.2631928,381.17,-0.002090380228764843,0.2,0.5643259882926941,-0.743467528373003,9380
2138,1800,3850240,940,0.071484375,0.008784788,0.0003,2.5644387513399125,0.5215586423873901,0.9610286355018616,33.432206189999995,373.98,-0.0015728434329503216,0.2,0.5616229176521301,-0.7423459276556968,9390
2139,1801,3854336,941,0.07529296875,0.009786326,0.0003,1.8154553040862083,0.568260669708252,0.970609188079834,32.67390637,385.25,-0.005084072911995463,0.2,0.5614814162254333,-0.7396485067903995,9400
2140,1802,3858432,942,0.1031494140625,0.0070004156,0.0003,2.2502212271094324,0.6959859728813171,0.9637929201126099,32.30166687,392.87,-0.0015230741890263743,0.2,0.5630454421043396,-0.7366020254790783,9410
2141,1803,3862528,943,0.0877685546875,0.007266503,0.0003,3.1595289066433905,0.8078420758247375,0.9543517827987671,33.72876976,390.61,-0.006050975652760826,0.2,0.5637882947921753,-0.7374366253614426,9420
2142,1805,3866624,944,0.0670166015625,0.008780226,0.0003,1.9675135262310506,0.5615310668945312,0.9677655100822449,33.628688540000006,382.89,-0.0060814132681116465,0.2,0.5615496635437012,-0.7347341194748879,9430
2143,1806,3870720,945,0.1329833984375,0.0060968725,0.0003,5.082023505866528,2.1626696586608887,0.8688233494758606,33.541963130000006,372.48,-0.0015034169395221398,0.2,0.5626264214515686,-0.728442908078432,9440
2143,1807,3874816,946,0.0517578125,0.008031496,0.0003,2.511772209405899,1.0360640287399292,0.9446415901184082,33.80897904,370.43,-0.003773351706331596,0.2,0.5624043941497803,-0.7287889897823334,9450
2144,1808,3878912,947,0.0860595703125,0.0046716616,0.0003,7.486475354433059,3.0047855377197266,0.9050519466400146,37.14489147,360.0,-0.00037322883217711934,0.2,0.5639152526855469,-0.7279927164316178,9460
2145,1809,3883008,948,0.0625732421875,0.004645366,0.0003,4.7080322265625,1.7497107982635498,0.9280230402946472,36.57192618,361.05,-0.005546367530769203,0.2,0.5650100111961365,-0.734591792523861,9470
2146,1810,3887104,949,0.1056884765625,0.009311963,0.0003,1.4177334278821945,0.32392847537994385,0.9797391295433044,35.840484769999996,371.33,-0.002882214478449896,0.2,0.5597648620605469,-0.7284891724586486,9480
2147,1812,3891200,950,0.078857421875,0.006660926,0.0003,2.11072905883193,0.47110357880592346,0.9502514600753784,36.24386633,356.92,-0.00034081286285072567,0.2,0.5590184330940247,-0.7193799383938313,9490
2148,1813,3895296,951,0.0808349609375,0.015487255,0.0003,3.012653873115778,0.4632507264614105,0.9255498051643372,36.16349389,344.43,-0.0008760922384681181,0.2,0.5564982891082764,-0.7166772410273552,9500
2149,1814,3899392,952,0.0724853515625,0.0056335013,0.0003,5.731119529902935,1.8482334613800049,0.937425971031189,35.85415963,348.48,-0.002452649924089201,0.2,0.559697687625885,-0.7171139150857926,9510
2180,1790,3903488,953,0.1054931640625,0.014251482,0.0003,1.060677482187748,0.36388567090034485,0.9875776767730713,33.99061354999999,357.69,-0.0045504494657507165,0.2,0.5621066689491272,-0.7174268081784249,9520
2181,1791,3907584,954,0.0587158203125,0.0060262117,0.0003,1.4970488846302032,0.42487287521362305,0.9822376370429993,34.15359181,356.83,-0.0018365583819104359,0.2,0.5625156164169312,-0.7124389439821244,9530
2181,1792,3911680,955,0.081787109375,0.009685712,0.0003,4.277188716828823,1.0703638792037964,0.9531010389328003,35.13912388,357.16,-0.0059432868642034006,0.2,0.562488853931427,-0.713084826618433,9540
2182,1793,3915776,956,0.0857666015625,0.009757414,0.0003,1.9443515621125698,0.6948797106742859,0.9750885367393494,32.896900509999995,369.62,-0.002213653041690122,0.2,0.5580348372459412,-0.7151364907622337,9550
2183,1795,3919872,957,0.075048828125,0.009386373,0.0003,1.2156596422195434,0.38827481865882874,0.9605056643486023,35.74178832,352.36,-0.004287662712158635,0.2,0.5622720718383789,-0.7165487580001354,9560
2184,1796,3923968,958,0.07744140625,0.008150624,0.0003,1.6474101223051547,0.48547235131263733,0.9029603600502014,38.34507096000001,338.65,-0.002795056422473863,0.2,0.5592572689056396,-0.7174691990017891,9570
2185,1797,3928064,959,0.086279296875,0.009010102,0.0003,4.0533505350351335,0.8068352341651917,0.895150363445282,39.12900531,338.24,-0.0033321530907414855,0.2,0.5588301420211792,-0.7067947506904602,9580
2186,1798,3932160,960,0.095849609375,0.0074409535,0.0003,2.1022395484149454,0.5435134768486023,0.9623104333877563,38.532144620000004,340.28,-0.005093205950106494,0.2,0.5621926784515381,-0.707672618329525,9590
2187,1799,3936256,961,0.0763916015625,0.005560062,0.0003,5.578363314270973,1.2447866201400757,0.955487072467804,37.47481826,351.2,-0.003937182335357647,0.2,0.565092146396637,-0.7118853986263275,9600
2188,1800,3940352,962,0.0685302734375,0.007946728,0.0003,3.626385134458542,1.1675972938537598,0.9553655385971069,39.00602357,354.03,-0.004713720292784274,0.2,0.5667809247970581,-0.716703699529171,9610
2188,1802,3944448,963,0.0724853515625,0.0052549434,0.0003,2.233346699178219,0.7164354920387268,0.9690983295440674,39.25046438,350.35,-0.0028253271826542913,0.2,0.5674160718917847,-0.7121312417089939,9620
2189,1803,3948544,964,0.089892578125,0.008721882,0.0003,2.03694331869483,0.461368203163147,0.9662609696388245,41.13625409000001,338.42,-0.0026072216249303894,0.2,0.5696967244148254,-0.707572802901268,9630
2190,1804,3952640,965,0.0574462890625,0.0050197784,0.0003,2.3245685681700707,0.5960659384727478,0.9477133750915527,40.36527008,342.64,-0.003210089573985897,0.2,0.5698384046554565,-0.7054858133196831,9640
2191,1805,3956736,966,0.1135986328125,0.008179893,0.0003,1.2834634132683278,0.3221120238304138,0.9743140339851379,38.26986713,351.87,0.00028543221415020523,0.2,0.5731477737426758,-0.6976707242429256,9650
2192,1806,3960832,967,0.088818359375,0.008040684,0.0003,2.4746588304638863,0.5798960328102112,0.95250403881073,37.209104430000004,366.58,-0.0015782610222231596,0.2,0.5730031132698059,-0.6940196596086026,9660
2193,1807,3964928,968,0.0892578125,0.0065912646,0.0003,1.1476772502064705,0.30674779415130615,0.9826117753982544,36.65447476000001,358.96,-0.0044640374078881,0.2,0.5775856375694275,-0.6957139261066914,9670
2194,1808,3969024,969,0.0927734375,0.007459715,0.0003,1.9388114675879478,0.5867108106613159,0.9770883321762085,37.75254537,344.19,-0.003326799100614153,0.2,0.5760357975959778,-0.696227802336216,9680
2195,1809,3973120,970,0.051806640625,0.00605997,0.0003,4.507177951931953,1.8142924308776855,0.9609294533729553,39.146677170000004,337.33,-0.003159738314570859,0.2,0.5782091617584229,-0.6903033092617988,9690
2196,1810,3977216,971,0.0851318359375,0.0050827647,0.0003,1.6570954039692878,0.46869248151779175,0.9604150652885437,39.26176013,339.06,-0.00011724696960300208,0.2,0.5758175849914551,-0.688126215338707,9700
2197,1812,3981312,972,0.0713623046875,0.00520215,0.0003,2.14507227614522,0.5873456001281738,0.9451723694801331,39.19535904,347.16,-0.002893214483628981,0.2,0.5725755095481873,-0.6806515738368034,9710
2198,1813,3985408,973,0.0714599609375,0.00582924,0.0003,1.6209188677370547,0.4403573274612427,0.9731621742248535,40.506930170000004,337.19,-0.002234115653845947,0.2,0.5710811018943787,-0.672143991291523,9720
2199,1814,3989504,974,0.083349609375,0.0067300303,0.0003,2.0834576644003393,0.48348018527030945,0.9697076678276062,39.48048078,321.3,-0.0026779752399306743,0.2,0.5685027241706848,-0.6621542371809482,9730
2199,1815,3993600,975,0.0905029296875,0.01419193,0.0003,4.389501738548279,1.3028525114059448,0.9617801904678345,39.025024699999996,324.63,-0.0016159958133357577,0.2,0.566747784614563,-0.6548755958676338,9740
2200,1816,3997696,976,0.058837890625,0.0056724316,0.0003,2.515517121553421,0.5504536628723145,0.9631388187408447,38.92119907,315.5,-0.003929184906883165,0.2,0.5697839856147766,-0.6568798817694187,9750
2231,1793,4001792,977,0.044189453125,0.0050463565,0.0003,4.2903056517243385,0.7440994381904602,0.949635922908783,38.9066471,326.42,-0.0018230175308417528,0.2,0.5732345581054688,-0.6705113068223,9760
