time/fps,time/time_elapsed,time/iterations,time/total_timesteps,train/clip_fraction,train/explained_variance,train/value_loss,train/std,train/n_updates,train/learning_rate,train/loss,rollout/ep_rew_mean,train/entropy_loss,train/policy_gradient_loss,train/clip_range,rollout/ep_len_mean,train/approx_kl
6094,0,1,4096,,,,,,,,,,,,,
4996,1,2,8192,0.0679443359375,-0.15458548069000244,0.5070234294980764,0.9849364757537842,10,0.0003,0.0684664398431778,-63.50808375,-2.8218159079551697,-0.00949031790078152,0.2,672.5,0.007840914
5049,2,3,12288,0.0335205078125,0.002150893211364746,0.8221804577857256,0.9833680987358093,20,0.0003,0.17388880252838135,-61.919086916666664,-2.8060221046209337,-0.004168361346819438,0.2,667.6666666666666,0.006243919
4956,3,4,16384,0.0734130859375,0.2870994210243225,0.3057335024699569,0.9718673825263977,30,0.0003,0.02641531080007553,-66.0696934117647,-2.7958628863096235,-0.010298522457014769,0.2,735.7647058823529,0.009220037
4848,4,5,20480,0.069091796875,0.19632208347320557,0.3166835127398372,0.9557461738586426,40,0.0003,0.04329979419708252,-69.09709486956521,-2.767622622847557,-0.008799873529642354,0.2,761.695652173913,0.008065628
4784,5,6,24576,0.039599609375,-0.07423937320709229,0.7709266092628241,0.9478240013122559,50,0.0003,0.15167981386184692,-70.1571815862069,-2.739651954174042,-0.005033782019745558,0.2,736.448275862069,0.006657282
4827,5,7,28672,0.0389892578125,0.00786048173904419,9.496538853645324,0.9461920261383057,60,0.0003,3.425952434539795,-69.7125036060606,-2.72833094894886,-0.0033381601257133297,0.2,756.8787878787879,0.006571998
4892,6,8,32768,0.110400390625,0.4301531910896301,0.1559847669675946,0.9392558336257935,70,0.0003,0.02153138816356659,-67.26515552631578,-2.7219391793012617,-0.01332010948972311,0.2,756.7894736842105,0.008326193
4878,7,9,36864,0.1035888671875,0.23132461309432983,0.13048572009429335,0.9199087619781494,80,0.0003,0.0171319842338562,-66.41352306818182,-2.694077494740486,-0.013831564094289206,0.2,771.4545454545455,0.009670797
4907,8,10,40960,0.0838623046875,0.3068113327026367,0.3172976242378354,0.9022625684738159,90,0.0003,0.07151909172534943,-65.11143946808511,-2.6533953458070756,-0.009302683471469208,0.2,772.8723404255319,0.009776585
4847,9,11,45056,0.1043701171875,0.34455084800720215,0.1574685732834041,0.8847746253013611,100,0.0003,0.03167030215263367,-64.32678818181817,-2.613497832417488,-0.012124313978711143,0.2,774.2,0.00978351
4827,10,12,49152,0.0273681640625,0.033195316791534424,8.363306558132171,0.8841164112091064,110,0.0003,2.778228282928467,-61.61802938333333,-2.5907918751239776,-0.002717420179396868,0.2,763.9333333333333,0.004504096
4858,10,13,53248,0.0871337890625,0.29194343090057373,0.48393649943172934,0.8804770708084106,120,0.0003,0.16228075325489044,-60.64121001538461,-2.5884409695863724,-0.009905974139837782,0.2,763.3538461538461,0.0068265484
4861,11,14,57344,0.1287353515625,0.4903641939163208,0.22816616464406253,0.8662499189376831,130,0.0003,0.06121056154370308,-58.77473483333334,-2.5675822675228117,-0.0141353516431991,0.2,765.375,0.009307288
4870,12,15,61440,0.093701171875,0.0951201319694519,4.360019299387932,0.8660227060317993,140,0.0003,0.24131488800048828,-58.37847300000001,-2.5495564371347426,-0.005603440085542389,0.2,764.068493150685,0.007373678
4796,13,16,65536,0.0897216796875,0.49200427532196045,0.5831305023282767,0.8560225963592529,150,0.0003,0.24667015671730042,-57.792344126582286,-2.539363846182823,-0.010896330303512513,0.2,783.4810126582279,0.007902304
4811,14,17,69632,0.0319091796875,0.49654144048690796,1.0735523469746113,0.8560896515846252,160,0.0003,0.36657649278640747,-58.020647841463415,-2.5250837951898575,-0.005687032848072704,0.2,788.8170731707318,0.004738791
4797,15,18,73728,0.0669921875,0.8394023180007935,0.16167790507897734,0.8432385921478271,170,0.0003,0.04077790677547455,-55.659227511111105,-2.5131924599409103,-0.007325010737986304,0.2,792.3222222222222,0.0074053938
4798,16,19,77824,0.047802734375,0.6898537874221802,0.30135226286947725,0.8287572860717773,180,0.0003,0.11220451444387436,-54.94639213043478,-2.48112675845623,-0.006964360148413107,0.2,789.4347826086956,0.0057556485
4781,17,20,81920,0.0824462890625,0.7066099643707275,0.22606325317174197,0.8201218843460083,190,0.0003,0.07595116645097733,-52.65303854081631,-2.4515692949295045,-0.008917944150744006,0.2,795.3163265306123,0.007154349
4751,18,21,86016,0.0374267578125,0.2126903533935547,3.543294906616211,0.8176902532577515,200,0.0003,1.9530869722366333,-51.633220099999996,-2.438077852129936,-0.0035466240777168425,0.2,792.1,0.0043613436
4720,19,22,90112,0.0296142578125,0.2127072811126709,7.759419119358062,0.8159275054931641,210,0.0003,3.5911622047424316,-50.52767727000001,-2.4326629638671875,-0.0023932288939249704,0.2,818.39,0.0034977172
4715,19,23,94208,0.014990234375,0.2887945771217346,10.580166018009185,0.8176466822624207,220,0.0003,4.327500820159912,-47.88246899,-2.4325198352336885,-0.0024063622229732575,0.2,816.78,0.0039795795
4707,20,24,98304,0.050830078125,0.15379488468170166,3.5893057227134704,0.8162779808044434,230,0.0003,2.692816972732544,-44.16376582,-2.4342321872711183,-0.003397763485554606,0.2,796.79,0.0055421125
1048,97,25,102400,0.03798828125,0.2596287727355957,14.142925089597702,0.814420223236084,240,0.0003,8.96890926361084,-42.74353742000001,-2.4292046546936037,-0.003537761789630167,0.2,806.57,0.004405699
1079,98,26,106496,0.099560546875,0.5522949695587158,3.344368803873658,0.8118005394935608,250,0.0003,0.2553867697715759,-39.905294559999994,-2.4247484773397447,-0.006514463986968621,0.2,807.89,0.008249412
1110,99,27,110592,0.05546875,0.2608397603034973,10.123169991374017,0.8104172945022583,260,0.0003,3.493482828140259,-37.11982468,-2.418600532412529,-0.0025702673781779596,0.2,813.72,0.0050922516
1140,100,28,114688,0.03896484375,0.38102853298187256,3.2937887720763683,0.8092535734176636,270,0.0003,1.3448822498321533,-33.10309639,-2.4160305678844454,-0.002726313174935058,0.2,802.14,0.005803285
1168,101,29,118784,0.023388671875,0.06305879354476929,10.673932021856308,0.8067434430122375,280,0.0003,8.190226554870605,-29.78385851,-2.4124280750751494,-0.0031245711725205183,0.2,793.41,0.004649461
1198,102,30,122880,0.0208984375,0.13552045822143555,13.47078263759613,0.8024470806121826,290,0.0003,6.577484607696533,-28.47312291,-2.4038127839565275,-0.00381244114250876,0.2,794.45,0.004685185
1226,103,31,126976,0.0506103515625,0.3917786478996277,3.1687409192323686,0.8006021976470947,300,0.0003,1.2645734548568726,-25.688250229999998,-2.39502435028553,-0.0023220111732371153,0.2,794.98,0.0040190136
1253,104,32,131072,0.0369873046875,0.30589771270751953,11.837327897548676,0.801822304725647,310,0.0003,4.6932454109191895,-22.457049689999995,-2.3938972294330596,-0.0031651558354496958,0.2,794.07,0.002083412
1281,105,33,135168,0.0259033203125,0.18720734119415283,14.967460280656814,0.8036868572235107,320,0.0003,4.515834331512451,-21.125952829999996,-2.398229280114174,-0.0023017970175715162,0.2,797.38,0.004885515
1306,106,34,139264,0.037158203125,0.19695532321929932,2.939712166786194,0.8020602464675903,330,0.0003,1.7325233221054077,-19.86450259,-2.3998726665973664,-0.003963905081036501,0.2,783.75,0.006639215
1332,107,35,143360,0.0419677734375,0.28296107053756714,16.457375997304915,0.8002426624298096,340,0.0003,8.379871368408203,-18.10877796,-2.3943113714456556,-0.001376725736190565,0.2,774.76,0.0040572844
1355,108,36,147456,0.0591796875,0.004967749118804932,4.743217037618161,0.8002691268920898,350,0.0003,2.9116320610046387,-15.76972821,-2.392620661854744,-0.0025895383063470946,0.2,752.73,0.0050817067
1378,109,37,151552,0.054296875,0.4521692991256714,9.128759425878524,0.8001235723495483,360,0.0003,1.7626752853393555,-15.113202189999999,-2.391901910305023,-0.004263409189297818,0.2,755.71,0.0056060427
1401,111,38,155648,0.12626953125,0.4196942448616028,9.178192248940467,0.799934983253479,370,0.0003,4.223657131195068,-14.559727410000002,-2.391550877690315,-0.006095259831636213,0.2,748.24,0.010381167
1424,112,39,159744,0.0339599609375,0.4007532596588135,10.505259495973586,0.8002030849456787,380,0.0003,7.48609733581543,-14.773153970000003,-2.3919059544801713,-0.0023901202192064376,0.2,745.6,0.0034219285
1446,113,40,163840,0.040234375,0.5906596183776855,10.483969229459763,0.7991118431091309,390,0.0003,4.688316822052002,-12.31128016,-2.3904684096574784,-0.002675214351620525,0.2,740.32,0.0052635823
1467,114,41,167936,0.0368408203125,0.4459182024002075,15.10279951095581,0.798822283744812,400,0.0003,8.767459869384766,-11.395484639999998,-2.3892890006303786,-0.0033263138539041393,0.2,740.95,0.003967887
1488,115,42,172032,0.081689453125,0.3902996778488159,5.080741693079472,0.7937067747116089,410,0.0003,1.1321841478347778,-11.57172581,-2.3839152812957765,-0.007882956875255332,0.2,743.57,0.006063139
1506,116,43,176128,0.0706787109375,0.6959600448608398,6.1811560690402985,0.7900205850601196,420,0.0003,1.7907545566558838,-8.82588272,-2.3710934191942217,-0.004795993427978829,0.2,730.56,0.006253587
1524,118,44,180224,0.0563720703125,0.5874658823013306,10.962764692306518,0.7888749241828918,430,0.0003,2.520759344100952,-8.97138198,-2.3647655338048934,-0.00277332640835084,0.2,722.32,0.005724461
1542,119,45,184320,0.0703125,0.729088544845581,10.657339829206467,0.7872971892356873,440,0.0003,2.754293441772461,-10.44876578,-2.3620605766773224,-0.0025756616567377934,0.2,708.49,0.0055514
1559,120,46,188416,0.0254150390625,0.5655659437179565,18.412559115886687,0.788260817527771,450,0.0003,8.427515029907227,-11.50096205,-2.3600734770298004,-0.003189836782985367,0.2,693.76,0.0043294057
1578,121,47,192512,0.0073974609375,0.5913969278335571,21.21924524307251,0.7883269786834717,460,0.0003,10.613968849182129,-10.366977920000002,-2.3624072134494782,-0.0010788042869535274,0.2,690.48,0.0034585153
1595,123,48,196608,0.0735595703125,0.7503892779350281,2.831456482410431,0.7879624962806702,470,0.0003,1.0931264162063599,-9.407798550000003,-2.3618769854307176,-0.0049329866815241985,0.2,704.86,0.0051184837
974,205,49,200704,0.0452880859375,0.3791908025741577,13.014380395412445,0.7869867086410522,480,0.0003,6.843417644500732,-9.022962549999999,-2.360519549250603,-0.0037182475411100314,0.2,704.37,0.0044722194
989,206,50,204800,0.0337158203125,0.3368632197380066,5.6005864351987835,0.7832695245742798,490,0.0003,1.7128329277038574,-10.06480716,-2.3550121665000914,-0.003716480018920265,0.2,688.3,0.0049235434
1004,208,51,208896,0.0249755859375,0.32863175868988037,14.128996407985687,0.7811857461929321,500,0.0003,3.812082052230835,-7.20842423,-2.346361768245697,-0.0019491642698994838,0.2,695.29,0.003473293
1018,209,52,212992,0.03232421875,0.11288118362426758,12.949573665857315,0.7805314064025879,510,0.0003,7.340470790863037,-6.6286811499999985,-2.3428871899843218,-0.003168485633796081,0.2,676.1,0.0038165222
1032,210,53,217088,0.0785400390625,0.5722341537475586,7.344667798280716,0.7792474627494812,520,0.0003,3.8098502159118652,-4.822809629999999,-2.34001938700676,-0.004643129571923055,0.2,675.38,0.0059554116
1046,211,54,221184,0.0298828125,0.2528473138809204,13.989975464344024,0.7794144153594971,530,0.0003,6.069149017333984,-4.556091619999999,-2.338844895362854,-0.003226215619361028,0.2,674.76,0.004375214
1060,212,55,225280,0.043603515625,0.7306339740753174,5.656084808707237,0.7783252000808716,540,0.0003,2.015305757522583,-1.893789549999999,-2.3384684562683105,-0.003742969280574471,0.2,680.07,0.0049734376
1073,213,56,229376,0.0278564453125,0.47760671377182007,14.356030648946762,0.777573823928833,550,0.0003,5.068040370941162,-1.93746962,-2.3358402222394945,-0.001926954771624878,0.2,659.05,0.004237403
1087,214,57,233472,0.0603515625,0.4366598129272461,9.164586421847343,0.7769849300384521,560,0.0003,3.9795312881469727,-0.021293550000000466,-2.333938938379288,-0.002303314034361392,0.2,666.28,0.0048129056
1101,215,58,237568,0.039892578125,0.6972747445106506,6.359703961014747,0.7748105525970459,570,0.0003,1.377737045288086,0.26080678999999984,-2.330641931295395,-0.003364543095085537,0.2,669.02,0.0057130577
1114,216,59,241664,0.0315673828125,0.6915344595909119,8.503600680828095,0.7770649194717407,580,0.0003,2.988762855529785,0.7691813300000001,-2.3297558963298797,-0.0025811211147811265,0.2,674.27,0.0052436157
1127,218,60,245760,0.0296142578125,0.79547518491745,8.517779389023781,0.7778497934341431,590,0.0003,3.591287136077881,2.12129964,-2.3342885851860045,-0.0021902066153415946,0.2,669.51,0.005161633
1140,219,61,249856,0.0373779296875,0.7429815530776978,11.106801801919937,0.7763245105743408,600,0.0003,3.836371898651123,3.1317592599999995,-2.333932888507843,-0.0034774863364873455,0.2,675.73,0.0031508266
1153,220,62,253952,0.0396484375,0.774031400680542,5.559419628977776,0.7762942314147949,610,0.0003,2.323108673095703,6.2729684599999995,-2.3315815806388853,-0.00506859939196147,0.2,690.71,0.0054534785
1166,221,63,258048,0.0559326171875,0.2846107482910156,8.314385706186295,0.7751279473304749,620,0.0003,2.7324376106262207,7.21217224,-2.3299140244722367,-0.004221969444188289,0.2,693.6,0.0065603205
1178,222,64,262144,0.0380615234375,0.54831862449646,8.214718553423882,0.7730529308319092,630,0.0003,4.5596089363098145,7.776630160000001,-2.325817945599556,-0.004152713567600585,0.2,697.35,0.004810011
1190,223,65,266240,0.0253173828125,0.8115253448486328,14.931352543830872,0.7728291749954224,640,0.0003,6.635139465332031,8.34895827,-2.3224416613578795,-0.002702602546196431,0.2,691.1,0.0041636936
1203,224,66,270336,0.0331787109375,0.6964601874351501,6.468072372674942,0.7740621566772461,650,0.0003,3.1440227031707764,8.36753624,-2.3240049958229063,-0.0030060844524996354,0.2,690.0,0.007169943
1215,225,67,274432,0.0273681640625,0.7118006944656372,4.113801445066929,0.7759884595870972,660,0.0003,1.9828133583068848,6.8920184,-2.3274873048067093,-0.0030623335333075374,0.2,686.61,0.0035960989
1227,226,68,278528,0.062744140625,0.6795269250869751,14.401202130317689,0.7773139476776123,670,0.0003,2.0986430644989014,6.809032669999999,-2.332058149576187,-0.004756317832652712,0.2,694.82,0.0054259133
1238,228,69,282624,0.031640625,0.5113757848739624,3.9033857926726343,0.7744905948638916,680,0.0003,2.008058547973633,6.800377970000002,-2.3316061943769455,-0.00505734492035117,0.2,698.75,0.0056369724
1249,229,70,286720,0.0761474609375,0.8128402233123779,7.435055512189865,0.773014485836029,690,0.0003,4.657771110534668,9.088547749999998,-2.3245042234659197,-0.005175148660782725,0.2,683.78,0.0043939203
1260,230,71,290816,0.031298828125,0.8408614993095398,11.225091522932052,0.772635281085968,700,0.0003,4.4395928382873535,10.335039679999998,-2.322434204816818,-0.0035063516697846353,0.2,680.48,0.005800704
1271,231,72,294912,0.0293701171875,0.5341993570327759,5.76146728694439,0.7710754871368408,710,0.0003,2.4312808513641357,9.435911149999999,-2.320610851049423,-0.002679208956396906,0.2,680.44,0.0044475533
1281,233,73,299008,0.0478759765625,0.6862167119979858,9.444704923033715,0.7723004817962646,720,0.0003,5.0261712074279785,9.58577051,-2.3186012655496597,-0.0034560325613711028,0.2,668.5,0.0039058363
962,314,74,303104,0.0435546875,0.76503986120224,8.810424864292145,0.768646776676178,730,0.0003,3.9996933937072754,11.346276089999998,-2.3176625639200212,-0.003051093319663778,0.2,667.65,0.005918857
972,316,75,307200,0.0257568359375,0.6749234199523926,5.960917487740517,0.7647790908813477,740,0.0003,2.194010019302368,12.769271540000002,-2.3071747928857804,-0.001959679153515026,0.2,663.7,0.0031354753
981,317,76,311296,0.0408935546875,0.7138735055923462,5.058465641736984,0.760697603225708,750,0.0003,2.572701930999756,13.395521460000003,-2.2972028106451035,-0.004258932251832448,0.2,657.84,0.004754804
991,318,77,315392,0.04658203125,0.765006959438324,4.388959375023842,0.7554162740707397,760,0.0003,2.090965747833252,13.697577929999998,-2.2844832688570023,-0.003871756396256387,0.2,658.32,0.006270745
999,319,78,319488,0.0556640625,0.745238184928894,3.6110169261693956,0.7505279779434204,770,0.0003,1.3936280012130737,13.90200487,-2.2705275267362595,-0.006066062999889254,0.2,640.95,0.0060259616
1008,320,79,323584,0.0375732421875,0.8599467873573303,11.662438708543778,0.7487439513206482,780,0.0003,4.367459774017334,14.82703187,-2.261031949520111,-0.002438638696912676,0.2,638.12,0.0036735358
1017,322,80,327680,0.0501220703125,0.8581482172012329,4.335012954473496,0.7484027743339539,790,0.0003,2.396724224090576,14.58735826,-2.258112218976021,-0.004498030373360962,0.2,624.01,0.0054836357
1026,323,81,331776,0.043017578125,0.7890671491622925,10.948218685388564,0.7489219903945923,800,0.0003,4.715362071990967,14.974619149999999,-2.25881609916687,-0.0038530906138475986,0.2,613.09,0.0050553465
1035,324,82,335872,0.0527099609375,0.8214368224143982,5.884850335121155,0.7491438388824463,810,0.0003,3.3939967155456543,16.83838719,-2.2596277058124543,-0.0033077874686568975,0.2,615.13,0.0057039373
1044,325,83,339968,0.042529296875,0.8741064667701721,3.348960980772972,0.7473533153533936,820,0.0003,1.2695426940917969,17.541368379999998,-2.258102113008499,-0.003865366568788886,0.2,614.29,0.0045355773
1053,326,84,344064,0.028857421875,0.778117835521698,4.23649355173111,0.7488467693328857,830,0.0003,1.4040546417236328,19.00505518,-2.2568766355514525,-0.0050084139991668055,0.2,618.21,0.0048961337
1062,327,85,348160,0.0651123046875,0.8896452784538269,2.924338307976723,0.7481327056884766,840,0.0003,1.4972548484802246,18.37075158,-2.2586037635803224,-0.0047266461420804266,0.2,618.52,0.007923497
1071,328,86,352256,0.0520263671875,0.8601758480072021,7.75382753610611,0.747035026550293,850,0.0003,3.136720657348633,18.93603109,-2.255312943458557,-0.002501444821245968,0.2,628.0,0.0056334194
1079,330,87,356352,0.0458984375,0.9416563510894775,1.6322238251566887,0.7421598434448242,860,0.0003,0.7164195775985718,18.70970184,-2.2484092473983766,-0.004616866726428271,0.2,612.59,0.00485304
1088,331,88,360448,0.0334228515625,0.8624057769775391,9.39610778093338,0.741459846496582,870,0.0003,3.5936434268951416,20.26508246,-2.238963374495506,-0.0028681746451184155,0.2,622.87,0.00673184
1097,332,89,364544,0.0359130859375,0.9395952224731445,2.6613797768950462,0.7407059669494629,880,0.0003,1.1642757654190063,20.834141279999997,-2.2376172959804537,-0.004110304731875658,0.2,619.16,0.006204889
1105,333,90,368640,0.0369384765625,0.9032848477363586,2.95418267250061,0.737353503704071,890,0.0003,1.12563955783844,19.941265610000002,-2.2333664119243624,-0.0029078191611915825,0.2,611.11,0.0057071913
1114,334,91,372736,0.0509033203125,0.8504981994628906,10.099137276411057,0.7372591495513916,900,0.0003,6.083924293518066,17.12876985,-2.2269905388355253,-0.004556402325397358,0.2,606.18,0.00715681
1122,335,92,376832,0.0357666015625,0.6859524846076965,17.79117085337639,0.7399746179580688,910,0.0003,6.96799898147583,17.450371869999998,-2.2306865751743317,-0.002472887976909988,0.2,601.06,0.004567547
1131,336,93,380928,0.020068359375,0.9147382974624634,3.525997433066368,0.7371346950531006,920,0.0003,1.4474921226501465,17.21441486,-2.2326487213373185,-0.002292198216309771,0.2,608.68,0.003920972
1138,338,94,385024,0.037060546875,0.8705758452415466,5.373201537132263,0.7356092929840088,930,0.0003,1.426430106163025,14.83888614,-2.2244709849357607,-0.004575563310936559,0.2,600.3,0.0058070123
1147,339,95,389120,0.0255859375,0.7428966760635376,26.001167488098144,0.7331829071044922,940,0.0003,13.528131484985352,13.43976276,-2.2207701027393343,-0.002664416415791493,0.2,601.94,0.0051291143
1155,340,96,393216,0.02724609375,0.84503173828125,9.648042714595794,0.7335637807846069,950,0.0003,4.6210479736328125,12.647617239999999,-2.216600921750069,-0.0027780235002865085,0.2,609.62,0.0031101122
1163,341,97,397312,0.0323974609375,0.8917260766029358,5.817175948619843,0.7332919836044312,960,0.0003,4.532403469085693,14.08864006,-2.217814064025879,-0.002356135888840072,0.2,619.25,0.0057431064
953,420,98,401408,0.02451171875,0.9182966351509094,4.91540390253067,0.7348909378051758,970,0.0003,1.4971436262130737,13.961263859999999,-2.218974995613098,-0.0015625211744918488,0.2,624.82,0.002263323
961,421,99,405504,0.0448486328125,0.8952891826629639,7.222657430171966,0.7370954751968384,980,0.0003,5.289037227630615,14.40049898,-2.224297696352005,-0.003329210892843548,0.2,613.98,0.005242822
968,423,100,409600,0.0281494140625,0.9443379044532776,2.4956376239657403,0.7313643097877502,990,0.0003,0.882054328918457,13.54341878,-2.221174266934395,-0.0031352164936834016,0.2,607.44,0.0030823816
975,424,101,413696,0.022021484375,0.8919155597686768,8.811603790521621,0.7318816184997559,1000,0.0003,3.7779293060302734,10.890094710000003,-2.2114607393741608,-0.0031132670133956707,0.2,599.4,0.0026882705
982,425,102,417792,0.0260986328125,0.8763793706893921,8.846984556317329,0.7321125268936157,1010,0.0003,3.9549386501312256,12.840768989999999,-2.214033791422844,-0.0029119042737875134,0.2,607.8,0.0035702572
989,426,103,421888,0.039208984375,0.961896538734436,1.5356962651014328,0.7374277710914612,1020,0.0003,0.6915285587310791,10.127516270000001,-2.220302176475525,-0.0033484839426819236,0.2,597.67,0.0055483608
996,427,104,425984,0.02783203125,0.875487208366394,11.410055071115494,0.7363091707229614,1030,0.0003,5.609591960906982,11.11092491,-2.2278116047382355,-0.0027891011763131247,0.2,590.85,0.0035690377
1003,428,105,430080,0.0554443359375,0.9695850610733032,1.7559386119246483,0.7315303087234497,1040,0.0003,0.6184499263763428,11.733161910000002,-2.219876340031624,-0.004070801156922243,0.2,593.84,0.0054424787
1010,429,106,434176,0.0499755859375,0.9225701689720154,3.6295545399188995,0.7324285507202148,1050,0.0003,1.2694604396820068,12.653131139999998,-2.213181108236313,-0.003474245165125467,0.2,598.61,0.0073236013
1016,430,107,438272,0.057763671875,0.8644319772720337,10.346878945827484,0.7319210767745972,1060,0.0003,3.8360180854797363,10.49120561,-2.214761534333229,-0.00615105913602747,0.2,597.0,0.00422877
1023,432,108,442368,0.0246826171875,0.4000123143196106,16.261172509193422,0.7328946590423584,1070,0.0003,8.4095458984375,11.0628496,-2.214450293779373,-0.001947663296596147,0.2,602.58,0.004094257
1030,433,109,446464,0.0278564453125,0.9064274430274963,6.638491410017013,0.7324064373970032,1080,0.0003,1.9707945585250854,12.125687999999998,-2.2158610433340074,-0.004832935446756892,0.2,606.76,0.006268912
1037,434,110,450560,0.054541015625,0.8668883442878723,13.33954759836197,0.7344614267349243,1090,0.0003,7.10115385055542,12.316146869999997,-2.2166506588459014,-0.00460772741062101,0.2,604.34,0.0051424596
1043,435,111,454656,0.0103515625,0.8765733242034912,6.322481994330883,0.7309993505477905,1100,0.0003,3.045668125152588,13.490864410000002,-2.217734786868095,-0.001855756297300104,0.2,590.29,0.0030538056
1050,436,112,458752,0.0627197265625,0.9145059585571289,2.905709782242775,0.7266024947166443,1110,0.0003,1.0768396854400635,14.02401169,-2.2061032980680464,-0.007187160733155906,0.2,596.89,0.005490427
1057,437,113,462848,0.031494140625,0.9468898773193359,3.564822167158127,0.7223082780838013,1120,0.0003,2.264925241470337,12.82086979,-2.1937207877635956,-0.0030197817759471945,0.2,595.2,0.004594185
1063,438,114,466944,0.0700927734375,0.8209136724472046,7.448174667358399,0.7221816778182983,1130,0.0003,3.1534321308135986,12.85279695,-2.186931788921356,-0.004738596867537126,0.2,604.16,0.005875485
1070,440,115,471040,0.0457275390625,0.9336221218109131,1.9009578838944434,0.7247198820114136,1140,0.0003,0.7244127988815308,12.980860779999999,-2.189655861258507,-0.0058206033834721895,0.2,602.62,0.0053109108
1076,441,116,475136,0.07626953125,0.8739336729049683,7.885761833190918,0.724963366985321,1150,0.0003,3.058993101119995,14.013327099999996,-2.194139963388443,-0.00535165817127563,0.2,603.42,0.006315129
1083,442,117,479232,0.0319580078125,0.9400872588157654,5.298507237434388,0.7242757081985474,1160,0.0003,1.8218873739242554,12.915233269999996,-2.1937449276447296,-0.0024218657199526206,0.2,596.04,0.0023025558
1089,443,118,483328,0.0298583984375,0.8950955271720886,6.727227601408958,0.723979115486145,1170,0.0003,3.198417901992798,14.241411309999997,-2.1927172958850862,-0.0024184579378925264,0.2,611.17,0.005110167
1095,444,119,487424,0.0796875,0.8497515916824341,12.806468445062638,0.723995566368103,1180,0.0003,7.357769966125488,12.415065180000001,-2.1915467619895934,-0.004905554825381841,0.2,608.12,0.006135005
1102,445,120,491520,0.026171875,0.8971670269966125,7.800696265697479,0.7259677648544312,1190,0.0003,3.235328435897827,10.98295139,-2.1941608786582947,-0.0031999457743950186,0.2,590.06,0.0051555196
1108,447,121,495616,0.027978515625,0.9020676016807556,9.453768795728683,0.7302025556564331,1200,0.0003,3.354408025741577,10.5334452,-2.202776575088501,-0.003525499132956611,0.2,589.73,0.0040028878
1114,448,122,499712,0.044384765625,0.8084255456924438,25.43398849964142,0.7315346002578735,1210,0.0003,7.7626752853393555,10.906204189999999,-2.210754320025444,-0.003899080734117888,0.2,576.33,0.0045253774
957,526,123,503808,0.05263671875,0.934662938117981,3.023791792988777,0.7274141907691956,1220,0.0003,1.5565987825393677,10.4308053,-2.207297071814537,-0.0031296877074055373,0.2,587.62,0.004616564
963,527,124,507904,0.0710205078125,0.7956293821334839,8.497665172815323,0.7264896035194397,1230,0.0003,2.0890746116638184,13.939478450000001,-2.199674928188324,-0.0021100003155879675,0.2,596.82,0.008986146
968,528,125,512000,0.0492431640625,0.96153724193573,2.195979376137257,0.7261717915534973,1240,0.0003,0.8066052794456482,12.145147280000002,-2.198189389705658,-0.004625617520650849,0.2,590.87,0.005162678
974,529,126,516096,0.0357666015625,0.9256242513656616,7.160005402565003,0.7254512310028076,1250,0.0003,2.686394453048706,11.420295190000001,-2.197071322798729,-0.003401550807757303,0.2,576.09,0.0036874851
980,530,127,520192,0.047412109375,0.8519994020462036,4.396095807850361,0.7216527462005615,1260,0.0003,0.8212413191795349,12.947826560000001,-2.1916590124368667,-0.004521233806735836,0.2,583.19,0.0058742175
986,531,128,524288,0.04853515625,0.929362952709198,4.270553249120712,0.7199481725692749,1270,0.0003,1.6001847982406616,12.834950880000001,-2.183574193716049,-0.003407737890665885,0.2,580.83,0.005911445
991,532,129,528384,0.0732421875,0.9430475234985352,3.123372159898281,0.7235525846481323,1280,0.0003,1.3762706518173218,12.909534099999998,-2.183946830034256,-0.005038649053312838,0.2,582.56,0.0055805687
997,534,130,532480,0.0525390625,0.9290220141410828,7.99712747335434,0.7215015292167664,1290,0.0003,3.489891529083252,13.112338090000002,-2.1889709293842317,-0.004892290860880166,0.2,592.37,0.0055266493
1002,535,131,536576,0.038623046875,0.9401063323020935,2.9729097902774813,0.7227030992507935,1300,0.0003,1.444602370262146,12.247318560000002,-2.1853585869073866,-0.0038186342906556094,0.2,601.39,0.005114805
1008,536,132,540672,0.038916015625,0.7612543106079102,14.20659002661705,0.7248594164848328,1310,0.0003,8.143383979797363,13.204428620000002,-2.1903655022382735,-0.0032745228192652574,0.2,606.95,0.0038980623
1013,537,133,544768,0.067919921875,0.9024420976638794,3.7097573578357697,0.7260867357254028,1320,0.0003,1.6097455024719238,14.521534829999998,-2.1948187202215195,-0.006157960428390652,0.2,601.53,0.005901371
1019,538,134,548864,0.0288330078125,0.860419750213623,4.856644085049629,0.7296559810638428,1330,0.0003,1.3620549440383911,14.92075092,-2.2013565957546235,-0.0037517454809858465,0.2,618.97,0.0051716366
1024,539,135,552960,0.095166015625,0.9379180073738098,1.5316813640296458,0.7183141112327576,1340,0.0003,0.6729633212089539,16.74719082,-2.1930154830217363,-0.005972850634134374,0.2,628.0,0.008749292
1030,540,136,557056,0.06123046875,0.9309888482093811,2.435851573944092,0.718435525894165,1350,0.0003,1.0725929737091064,17.99097835,-2.1751221895217894,-0.002618847117992118,0.2,638.58,0.009505869
1035,541,137,561152,0.0544677734375,0.9414466023445129,2.3163374692201613,0.7119123935699463,1360,0.0003,1.262824296951294,21.95747458,-2.1664631962776184,-0.004213136760517955,0.2,655.78,0.0055982107
1040,543,138,565248,0.0628173828125,0.9150521159172058,2.9889753237366676,0.7108244895935059,1370,0.0003,1.200139045715332,20.009408170000004,-2.1555679231882094,-0.004715774644864723,0.2,644.07,0.005291523
1046,544,139,569344,0.0762451171875,0.8814106583595276,6.438597768545151,0.7126757502555847,1380,0.0003,3.2177305221557617,20.51097848,-2.1550223529338837,-0.00592107331904117,0.2,631.41,0.0063210833
1051,545,140,573440,0.065283203125,0.9587281346321106,2.9744369640946386,0.7140004634857178,1390,0.0003,0.8992877006530762,19.333793030000002,-2.160937747359276,-0.0059760722273495045,0.2,647.7,0.006887729
1057,546,141,577536,0.0537353515625,0.8995630741119385,5.360471948981285,0.7128924131393433,1400,0.0003,1.7677217721939087,18.47123517,-2.1613409012556075,-0.0058595589682227,0.2,649.64,0.0052976045
1062,547,142,581632,0.044970703125,0.9118005037307739,9.385281389951706,0.7135753035545349,1410,0.0003,2.229222059249878,18.45077465,-2.160293847322464,-0.003293105878401548,0.2,645.94,0.006557158
1067,548,143,585728,0.02880859375,0.9225337505340576,5.761293950676918,0.7149775624275208,1420,0.0003,1.7538764476776123,18.375393719999998,-2.16328184902668,-0.00315221353303059,0.2,641.15,0.004729096
1072,549,144,589824,0.021240234375,0.9349267482757568,6.283082711696625,0.7146362066268921,1430,0.0003,2.765681743621826,16.368523739999997,-2.1650690615177153,-0.003798979747807607,0.2,642.33,0.004606243
1077,550,145,593920,0.054736328125,0.8855404853820801,9.171664261817932,0.7133722305297852,1440,0.0003,3.990230083465576,15.473727279999997,-2.1629858791828154,-0.0032939167009317315,0.2,639.01,0.0051390305
1083,552,146,598016,0.018408203125,0.9061989188194275,6.289009416103363,0.7121785879135132,1450,0.0003,1.5819580554962158,13.081444229999997,-2.158638650178909,-0.002676851095748134,0.2,638.88,0.0037733559
956,629,147,602112,0.0408447265625,0.9119166135787964,5.201690036058426,0.714789628982544,1460,0.0003,1.8137257099151611,14.95089642,-2.1595790505409242,-0.004065486422041431,0.2,648.27,0.0044950224
960,630,148,606208,0.041650390625,0.9344034790992737,3.257907710969448,0.7144768238067627,1470,0.0003,0.8125044703483582,13.39514479,-2.1648522078990937,-0.003856402808742132,0.2,638.94,0.004933155
965,631,149,610304,0.0263427734375,0.9145811796188354,8.518444541096688,0.7166094779968262,1480,0.0003,4.196150779724121,12.52193953,-2.167473644018173,-0.0020747040980495512,0.2,628.11,0.0069474326
970,633,150,614400,0.0659912109375,0.8092281222343445,11.437833449244499,0.7186263799667358,1490,0.0003,1.9386688470840454,10.819027199999999,-2.1732096046209337,-0.005130579179967754,0.2,617.02,0.0070605306
975,634,151,618496,0.0295654296875,0.9283231496810913,6.020301496982574,0.7170283794403076,1500,0.0003,2.587401866912842,10.520130100000001,-2.1750253647565843,-0.004355585918528959,0.2,613.14,0.0041393843
979,635,152,622592,0.0370361328125,0.8547187447547913,5.180966144800186,0.7184715867042542,1510,0.0003,1.9756979942321777,10.080229430000001,-2.1715164840221406,-0.003048101215972565,0.2,624.53,0.0063538575
984,636,153,626688,0.053955078125,0.9612457752227783,2.455989156663418,0.7147694826126099,1520,0.0003,1.0916943550109863,9.26419288,-2.170731171965599,-0.004825347446603701,0.2,617.46,0.0042082197
989,637,154,630784,0.0498046875,0.8991327285766602,3.245567500591278,0.710100531578064,1530,0.0003,1.8442411422729492,12.22224416,-2.1602400064468386,-0.003747565040248446,0.2,639.38,0.0074115163
993,638,155,634880,0.0502197265625,0.9640265107154846,2.5263249576091766,0.7085033655166626,1540,0.0003,1.147089958190918,12.034148700000001,-2.1477944523096086,-0.004338323304546065,0.2,643.01,0.0052890186
998,639,156,638976,0.070849609375,0.8820796012878418,11.940958732366562,0.709084689617157,1550,0.0003,6.402431488037109,13.704132280000001,-2.1484925895929337,-0.003553854426718317,0.2,650.0,0.003256541
1002,641,157,643072,0.06552734375,0.9103609323501587,3.9439501494169233,0.7062404155731201,1560,0.0003,1.6948649883270264,11.41086461,-2.1462350130081176,-0.004785532172536478,0.2,641.99,0.010060569
1007,642,158,647168,0.056005859375,0.6819809675216675,18.13565217256546,0.7076542377471924,1570,0.0003,10.222373008728027,10.100728419999998,-2.1424539774656295,-0.002365281092352234,0.2,628.45,0.004828125
1012,643,159,651264,0.0570068359375,0.944935142993927,5.908626607060432,0.7133886814117432,1580,0.0003,3.4805734157562256,9.684893350000001,-2.1533198088407515,-0.005506086055538617,0.2,634.45,0.0060886857
1016,644,160,655360,0.0463623046875,0.9420041441917419,6.838254594802857,0.7147839069366455,1590,0.0003,3.2811636924743652,9.511614889999999,-2.1642371892929075,-0.0050229844870045785,0.2,626.89,0.005001749
1021,645,161,659456,0.039111328125,0.8676658868789673,6.168931698799133,0.7060879468917847,1600,0.0003,1.38483726978302,12.294472680000002,-2.1562689661979677,-0.003818831278476864,0.2,626.75,0.0071835453
1025,646,162,663552,0.0474365234375,0.9121333956718445,4.842513447999954,0.7103793025016785,1610,0.0003,2.0186331272125244,8.95970578,-2.1450414955615997,-0.0028630515807890333,0.2,594.91,0.0048041926
1030,648,163,667648,0.0327880859375,0.8608086109161377,11.028451046347618,0.7113622426986694,1620,0.0003,4.0925750732421875,8.881711569999998,-2.154966872930527,-0.0023624925772310233,0.2,586.18,0.0041796993
1034,649,164,671744,0.034765625,0.9150910973548889,6.9245725810527805,0.7135478258132935,1630,0.0003,3.3570849895477295,10.94742602,-2.1587101817131042,-0.0035650169622385873,0.2,594.44,0.004700452
1039,650,165,675840,0.0298095703125,0.9366625547409058,2.3633413061499597,0.7131210565567017,1640,0.0003,1.0131393671035767,10.11038851,-2.161979979276657,-0.004216896096477285,0.2,600.64,0.003533904
1043,651,166,679936,0.0548583984375,0.9063565731048584,10.250066477060319,0.7112338542938232,1650,0.0003,3.429471015930176,10.49673769,-2.1590477526187897,-0.004183035413734615,0.2,590.18,0.006004599
1047,652,167,684032,0.0423828125,0.9639019966125488,2.603524973988533,0.7106834053993225,1660,0.0003,1.1710100173950195,10.910744529999999,-2.1551083773374557,-0.004952661923016422,0.2,585.66,0.0035675403
1052,653,168,688128,0.038916015625,0.957951009273529,4.134435695409775,0.7131518125534058,1670,0.0003,1.4685914516448975,8.985633300000002,-2.1571840077638624,-0.00330154353287071,0.2,570.83,0.0037765186
1056,655,169,692224,0.0463134765625,0.9366669058799744,5.09441687464714,0.7098349928855896,1680,0.0003,2.0695855617523193,9.67055169,-2.1580159217119217,-0.0037616906134644522,0.2,571.3,0.0051751877
1061,656,170,696320,0.043505859375,0.9026836156845093,6.88311787545681,0.7077760696411133,1690,0.0003,1.6193246841430664,7.496278590000003,-2.150148090720177,-0.002963825248298235,0.2,562.49,0.0045303693
952,735,171,700416,0.0331787109375,0.9457724690437317,4.6293561309576035,0.7088345289230347,1700,0.0003,1.9771933555603027,11.377791809999998,-2.147115907073021,-0.004218019486870617,0.2,569.71,0.003924896
956,736,172,704512,0.07001953125,0.9349851012229919,2.8456744700670242,0.7096663117408752,1710,0.0003,1.5419385433197021,12.434663060000002,-2.152018442749977,-0.006934522156370804,0.2,585.27,0.0051062475
960,737,173,708608,0.0680908203125,0.951453447341919,4.664102935791016,0.7031354904174805,1720,0.0003,1.595993995666504,13.665540630000002,-2.1448304891586303,-0.004576754444860854,0.2,599.02,0.0072026914
964,739,174,712704,0.0527587890625,0.9042253494262695,6.713978213071823,0.706739604473114,1730,0.0003,1.8057029247283936,12.003955070000002,-2.137017998099327,-0.004007057902344968,0.2,595.09,0.008067496
968,740,175,716800,0.05185546875,0.9148339033126831,10.837691500782967,0.706121563911438,1740,0.0003,4.698946952819824,9.84823705,-2.1430181562900543,-0.004340327519457787,0.2,581.56,0.0046567405
972,741,176,720896,0.042431640625,0.8775954842567444,7.443488118052483,0.7091497182846069,1750,0.0003,1.9268980026245117,9.26754931,-2.1446458280086516,-0.0043499036633875224,0.2,590.06,0.0048042256
976,742,177,724992,0.04921875,0.9309059381484985,6.007934060692787,0.7111518383026123,1760,0.0003,1.6290228366851807,9.561636660000001,-2.153584137558937,-0.006168455944862217,0.2,608.12,0.0035704228
980,743,178,729088,0.0510498046875,0.9387171268463135,8.517078292369842,0.710908830165863,1770,0.0003,3.087172508239746,8.730206830000002,-2.1559381395578385,-0.003457707537745591,0.2,594.91,0.004179773
984,744,179,733184,0.0508544921875,0.9692078232765198,4.887498474121093,0.7100996971130371,1780,0.0003,1.9537416696548462,7.50112406,-2.1536599516868593,-0.0048465847736224536,0.2,584.14,0.005082137
988,746,180,737280,0.0455810546875,0.9164061546325684,8.534169191122055,0.7099567651748657,1790,0.0003,3.295640230178833,8.50558294,-2.15193834900856,-0.003622803132748231,0.2,582.27,0.0056903344
992,747,181,741376,0.0673095703125,0.90753573179245,2.6320056691765785,0.7055086493492126,1800,0.0003,0.9030234217643738,8.84051473,-2.146385997533798,-0.0036532802681904287,0.2,601.25,0.0052845376
996,748,182,745472,0.0882568359375,0.9052032232284546,5.324914762377739,0.7058600187301636,1810,0.0003,0.9430065751075745,9.04276081,-2.13923465013504,-0.005390540504595265,0.2,602.19,0.0048898486
1000,749,183,749568,0.036474609375,0.852164626121521,6.333804452419281,0.705772876739502,1820,0.0003,3.2612693309783936,10.795545439999998,-2.141310158371925,-0.0034878694714279845,0.2,621.42,0.005058502
1004,750,184,753664,0.061181640625,0.909726083278656,5.348311650753021,0.7050772905349731,1830,0.0003,1.3578541278839111,10.0085296,-2.1392912924289704,-0.005446736415615305,0.2,611.32,0.005501694
1008,751,185,757760,0.0490478515625,0.945012092590332,3.368556395173073,0.7101805210113525,1840,0.0003,1.3766121864318848,11.74287797,-2.1449674487113954,-0.004883305897237733,0.2,610.32,0.0036502273
1012,752,186,761856,0.0620361328125,0.9751023650169373,2.631567318737507,0.7027574777603149,1850,0.0003,0.8426453471183777,8.987196200000001,-2.144762101769447,-0.005781020614085719,0.2,614.8,0.010067696
1015,753,187,765952,0.0683837890625,0.9140176177024841,8.54269823729992,0.700908362865448,1860,0.0003,3.1251211166381836,9.25079596,-2.1284337431192397,-0.0026463710761163383,0.2,598.21,0.0047893994
1019,755,188,770048,0.065478515625,0.8883674144744873,6.49027079641819,0.7015256881713867,1870,0.0003,2.5230438709259033,10.425167370000002,-2.127398443222046,-0.0068067449326918,0.2,594.49,0.0088843815
1023,756,189,774144,0.0501220703125,0.9254384636878967,7.133228701353073,0.7004114389419556,1880,0.0003,3.1042916774749756,9.96718448,-2.127200284600258,-0.0034391562774544584,0.2,588.25,0.004618264
1027,757,190,778240,0.05771484375,0.8877964615821838,8.36065180003643,0.7020209431648254,1890,0.0003,4.001823902130127,10.16407784,-2.126764079928398,-0.005809953415882774,0.2,594.95,0.0060168626
1031,758,191,782336,0.0376953125,0.9137976169586182,13.399160951375961,0.7015295624732971,1900,0.0003,2.8238654136657715,8.898519590000001,-2.1303259044885636,-0.004130075417924673,0.2,602.2,0.0047754496
1035,759,192,786432,0.043408203125,0.8677672743797302,4.402848705649376,0.7066291570663452,1910,0.0003,1.6133986711502075,9.404234409999999,-2.13395437002182,-0.0034563805180368944,0.2,600.08,0.003610158
1039,760,193,790528,0.0527587890625,0.8682650327682495,5.3466115444898605,0.7041772603988647,1920,0.0003,1.6536418199539185,10.000651779999998,-2.141572916507721,-0.002316541210166179,0.2,625.84,0.006247086
1043,761,194,794624,0.0523681640625,0.8965622782707214,5.824696630239487,0.7051492929458618,1930,0.0003,2.0869953632354736,11.58385671,-2.1373250275850295,-0.004220346134388819,0.2,640.4,0.0049923738
1047,762,195,798720,0.071240234375,0.9406509399414062,2.7842646479606628,0.7079689502716064,1940,0.0003,1.1466937065124512,12.048763029999998,-2.142295780777931,-0.005563078886189033,0.2,648.83,0.00636766
953,842,196,802816,0.1212646484375,0.9431334137916565,1.3077027328312396,0.7088268995285034,1950,0.0003,0.6075617671012878,9.55167119,-2.14715690612793,-0.004096018112613819,0.2,624.38,0.010485942
956,843,197,806912,0.0432373046875,0.8910934925079346,10.112849944829941,0.7078317403793335,1960,0.0003,4.208006381988525,9.987226790000001,-2.1490313559770584,-0.002574410510715097,0.2,616.57,0.0037341344
960,844,198,811008,0.077978515625,0.9431919455528259,2.7590678215026854,0.7073013186454773,1970,0.0003,1.045946478843689,10.62530594,-2.1461047381162643,-0.006950298303854652,0.2,632.81,0.0065217605
963,846,199,815104,0.0450439453125,0.9474544525146484,2.7557688862085343,0.7055445909500122,1980,0.0003,1.1153700351715088,9.91419627,-2.143784388899803,-0.005577211923082359,0.2,622.78,0.005141261
966,847,200,819200,0.040771484375,0.9606090188026428,3.3400007635354996,0.7079616189002991,1990,0.0003,1.3436589241027832,9.59152976,-2.1438082247972488,-0.004432856279890984,0.2,619.73,0.007355337
969,848,201,823296,0.0555908203125,0.9420589208602905,3.80366273522377,0.7092705965042114,2000,0.0003,2.458284854888916,9.0980097,-2.1492874890565874,-0.002855019213166088,0.2,619.83,0.0065096095
973,850,202,827392,0.072900390625,0.7989658713340759,15.767142921686172,0.7063661813735962,2010,0.0003,4.874161243438721,9.09575194,-2.147004821896553,-0.006016467977315187,0.2,607.2,0.005966875
976,851,203,831488,0.054931640625,0.8495796918869019,10.100665247440338,0.7043099403381348,2020,0.0003,4.9060163497924805,9.739280390000001,-2.139551916718483,-0.004409285509609617,0.2,611.23,0.006909298
980,852,204,835584,0.054296875,0.9458609223365784,2.097188633680344,0.697484016418457,2030,0.0003,0.7554505467414856,11.378263060000002,-2.12747965157032,-0.004412384264287539,0.2,621.53,0.005214315
983,853,205,839680,0.0492919921875,0.860303521156311,7.259582257270813,0.6985039710998535,2040,0.0003,2.635363817214966,12.58229484,-2.117305043339729,-0.003965001068718266,0.2,619.95,0.0036849368
987,854,206,843776,0.0497802734375,0.8983938694000244,9.086496630311013,0.6976275444030762,2050,0.0003,5.348341464996338,12.631262230000004,-2.1192036658525466,-0.0056602376876981,0.2,599.86,0.0058277817
990,855,207,847872,0.0448974609375,0.9138857126235962,3.4303081005811693,0.7004829049110413,2060,0.0003,1.2657268047332764,13.530957639999999,-2.120738756656647,-0.00507356229936704,0.2,608.44,0.004859236
994,856,208,851968,0.08515625,0.8650264739990234,2.585843785107136,0.6994272470474243,2070,0.0003,0.8388214707374573,14.977836149999998,-2.1254745930433274,-0.004062705469550565,0.2,620.1,0.013472486
998,857,209,856064,0.1073486328125,0.9285386204719543,1.848012064397335,0.696545422077179,2080,0.0003,0.6939738392829895,15.62663341,-2.118810251355171,-0.0037689888413297012,0.2,622.73,0.016139265
1001,858,210,860160,0.0768798828125,0.9421746730804443,1.572430270910263,0.690966784954071,2090,0.0003,0.5491288900375366,14.90566009,-2.1065278887748717,-0.0051306784967891875,0.2,617.63,0.0059949406
1005,859,211,864256,0.0387939453125,0.9068006873130798,4.065183579921722,0.6883859634399414,2100,0.0003,1.3210084438323975,15.69799981,-2.0951937228441238,-0.004189871353446506,0.2,625.73,0.006206348
1008,861,212,868352,0.06181640625,0.9123292565345764,3.050399902462959,0.6906784772872925,2110,0.0003,1.4508219957351685,17.491317019999993,-2.092256563901901,-0.00594651530846022,0.2,642.12,0.0077517834
1012,862,213,872448,0.066455078125,0.9210667014122009,2.718831826746464,0.6912558078765869,2120,0.0003,1.089956283569336,17.59735687,-2.0987689018249513,-0.0032496037136297675,0.2,642.27,0.0072268588
1015,863,214,876544,0.06630859375,0.8933493494987488,2.1214317083358765,0.6834839582443237,2130,0.0003,1.1088064908981323,18.24864232,-2.089562827348709,-0.004221856768708676,0.2,646.77,0.008690871
1018,864,215,880640,0.065673828125,0.9507089853286743,1.8639650717377663,0.6748437881469727,2140,0.0003,0.6992229223251343,17.525747349999996,-2.064115470647812,-0.005230289560859092,0.2,657.23,0.0064795613
1021,865,216,884736,0.05625,0.9687352776527405,2.9360207349061964,0.6755146980285645,2150,0.0003,0.9468560814857483,16.737963609999998,-2.0492763429880143,-0.006392039309139364,0.2,655.38,0.0051194015
1025,867,217,888832,0.0890869140625,0.9653375148773193,2.615919767320156,0.6741180419921875,2160,0.0003,0.8751362562179565,19.786347550000002,-2.052087330818176,-0.007790860420209355,0.2,654.45,0.009380866
1028,868,218,892928,0.09443359375,0.9333944320678711,2.9990033388137816,0.6710910201072693,2170,0.0003,1.3322817087173462,20.08166428,-2.0440329283475878,-0.0040741228265687825,0.2,659.03,0.007626147
1031,869,219,897024,0.0484375,0.85965496301651,5.7577748656272885,0.6745157241821289,2180,0.0003,3.5142533779144287,21.503683249999998,-2.043274092674255,-0.004534741298994049,0.2,678.2,0.0046100765
953,944,220,901120,0.0461181640625,0.9550833702087402,1.9184179678559303,0.673037052154541,2190,0.0003,0.8535572290420532,20.43203712,-2.0470990210771562,-0.0031628664262825625,0.2,679.55,0.003967529
956,946,221,905216,0.05478515625,0.934298574924469,3.27177322357893,0.6736332178115845,2200,0.0003,1.4634839296340942,21.502943229999996,-2.0454554080963137,-0.004005397809669376,0.2,676.45,0.0064827013
959,947,222,909312,0.071435546875,0.9526678919792175,2.6260143145918846,0.6750928163528442,2210,0.0003,0.8781341910362244,22.30720709,-2.0479221910238268,-0.005987332348013297,0.2,680.45,0.007885452
962,948,223,913408,0.0705322265625,0.9459626078605652,3.9367809399962423,0.6792978644371033,2220,0.0003,2.0422232151031494,20.84580833,-2.057066264748573,-0.005086591077269986,0.2,686.15,0.0046714
965,949,224,917504,0.0506103515625,0.8357279300689697,5.970782896876335,0.6812436580657959,2230,0.0003,2.026304006576538,18.8768602,-2.0657776594161987,-0.006552910720347427,0.2,650.28,0.005426802
969,950,225,921600,0.030029296875,0.7551868557929993,8.172431880235672,0.6799814701080322,2240,0.0003,2.2888805866241455,19.24860679,-2.068218770623207,-0.0026962872536387293,0.2,649.2,0.0046093147
972,952,226,925696,0.0601318359375,0.9538840055465698,1.2957682482898236,0.6768708229064941,2250,0.0003,0.46856939792633057,19.263011449999997,-2.061098074913025,-0.0038639706428511998,0.2,663.65,0.0051182443
975,953,227,929792,0.04365234375,0.9543027281761169,3.018498992919922,0.6749722957611084,2260,0.0003,0.9966124296188354,22.07482876,-2.0531765162944793,-0.0041698448389070105,0.2,667.64,0.00544756
978,954,228,933888,0.049072265625,0.9668470621109009,1.993048982322216,0.675888180732727,2270,0.0003,0.6297717690467834,19.378783759999997,-2.048157298564911,-0.004947057535173371,0.2,656.07,0.0039209737
981,955,229,937984,0.0307861328125,0.8906536102294922,11.31607112288475,0.6773931384086609,2280,0.0003,4.039735794067383,15.69491735,-2.0546119809150696,-0.0018539111566497012,0.2,663.48,0.0063050957
984,957,230,942080,0.0517822265625,0.9137537479400635,4.810678812861442,0.6755844354629517,2290,0.0003,1.1182279586791992,15.623624730000001,-2.05508876144886,-0.006518051045713946,0.2,649.09,0.005819602
987,958,231,946176,0.062744140625,0.8685320615768433,4.219737060368061,0.6763814091682434,2300,0.0003,2.3480923175811768,16.797107849999996,-2.0521146088838575,-0.004150344381923787,0.2,619.94,0.005387537
990,959,232,950272,0.0356689453125,0.9081936478614807,4.632546518743038,0.678329586982727,2310,0.0003,1.578080415725708,15.67539138,-2.056040108203888,-0.005454289933550171,0.2,624.62,0.0057547563
993,960,233,954368,0.0512939453125,0.9465035796165466,3.6590168088674546,0.6793981790542603,2320,0.0003,1.7540044784545898,13.765022870000001,-2.0612206727266313,-0.004908227775013074,0.2,616.42,0.006419516
996,961,234,958464,0.050146484375,0.8354729413986206,7.526860865950584,0.6783828735351562,2330,0.0003,3.9789795875549316,14.57412669,-2.0619684606790543,-0.003987712446541991,0.2,597.47,0.003578904
999,963,235,962560,0.0474365234375,0.8564431667327881,5.072312223911285,0.6733220815658569,2340,0.0003,2.501540422439575,12.99189302,-2.053776055574417,-0.005740508795133792,0.2,601.16,0.006903428
1002,964,236,966656,0.048046875,0.8544179797172546,9.986153602600098,0.6711419820785522,2350,0.0003,4.440679550170898,11.733887170000003,-2.0412147998809815,-0.0050357336513116024,0.2,589.9,0.004504252
1005,965,237,970752,0.0524169921875,0.8987917900085449,7.613242405653,0.6689262390136719,2360,0.0003,2.4264771938323975,12.293452220000004,-2.035402700304985,-0.0046463343591312874,0.2,580.09,0.0054774615
1008,966,238,974848,0.0566162109375,0.9294260740280151,4.685186207294464,0.6692147254943848,2370,0.0003,1.6475838422775269,13.227389919999998,-2.0313242733478547,-0.005997834562731441,0.2,593.09,0.01091245
1011,968,239,978944,0.0531494140625,0.9544135332107544,3.0389793679118156,0.6695173978805542,2380,0.0003,1.0007323026657104,13.67456478,-2.0331784784793854,-0.003169241835712455,0.2,597.37,0.005331069
1014,969,240,983040,0.0540771484375,0.858188271522522,8.448317056894302,0.6695917248725891,2390,0.0003,5.071263313293457,13.81740846,-2.034534701704979,-0.003367032669484615,0.2,584.97,0.0050005564
1017,970,241,987136,0.065771484375,0.9462651610374451,1.909080870449543,0.6704020500183105,2400,0.0003,0.6689693927764893,11.084473399999997,-2.036524307727814,-0.00394646288768854,0.2,581.84,0.0068914304
1020,971,242,991232,0.060986328125,0.7782820463180542,12.155604094266891,0.6691679954528809,2410,0.0003,3.093078374862671,11.67177114,-2.0348749458789825,-0.0030029281275346874,0.2,596.94,0.0072260154
1023,972,243,995328,0.0564453125,0.9280239939689636,4.415959650278092,0.6711994409561157,2420,0.0003,1.8924216032028198,14.544562679999997,-2.035821485519409,-0.0046793272573268044,0.2,584.0,0.005918966
1026,973,244,999424,0.0529052734375,0.9481855630874634,3.736465072631836,0.6688792705535889,2430,0.0003,1.087983250617981,13.56375199,-2.036005938053131,-0.003726121733780019,0.2,572.02,0.005037887
953,1052,245,1003520,0.077001953125,0.9323720335960388,2.5302120596170425,0.6765505075454712,2440,0.0003,0.6399992108345032,14.167376459999998,-2.042017474770546,-0.0020953475002897905,0.2,586.62,0.0072733955
956,1053,246,1007616,0.0685302734375,0.9759225249290466,1.801964445412159,0.6744274497032166,2450,0.0003,0.8969002962112427,16.16869202,-2.053057911992073,-0.0030849426198983564,0.2,603.26,0.007413855
959,1054,247,1011712,0.076513671875,0.9781554341316223,0.9978144899010658,0.6739118099212646,2460,0.0003,0.358056902885437,15.81493524,-2.0482125163078306,-0.0036648368928581475,0.2,611.79,0.005616554
962,1055,248,1015808,0.04794921875,0.9491244554519653,2.7805136501789094,0.6759985685348511,2470,0.0003,1.6730852127075195,18.93933614,-2.0505438417196276,-0.0037632617226336152,0.2,612.06,0.0043273005
964,1057,249,1019904,0.064453125,0.9656186103820801,1.4440172284841537,0.6767288446426392,2480,0.0003,0.5701053738594055,18.04812579,-2.0547681957483293,-0.003276677380199544,0.2,605.72,0.0069124354
967,1058,250,1024000,0.0580810546875,0.9221878051757812,3.572373941540718,0.6791359186172485,2490,0.0003,1.1252728700637817,19.7488964,-2.059253144264221,-0.004274747427552938,0.2,611.71,0.0063898247
970,1059,251,1028096,0.0841064453125,0.9776920080184937,1.108346450328827,0.6725789308547974,2500,0.0003,0.34898388385772705,21.689251899999995,-2.054260316491127,-0.0046396009900490755,0.2,623.55,0.008321831
973,1060,252,1032192,0.083642578125,0.875970184803009,5.522246342897415,0.6718565225601196,2510,0.0003,1.9541854858398438,22.64833403,-2.0421362787485124,-0.002070844516856596,0.2,634.92,0.0054275393
976,1061,253,1036288,0.087548828125,0.9586357474327087,0.8572416134178639,0.6702454090118408,2520,0.0003,0.2786955237388611,22.633758940000003,-2.0381354063749315,-0.005021244619274512,0.2,639.63,0.0064363093
979,1062,254,1040384,0.0692626953125,0.9351179599761963,2.866241104900837,0.6700037717819214,2530,0.0003,0.7160324454307556,22.76775428,-2.035335087776184,-0.004836357344174758,0.2,632.21,0.00586306
982,1063,255,1044480,0.0596923828125,0.90376216173172,6.117675805091858,0.6708316802978516,2540,0.0003,2.0869882106781006,21.461040770000004,-2.0380782961845396,-0.0057781705894740295,0.2,635.14,0.006792592
984,1064,256,1048576,0.0459228515625,0.8264656066894531,11.38679940700531,0.6712837219238281,2550,0.0003,7.362886905670166,21.8159793,-2.0392720133066176,-0.0031612980557838453,0.2,629.04,0.0044911597
987,1065,257,1052672,0.04775390625,0.8866332769393921,4.229110693931579,0.665550708770752,2560,0.0003,1.655537486076355,22.56420185,-2.033174693584442,-0.004132846086577047,0.2,630.48,0.0047506653
990,1067,258,1056768,0.059521484375,0.8682067394256592,3.8555567502975463,0.6585946083068848,2570,0.0003,1.2623305320739746,24.513538539999995,-2.0135881453752518,-0.004261257467442192,0.2,628.73,0.0065362975
992,1068,259,1060864,0.075341796875,0.9728341102600098,1.7701607540249824,0.6522893905639648,2580,0.0003,0.6749425530433655,24.26181955,-1.9921042144298553,-0.0033815442817285656,0.2,625.39,0.008174377
995,1069,260,1064960,0.0681640625,0.8578287959098816,7.6497381120920185,0.6501880884170532,2590,0.0003,4.281982898712158,23.223992149999994,-1.9792238160967828,-0.003695411642547697,0.2,617.75,0.0045792777
998,1071,261,1069056,0.0421875,0.8940345048904419,4.196993681788444,0.6476849317550659,2600,0.0003,1.746954083442688,20.673833980000005,-1.9730851635336877,-0.004091401915502502,0.2,613.66,0.005556466
1000,1072,262,1073152,0.023095703125,0.9092596173286438,12.92799789905548,0.6475837230682373,2610,0.0003,5.314416885375977,21.003287729999997,-1.9683114409446716,-0.0030752419144846497,0.2,616.97,0.003175863
1003,1073,263,1077248,0.04091796875,0.9414588212966919,3.2462166264653205,0.6496776342391968,2620,0.0003,1.1717486381530762,19.03932844,-1.9711121663451194,-0.0035272331166197545,0.2,616.13,0.005989784
1005,1074,264,1081344,0.0176513671875,0.9362293481826782,5.721672457456589,0.6518747806549072,2630,0.0003,2.6466410160064697,19.59432166,-1.9785567566752433,-0.0024845110368914903,0.2,629.25,0.003534024
1008,1076,265,1085440,0.0541015625,0.9492632746696472,1.214339331537485,0.6486146450042725,2640,0.0003,0.5053288340568542,19.127764510000002,-1.9783553779125214,-0.0032367539475671946,0.2,616.19,0.007469155
1011,1077,266,1089536,0.0730224609375,0.9779646396636963,2.1834206163883207,0.6443339586257935,2650,0.0003,0.9666863679885864,19.299146370000003,-1.9663128927350044,-0.004431468492839485,0.2,619.07,0.0070010256
1013,1078,267,1093632,0.049072265625,0.979478120803833,1.7246484935283661,0.6425929069519043,2660,0.0003,0.6349541544914246,19.225476900000004,-1.9545306637883186,-0.005061036197002977,0.2,616.84,0.005267296
1016,1080,268,1097728,0.060498046875,0.9355199933052063,2.9698389425873755,0.6436644792556763,2670,0.0003,1.3601709604263306,18.262020469999996,-1.9558345600962639,-0.002022581985511351,0.2,623.23,0.007560188
948,1161,269,1101824,0.130322265625,0.8733537197113037,7.918194076418876,0.6436295509338379,2680,0.0003,3.560077667236328,17.592864690000003,-1.9570534244179725,0.002306444096029736,0.2,619.89,0.0041541187
951,1162,270,1105920,0.048388671875,0.9494308829307556,3.3136706933379174,0.6395955681800842,2690,0.0003,1.6179125308990479,18.061463250000003,-1.9513954684138297,-0.003996818413725123,0.2,629.21,0.0057694316
954,1163,271,1110016,0.041357421875,0.9353036284446716,3.037124979496002,0.6423739790916443,2700,0.0003,1.0337589979171753,17.42367981,-1.946657545864582,-0.003948145330650732,0.2,624.19,0.004782196
956,1164,272,1114112,0.05927734375,0.8341572284698486,11.146261811256409,0.6428655385971069,2710,0.0003,4.610703468322754,16.75071596,-1.9537947908043862,-0.0046694403761648575,0.2,629.39,0.0049249455
959,1165,273,1118208,0.0515380859375,0.9629278779029846,2.987614780664444,0.6435242891311646,2720,0.0003,1.2897683382034302,17.304273790000003,-1.9553765490651132,-0.0037685552408220245,0.2,627.66,0.00504031
961,1166,274,1122304,0.0758544921875,0.9268853664398193,2.8982688263058662,0.6445539593696594,2730,0.0003,0.729216992855072,17.91174137,-1.957268077135086,-0.004779545491328463,0.2,639.78,0.0059128115
964,1167,275,1126400,0.06015625,0.9632925391197205,2.3740779370069505,0.6422170996665955,2740,0.0003,0.6582787036895752,18.99488144,-1.956859390437603,-0.006123490320169367,0.2,646.03,0.006740291
967,1169,276,1130496,0.043017578125,0.9503062963485718,2.821953631937504,0.6442098617553711,2750,0.0003,0.9045129418373108,20.098172969999997,-1.9540926098823548,-0.00307380246813409,0.2,654.21,0.0037678806
969,1170,277,1134592,0.059033203125,0.9774374961853027,1.8834792003035545,0.6413551568984985,2760,0.0003,0.8284996747970581,22.293180820000003,-1.9547838419675827,-0.0058968445235223045,0.2,659.38,0.007208606
972,1171,278,1138688,0.045849609375,0.9655818343162537,4.29517847597599,0.6386423110961914,2770,0.0003,1.4346070289611816,21.50960701,-1.944583986699581,-0.0041419857298024,0.2,649.02,0.0038723554
974,1172,279,1142784,0.068115234375,0.9618567824363708,2.242012542486191,0.6355001330375671,2780,0.0003,0.8089308142662048,22.962926419999995,-1.9369409412145615,-0.004759338640724309,0.2,653.68,0.010365861
977,1173,280,1146880,0.0707763671875,0.9548588395118713,2.2689457193017004,0.6347046494483948,2790,0.0003,1.1188032627105713,23.244221779999997,-1.9297726273536682,-0.004863031118293293,0.2,646.76,0.0062634684
979,1174,281,1150976,0.0757568359375,0.9487757086753845,2.467781326174736,0.6325360536575317,2800,0.0003,1.1767475605010986,22.51748085,-1.9262432605028152,-0.007963259922689758,0.2,650.71,0.008589996
982,1175,282,1155072,0.0965087890625,0.9655399918556213,1.3371332719922067,0.6327050924301147,2810,0.0003,0.5846195220947266,20.15187263,-1.9209392994642258,-0.004180311661912128,0.2,654.27,0.0152212735
984,1176,283,1159168,0.064599609375,0.8606805801391602,12.563093930482864,0.6330372095108032,2820,0.0003,6.112740993499756,20.137050990000002,-1.9214874804019928,-0.0016504807397723198,0.2,652.63,0.005714045
987,1177,284,1163264,0.051708984375,0.9260615706443787,2.377782592177391,0.6315473318099976,2830,0.0003,0.8083794713020325,20.073251650000003,-1.921073468029499,-0.0039008342049783097,0.2,647.18,0.00493823
990,1178,285,1167360,0.0378662109375,0.7930378913879395,6.4752871841192245,0.6299963593482971,2840,0.0003,3.157758951187134,22.575069399999997,-1.9151628717780114,-0.003465672982565593,0.2,676.41,0.005202451
992,1180,286,1171456,0.0917236328125,0.9167618751525879,2.5612364202737807,0.6352957487106323,2850,0.0003,1.2758113145828247,23.17984708,-1.9200087413191795,-0.005881045208661817,0.2,665.29,0.008133108
995,1181,287,1175552,0.084375,0.9487637877464294,1.3593443296849728,0.6330411434173584,2860,0.0003,0.6196693181991577,23.015517069999998,-1.9268289029598236,-0.0034063467901432887,0.2,656.6,0.0071576685
997,1182,288,1179648,0.0528076171875,0.8437484502792358,6.056915339827538,0.632630467414856,2870,0.0003,1.3065545558929443,22.269087019999994,-1.920475122332573,-0.0019198970650904812,0.2,640.66,0.0052395365
1000,1183,289,1183744,0.02041015625,0.9311506748199463,8.22611499428749,0.6335606575012207,2880,0.0003,2.275404691696167,21.7416622,-1.9210723787546158,-0.0021797215595142916,0.2,636.1,0.0035432307
1002,1184,290,1187840,0.021533203125,0.8918033242225647,5.764829707145691,0.635135293006897,2890,0.0003,1.11481511592865,19.955098200000002,-1.9259643316268922,-0.0022035008732927963,0.2,646.27,0.004782621
1005,1185,291,1191936,0.0363525390625,0.9369977712631226,4.727366822957992,0.6386942863464355,2900,0.0003,1.8767187595367432,18.650887549999997,-1.9330283880233765,-0.0033552766413777134,0.2,635.2,0.0045372574
1007,1186,292,1196032,0.0454345703125,0.9441344141960144,5.567555856704712,0.6424699425697327,2910,0.0003,2.237776517868042,17.76366141,-1.9448686122894288,-0.005706934080808424,0.2,624.57,0.0057218857
946,1268,293,1200128,0.0419189453125,0.9530032277107239,2.632157728075981,0.6437283754348755,2920,0.0003,0.9276394248008728,19.79499192,-1.9531685933470726,-0.004651209911389742,0.2,641.25,0.0048211487
948,1269,294,1204224,0.0671142578125,0.9702194333076477,1.8028408780694007,0.6397033929824829,2930,0.0003,0.655836284160614,17.34441648,-1.948045340180397,-0.005530740652466193,0.2,636.16,0.0072226673
950,1270,295,1208320,0.0388427734375,0.9593876004219055,4.821219283342361,0.6406612396240234,2940,0.0003,1.2313400506973267,14.180212019999999,-1.9411527916789055,-0.004115000614547171,0.2,624.22,0.0042956164
953,1272,296,1212416,0.0341796875,0.9553963541984558,6.629523420333863,0.6383291482925415,2950,0.0003,3.184161901473999,13.3802647,-1.9403650656342506,-0.003920813489821739,0.2,613.24,0.0048624394
955,1273,297,1216512,0.05908203125,0.9499558210372925,4.938019037246704,0.6335940361022949,2960,0.0003,1.7056809663772583,13.978715990000001,-1.9294697508215903,-0.005780046648578718,0.2,622.77,0.00638331
957,1274,298,1220608,0.0682373046875,0.9444763660430908,1.4776868581771851,0.636072039604187,2970,0.0003,0.5696864724159241,16.5288869,-1.926781241595745,-0.004893264253041707,0.2,634.3,0.009215986
960,1275,299,1224704,0.0557373046875,0.9504153728485107,2.9302498802542685,0.6403226852416992,2980,0.0003,0.8105753660202026,17.627881669999997,-1.936577531695366,-0.0036280428961617873,0.2,629.38,0.0049089845
962,1276,300,1228800,0.0576416015625,0.9064615368843079,3.3754453167319296,0.638556718826294,2990,0.0003,0.914037823677063,17.063270910000004,-1.9430869445204735,-0.004998294348479248,0.2,609.52,0.0064481944
964,1277,301,1232896,0.05615234375,0.9121149182319641,4.897108060121536,0.6396943926811218,3000,0.0003,1.4953148365020752,16.27372494,-1.9378992110490798,-0.004376570446765982,0.2,627.51,0.0057488354
967,1279,302,1236992,0.0945556640625,0.9678593873977661,1.5068452425301075,0.6323573589324951,3010,0.0003,0.5979268550872803,16.275362259999994,-1.9320636317133904,-0.006375052200746722,0.2,627.37,0.007098214
969,1280,303,1241088,0.085302734375,0.8893585205078125,6.9053009927272795,0.632956862449646,3020,0.0003,3.375096559524536,15.626025749999998,-1.9165435299277305,-0.004436668319976888,0.2,628.35,0.006586564
971,1281,304,1245184,0.032275390625,0.8267709016799927,11.7953544318676,0.6328340768814087,3030,0.0003,5.071494102478027,18.47137266,-1.91975786536932,-0.0037750473682535814,0.2,625.57,0.0044096326
974,1282,305,1249280,0.1328125,0.95796138048172,1.3666430599987507,0.6311028599739075,3040,0.0003,0.5424757599830627,18.17898313,-1.9166487470269202,-0.0029981658823089673,0.2,605.74,0.0061239684
976,1283,306,1253376,0.1130859375,0.93919837474823,1.9076578363776207,0.6321531534194946,3050,0.0003,0.9044861197471619,19.4837837,-1.9149023443460464,-0.0038211443592444994,0.2,617.33,0.014304699
978,1284,307,1257472,0.0430908203125,0.9531238675117493,2.72889102101326,0.6336896419525146,3060,0.0003,0.8198357224464417,18.45041113,-1.9181812077760696,-0.0040476177353411915,0.2,616.78,0.0059814416
980,1286,308,1261568,0.06806640625,0.9122524857521057,3.7007608488202095,0.6364471912384033,3070,0.0003,1.5160424709320068,15.39547801,-1.9248287200927734,-0.004032227885909378,0.2,593.74,0.0068855034
982,1287,309,1265664,0.0283447265625,0.9257304668426514,8.426521277427673,0.639114499092102,3080,0.0003,3.5306990146636963,17.385383379999997,-1.9340945407748222,-0.002879895220394246,0.2,594.29,0.0036167211
985,1288,310,1269760,0.0375,0.9486070871353149,6.796489802002907,0.637168288230896,3090,0.0003,2.743016004562378,17.579987019999997,-1.9369806125760078,-0.0027565864147618413,0.2,595.49,0.002716037
987,1289,311,1273856,0.0639404296875,0.9658161401748657,1.88141133710742,0.6399262547492981,3100,0.0003,0.4423612058162689,15.672713550000003,-1.9364034086465836,-0.005184857454150915,0.2,575.61,0.008100864
989,1291,312,1277952,0.0736083984375,0.8763474225997925,6.905677598714829,0.6390993595123291,3110,0.0003,3.0155608654022217,13.385072200000002,-1.9404458314180375,-0.0022764937340980394,0.2,572.84,0.0067566223
992,1292,313,1282048,0.07880859375,0.9545456171035767,5.143212965130806,0.6374924182891846,3120,0.0003,1.3554582595825195,11.650417669999998,-1.9364462986588478,-0.006511661477270536,0.2,570.44,0.005860485
994,1293,314,1286144,0.04140625,0.9635183215141296,2.9722917437553407,0.6345558166503906,3130,0.0003,0.9275826215744019,10.942412119999997,-1.9293941795825957,-0.004353688578703441,0.2,547.22,0.0050816797
996,1294,315,1290240,0.0335693359375,0.9389025568962097,4.889818757772446,0.6367384195327759,3140,0.0003,1.3629189729690552,10.96944424,-1.926118054986,-0.004219488211674616,0.2,549.36,0.0050287102
998,1295,316,1294336,0.03798828125,0.8549100756645203,9.973310619592667,0.6369799375534058,3150,0.0003,6.029327869415283,11.070145559999997,-1.9321776509284974,-0.0039767186564859,0.2,549.61,0.0037139708
1000,1297,317,1298432,0.0458740234375,0.91993248462677,6.196122482419014,0.6377817392349243,3160,0.0003,2.398581027984619,10.627229770000001,-1.9331665009260177,-0.0045111775572877376,0.2,547.85,0.004556114
944,1378,318,1302528,0.03017578125,0.9250903725624084,7.246133258938789,0.6376116275787354,3170,0.0003,3.185633897781372,7.4970007800000005,-1.9345052435994148,-0.0038829541095765307,0.2,543.32,0.004513715
947,1379,319,1306624,0.0384521484375,0.9474307298660278,5.270058593153953,0.6374004483222961,3180,0.0003,1.9708893299102783,8.403604849999999,-1.93236653059721,-0.004682920276536606,0.2,551.47,0.0064588287
949,1380,320,1310720,0.0423828125,0.9220477342605591,3.2044371008872985,0.638874888420105,3190,0.0003,1.0180978775024414,7.011612620000001,-1.9343931376934052,-0.004239497293019668,0.2,538.25,0.0043507162
951,1381,321,1314816,0.0728271484375,0.9441424012184143,3.4970841690897942,0.6427031755447388,3200,0.0003,1.8592594861984253,7.322964550000002,-1.9403464540839195,-0.007454646250698716,0.2,538.52,0.0067425594
953,1382,322,1318912,0.0545654296875,0.9703136086463928,2.031257040798664,0.644172191619873,3210,0.0003,0.8090600967407227,10.44495244,-1.9509766787290572,-0.006367949148989282,0.2,559.64,0.0060695326
955,1384,323,1323008,0.077734375,0.9749473333358765,1.7459954783320426,0.6448473930358887,3220,0.0003,0.7443149089813232,9.6764135,-1.9548178985714912,-0.005406389920972287,0.2,556.29,0.010361031
957,1385,324,1327104,0.0513427734375,0.9168795943260193,7.384674510359764,0.6465999484062195,3230,0.0003,4.37659215927124,8.29134032,-1.9569172963500023,-0.003672022992395796,0.2,563.98,0.003696556
960,1386,325,1331200,0.0430419921875,0.936835527420044,4.656050324440002,0.6454708576202393,3240,0.0003,1.522071123123169,10.07310895,-1.9598976880311967,-0.0030066647188505156,0.2,570.34,0.0058645057
962,1387,326,1335296,0.057275390625,0.8456642627716064,9.408093726634979,0.6463204026222229,3250,0.0003,3.0162558555603027,9.456462859999998,-1.957843615114689,-0.0032408783561550083,0.2,581.2,0.005247427
964,1388,327,1339392,0.0357666015625,0.9180293679237366,5.788179951906204,0.6467660069465637,3260,0.0003,1.890431523323059,9.477335649999999,-1.9612120255827903,-0.003951438795775175,0.2,575.56,0.005153345
966,1389,328,1343488,0.0327392578125,0.8540269136428833,5.240046626329422,0.649138867855072,3270,0.0003,1.4148505926132202,9.797690110000001,-1.9648570403456689,-0.005647530329588335,0.2,589.31,0.005480279
968,1391,329,1347584,0.0419921875,0.9494592547416687,4.773801282048225,0.6500215530395508,3280,0.0003,1.911231517791748,10.504987040000001,-1.9717756301164626,-0.003710284976114053,0.2,605.31,0.006160308
970,1392,330,1351680,0.0621826171875,0.9457930326461792,3.2888927847146987,0.6466871500015259,3290,0.0003,1.1108946800231934,11.628450859999997,-1.9686798319220542,-0.00422125491022598,0.2,602.7,0.006103262
972,1393,331,1355776,0.03310546875,0.9101843237876892,4.595203858613968,0.6487444639205933,3300,0.0003,1.7048038244247437,9.764305850000001,-1.963068063557148,-0.00578826384153217,0.2,607.09,0.0053752437
975,1394,332,1359872,0.06494140625,0.910025954246521,7.9606701016426085,0.6483062505722046,3310,0.0003,2.5569844245910645,7.265969020000001,-1.9681759521365165,-0.005306414159713313,0.2,599.97,0.0071994597
977,1395,333,1363968,0.0683837890625,0.9334002733230591,6.332975140213966,0.6509954333305359,3320,0.0003,1.6401137113571167,8.819546780000001,-1.9687664642930032,-0.004989832124556415,0.2,604.42,0.0063393093
979,1396,334,1368064,0.0454833984375,0.9168891906738281,6.645230627059936,0.6526263952255249,3330,0.0003,1.0997031927108765,8.5038813,-1.9781962230801582,-0.0021450550644658505,0.2,604.01,0.0047274698
981,1398,335,1372160,0.0760009765625,0.9497023224830627,3.7715316087007524,0.6549824476242065,3340,0.0003,1.2155734300613403,10.03976567,-1.9833587780594826,-0.004371969991188962,0.2,614.82,0.005595903
983,1399,336,1376256,0.07392578125,0.9354040622711182,3.743377038836479,0.6501909494400024,3350,0.0003,2.2098963260650635,8.763037429999999,-1.9821835994720458,-0.0038643580686766655,0.2,618.47,0.006166046
985,1400,337,1380352,0.0840576171875,0.9361787438392639,2.500421702861786,0.6488251090049744,3360,0.0003,0.8100716471672058,9.50033122,-1.969431395828724,-0.0041295277129393074,0.2,616.59,0.009817922
987,1401,338,1384448,0.053857421875,0.9553418159484863,3.9190227895975114,0.6500741839408875,3370,0.0003,1.6869301795959473,8.404095430000002,-1.9710967034101485,-0.005078665693872608,0.2,610.89,0.005980551
989,1402,339,1388544,0.07177734375,0.9065319299697876,5.030809089541435,0.6522852182388306,3380,0.0003,2.179975748062134,9.94113473,-1.9764295414090156,-0.004927316281828098,0.2,626.13,0.0060523143
992,1403,340,1392640,0.0710205078125,0.9293836355209351,2.544946002960205,0.651461124420166,3390,0.0003,0.8446359038352966,10.01841529,-1.9812343999743462,-0.005327483666769694,0.2,641.16,0.007344894
994,1404,341,1396736,0.05703125,0.9471001625061035,3.385771909356117,0.6476905345916748,3400,0.0003,1.2656755447387695,10.468707940000002,-1.9728744789958,-0.003492911090143025,0.2,639.03,0.005121117
941,1487,342,1400832,0.074072265625,0.8999459147453308,6.476830393075943,0.6491144895553589,3410,0.0003,1.270390272140503,12.312815019999999,-1.9672300949692727,-0.007107599027222022,0.2,637.76,0.0075389016
943,1488,343,1404928,0.0579345703125,0.915261447429657,4.109672749042511,0.6463133096694946,3420,0.0003,1.5955901145935059,12.810377230000002,-1.9683753117918967,-0.004033421432541218,0.2,637.77,0.004540275
945,1489,344,1409024,0.0395751953125,0.8999720811843872,4.951600137352943,0.6465401649475098,3430,0.0003,1.4036459922790527,12.959642200000001,-1.962423987686634,-0.004116865896503441,0.2,633.69,0.006937238
947,1491,345,1413120,0.07685546875,0.8951663970947266,4.600100441277027,0.6431893706321716,3440,0.0003,2.8048620223999023,12.332740390000001,-1.959215496480465,-0.002443168798345141,0.2,630.76,0.009519002
949,1492,346,1417216,0.036328125,0.927139937877655,3.3538600474596025,0.6466209888458252,3450,0.0003,1.642457365989685,14.444510459999998,-1.956425927579403,-0.0038734622939955443,0.2,632.94,0.0036967946
951,1493,347,1421312,0.0718505859375,0.9388763904571533,2.6100287780165674,0.6480005979537964,3460,0.0003,1.0261836051940918,15.61646082,-1.9659310162067414,-0.0037784884218126534,0.2,638.39,0.008854556
953,1495,348,1425408,0.0404052734375,0.9482130408287048,2.688045306503773,0.646247148513794,3470,0.0003,0.9504913687705994,18.783962830000004,-1.966006626188755,-0.002254678356985096,0.2,644.31,0.0071402136
955,1496,349,1429504,0.126904296875,0.9705618023872375,0.9767575412988663,0.6348187327384949,3480,0.0003,0.3686124086380005,18.58031961,-1.9450011745095253,-0.004851601732661947,0.2,649.46,0.019781325
957,1497,350,1433600,0.093408203125,0.9576238989830017,2.7994479447603227,0.634260892868042,3490,0.0003,0.5154274106025696,19.078471950000004,-1.9238747194409371,-0.0016524660459253937,0.2,650.07,0.0043469984
958,1499,351,1437696,0.07734375,0.8960602879524231,3.388778176903725,0.6358560919761658,3500,0.0003,1.1786072254180908,17.659203310000002,-1.9271434828639031,-0.0016830048058182,0.2,642.58,0.015613617
960,1500,352,1441792,0.0972412109375,0.8904409408569336,5.412973010540009,0.6355156898498535,3510,0.0003,1.6809887886047363,17.05349324,-1.9293270021677018,-0.002398027773597278,0.2,637.96,0.008453421
962,1501,353,1445888,0.0877197265625,0.9041450023651123,4.037305110692978,0.6364870071411133,3520,0.0003,1.046199917793274,17.51117649,-1.9302947327494622,-0.005492737803433556,0.2,643.96,0.009918705
964,1503,354,1449984,0.058056640625,0.9279996752738953,4.320633670687675,0.6390419006347656,3530,0.0003,1.323096752166748,17.44419066,-1.9362335041165353,-0.006732321024173871,0.2,644.47,0.007330214
966,1504,355,1454080,0.050146484375,0.8471137285232544,4.361056235432625,0.6381492614746094,3540,0.0003,1.453866720199585,19.282793250000005,-1.9396864727139473,-0.0036056116296094842,0.2,636.86,0.007681489
968,1505,356,1458176,0.051953125,0.9124543070793152,2.6180382534861564,0.6379972696304321,3550,0.0003,0.9849713444709778,19.43047765,-1.9367743030190467,-0.003906481675221585,0.2,629.57,0.0068071773
970,1507,357,1462272,0.03203125,0.8871455192565918,4.219630269706249,0.6352320313453674,3560,0.0003,1.8386622667312622,19.42644012,-1.9330953299999236,-0.003939916647505015,0.2,627.87,0.0044970415
972,1507,358,1466368,0.0939453125,0.952337384223938,1.4233538202941418,0.6374731063842773,3570,0.0003,0.5330457091331482,18.20908343,-1.9317789673805237,-0.001175484003033489,0.2,628.93,0.012737542
974,1508,359,1470464,0.094677734375,0.8036215305328369,6.079034733772278,0.6398267149925232,3580,0.0003,2.8270857334136963,19.179793089999997,-1.9379895776510239,-0.0023876543127698824,0.2,628.76,0.004815487
976,1509,360,1474560,0.09599609375,0.9760614633560181,1.1419271491467953,0.6418755650520325,3590,0.0003,0.4322870671749115,17.582933009999998,-1.9469910487532616,-0.005757807183545083,0.2,621.43,0.011604799
978,1510,361,1478656,0.06728515625,0.957879900932312,3.4267477959394457,0.6386336088180542,3600,0.0003,1.8652269840240479,18.95443113,-1.9458106353878974,-0.0033568953222129494,0.2,626.3,0.005707669
980,1511,362,1482752,0.06982421875,0.9656059145927429,1.246259219199419,0.6322146654129028,3610,0.0003,0.6510524749755859,19.249949689999998,-1.9306511983275414,-0.005448899310431443,0.2,611.87,0.0061770403
983,1512,363,1486848,0.0308349609375,0.9567997455596924,3.8851349532604216,0.6309523582458496,3620,0.0003,1.2583674192428589,16.732712449999998,-1.9181065246462823,-0.0039101790665881705,0.2,602.68,0.006510525
985,1513,364,1490944,0.0511962890625,0.9424471855163574,5.252760514616966,0.6320927739143372,3630,0.0003,1.8273258209228516,17.48544809,-1.9176937162876129,-0.005135942826746032,0.2,598.52,0.0061257775
987,1514,365,1495040,0.0795654296875,0.9538392424583435,1.531545778363943,0.6310429573059082,3640,0.0003,0.6094760894775391,17.84773389,-1.9196885764598846,-0.003917527123121545,0.2,598.02,0.007517164
989,1514,366,1499136,0.0771728515625,0.882747232913971,4.601794174313545,0.6312663555145264,3650,0.0003,1.5084452629089355,16.85709991,-1.9170205533504485,-0.00514395384961972,0.2,603.34,0.005858427
959,1567,367,1503232,0.062744140625,0.895642876625061,3.886762361228466,0.63226318359375,3660,0.0003,0.9720824360847473,18.18093535,-1.9194432601332665,-0.0037653098108421544,0.2,629.55,0.006461053
961,1568,368,1507328,0.0560546875,0.900536835193634,3.6938141748309135,0.6315088272094727,3670,0.0003,0.712997317314148,18.86380649,-1.9197487846016883,-0.0036677913303719833,0.2,632.51,0.0060580308
963,1569,369,1511424,0.05224609375,0.9532394409179688,2.6882203996181486,0.6313686370849609,3680,0.0003,0.9407435059547424,20.002886430000004,-1.9183523416519166,-0.004983391761197708,0.2,634.68,0.005434028
965,1569,370,1515520,0.02744140625,0.9542754292488098,2.899321399629116,0.6287120580673218,3690,0.0003,0.7201896905899048,19.23083589,-1.9138475254178047,-0.003818297490943223,0.2,630.75,0.005104516
967,1570,371,1519616,0.087548828125,0.9733442664146423,1.5751573592424393,0.6225668787956238,3700,0.0003,0.5798885822296143,19.049184849999996,-1.8993660300970077,-0.0061013187398202716,0.2,628.16,0.008619925
969,1571,372,1523712,0.051953125,0.9178387522697449,6.781410729885101,0.6199692487716675,3710,0.0003,2.219986915588379,19.28115453,-1.8854633003473282,-0.005255504834349267,0.2,634.08,0.006602005
971,1572,373,1527808,0.078955078125,0.9478212594985962,1.7114731505513192,0.6166393756866455,3720,0.0003,0.8743923902511597,18.883986559999997,-1.8764898493885993,-0.004054211746552028,0.2,617.47,0.0071943775
973,1573,374,1531904,0.0344482421875,0.8836278915405273,3.2928298607468607,0.6139756441116333,3730,0.0003,1.7335553169250488,18.233070769999998,-1.8662509351968766,-0.003497733963013161,0.2,621.39,0.0063782237
975,1573,375,1536000,0.0287353515625,0.927223801612854,5.348796704411507,0.6136538982391357,3740,0.0003,1.1222200393676758,17.98762751,-1.8614803597331047,-0.0019600264698965476,0.2,619.38,0.0035413965
978,1574,376,1540096,0.0439697265625,0.9624403715133667,2.850038778781891,0.6112927198410034,3750,0.0003,1.3326271772384644,17.60990311,-1.8573617443442345,-0.003580948218586855,0.2,627.54,0.00727709
980,1575,377,1544192,0.0505859375,0.9339621067047119,4.470714557170868,0.6111782789230347,3760,0.0003,1.3888405561447144,15.404476860000003,-1.851985614001751,-0.004584415248245932,0.2,620.26,0.005655429
982,1576,378,1548288,0.0735595703125,0.9235440492630005,5.3055879980325695,0.6122333407402039,3770,0.0003,1.7006183862686157,15.756428490000003,-1.8540359139442444,-0.00612151487293886,0.2,632.4,0.009335225
984,1577,379,1552384,0.0764892578125,0.9556198716163635,3.0196925550699234,0.6090168952941895,3780,0.0003,1.1897577047348022,14.29944363,-1.8515905112028122,-0.004475814563920722,0.2,626.07,0.008490689
986,1577,380,1556480,0.0564453125,0.9148427844047546,8.873947322368622,0.6057827472686768,3790,0.0003,2.332336902618408,14.431878489999999,-1.8402381226420403,-0.0033155388257000594,0.2,617.74,0.0051293215
988,1578,381,1560576,0.082373046875,0.9412950277328491,1.8197015829384326,0.6050069332122803,3800,0.0003,0.6679642796516418,16.07267393,-1.8321658059954644,-0.0037783869716804474,0.2,611.65,0.00847912
990,1579,382,1564672,0.085595703125,0.9621578454971313,1.6492949917912483,0.6005964875221252,3810,0.0003,0.6270430088043213,16.436319500000003,-1.8266647920012473,-0.004242515779333189,0.2,614.08,0.0057446677
992,1580,383,1568768,0.039794921875,0.9527797698974609,4.446802619099617,0.5983219146728516,3820,0.0003,1.8356441259384155,16.441676740000002,-1.8138569116592407,-0.0044484173122327775,0.2,609.48,0.004500958
994,1581,384,1572864,0.067626953125,0.9639106392860413,0.7591665253043175,0.5932124853134155,3830,0.0003,0.25548166036605835,17.19217333,-1.8021222561597825,-0.004886233841534704,0.2,624.58,0.010348754
996,1582,385,1576960,0.055419921875,0.9047524333000183,2.669100734591484,0.5920027494430542,3840,0.0003,0.8884661793708801,17.19274995,-1.790564727783203,-0.0029172634589485825,0.2,622.6,0.00749895
998,1582,386,1581056,0.037939453125,0.8582046031951904,6.7673896044492725,0.5935641527175903,3850,0.0003,3.1581778526306152,16.797923270000002,-1.7906744047999381,-0.0019376031850697473,0.2,634.38,0.006546825
1000,1583,387,1585152,0.0557373046875,0.8625608682632446,4.667609329521656,0.5938249826431274,3860,0.0003,2.34366512298584,18.72874273,-1.7939884513616562,-0.0032849207185790875,0.2,636.65,0.0059072413
1002,1584,388,1589248,0.072119140625,0.9509852528572083,2.777101767063141,0.5989259481430054,3870,0.0003,0.7021328210830688,17.80729242,-1.803146705031395,-0.004583465980249457,0.2,629.0,0.007781954
1004,1585,389,1593344,0.0517578125,0.9383752942085266,2.61727369427681,0.5979957580566406,3880,0.0003,1.3803521394729614,18.53839139,-1.8116973415017128,-0.005218143743695692,0.2,638.55,0.004873016
1006,1586,390,1597440,0.060107421875,0.8437146544456482,7.218438613414764,0.6004467606544495,3890,0.0003,1.6106337308883667,17.76207528,-1.8118403896689415,-0.004253402625909075,0.2,637.63,0.007199549
975,1640,391,1601536,0.087939453125,0.899018406867981,4.091067153215408,0.6001443862915039,3900,0.0003,2.1417148113250732,17.435502569999997,-1.8182574689388276,-0.0024997167463880034,0.2,650.79,0.0075524356
977,1641,392,1605632,0.06025390625,0.8867058157920837,4.920336815714836,0.5942156314849854,3910,0.0003,1.408331036567688,18.50390819,-1.8088626101613046,-0.004071721364744008,0.2,653.13,0.0051136096
979,1642,393,1609728,0.0522216796875,0.9157962203025818,3.719358405470848,0.5912855863571167,3920,0.0003,1.7405928373336792,16.192282640000002,-1.7915911123156547,-0.005291117849992588,0.2,653.51,0.005193972
981,1643,394,1613824,0.06328125,0.856587290763855,8.946174827218055,0.5909192562103271,3930,0.0003,4.466332912445068,17.49453522,-1.7859294816851616,-0.0035541901845135724,0.2,652.75,0.0054197283
984,1644,395,1617920,0.053564453125,0.9483430981636047,2.304433335363865,0.5920178890228271,3940,0.0003,0.6412279009819031,19.14914174,-1.7865592256188392,-0.004122109284799081,0.2,652.81,0.0063035996
986,1644,396,1622016,0.067724609375,0.9274581670761108,1.5863059751689434,0.5924373865127563,3950,0.0003,0.5120805501937866,17.471347790000003,-1.7895328611135484,-0.0020038778166053817,0.2,657.96,0.005919493
988,1645,397,1626112,0.0460693359375,0.9067481756210327,4.325720475614071,0.5923277139663696,3960,0.0003,1.2499386072158813,16.931672260000003,-1.7903253600001334,-0.0020386143238283693,0.2,660.59,0.0076133497
990,1646,398,1630208,0.0434814453125,0.880255937576294,7.139658203721046,0.5943847298622131,3970,0.0003,2.1668829917907715,14.794448749999999,-1.7939359933137893,-0.006498360469413456,0.2,655.31,0.005502984
992,1647,399,1634304,0.0325439453125,0.8300807476043701,14.624163293838501,0.5933896899223328,3980,0.0003,4.2940239906311035,14.317817210000001,-1.7961096987128258,-0.003957232850370929,0.2,648.11,0.004480128
994,1648,400,1638400,0.068310546875,0.9423779249191284,1.832117748260498,0.5893629789352417,3990,0.0003,0.7419588565826416,15.035878040000002,-1.789094489812851,-0.004881019731692504,0.2,637.87,0.008556882
996,1648,401,1642496,0.0880859375,0.9541954398155212,1.4514737360179424,0.5913249850273132,4000,0.0003,0.5134698152542114,16.877288150000005,-1.7817280888557434,-0.0020065414515556767,0.2,640.65,0.023992348
998,1649,402,1646592,0.0859130859375,0.9614549875259399,1.9025032624602318,0.5894455909729004,4010,0.0003,0.756421685218811,16.97880164,-1.7855559468269349,-0.0016800081430119462,0.2,638.36,0.0063375486
1000,1650,403,1650688,0.07861328125,0.9710922837257385,1.032132053375244,0.5857937335968018,4020,0.0003,0.43453192710876465,17.25937629,-1.774062564969063,-0.003850999419228174,0.2,639.87,0.0063502477
1002,1651,404,1654784,0.062890625,0.8230197429656982,6.129210737347603,0.5861958265304565,4030,0.0003,1.8915977478027344,15.965426879999997,-1.7684998705983161,-0.0033607893506996333,0.2,639.62,0.005998345
1004,1652,405,1658880,0.061279296875,0.9646387100219727,2.204592394828796,0.5882693529129028,4040,0.0003,0.9343718886375427,16.927692240000002,-1.7723097190260888,-0.006519085663603619,0.2,652.28,0.007836029
1005,1653,406,1662976,0.06591796875,0.9573974609375,2.0303353518247604,0.583383321762085,4050,0.0003,0.7385445237159729,18.707334150000005,-1.7698918148875236,-0.006913471518782899,0.2,623.04,0.007503013
1007,1653,407,1667072,0.06552734375,0.8705200552940369,4.53194018304348,0.5847519636154175,4060,0.0003,2.0751442909240723,19.17763891,-1.761616948246956,-0.0030941065124352463,0.2,617.29,0.007924166
1009,1654,408,1671168,0.0724365234375,0.9181098937988281,2.7283585175871847,0.5873370170593262,4070,0.0003,1.1867949962615967,20.17297024,-1.768484953045845,-0.0045649152511032295,0.2,620.25,0.00879861
1011,1655,409,1675264,0.065966796875,0.8982212543487549,6.2052036434412,0.58711177110672,4080,0.0003,1.4385277032852173,22.31401218,-1.7742900624871254,-0.003983190636790823,0.2,617.06,0.0060324846
1013,1656,410,1679360,0.04931640625,0.9491549730300903,3.251846991479397,0.5843954086303711,4090,0.0003,1.3239786624908447,20.58609377,-1.7676274359226227,-0.006350608658976853,0.2,606.65,0.005062582
1015,1657,411,1683456,0.0431396484375,0.8599892258644104,13.931055217981339,0.5852377414703369,4100,0.0003,5.037879467010498,18.663807230000007,-1.7638241812586783,-0.003962522247456945,0.2,603.69,0.0047945087
1017,1658,412,1687552,0.030419921875,0.878395140171051,7.998051536083222,0.5842626094818115,4110,0.0003,2.1180014610290527,16.682317,-1.7652561709284782,-0.0034560393178253435,0.2,587.68,0.0040979497
1019,1658,413,1691648,0.0382080078125,0.939843475818634,7.782081347703934,0.5834463238716125,4120,0.0003,2.243042469024658,17.820010949999997,-1.761422111093998,-0.0037092639395268634,0.2,589.28,0.0051166485
1021,1659,414,1695744,0.03486328125,0.9269002676010132,5.2795022338628765,0.5776032209396362,4130,0.0003,1.7343591451644897,13.890212329999999,-1.7527064010500908,-0.005274093526531942,0.2,572.62,0.0060700383
1023,1660,415,1699840,0.0489501953125,0.9455060958862305,3.778456595540047,0.5833554863929749,4140,0.0003,1.4426335096359253,12.045330600000005,-1.7448182240128518,-0.0043144048191607,0.2,568.25,0.0046395725
994,1714,416,1703936,0.03916015625,0.9039413928985596,7.671323522925377,0.5828421115875244,4150,0.0003,3.0385870933532715,10.336298160000002,-1.7610739335417747,-0.004704671495710499,0.2,553.88,0.0050968975
995,1715,417,1708032,0.06650390625,0.946514904499054,4.430155172944069,0.5845382213592529,4160,0.0003,1.8631263971328735,10.404589200000002,-1.7598432183265686,-0.0055116233706939965,0.2,549.63,0.005738044
997,1715,418,1712128,0.0433837890625,0.9156504273414612,4.37719317227602,0.5855177640914917,4170,0.0003,1.7914077043533325,10.700258240000004,-1.7658930733799933,-0.005250503518618643,0.2,560.71,0.0042809425
999,1716,419,1716224,0.058544921875,0.9006159901618958,4.0947116911411285,0.5894887447357178,4180,0.0003,0.7412458658218384,11.21304864,-1.7730364575982094,-0.005066708622325678,0.2,554.13,0.0059073134
1001,1717,420,1720320,0.11142578125,0.9726976156234741,1.091391697525978,0.5931618213653564,4190,0.0003,0.3877541422843933,9.960566400000001,-1.7868487164378166,-0.003159711294574663,0.2,563.98,0.01303754
1003,1718,421,1724416,0.0980712890625,0.8539241552352905,3.3316319793462754,0.5943014621734619,4200,0.0003,0.9465042948722839,10.23458503,-1.7942922204732894,-0.0018519896708312444,0.2,582.31,0.008720556
1005,1718,422,1728512,0.034423828125,0.8842964768409729,7.537107998132706,0.594036340713501,4210,0.0003,3.043189764022827,8.945736989999999,-1.797233095765114,-0.0025235550332581625,0.2,582.09,0.0055412557
1007,1719,423,1732608,0.060791015625,0.835969090461731,6.388067623972892,0.5952261090278625,4220,0.0003,2.1975831985473633,9.46637537,-1.7973373964428903,-0.0037385067844297737,0.2,588.16,0.0055860626
1009,1720,424,1736704,0.060546875,0.9105626940727234,1.6463373064994813,0.594404399394989,4230,0.0003,0.5308731198310852,8.24920668,-1.7995447561144828,-0.004454545021872036,0.2,588.86,0.0064607314
1011,1721,425,1740800,0.0715576171875,0.9195266366004944,3.026237404346466,0.5946561098098755,4240,0.0003,1.0599501132965088,11.134476509999997,-1.7971294298768044,-0.005646991590037942,0.2,609.02,0.008100201
1013,1722,426,1744896,0.0574462890625,0.8730595111846924,4.86011009067297,0.5913845896720886,4250,0.0003,2.081134796142578,13.71009458,-1.794060331583023,-0.001903186462004669,0.2,611.95,0.006116487
1015,1722,427,1748992,0.0538818359375,0.9626230001449585,1.811367104947567,0.5872359871864319,4260,0.0003,0.6377620697021484,15.742382209999999,-1.7801829412579537,-0.005277679703431204,0.2,623.04,0.0066870563
1017,1723,428,1753088,0.0447265625,0.9302586317062378,3.3822790190577505,0.5842722654342651,4270,0.0003,1.1149203777313232,15.316334340000001,-1.7675808534026145,-0.0033827744104200975,0.2,616.79,0.0060978085
1018,1724,429,1757184,0.0943603515625,0.8189537525177002,5.676426428556442,0.5835751295089722,4280,0.0003,1.4491581916809082,18.60491264,-1.7603928819298744,-0.0043087905753054654,0.2,630.62,0.007364529
1020,1725,430,1761280,0.0762451171875,0.9555658102035522,1.4010767310857772,0.5843143463134766,4290,0.0003,0.5892708897590637,19.8694914,-1.7621109619736672,-0.004508595130755566,0.2,627.06,0.007868698
1022,1726,431,1765376,0.0511474609375,0.9303455948829651,2.673114059865475,0.586271345615387,4300,0.0003,1.1317766904830933,19.275448679999997,-1.765782743692398,-0.005467253368988167,0.2,629.38,0.007852491
1024,1726,432,1769472,0.0643798828125,0.9575559496879578,1.72533727735281,0.5849836468696594,4310,0.0003,0.4799642860889435,21.32874528,-1.7685899451375007,-0.004682168993167579,0.2,638.62,0.0109320115
1026,1727,433,1773568,0.07783203125,0.9663591980934143,1.2178385078907012,0.5825214982032776,4320,0.0003,0.4448935389518738,21.633832319999996,-1.7622138097882272,-0.0026838175137527285,0.2,622.49,0.008264391
1028,1728,434,1777664,0.0633056640625,0.9529550671577454,2.9328574627637862,0.5806465148925781,4330,0.0003,1.2093909978866577,19.335137560000003,-1.7522759199142457,-0.0036423404730157928,0.2,613.68,0.0059610023
1030,1729,435,1781760,0.04111328125,0.8832954168319702,7.082044926285744,0.579535722732544,4340,0.0003,2.2484519481658936,20.787224370000004,-1.747519089281559,-0.003316553395416122,0.2,609.05,0.00425422
1032,1730,436,1785856,0.0776611328125,0.9671806693077087,2.612574037909508,0.5796444416046143,4350,0.0003,1.339048981666565,19.94084952,-1.7462580889463424,-0.005331277116783895,0.2,599.99,0.00622737
1033,1731,437,1789952,0.0568115234375,0.9448168277740479,6.372371819615364,0.5807844400405884,4360,0.0003,2.1315226554870605,19.247162690000003,-1.7474272415041923,-0.005340180807252182,0.2,596.93,0.0050577107
1035,1731,438,1794048,0.0626708984375,0.980624794960022,2.086279718577862,0.5812263488769531,4370,0.0003,0.6642320156097412,19.54041834,-1.750831091403961,-0.004385547753190622,0.2,586.91,0.007897966
1037,1732,439,1798144,0.060693359375,0.8532196879386902,3.035465011000633,0.5801898241043091,4380,0.0003,0.9776569604873657,20.78862364,-1.7493746981024743,-0.0020511224269284868,0.2,592.43,0.005514429
1010,1784,440,1802240,0.10283203125,0.9235493540763855,2.1469605401158334,0.5835000276565552,4390,0.0003,0.6303185224533081,20.715799730000004,-1.7516464114189148,-0.004536889363953378,0.2,591.8,0.017877713
1011,1785,441,1806336,0.072314453125,0.9415417909622192,1.6344140455126763,0.5823769569396973,4400,0.0003,0.8032910823822021,18.252852979999997,-1.757275028526783,-0.005148404825013131,0.2,597.47,0.0049189497
1013,1786,442,1810432,0.0636962890625,0.9236383438110352,4.098736250400544,0.5830304622650146,4410,0.0003,1.6604070663452148,19.33221484,-1.7540943145751953,-0.0047637734503950925,0.2,602.01,0.007645313
1015,1786,443,1814528,0.0863525390625,0.967704176902771,0.5916243854910135,0.5870864391326904,4420,0.0003,0.2880946397781372,20.10293668,-1.7631925508379935,-0.006398838240420446,0.2,612.47,0.00868237
1017,1787,444,1818624,0.0720458984375,0.9160926342010498,2.723311294615269,0.5845844745635986,4430,0.0003,0.4686000645160675,17.775698780000003,-1.766555693745613,-0.005323578359821113,0.2,611.06,0.006077785
1019,1788,445,1822720,0.0381103515625,0.9337642192840576,5.43127139210701,0.5849587321281433,4440,0.0003,1.9170653820037842,17.50174985,-1.760942454636097,-0.003809011475823354,0.2,623.25,0.005586395
1020,1789,446,1826816,0.0182373046875,0.937747061252594,5.257512521743775,0.5818337202072144,4450,0.0003,2.229732036590576,14.688581459999996,-1.7580495223402977,-0.0033877181202115027,0.2,617.03,0.004022952
1022,1790,447,1830912,0.0450439453125,0.9434065222740173,4.15405949652195,0.5819657444953918,4460,0.0003,1.7516928911209106,15.52694702,-1.751082918047905,-0.004374248968088068,0.2,614.94,0.0068550063
1024,1791,448,1835008,0.0558837890625,0.9611839652061462,3.358415871858597,0.5830328464508057,4470,0.0003,1.026732325553894,14.654796509999999,-1.7537880420684815,-0.005010525787656661,0.2,621.38,0.007329095
1026,1791,449,1839104,0.0293212890625,0.9293609857559204,3.7553455635905264,0.5858979225158691,4480,0.0003,1.344160795211792,16.16680579,-1.7591605871915816,-0.002286143067249213,0.2,631.8,0.008462781
1028,1792,450,1843200,0.0569580078125,0.9287082552909851,2.064693254232407,0.5899824500083923,4490,0.0003,0.629602313041687,15.480566510000001,-1.7723335564136504,-0.004529525694670156,0.2,637.85,0.004428565
1029,1793,451,1847296,0.0555419921875,0.9562131762504578,4.710168808698654,0.5872772932052612,4500,0.0003,2.0086278915405273,16.802679569999995,-1.776286457479,-0.0049618830031249676,0.2,630.38,0.004484943
1031,1794,452,1851392,0.0352294921875,0.9580320715904236,2.4576348945498467,0.5865401029586792,4510,0.0003,0.9659221172332764,17.98626836,-1.7680247828364373,-0.004494369245367125,0.2,635.68,0.007498768
1033,1795,453,1855488,0.0595703125,0.8774447441101074,5.868907722830772,0.5907354354858398,4520,0.0003,5.306565761566162,17.59842218,-1.7724830240011216,-0.002308378850284498,0.2,641.52,0.0035743576
1035,1795,454,1859584,0.0492919921875,0.9221787452697754,4.7424056977033615,0.5931618809700012,4530,0.0003,1.542573094367981,18.059124830000002,-1.785375714302063,-0.003894352132920176,0.2,633.25,0.0049850987
1037,1796,455,1863680,0.069091796875,0.97792649269104,1.8810981228947639,0.5932022929191589,4540,0.0003,0.7817202806472778,16.227301309999998,-1.791052795946598,-0.005507855313044274,0.2,625.2,0.006153849
1038,1797,456,1867776,0.0470458984375,0.9649140238761902,2.573022674024105,0.592043399810791,4550,0.0003,0.9449271559715271,16.601037849999997,-1.787476399540901,-0.003250952283269726,0.2,622.31,0.0059766285
1040,1798,457,1871872,0.044677734375,0.8641307353973389,7.9778973907232285,0.5931905508041382,4560,0.0003,2.1047134399414062,15.345239900000001,-1.7879934042692185,-0.004252946474298369,0.2,628.57,0.0045291902
1042,1799,458,1875968,0.0732421875,0.9271508455276489,2.896064156293869,0.5940175652503967,4570,0.0003,0.6718633770942688,15.329150669999999,-1.7913210734724998,-0.0021992878668243066,0.2,601.51,0.004913927
1044,1800,459,1880064,0.047021484375,0.9361883997917175,3.341777151823044,0.5950673818588257,4580,0.0003,0.7813826203346252,14.629535800000001,-1.794223116338253,-0.0040948509093141185,0.2,606.67,0.00697113
1046,1801,460,1884160,0.088671875,0.8180283904075623,9.29129372537136,0.5962609052658081,4590,0.0003,2.7946603298187256,17.47635455,-1.7970564514398575,-0.004081767133902759,0.2,604.48,0.0057523903
1047,1801,461,1888256,0.0576904296875,0.9558417201042175,2.887167122960091,0.5988860726356506,4600,0.0003,0.8210713267326355,16.162993189999998,-1.803808969259262,-0.005829583259765059,0.2,596.52,0.006034583
1049,1802,462,1892352,0.04111328125,0.9145516157150269,4.308732043206692,0.5992910861968994,4610,0.0003,0.9796469211578369,17.66945072,-1.8084612682461738,-0.002869020728394389,0.2,595.95,0.0054198317
1051,1803,463,1896448,0.0673095703125,0.9498702883720398,5.1775516122579575,0.6010324954986572,4620,0.0003,1.7640604972839355,15.348972069999997,-1.8115523025393485,-0.004279168217908591,0.2,582.1,0.0053595835
1025,1852,464,1900544,0.073828125,0.8944128155708313,6.778598761558532,0.5997525453567505,4630,0.0003,2.464668035507202,14.82427144,-1.8120713144540788,-0.004353638886823319,0.2,578.32,0.008051659
1027,1853,465,1904640,0.0302978515625,0.9607164263725281,5.436318439245224,0.5980182886123657,4640,0.0003,1.6368736028671265,12.99479654,-1.8073022052645684,-0.002640165470074862,0.2,581.51,0.0059767915
1029,1854,466,1908736,0.05185546875,0.864151656627655,4.3282222002744675,0.5971113443374634,4650,0.0003,1.2862104177474976,13.977392859999998,-1.803195235133171,-0.00333965315221576,0.2,597.84,0.0058742533
1031,1855,467,1912832,0.063525390625,0.910057544708252,4.586749011278153,0.5955419540405273,4660,0.0003,1.6034300327301025,13.475855590000002,-1.7985575214028358,-0.006967350581544451,0.2,599.39,0.006346293
1032,1855,468,1916928,0.101025390625,0.9631257653236389,1.4601845175027848,0.595073938369751,4670,0.0003,0.5947707891464233,14.883364900000002,-1.7944998532533645,-0.0027568264136789366,0.2,605.12,0.015332302
1034,1856,469,1921024,0.1190185546875,0.9459806680679321,2.8347525760531425,0.5934544205665588,4680,0.0003,0.9882922768592834,13.891269789999999,-1.7928477451205254,-0.0028271870396565646,0.2,603.77,0.008332316
1036,1857,470,1925120,0.078173828125,0.9397463202476501,1.3525973498821258,0.5965710878372192,4690,0.0003,0.4481654763221741,16.083918349999998,-1.7932531595230103,-0.0037264832819346337,0.2,625.67,0.011093787
1038,1858,471,1929216,0.0771240234375,0.9487118124961853,1.8924873933196067,0.5965776443481445,4700,0.0003,0.7941403985023499,16.30881731,-1.8005458429455756,-0.0017753740699845365,0.2,617.07,0.0077955443
1039,1859,472,1933312,0.0483154296875,0.9643278121948242,1.5694499731063842,0.6016061902046204,4710,0.0003,0.6313109397888184,16.81453467,-1.8067301973700522,-0.005490944725170266,0.2,610.94,0.005443782
1041,1860,473,1937408,0.0474609375,0.91263747215271,6.779917556047439,0.6062901616096497,4720,0.0003,2.245138168334961,16.81472084,-1.8233677864074707,-0.004182555450825021,0.2,603.16,0.0066402867
1043,1861,474,1941504,0.047265625,0.9157683849334717,8.356625252962113,0.6085221767425537,4730,0.0003,2.8665552139282227,16.28935569,-1.8354704841971397,-0.005313914424914401,0.2,597.93,0.005142676
1044,1862,475,1945600,0.0617919921875,0.9553514122962952,1.8258302792906762,0.6091940402984619,4740,0.0003,0.4021473824977875,16.580749100000002,-1.8395224541425705,-0.005688018875662238,0.2,604.52,0.005633236
1046,1863,476,1949696,0.0678955078125,0.8672583103179932,3.0463139727711677,0.6109110116958618,4750,0.0003,1.0113850831985474,19.21024991,-1.8431751981377602,-0.002872529858723283,0.2,616.23,0.004037818
1048,1863,477,1953792,0.05732421875,0.9591313600540161,1.107355745881796,0.6067143678665161,4760,0.0003,0.3761135935783386,18.831172900000002,-1.8419936820864677,-0.002011269045760855,0.2,608.3,0.0060371063
1049,1864,478,1957888,0.083203125,0.9212518334388733,3.08236203789711,0.6111159324645996,4770,0.0003,1.1789205074310303,18.62482532,-1.8376562416553497,-0.00414037712616846,0.2,614.85,0.008818608
1051,1865,479,1961984,0.08193359375,0.8863332271575928,6.669020184874535,0.6114387512207031,4780,0.0003,2.025930643081665,20.5372122,-1.848706303536892,-0.000947277166415006,0.2,617.57,0.0045849225
1053,1866,480,1966080,0.0655517578125,0.9505786895751953,1.3264536820352077,0.6170485615730286,4790,0.0003,0.49106431007385254,19.55412195,-1.8568991422653198,-0.00341490515274927,0.2,600.12,0.010130885
1054,1867,481,1970176,0.0830810546875,0.881354570388794,9.719420510530473,0.6161383390426636,4800,0.0003,3.171657085418701,19.193969710000005,-1.8649809062480927,-0.0013899350000428968,0.2,600.59,0.005216426
1056,1868,482,1974272,0.043603515625,0.888465404510498,3.879852017760277,0.6118600368499756,4810,0.0003,1.3703644275665283,18.15267483,-1.8555779993534087,-0.004955835691362154,0.2,597.43,0.0052121296
1058,1869,483,1978368,0.04306640625,0.8431648015975952,3.732528978586197,0.6093219518661499,4820,0.0003,1.444779396057129,18.15766361,-1.844712457060814,-0.0027371670308639295,0.2,609.73,0.0048821066
1059,1870,484,1982464,0.0439453125,0.8722443580627441,4.892603574693203,0.6095089316368103,4830,0.0003,1.615195870399475,18.0509449,-1.8408044785261155,-0.003163510015292559,0.2,607.89,0.004345889
1061,1871,485,1986560,0.0375,0.941361129283905,4.51025515049696,0.6077098846435547,4840,0.0003,1.7020658254623413,16.15246689,-1.8374143660068512,-0.005184153894515475,0.2,598.3,0.0063116797
1063,1872,486,1990656,0.03642578125,0.9316187500953674,6.959578216075897,0.6081027984619141,4850,0.0003,2.005727529525757,14.060572539999999,-1.835153080523014,-0.003037557400239166,0.2,595.78,0.003422834
1064,1873,487,1994752,0.077734375,0.9194788932800293,2.7655951604247093,0.6077830791473389,4860,0.0003,0.6751809120178223,15.001962900000002,-1.8353582888841629,-0.0064608151704305785,0.2,593.42,0.007502973
1066,1874,488,1998848,0.077392578125,0.9039663076400757,2.758609388768673,0.6083529591560364,4870,0.0003,1.135985255241394,15.932468380000003,-1.8367883786559105,-0.006646435824222863,0.2,619.68,0.015434183
1040,1925,489,2002944,0.065625,0.9031705856323242,3.0828813314437866,0.6073359251022339,4880,0.0003,1.0758601427078247,17.706143509999997,-1.8374061822891234,-0.002842509080073796,0.2,634.99,0.0049293106
1042,1925,490,2007040,0.0841064453125,0.8626481294631958,4.052632974088192,0.6096282005310059,4890,0.0003,1.3166519403457642,18.1313807,-1.8371027007699012,-0.00912804995314218,0.2,644.1,0.008017913
1043,1926,491,2011136,0.0702392578125,0.9387125968933105,2.884141869843006,0.6049919724464417,4900,0.0003,0.9648078083992004,16.669271620000004,-1.8355994045734405,-0.007346712224534713,0.2,645.02,0.005754564
1045,1927,492,2015232,0.0391845703125,0.9147741198539734,3.827956748008728,0.6063587665557861,4910,0.0003,1.64938223361969,14.991201409999999,-1.8282664388418197,-0.0029331007855944334,0.2,638.96,0.0057920516
1047,1928,493,2019328,0.053564453125,0.8880216479301453,4.581323760747909,0.606474757194519,4920,0.0003,1.7910089492797852,14.69196956,-1.8319131821393966,-0.004927495596348308,0.2,651.8,0.00519183
1048,1929,494,2023424,0.0342041015625,0.9232230186462402,3.6732793271541597,0.6051483154296875,4930,0.0003,1.2670570611953735,15.297117329999999,-1.8309640422463418,-0.003914503977284767,0.2,660.62,0.004126369
1050,1929,495,2027520,0.0734375,0.9349353313446045,5.243665584921837,0.6041054129600525,4940,0.0003,1.9333200454711914,13.750201490000004,-1.8266437634825707,-0.005512890566023998,0.2,655.1,0.0065384684
1052,1930,496,2031616,0.062744140625,0.9483791589736938,2.366740936040878,0.6090933084487915,4950,0.0003,0.6055378913879395,14.458177280000003,-1.83146530687809,-0.0055306693990132775,0.2,677.15,0.007633389
1053,1931,497,2035712,0.066552734375,0.9364984035491943,3.031666211783886,0.6101893186569214,4960,0.0003,0.8929940462112427,15.347156970000004,-1.8447852820158004,-0.006756346393376589,0.2,675.57,0.006644272
1055,1932,498,2039808,0.0839599609375,0.9364983439445496,3.1887113958597184,0.6101762056350708,4970,0.0003,1.437192440032959,14.918894160000002,-1.8465387016534804,-0.0073002139397431165,0.2,669.92,0.005078259
1057,1933,499,2043904,0.0664306640625,0.9227383732795715,5.174106180667877,0.6134158372879028,4980,0.0003,1.8947372436523438,14.705764330000001,-1.8518364191055299,-0.005187120466143824,0.2,666.04,0.0077093774
1058,1933,500,2048000,0.066015625,0.9159497022628784,3.8327758714556692,0.6093778610229492,4990,0.0003,1.1775492429733276,13.568114210000001,-1.8533417984843255,-0.0036122775010881012,0.2,667.49,0.014765913
1060,1934,501,2052096,0.07763671875,0.948477566242218,3.038651169836521,0.6068442463874817,5000,0.0003,0.8881441354751587,14.198542390000002,-1.8414983659982682,-0.004159957512456458,0.2,670.05,0.0049750023
1062,1935,502,2056192,0.045751953125,0.8588616847991943,4.050973103940487,0.6105287075042725,5010,0.0003,1.8598812818527222,14.956170779999997,-1.8401259288191796,-0.0030449292200501075,0.2,658.41,0.00523133
1064,1936,503,2060288,0.0335205078125,0.9467499852180481,4.929632449150086,0.6108864545822144,5020,0.0003,1.5828726291656494,14.631310890000002,-1.8518373996019364,-0.003130102907016408,0.2,661.63,0.0044850474
1065,1937,504,2064384,0.1018798828125,0.8861687779426575,1.571540779620409,0.615267276763916,5030,0.0003,0.43745309114456177,15.41658492,-1.857714705169201,-0.004084907862124965,0.2,649.69,0.010973601
1067,1937,505,2068480,0.1384033203125,0.90494704246521,1.7215770736336709,0.617989182472229,5040,0.0003,0.7296337485313416,16.067583340000002,-1.8688447430729866,-0.0024800409795716406,0.2,655.39,0.010588142
1069,1938,506,2072576,0.115966796875,0.9445773959159851,1.9788989454507828,0.6168837547302246,5050,0.0003,0.5541494488716125,16.196198770000002,-1.8733726412057876,-0.005168559902813286,0.2,658.94,0.010056661
1070,1939,507,2076672,0.1002685546875,0.9585981965065002,2.010577401518822,0.6214690804481506,5060,0.0003,0.6514979600906372,17.60633614,-1.875478433072567,-0.00580015990708489,0.2,659.72,0.0094716195
1072,1940,508,2080768,0.0779541015625,0.9415762424468994,1.7959310591220856,0.6256673336029053,5070,0.0003,0.6945090293884277,17.615580429999998,-1.8897763445973397,-0.005051996307156514,0.2,655.53,0.00866991
1074,1941,509,2084864,0.0706787109375,0.9473448395729065,4.5414911836385725,0.6263991594314575,5080,0.0003,1.9912887811660767,18.523333739999998,-1.8985005781054496,-0.005874172892072238,0.2,653.8,0.007478123
1075,1941,510,2088960,0.05771484375,0.9532962441444397,3.341359220445156,0.6264339685440063,5090,0.0003,1.3294042348861694,18.829825300000003,-1.9002742752432824,-0.004706670784798916,0.2,643.66,0.005553743
1077,1942,511,2093056,0.0475341796875,0.8893611431121826,2.892652440071106,0.6266406774520874,5100,0.0003,1.02092444896698,20.35995904,-1.8992656514048576,-0.0029286262564710342,0.2,632.05,0.005636842
1079,1943,512,2097152,0.0683349609375,0.9612699151039124,2.615323452651501,0.6256133913993835,5110,0.0003,0.7845077514648438,17.994247740000002,-1.8992930397391319,-0.005368792262743227,0.2,622.15,0.006719173
1052,1996,513,2101248,0.049951171875,0.9334133267402649,4.260212290287018,0.6279869079589844,5120,0.0003,1.028533697128296,19.06502301,-1.8995066240429879,-0.004347727497224696,0.2,625.44,0.0052610287
1054,1997,514,2105344,0.0733154296875,0.9263049364089966,1.5963079012930392,0.6270256042480469,5130,0.0003,0.51847243309021,21.11285037,-1.905373002588749,-0.003534789686091244,0.2,640.04,0.004793708
1055,1997,515,2109440,0.0793701171875,0.925927996635437,2.148179292678833,0.6257064938545227,5140,0.0003,0.6196730732917786,21.245694590000003,-1.9001117751002312,-0.005622007951751584,0.2,644.56,0.0060208878
1057,1998,516,2113536,0.05625,0.9173852801322937,1.588368834555149,0.6238564252853394,5150,0.0003,0.4808359742164612,21.880171760000003,-1.8952029645442963,-0.004155842290492729,0.2,650.81,0.0067572882
1059,1999,517,2117632,0.042919921875,0.8901499509811401,4.046717448532581,0.6232937574386597,5160,0.0003,1.2344518899917603,22.249429919999997,-1.8900269195437431,-0.00324437667732127,0.2,656.02,0.0044351933
1060,2000,518,2121728,0.061865234375,0.8921266198158264,2.8283805057406424,0.6165066361427307,5170,0.0003,1.1402837038040161,21.114462780000004,-1.8801494404673575,-0.00580737574637169,0.2,672.8,0.0082250135
1062,2001,519,2125824,0.0820068359375,0.9513586163520813,1.423039862513542,0.6136331558227539,5180,0.0003,0.6633154153823853,22.123323870000004,-1.8630409076809884,-0.00593876575876493,0.2,678.16,0.007279107
1063,2001,520,2129920,0.098974609375,0.9496428966522217,1.0654334664344787,0.6085609793663025,5190,0.0003,0.5086044073104858,21.70402242,-1.8510519176721574,-0.005931583786150441,0.2,682.26,0.011025272
1065,2002,521,2134016,0.1040283203125,0.931806206703186,1.792885099351406,0.6110323071479797,5200,0.0003,0.7293249368667603,18.223942809999997,-1.8427306577563285,-0.0062140298745362085,0.2,671.26,0.011645621
1067,2003,522,2138112,0.0912841796875,0.8824511170387268,8.657343459129333,0.6119297742843628,5210,0.0003,2.0287795066833496,16.545898490000003,-1.8510014474391938,-0.005117432330735028,0.2,660.0,0.0059259804
1068,2004,523,2142208,0.0352294921875,0.7926979064941406,10.471267694234848,0.6114588975906372,5220,0.0003,4.776567459106445,15.52135982,-1.8517406210303307,-0.003843309808871709,0.2,663.16,0.006142948
1070,2005,524,2146304,0.0697998046875,0.8036916851997375,8.061000818014145,0.6120097637176514,5230,0.0003,2.10163950920105,14.970433949999999,-1.8510488733649253,-0.00628453769168118,0.2,655.05,0.007929047
1071,2006,525,2150400,0.05,0.942508339881897,4.473168449103833,0.6101828217506409,5240,0.0003,0.9378535151481628,14.84760421,-1.8507736682891847,-0.005228004747186788,0.2,651.29,0.006683293
1073,2006,526,2154496,0.0568359375,0.9700669646263123,2.4953086256980894,0.60398268699646,5250,0.0003,0.7985100150108337,14.919906610000004,-1.8382549479603767,-0.006104730218066834,0.2,653.83,0.007223932
1075,2007,527,2158592,0.0452880859375,0.8568155765533447,3.850822374224663,0.601482629776001,5260,0.0003,1.08830988407135,15.864828759999998,-1.8227612167596816,-0.003349209754378535,0.2,672.73,0.005011117
1076,2008,528,2162688,0.055322265625,0.9601350426673889,1.6464514791965486,0.5984025597572327,5270,0.0003,0.45595619082450867,17.01180017,-1.814474256336689,-0.0046699042461114,0.2,676.99,0.0048699817
1078,2009,529,2166784,0.0606201171875,0.9601187109947205,2.2852945655584334,0.6012290716171265,5280,0.0003,0.9105594754219055,17.60138518,-1.8117232859134673,-0.006230565773148555,0.2,683.0,0.0066372775
1079,2010,530,2170880,0.0581787109375,0.9337355494499207,3.1366690054535864,0.6047528982162476,5290,0.0003,0.7045247554779053,16.463238529999998,-1.821987111866474,-0.005945659193093889,0.2,660.06,0.006832033
1081,2010,531,2174976,0.043408203125,0.9559741020202637,2.582207925617695,0.6044021844863892,5300,0.0003,0.8747294545173645,15.083168960000002,-1.8298026695847511,-0.0036262898560380564,0.2,655.82,0.005648886
1083,2011,532,2179072,0.0938720703125,0.8906376361846924,3.829726737737656,0.60508131980896,5310,0.0003,1.900566816329956,13.26738534,-1.829679051041603,-0.0031743130995891987,0.2,644.72,0.006151942
1084,2012,533,2183168,0.042041015625,0.9098556637763977,8.294512325525284,0.6056245565414429,5320,0.0003,3.760843276977539,12.353353209999998,-1.8318871155381202,-0.0042753731104312465,0.2,651.84,0.00505471
1086,2013,534,2187264,0.0527099609375,0.9705871939659119,1.721916364133358,0.6047608852386475,5330,0.0003,0.5192364454269409,13.72768242,-1.8313291028141976,-0.005678207796881907,0.2,640.69,0.0054860953
1088,2014,535,2191360,0.0578125,0.9428475499153137,1.5799553960561752,0.6016395092010498,5340,0.0003,0.3862856328487396,13.38562207,-1.8247664406895638,-0.00393766622437397,0.2,622.74,0.006129017
1089,2014,536,2195456,0.0813232421875,0.9772718548774719,1.671613483130932,0.5941760540008545,5350,0.0003,0.7129292488098145,17.0318927,-1.807719062268734,-0.005837409250671044,0.2,623.04,0.0105169555
1091,2015,537,2199552,0.0604736328125,0.9559652805328369,1.576157021522522,0.5924674868583679,5360,0.0003,0.5867841243743896,18.026669619999996,-1.7909302800893783,-0.0032378563468228095,0.2,620.46,0.015476976
1065,2067,538,2203648,0.06435546875,0.922977864742279,2.960112024843693,0.5838513374328613,5370,0.0003,1.628890037536621,17.999624759999996,-1.7768406197428703,-0.005148503923555836,0.2,632.6,0.0061046444
1067,2068,539,2207744,0.047900390625,0.8436301946640015,4.555974754691124,0.586280345916748,5380,0.0003,0.8844074010848999,18.77643909,-1.7611762300133704,-0.004692362612695433,0.2,629.48,0.0065654456
1068,2069,540,2211840,0.0892822265625,0.9310175776481628,1.4963390603661537,0.5851848125457764,5390,0.0003,0.35728397965431213,19.60040696,-1.766785678267479,-0.006010773267189506,0.2,641.77,0.01048156
1070,2070,541,2215936,0.0985107421875,0.9354003667831421,2.9220545098185537,0.5826494693756104,5400,0.0003,1.020226001739502,19.67213086,-1.7607952982187272,-0.002164896484464407,0.2,644.87,0.0070856307
1072,2070,542,2220032,0.0670166015625,0.9211060404777527,3.20473819822073,0.5818346738815308,5410,0.0003,0.8269872665405273,19.78233169,-1.7538471877574922,-0.003412798457429744,0.2,654.86,0.0068559153
1073,2071,543,2224128,0.0807861328125,0.8781574964523315,4.136065924167633,0.579917311668396,5420,0.0003,1.7833377122879028,18.17421605,-1.7508395060896873,-0.005289352592080831,0.2,643.48,0.008178571
1075,2072,544,2228224,0.0324951171875,0.9072458744049072,5.642450377345085,0.5825999975204468,5430,0.0003,1.8156085014343262,17.996052140000003,-1.7485852658748626,-0.002728386432863772,0.2,639.51,0.0043359185
1076,2073,545,2232320,0.0802001953125,0.9321558475494385,2.2329522401094435,0.5851260423660278,5440,0.0003,0.5216040015220642,17.44989501,-1.759925027191639,-0.004800223611528054,0.2,643.68,0.0077879177
1078,2074,546,2236416,0.04755859375,0.8675862550735474,8.2406996011734,0.5845812559127808,5450,0.0003,3.1151411533355713,16.78174197,-1.7619992524385453,-0.001409049879293889,0.2,647.37,0.0036474043
1079,2075,547,2240512,0.04287109375,0.953791618347168,5.620384854078293,0.5851736068725586,5460,0.0003,1.9859460592269897,16.5059169,-1.7618797153234482,-0.005133872877922841,0.2,619.19,0.0056584794
1081,2075,548,2244608,0.033154296875,0.9594961404800415,4.000629918277264,0.583359956741333,5470,0.0003,0.9911641478538513,14.097784200000001,-1.7615853384137155,-0.0017109272259403952,0.2,591.0,0.0039285463
1082,2076,549,2248704,0.04599609375,0.9300167560577393,9.789549535512924,0.5823660492897034,5480,0.0003,5.607670783996582,13.116411819999998,-1.7548539325594903,-0.007034143572673202,0.2,593.23,0.0067589134
1084,2077,550,2252800,0.045654296875,0.9409446716308594,4.8114753514528275,0.5833558440208435,5490,0.0003,1.624500036239624,13.477869299999998,-1.7561005041003228,-0.006790938533958979,0.2,597.6,0.005813936
1085,2078,551,2256896,0.0694580078125,0.9193291068077087,3.2699176996946333,0.5832222700119019,5500,0.0003,1.019239902496338,12.805587069999994,-1.7562391445040704,-0.0034908295347122476,0.2,598.94,0.005472648
1087,2079,552,2260992,0.073291015625,0.9310036897659302,2.459583821892738,0.5815111398696899,5510,0.0003,0.7374747395515442,12.098155349999997,-1.7522831872105598,-0.004801303800195456,0.2,585.31,0.005309281
1089,2079,553,2265088,0.038037109375,0.9316413402557373,4.397760608792305,0.5796602964401245,5520,0.0003,1.4893461465835571,12.73840675,-1.7475804403424262,-0.003767859112122096,0.2,588.02,0.005700972
1090,2080,554,2269184,0.08759765625,0.8934892416000366,2.7701363995671273,0.5852055549621582,5530,0.0003,0.519181489944458,11.45940987,-1.7517757385969162,-0.004061632510274649,0.2,583.23,0.015983261
1092,2081,555,2273280,0.0578857421875,0.9080286026000977,6.6411893397569655,0.5860395431518555,5540,0.0003,1.5884848833084106,9.950277679999997,-1.7668527334928512,-0.004519166037789546,0.2,572.68,0.006563916
1093,2082,556,2277376,0.05869140625,0.9418271780014038,8.55268635749817,0.5874035358428955,5550,0.0003,3.413905382156372,9.297010980000001,-1.7681193828582764,-0.0039008313469821587,0.2,562.48,0.00539638
1095,2083,557,2281472,0.0644775390625,0.958164632320404,4.04404436647892,0.5900726318359375,5560,0.0003,1.432325005531311,8.951713320000001,-1.7747148990631103,-0.004941266335663386,0.2,560.92,0.004346253
1096,2084,558,2285568,0.0770751953125,0.9111948013305664,4.890973734855652,0.5899770855903625,5570,0.0003,1.840144157409668,9.032966700000001,-1.781599985063076,-0.006755954882828518,0.2,560.98,0.0063142395
1098,2084,559,2289664,0.0857177734375,0.9654672741889954,2.4033326268196107,0.5917115211486816,5580,0.0003,0.9335355162620544,10.436278589999999,-1.7823931023478508,-0.005406028390279971,0.2,559.31,0.011041221
1099,2085,560,2293760,0.064013671875,0.956861138343811,1.5255563206970693,0.5917108058929443,5590,0.0003,0.5101991295814514,12.993587889999999,-1.7868790954351426,-0.004021180933341384,0.2,569.43,0.009689348
1101,2086,561,2297856,0.05869140625,0.9672365188598633,2.3879069581627848,0.5902881622314453,5600,0.0003,0.8098307847976685,14.9418552,-1.7845671102404594,-0.005374574012239464,0.2,579.45,0.0077199955
1076,2139,562,2301952,0.0742919921875,0.9761996865272522,1.0682477623224258,0.5922161936759949,5610,0.0003,0.32754677534103394,16.538753970000002,-1.7836561024188995,-0.004189317248528823,0.2,593.22,0.008545425
1077,2140,563,2306048,0.07158203125,0.9633759260177612,1.8876139290630818,0.5848861336708069,5620,0.0003,0.9749597907066345,19.220392259999997,-1.778124111890793,-0.003756135054572951,0.2,605.26,0.010984115
1078,2141,564,2310144,0.0998046875,0.9632839560508728,1.749376368522644,0.5809507369995117,5630,0.0003,0.542872428894043,20.0994273,-1.7557404354214667,-0.003213267930550501,0.2,615.13,0.006668331
1080,2141,565,2314240,0.0668212890625,0.9292853474617004,2.8773579567670824,0.5786967277526855,5640,0.0003,0.7391600608825684,19.355367859999998,-1.7470272123813628,-0.003991686066729017,0.2,602.04,0.008658981
1081,2142,566,2318336,0.0741455078125,0.8669277429580688,5.795197162032127,0.580238401889801,5650,0.0003,1.2655024528503418,19.252319739999997,-1.7433212861418723,-0.00376919768677908,0.2,600.96,0.005816108
1083,2143,567,2322432,0.0725341796875,0.9469187259674072,1.9110295906662942,0.5793668627738953,5660,0.0003,1.0670331716537476,21.504008710000004,-1.745336078107357,-0.005310904432553798,0.2,614.2,0.0066701253
1084,2144,568,2326528,0.0973876953125,0.9726231098175049,1.081550931930542,0.5756593942642212,5670,0.0003,0.35930344462394714,20.515082350000004,-1.737518246471882,-0.005812270761816762,0.2,615.65,0.007153411
1086,2145,569,2330624,0.06669921875,0.966066300868988,1.2800032056868076,0.5776799917221069,5680,0.0003,0.48101016879081726,20.089250120000003,-1.7331928715109826,-0.006461654402664862,0.2,602.75,0.006813206
1087,2145,570,2334720,0.069921875,0.8181067705154419,12.75646852850914,0.5792602896690369,5690,0.0003,5.3868913650512695,20.94281059,-1.7408220618963242,-0.005711851507658139,0.2,608.52,0.00557061
1089,2146,571,2338816,0.0234375,0.9303298592567444,2.6371678531169893,0.583263635635376,5700,0.0003,0.8353147506713867,23.142165679999994,-1.7492954060435295,-0.004599665125715547,0.2,627.96,0.004553444
1090,2147,572,2342912,0.1057861328125,0.9451112747192383,1.5038337677717208,0.5828021764755249,5710,0.0003,0.6037160754203796,23.80357867,-1.756610418856144,-0.006772295177506748,0.2,637.54,0.0074833827
1092,2148,573,2347008,0.0762451171875,0.9029945135116577,2.365931582450867,0.5855593681335449,5720,0.0003,0.9118764996528625,24.368886989999996,-1.7608704358339309,-0.005369247205089777,0.2,648.77,0.005944645
1093,2149,574,2351104,0.0490966796875,0.8812017440795898,3.8404508143663407,0.5884143114089966,5730,0.0003,1.3918490409851074,23.60126748,-1.7702564850449563,-0.005049317204975523,0.2,660.14,0.0072401636
1095,2150,575,2355200,0.06181640625,0.8958307504653931,2.264194405078888,0.5898187756538391,5740,0.0003,0.9381921887397766,21.4349235,-1.7797452315688134,-0.00511999104055576,0.2,651.95,0.00982599
1096,2150,576,2359296,0.0521240234375,0.8894838094711304,5.405208244919777,0.5901217460632324,5750,0.0003,2.1918399333953857,20.205408270000003,-1.7819741442799568,-0.003010705899214372,0.2,652.76,0.0043648845
1098,2151,577,2363392,0.0529541015625,0.9313733577728271,3.18750534504652,0.5911829471588135,5760,0.0003,0.7446749806404114,19.36627244,-1.7829300954937934,-0.003783541463781148,0.2,649.88,0.0037349707
1099,2152,578,2367488,0.0729736328125,0.9307461380958557,3.2265504032373427,0.5911176800727844,5770,0.0003,1.173921823501587,18.124041539999997,-1.7863688811659812,-0.005989447030879091,0.2,657.7,0.0071545225
1101,2153,579,2371584,0.0521240234375,0.9544038772583008,2.7303665712475778,0.5897253751754761,5780,0.0003,0.9823339581489563,17.85141383,-1.7844752371311188,-0.005184916182770394,0.2,662.15,0.008996898
1102,2154,580,2375680,0.049365234375,0.91578608751297,3.6423666521906854,0.5899748206138611,5790,0.0003,1.177924633026123,18.29546022,-1.781428462266922,-0.003969588047766592,0.2,674.67,0.006554536
1104,2154,581,2379776,0.0625732421875,0.9233914613723755,2.6022161155939103,0.5912538170814514,5800,0.0003,0.9111961126327515,18.327201929999998,-1.7843544036149979,-0.004770882095908746,0.2,667.33,0.006910522
1105,2155,582,2383872,0.0479736328125,0.9544092416763306,2.1202324971556665,0.5935708284378052,5810,0.0003,0.7888688445091248,18.372345810000002,-1.79000835865736,-0.003890883713029325,0.2,671.03,0.0043465085
1107,2156,583,2387968,0.0781494140625,0.956261396408081,1.6489748612046242,0.5976125001907349,5820,0.0003,0.8176272511482239,15.848290069999997,-1.8005180060863495,-0.00415443409292493,0.2,658.5,0.00656603
1108,2157,584,2392064,0.039697265625,0.9178888201713562,3.9234551385045053,0.5956835746765137,5830,0.0003,1.0547659397125244,14.728412649999997,-1.8054648846387864,-0.0016673943173373118,0.2,652.11,0.0038998725
1110,2158,585,2396160,0.0485107421875,0.8228558301925659,6.388785201311111,0.5948421955108643,5840,0.0003,1.977824330329895,16.629750650000002,-1.799200104176998,-0.002894324844237417,0.2,663.78,0.007240597
1086,2208,586,2400256,0.060693359375,0.9597156047821045,1.726514707505703,0.5940665006637573,5850,0.0003,0.5523154735565186,16.325264789999995,-1.7969329893589019,-0.006628428742988035,0.2,660.12,0.008064179
1088,2209,587,2404352,0.06728515625,0.9217247366905212,5.562397280335427,0.592791736125946,5860,0.0003,2.086320400238037,15.16227328,-1.7930122390389442,-0.005380823847372085,0.2,636.54,0.0069775227
1089,2210,588,2408448,0.0481201171875,0.8617489337921143,7.616496479511261,0.588904619216919,5870,0.0003,2.5065464973449707,14.319346589999999,-1.7841847777366637,-0.0043614127993350845,0.2,627.09,0.0064151483
1090,2211,589,2412544,0.0725341796875,0.8463331460952759,4.956180876493454,0.590192437171936,5880,0.0003,1.364832878112793,13.63316998,-1.7780269965529443,-0.0066220709224580785,0.2,627.77,0.008789664
1092,2212,590,2416640,0.0597900390625,0.9332940578460693,6.128967851400375,0.5891737937927246,5890,0.0003,2.417370319366455,13.870419559999998,-1.7804868578910829,-0.004887504572980106,0.2,644.03,0.006483561
1093,2212,591,2420736,0.062890625,0.8319109678268433,3.1023680195212364,0.5857772827148438,5900,0.0003,1.2791430950164795,14.855534310000001,-1.773097862303257,-0.006401376362191513,0.2,651.36,0.006822109
1095,2213,592,2424832,0.0585693359375,0.9324731230735779,3.9531243309378623,0.58705735206604,5910,0.0003,2.0733232498168945,16.07309483,-1.7672094598412513,-0.0025834971806034447,0.2,654.32,0.005348267
1096,2214,593,2428928,0.073193359375,0.9665737748146057,1.3668146423995495,0.5887414216995239,5920,0.0003,0.3499964773654938,17.059528009999998,-1.7736916482448577,-0.003862986303283833,0.2,661.56,0.008445632
1098,2215,594,2433024,0.0848876953125,0.941143810749054,2.129290559887886,0.589682400226593,5930,0.0003,0.5866633057594299,15.924041439999998,-1.7777827188372612,-0.006500362342922017,0.2,648.87,0.008194928
1099,2216,595,2437120,0.0570556640625,0.9561920166015625,2.793653829395771,0.5885746479034424,5940,0.0003,0.902897298336029,15.809299880000003,-1.7780367717146874,-0.006014957767911255,0.2,647.96,0.007661115
1101,2217,596,2441216,0.0773681640625,0.9747825860977173,1.4710389792919158,0.5858558416366577,5950,0.0003,0.48976022005081177,15.717534250000002,-1.7711052507162095,-0.0037199923914158716,0.2,641.85,0.0060997475
1102,2218,597,2445312,0.0609375,0.9116593599319458,3.8713216841220857,0.5880856513977051,5960,0.0003,1.561488151550293,15.347237580000002,-1.7686981499195098,-0.0036505497439065946,0.2,639.79,0.0060760453
1103,2218,598,2449408,0.06474609375,0.9619120955467224,1.6455180741846562,0.5873918533325195,5970,0.0003,0.5972833633422852,15.905538330000002,-1.7716774642467499,-0.0029241029697004706,0.2,650.84,0.013518365
1105,2219,599,2453504,0.0970458984375,0.9408239722251892,2.144099675118923,0.5878270864486694,5980,0.0003,0.909569263458252,16.8849479,-1.7725859820842742,-0.005472488497616723,0.2,647.19,0.008461559
1106,2220,600,2457600,0.05849609375,0.9184327125549316,7.888559722900391,0.5859496593475342,5990,0.0003,1.7380858659744263,18.392781259999996,-1.7691469013690948,-0.004375819869164843,0.2,653.01,0.0063857557
1108,2221,601,2461696,0.09052734375,0.9426923394203186,1.6987070336937904,0.5837264060974121,6000,0.0003,0.6768644452095032,15.59191615,-1.761708988249302,-0.006982616425375454,0.2,643.58,0.010646632
1109,2222,602,2465792,0.06220703125,0.7926039695739746,8.492009687423707,0.5846230983734131,6010,0.0003,2.846524238586426,15.76972912,-1.7596009820699692,-0.0034165718709118663,0.2,647.21,0.008783651
1110,2223,603,2469888,0.05771484375,0.9680943489074707,3.343315027654171,0.5891762971878052,6020,0.0003,1.1968759298324585,14.68045308,-1.7677923023700715,-0.0068779080247622915,0.2,649.73,0.006841908
1112,2224,604,2473984,0.0654296875,0.9590058922767639,4.618631023168564,0.5910928249359131,6030,0.0003,1.6631871461868286,15.58065591,-1.780729305744171,-0.0036791410500882195,0.2,657.14,0.0040051444
1113,2225,605,2478080,0.075537109375,0.848752498626709,2.963487322628498,0.5879629254341125,6040,0.0003,1.0247756242752075,15.591015629999998,-1.779873950779438,-0.005462350080779288,0.2,630.92,0.008985797
1114,2226,606,2482176,0.052099609375,0.9440314173698425,3.8135812520980834,0.5888538360595703,6050,0.0003,1.2203049659729004,15.606590650000003,-1.7746991068124771,-0.005722285737283528,0.2,623.92,0.005782044
1116,2227,607,2486272,0.072216796875,0.9562346339225769,2.627019467949867,0.5893272757530212,6060,0.0003,0.9670029878616333,16.918618759999998,-1.7779559731483459,-0.004979557875776664,0.2,624.31,0.0067805136
1117,2228,608,2490368,0.0757080078125,0.965520441532135,2.727762261033058,0.5869056582450867,6070,0.0003,1.1601165533065796,15.82152615,-1.7761085659265519,-0.007156787381973118,0.2,621.51,0.008608537
1119,2229,609,2494464,0.043359375,0.9569520950317383,3.0041678160429,0.589113712310791,6080,0.0003,0.741631805896759,16.3606386,-1.7723261550068856,-0.0025495752197457477,0.2,621.88,0.00480379
1120,2230,610,2498560,0.0798583984375,0.9362691640853882,1.252350963652134,0.5941166281700134,6090,0.0003,0.3550688624382019,13.91307752,-1.7847336307168007,-0.0019326762441778556,0.2,625.12,0.00660894
1096,2281,611,2502656,0.0560791015625,0.9394245147705078,5.105488416552544,0.5930038094520569,6100,0.0003,1.8491287231445312,14.023308360000001,-1.7940013274550437,-0.003970817805384286,0.2,628.63,0.0052034403
1098,2282,612,2506752,0.0519287109375,0.9340083003044128,3.890591971576214,0.5915293097496033,6110,0.0003,1.9958739280700684,12.67255911,-1.788558942079544,-0.005295019189361483,0.2,625.13,0.0062327804
1099,2283,613,2510848,0.091015625,0.9696972966194153,2.054257991164923,0.5957984924316406,6120,0.0003,0.5154861807823181,12.067574910000003,-1.789171603322029,-0.007284056564094499,0.2,627.75,0.0064185886
1101,2284,614,2514944,0.0776611328125,0.9336420297622681,3.8777660697698595,0.5978783369064331,6130,0.0003,1.4097216129302979,11.738492780000001,-1.8043255433440208,-0.0036772704144823363,0.2,630.11,0.006964339
1102,2284,615,2519040,0.058203125,0.9666093587875366,3.1720669344067574,0.5982344150543213,6140,0.0003,1.0199700593948364,10.612241419999998,-1.8087186515331268,-0.004574749925814104,0.2,619.92,0.005778687
1103,2285,616,2523136,0.034814453125,0.9071531295776367,6.367815746366977,0.5996624827384949,6150,0.0003,4.931277275085449,13.5657893,-1.8105579257011413,-0.004593619529623538,0.2,632.13,0.0030747023
1105,2286,617,2527232,0.094482421875,0.9521514773368835,1.4324370868504048,0.5982507467269897,6160,0.0003,0.44202330708503723,13.909995819999999,-1.8129730612039565,-0.0050223466154420745,0.2,625.26,0.008392369
1106,2287,618,2531328,0.0777587890625,0.9059063196182251,2.5888103052973745,0.5944148302078247,6170,0.0003,0.5777184367179871,16.254967199999996,-1.8042133390903472,-0.0032100321870530022,0.2,633.75,0.0070591928
1108,2287,619,2535424,0.0935546875,0.9816258549690247,0.747398704662919,0.5962986946105957,6180,0.0003,0.23318500816822052,18.11235793,-1.7988113060593605,-0.006752237241016701,0.2,629.13,0.011524686
1109,2288,620,2539520,0.1216796875,0.9644249677658081,1.5518101766705512,0.5910252332687378,6190,0.0003,0.8873363733291626,20.76047261,-1.7983876153826714,-0.001287880231393501,0.2,623.94,0.006310556
1110,2289,621,2543616,0.077294921875,0.9581500291824341,1.712244901806116,0.5877684354782104,6200,0.0003,0.567538857460022,20.369545440000003,-1.7786848574876786,-0.006016630837984848,0.2,635.12,0.008616054
1112,2290,622,2547712,0.063916015625,0.8262516856193542,6.758256901800633,0.5896644592285156,6210,0.0003,2.779822587966919,19.485175039999998,-1.7767152652144431,-0.00453163562779082,0.2,630.22,0.0070681786
1113,2291,623,2551808,0.0567138671875,0.967695415019989,2.6481176182627677,0.5899945497512817,6220,0.0003,0.9207987189292908,19.927205540000003,-1.7814776450395584,-0.003316493079182692,0.2,619.96,0.008483347
1115,2291,624,2555904,0.0711669921875,0.9536576867103577,1.7552135296165943,0.5904554128646851,6230,0.0003,0.5210179686546326,20.713257510000002,-1.7815439879894257,-0.0025994199531851336,0.2,618.45,0.005484718
1116,2292,625,2560000,0.111279296875,0.9726380109786987,0.9064781002700328,0.5872136950492859,6240,0.0003,0.3697931170463562,21.37578743,-1.779383896291256,-0.0036566701193805782,0.2,605.32,0.009922518
1117,2293,626,2564096,0.04658203125,0.9312570691108704,5.720991861820221,0.5834732055664062,6250,0.0003,1.9234060049057007,20.80881819,-1.7656297460198402,-0.00319726013840409,0.2,611.3,0.0047936994
1119,2294,627,2568192,0.0430419921875,0.8793436884880066,6.192323851585388,0.5835922956466675,6260,0.0003,2.1771883964538574,20.14106491,-1.7586427211761475,-0.004814049907145091,0.2,612.86,0.0062162075
1120,2295,628,2572288,0.05498046875,0.9419810771942139,3.74094395339489,0.5849757194519043,6270,0.0003,1.0889179706573486,18.549839079999998,-1.7608800902962685,-0.005080979212652892,0.2,599.32,0.00547583
1122,2296,629,2576384,0.0533203125,0.9688652157783508,2.6002272203564645,0.5863248705863953,6280,0.0003,0.8625032901763916,18.218690769999995,-1.7663245514035224,-0.005531544814584777,0.2,602.42,0.0048126755
1123,2296,630,2580480,0.0627685546875,0.9063282608985901,2.271126979589462,0.5868765115737915,6290,0.0003,0.7332932353019714,20.121139289999995,-1.7698161214590074,-0.0039328510727500545,0.2,612.8,0.007263895
1124,2297,631,2584576,0.0766357421875,0.928817868232727,2.445316396653652,0.5828273296356201,6300,0.0003,0.8400642275810242,19.415457710000002,-1.765059806406498,-0.004333831591793569,0.2,601.54,0.0057156617
1126,2298,632,2588672,0.0562744140625,0.9606559872627258,1.6900470033288002,0.58304762840271,6310,0.0003,0.5650286078453064,18.289346459999997,-1.755880954861641,-0.003150393778923899,0.2,597.27,0.0053053154
1127,2299,633,2592768,0.0756103515625,0.9023092985153198,3.3441617146134375,0.5794881582260132,6320,0.0003,1.0732423067092896,16.60408644,-1.752888023853302,-0.006225438959518215,0.2,596.78,0.007813042
1129,2300,634,2596864,0.0365966796875,0.8785271644592285,5.608358716964721,0.5780532360076904,6330,0.0003,1.6048187017440796,16.332369810000003,-1.7410717830061913,-0.003556063029100187,0.2,600.47,0.0052204086
1105,2352,635,2600960,0.0595703125,0.9233176112174988,4.07810529768467,0.5733612775802612,6340,0.0003,2.09411883354187,16.01549031,-1.7334244921803474,-0.005995283044467214,0.2,597.3,0.009139735
1106,2353,636,2605056,0.0742919921875,0.9763222336769104,1.5517174251377583,0.5741084814071655,6350,0.0003,0.7201622128486633,14.88183509,-1.7223670199513434,-0.006425007243524306,0.2,597.24,0.007536481
1108,2354,637,2609152,0.0436279296875,0.9026361107826233,5.422218942642212,0.575135350227356,6360,0.0003,1.9991989135742188,14.922652830000002,-1.7257215946912765,-0.0038741299649700522,0.2,600.39,0.005122985
1109,2355,638,2613248,0.0841552734375,0.9376174807548523,2.5636093854904174,0.5768545866012573,6370,0.0003,1.2353225946426392,14.367349749999999,-1.7317814171314239,-0.005758513713954016,0.2,617.84,0.008464944
1110,2355,639,2617344,0.0525390625,0.9607481360435486,3.0745215311646463,0.5768022537231445,6380,0.0003,1.4815443754196167,14.387555440000002,-1.7346863612532615,-0.0036938975157681853,0.2,619.58,0.0066365898
1112,2356,640,2621440,0.0840576171875,0.9743369221687317,1.341187746822834,0.57115238904953,6390,0.0003,0.5518152117729187,14.08949231,-1.7255436763167382,-0.005694471002789215,0.2,630.09,0.010470898
1113,2357,641,2625536,0.075830078125,0.8667996525764465,4.689389769732952,0.5688222050666809,6400,0.0003,2.150325059890747,15.329467029999998,-1.70913115888834,-0.0029375502606853844,0.2,621.96,0.006853623
1115,2358,642,2629632,0.0524658203125,0.9563847780227661,1.8976247176527976,0.5612646341323853,6410,0.0003,0.516136646270752,15.38959766,-1.693623887002468,-0.005316777739790268,0.2,621.43,0.0063026496
1116,2359,643,2633728,0.0310791015625,0.9720780253410339,3.882912051677704,0.562252402305603,6420,0.0003,1.4443044662475586,16.08802128,-1.6795013472437859,-0.0022952142520807684,0.2,636.43,0.004618474
1117,2359,644,2637824,0.0511474609375,0.9633430242538452,1.9227074056863784,0.560787558555603,6430,0.0003,0.8166609406471252,17.14472089,-1.681910428404808,-0.004681303097459022,0.2,634.81,0.0049793515
1119,2360,645,2641920,0.0443359375,0.9440939426422119,3.4846833020448686,0.5595272183418274,6440,0.0003,1.3792873620986938,15.288566540000001,-1.6758622169494628,-0.004989618004765361,0.2,623.56,0.0061698295
1120,2361,646,2646016,0.0548583984375,0.9228331446647644,7.238505417108536,0.5605549812316895,6450,0.0003,2.709503173828125,14.25726132,-1.6754843279719354,-0.005239608585543465,0.2,614.4,0.0070383446
1121,2362,647,2650112,0.0486083984375,0.9419488906860352,4.316880738735199,0.5584490299224854,6460,0.0003,1.6156227588653564,14.08342058,-1.674775981903076,-0.0053172145897406155,0.2,622.8,0.0058504306
1123,2363,648,2654208,0.0721923828125,0.9470547437667847,5.487763670086861,0.5570385456085205,6470,0.0003,2.092764139175415,15.19334402,-1.6666866540908813,-0.005498321756022051,0.2,629.11,0.006635472
1124,2363,649,2658304,0.06748046875,0.9267353415489197,2.4603719085454943,0.5587012767791748,6480,0.0003,0.9312145113945007,11.53117886,-1.6668245479464532,-0.00623261141590774,0.2,612.28,0.0064971074
1125,2364,650,2662400,0.029296875,0.932887852191925,6.320224189758301,0.5581036806106567,6490,0.0003,1.9930835962295532,12.380521580000002,-1.6698177769780158,-0.005094608623767272,0.2,602.52,0.004258109
1127,2365,651,2666496,0.0982666015625,0.9677399396896362,1.9799725726246833,0.5564221739768982,6500,0.0003,0.7029581665992737,10.88512444,-1.6656771078705788,-0.004357459937455133,0.2,594.73,0.011713329
1128,2366,652,2670592,0.0591064453125,0.9108021259307861,7.351058781147003,0.5554933547973633,6510,0.0003,2.051689386367798,12.102982540000001,-1.6610905438661576,-0.005886043843929656,0.2,595.49,0.007107533
1129,2367,653,2674688,0.082861328125,0.9182595014572144,3.087232856452465,0.5554642081260681,6520,0.0003,1.3383245468139648,10.245840350000002,-1.658727616071701,-0.0021266823743644634,0.2,585.33,0.006950067
1131,2367,654,2678784,0.0723876953125,0.9288753867149353,4.5627347260713575,0.552513062953949,6530,0.0003,1.6633789539337158,11.32457612,-1.6548217952251434,-0.003087367693660781,0.2,586.61,0.007752628
1132,2368,655,2682880,0.048681640625,0.8939628005027771,4.3473951369524,0.5528573989868164,6540,0.0003,1.2272167205810547,12.495240650000003,-1.646104834973812,-0.0038196364359464495,0.2,579.25,0.0072448766
1133,2369,656,2686976,0.09453125,0.971577525138855,2.1817188203334807,0.5520972013473511,6550,0.0003,0.5249905586242676,13.130991380000001,-1.6491068378090858,-0.004939054964052047,0.2,581.88,0.01069948
1135,2370,657,2691072,0.09052734375,0.9613908529281616,1.5650307185947896,0.557125449180603,6560,0.0003,0.47935447096824646,13.720409360000003,-1.6538657635450362,-0.0038982346246484666,0.2,578.02,0.007992347
1136,2371,658,2695168,0.08056640625,0.9394261240959167,3.5318809270858766,0.557097315788269,6570,0.0003,1.45456862449646,13.479074990000004,-1.6656664118170739,-0.005400321847992018,0.2,584.68,0.0065939287
1137,2372,659,2699264,0.0516357421875,0.9352742433547974,2.2876751720905304,0.5570755004882812,6580,0.0003,0.8923406600952148,14.35789634,-1.6641491442918777,-0.00462699658528436,0.2,590.58,0.0060559334
1115,2423,660,2703360,0.0514892578125,0.9158146381378174,2.990254670381546,0.5558876991271973,6590,0.0003,0.9448196291923523,15.926756910000002,-1.6631278157234193,-0.0025590250050299803,0.2,608.86,0.0055950386
1116,2424,661,2707456,0.045263671875,0.9344092607498169,2.8610769882798195,0.5571261644363403,6600,0.0003,1.2476494312286377,14.12733683,-1.662088605761528,-0.004835446600918658,0.2,603.74,0.0051532434
1118,2424,662,2711552,0.04287109375,0.8933106064796448,7.696334424614906,0.5569497346878052,6610,0.0003,1.6086442470550537,16.6327704,-1.6645178571343422,-0.004934553152997978,0.2,611.15,0.004251373
1119,2425,663,2715648,0.06435546875,0.9239529371261597,2.6691404029726984,0.5529255867004395,6620,0.0003,0.8527501821517944,16.21268686,-1.6581242024898528,-0.004044236525078304,0.2,589.77,0.008864471
1120,2426,664,2719744,0.0613037109375,0.9377461671829224,2.259939470887184,0.5532477498054504,6630,0.0003,0.6701598763465881,17.83935175,-1.648143933713436,-0.004439551176619716,0.2,599.58,0.005784087
1122,2427,665,2723840,0.0721435546875,0.9461998343467712,1.6459724746644497,0.5561572313308716,6640,0.0003,0.38661864399909973,16.04734563,-1.6543740451335907,-0.0034831111086532475,0.2,612.11,0.0064487243
1123,2428,666,2727936,0.0595947265625,0.9075777530670166,6.495070731639862,0.5568236112594604,6650,0.0003,2.278926372528076,16.514030679999998,-1.6629916951060295,-0.0027992970542982222,0.2,619.02,0.0052305255
1124,2429,667,2732032,0.0609130859375,0.9506770968437195,4.3822174072265625,0.559114396572113,6660,0.0003,1.4438432455062866,14.6458425,-1.6667378768324852,-0.005702423857292161,0.2,610.55,0.0062236236
1126,2429,668,2736128,0.0598876953125,0.8488833904266357,10.681285119056701,0.5582419633865356,6670,0.0003,4.5775885581970215,14.675362209999998,-1.6698763847351075,-0.005542257129854988,0.2,609.53,0.0060396153
1127,2430,669,2740224,0.0595947265625,0.7841058969497681,7.9579440474510195,0.5585718750953674,6680,0.0003,2.5936179161071777,11.171076449999997,-1.667299647629261,-0.005325551651185379,0.2,595.16,0.0059760883
1128,2431,670,2744320,0.0461181640625,0.9256764650344849,8.652484080195427,0.5587563514709473,6690,0.0003,2.511810302734375,9.79201776,-1.6698698744177818,-0.0044480251090135425,0.2,592.46,0.0059335516
1129,2432,671,2748416,0.0400634765625,0.9507471323013306,4.73710843026638,0.5585455298423767,6700,0.0003,1.8251956701278687,8.337718019999999,-1.6699518963694573,-0.0035381097841309384,0.2,574.82,0.004886301
1131,2433,672,2752512,0.0531982421875,0.8987962603569031,3.683500215411186,0.5632638931274414,6710,0.0003,1.4213680028915405,7.51725871,-1.6751681566238403,-0.00503510701819323,0.2,570.11,0.0041758064
1132,2434,673,2756608,0.1094482421875,0.9001227021217346,3.7077917620539664,0.565362811088562,6720,0.0003,1.0280622243881226,6.522356030000001,-1.690714643895626,-0.003740255130105652,0.2,565.94,0.0072217686
1133,2435,674,2760704,0.0808837890625,0.9020108580589294,5.989060920476914,0.5659869909286499,6730,0.0003,2.0007426738739014,4.668954330000001,-1.694144456088543,-0.004649472018354572,0.2,557.52,0.00840432
1135,2435,675,2764800,0.043896484375,0.9476110339164734,3.0025074273347854,0.5685156583786011,6740,0.0003,0.8258975148200989,3.0887407300000014,-1.6987980276346206,-0.004161971848225221,0.2,563.5,0.005167652
1136,2436,676,2768896,0.0640625,0.9618616104125977,3.8699155867099764,0.566085934638977,6750,0.0003,1.2057313919067383,3.38717986,-1.7019889011979104,-0.0033037461136700584,0.2,561.55,0.0030986934
1137,2437,677,2772992,0.064013671875,0.9295098781585693,2.5763485923409464,0.5645614862442017,6760,0.0003,0.9786764979362488,2.8054005200000005,-1.6924029663205147,-0.0030408994382014496,0.2,562.81,0.0066935397
1138,2438,678,2777088,0.0650634765625,0.8987115025520325,6.177186876535416,0.5680088996887207,6770,0.0003,2.977325677871704,2.3495654300000006,-1.6942807495594026,-0.006704251706105424,0.2,573.22,0.00810865
1140,2439,679,2781184,0.0561279296875,0.921854555606842,3.5636714681982995,0.5695785880088806,6780,0.0003,1.0108410120010376,2.8006404000000016,-1.7052926436066627,-0.005045147979399189,0.2,574.67,0.006583267
1141,2439,680,2785280,0.0596435546875,0.9573465585708618,5.385113564133644,0.5692554116249084,6790,0.0003,2.8606715202331543,3.3857171299999997,-1.7070919066667556,-0.00560648240352748,0.2,577.44,0.0073286723
1142,2440,681,2789376,0.0728271484375,0.9541855454444885,2.887440150976181,0.5679500102996826,6800,0.0003,0.7837473154067993,5.556098109999999,-1.7047023266553878,-0.005695506103802472,0.2,585.57,0.0053135343
1144,2441,682,2793472,0.0677734375,0.8572797775268555,2.158249336481094,0.5626569390296936,6810,0.0003,0.6821280121803284,8.017348619999998,-1.6971934899687766,-0.004255401699629147,0.2,598.46,0.012303371
1145,2442,683,2797568,0.088525390625,0.9370534420013428,2.60510066896677,0.5630228519439697,6820,0.0003,0.8239103555679321,8.01744332,-1.6837935864925384,-0.005491938575869426,0.2,599.52,0.0077174436
1122,2496,684,2801664,0.0616455078125,0.9707464575767517,2.5274310812354086,0.564112663269043,6830,0.0003,0.7749811410903931,8.83770559,-1.687281996011734,-0.0043260637059574945,0.2,608.69,0.00683921
1123,2497,685,2805760,0.0669189453125,0.9244005680084229,7.037071943283081,0.5673508644104004,6840,0.0003,5.291523456573486,11.130183449999999,-1.6945896208286286,-0.0020079630543477834,0.2,611.84,0.008075938
1124,2498,686,2809856,0.087890625,0.9583741426467896,1.5426644206047058,0.5684113502502441,6850,0.0003,0.4310113489627838,12.361419759999999,-1.702412188053131,-0.003372471430338919,0.2,624.71,0.009699626
1125,2499,687,2813952,0.0943359375,0.9690378904342651,3.016197219491005,0.5673999190330505,6860,0.0003,0.9920257925987244,10.78805742,-1.7023234724998475,-0.00474645726790186,0.2,605.75,0.0071011167
1126,2500,688,2818048,0.0352783203125,0.9402068853378296,4.56100719422102,0.5646400451660156,6870,0.0003,1.5632033348083496,13.107879930000003,-1.6959909990429878,-0.003039123172129621,0.2,596.89,0.004880277
1128,2501,689,2822144,0.06416015625,0.9535692930221558,2.3594377815723417,0.5668092370033264,6880,0.0003,0.8372045159339905,15.81050889,-1.6933320835232735,-0.006152192802983336,0.2,608.82,0.009648851
1129,2502,690,2826240,0.055615234375,0.9665142297744751,3.236244407296181,0.5659041404724121,6890,0.0003,0.7445911169052124,17.44601088,-1.697054859995842,-0.0025597858882974835,0.2,608.06,0.0045753317
1130,2503,691,2830336,0.0606689453125,0.9244229197502136,4.3503908038139345,0.5629972219467163,6900,0.0003,1.3442739248275757,16.20260759,-1.6900472536683082,-0.004853897599969059,0.2,610.98,0.0059846463
1131,2504,692,2834432,0.0987060546875,0.9430859088897705,1.9049132004380227,0.5618832111358643,6910,0.0003,0.8462789058685303,18.00755608,-1.6833499476313591,-0.0045779861771734435,0.2,608.89,0.009533725
1132,2505,693,2838528,0.109765625,0.969378650188446,1.0994773827493192,0.555320143699646,6920,0.0003,0.34150978922843933,18.531453709999997,-1.6688047155737877,-0.006328697575372644,0.2,589.45,0.011533075
1134,2506,694,2842624,0.0767822265625,0.9597424268722534,1.2949937984347344,0.5571848154067993,6930,0.0003,0.7611505389213562,20.191207739999996,-1.657628494501114,-0.003251004099729471,0.2,593.96,0.0064482708
1135,2507,695,2846720,0.06533203125,0.9473951458930969,3.5476888313889505,0.556869626045227,6940,0.0003,1.062684416770935,19.613560359999997,-1.6636320799589157,-0.003658869409991894,0.2,584.12,0.005143784
1136,2508,696,2850816,0.07958984375,0.9594957232475281,1.6045188054442405,0.5549070835113525,6950,0.0003,0.5344905853271484,18.786644319999994,-1.6595429867506026,-0.005189458742097486,0.2,575.85,0.013068128
1137,2509,697,2854912,0.08701171875,0.9410625696182251,4.549636217951774,0.5582147836685181,6960,0.0003,1.3495362997055054,17.56226331,-1.6601675227284431,-0.003286540519911796,0.2,564.81,0.010534836
1138,2510,698,2859008,0.0490478515625,0.9505170583724976,4.981945267319679,0.5578609108924866,6970,0.0003,1.656380534172058,15.569573829999994,-1.6671958222985268,-0.0034696672955760732,0.2,553.61,0.0061866734
1140,2510,699,2863104,0.0436279296875,0.9300956130027771,7.526473492383957,0.5591203570365906,6980,0.0003,3.4668960571289062,15.52830039,-1.6665293753147126,-0.005005751427961514,0.2,553.34,0.0074572125
1141,2511,700,2867200,0.081591796875,0.9688632488250732,1.3875167518854141,0.5651932954788208,6990,0.0003,0.4395347237586975,13.53671679,-1.6799419328570366,-0.004728177317883819,0.2,558.9,0.012931162
1142,2512,701,2871296,0.1163330078125,0.9563941359519958,5.11659337580204,0.5640754103660583,7000,0.0003,1.390047311782837,13.90767036,-1.692065805196762,0.0008141321915900335,0.2,575.73,0.0036806203
1143,2513,702,2875392,0.035791015625,0.9657729268074036,3.727382889389992,0.5630292892456055,7010,0.0003,1.187834620475769,15.066152200000001,-1.6862472787499427,-0.00299254642741289,0.2,581.05,0.005143051
1145,2514,703,2879488,0.082666015625,0.9565553069114685,1.2290465347468853,0.562340259552002,7020,0.0003,0.3936488926410675,15.227595209999999,-1.6839432954788207,-0.0034802346519427372,0.2,566.97,0.012125248
1146,2515,704,2883584,0.090576171875,0.9609553813934326,3.449851432442665,0.5614812970161438,7030,0.0003,1.5432676076889038,13.880936399999998,-1.6790357619524001,-0.0033235319482628257,0.2,561.28,0.00682013
1147,2515,705,2887680,0.0512939453125,0.9422212839126587,4.8690727144479755,0.5611429214477539,7040,0.0003,1.3742533922195435,14.27446991,-1.6772813454270363,-0.004712141762138344,0.2,559.12,0.007865818
1148,2516,706,2891776,0.069873046875,0.9470282196998596,2.947239761054516,0.5634927749633789,7050,0.0003,0.9480289816856384,13.19813099,-1.6791890248656274,-0.006137445915373974,0.2,570.02,0.0063615423
1150,2517,707,2895872,0.050537109375,0.9337930083274841,3.790419854223728,0.562516450881958,7060,0.0003,1.3733882904052734,10.815127380000002,-1.6834581226110459,-0.004783008087542839,0.2,582.68,0.005656193
1151,2518,708,2899968,0.057373046875,0.9331321716308594,6.4974147319793705,0.5637627840042114,7070,0.0003,4.944753646850586,11.66536638,-1.6821016475558281,-0.004719549254514277,0.2,598.38,0.0043439437
1129,2570,709,2904064,0.1038818359375,0.9788855910301208,1.0714796870946883,0.5650712251663208,7080,0.0003,0.38228967785835266,12.230336660000003,-1.6880583003163339,-0.006455058699066285,0.2,588.41,0.008001944
1131,2571,710,2908160,0.0791015625,0.8180359601974487,8.115119311213494,0.564764142036438,7090,0.0003,3.507511854171753,12.831918979999998,-1.6911978378891945,-0.0043577502699918115,0.2,608.16,0.0065013757
1132,2571,711,2912256,0.04189453125,0.9258505702018738,4.679181307554245,0.5646304488182068,7100,0.0003,1.336000680923462,10.3054742,-1.6907287314534187,-0.005951466580154374,0.2,610.44,0.0057929074
1133,2572,712,2916352,0.03583984375,0.9221799373626709,5.052696192264557,0.5631400942802429,7110,0.0003,1.8479264974594116,13.21304851,-1.687472754716873,-0.0037003302830271425,0.2,629.9,0.0055869073
1134,2573,713,2920448,0.064111328125,0.962640106678009,1.471196562796831,0.5558326840400696,7120,0.0003,0.5570055246353149,13.61377374,-1.673343835771084,-0.003538786096032709,0.2,634.14,0.0062642684
1136,2574,714,2924544,0.082470703125,0.928372323513031,6.1486466318368915,0.5566427707672119,7130,0.0003,2.488680601119995,13.083860309999999,-1.657443518936634,-0.004178283008513972,0.2,646.74,0.006058163
1137,2575,715,2928640,0.0482666015625,0.8654183149337769,7.4758004426956175,0.5562319755554199,7140,0.0003,4.5991692543029785,14.85661318,-1.6597391456365584,-0.005054967341129668,0.2,637.13,0.0049217716
1138,2575,716,2932736,0.07412109375,0.9219486713409424,3.3925186157226563,0.5560863018035889,7150,0.0003,1.0680432319641113,16.31782668,-1.6598286926746368,-0.006800735203432851,0.2,629.19,0.007174653
1139,2576,717,2936832,0.0705078125,0.9250617027282715,2.6601523742079736,0.5525041818618774,7160,0.0003,0.8970016837120056,16.58827868,-1.6537666842341423,-0.005392416012182366,0.2,643.55,0.007605169
1140,2577,718,2940928,0.0706298828125,0.9286020398139954,3.392228774726391,0.5494216680526733,7170,0.0003,1.3353748321533203,14.260542349999998,-1.6416857361793518,-0.006440723070409149,0.2,649.35,0.007879216
1142,2578,719,2945024,0.0388671875,0.9094976186752319,5.003606542944908,0.5493882298469543,7180,0.0003,1.3076027631759644,14.926403939999998,-1.6351133689284325,-0.0038121595775010065,0.2,650.8,0.005818946
1143,2579,720,2949120,0.0580322265625,0.9614768624305725,2.27646893709898,0.5482178926467896,7190,0.0003,0.8289881348609924,15.021226300000002,-1.6340599164366723,-0.0038943431165535,0.2,645.96,0.0068359803
1144,2580,721,2953216,0.058740234375,0.9480363130569458,2.604554459452629,0.5500310659408569,7200,0.0003,0.9161564111709595,12.67748541,-1.6338213324546813,-0.004603706984198652,0.2,630.82,0.00784082
1145,2581,722,2957312,0.0494140625,0.8933547139167786,5.776066447794437,0.5493390560150146,7210,0.0003,2.5306217670440674,13.421272730000005,-1.636833330988884,-0.004447420212090947,0.2,634.66,0.0065172645
1146,2582,723,2961408,0.0873779296875,0.9727066159248352,1.8800097480416298,0.5457025766372681,7220,0.0003,0.5898598432540894,13.272601250000003,-1.6292546004056931,-0.006055934903270099,0.2,626.22,0.009305967
1148,2582,724,2965504,0.05361328125,0.8910874724388123,3.9585103332996368,0.5493093729019165,7230,0.0003,1.145838737487793,13.333196640000004,-1.6276005700230598,-0.003817249578423798,0.2,624.68,0.0052876514
1149,2583,725,2969600,0.072607421875,0.8942073583602905,1.1594794370234012,0.5488333702087402,7240,0.0003,0.2962493896484375,13.736137259999998,-1.636006474494934,-0.004414057929534465,0.2,633.51,0.009997618
1150,2585,726,2973696,0.101611328125,0.8677281737327576,2.388217006623745,0.549272894859314,7250,0.0003,0.7999526262283325,15.317458449999998,-1.6374259024858475,-0.004516479396261275,0.2,622.27,0.007155765
1151,2586,727,2977792,0.0388916015625,0.9628517031669617,4.144342716038227,0.5491015911102295,7260,0.0003,1.0275986194610596,14.166827719999999,-1.6366273403167724,-0.0035103732137940825,0.2,621.15,0.0058712633
1152,2587,728,2981888,0.075732421875,0.9453453421592712,4.384457838535309,0.5500379204750061,7270,0.0003,1.844455361366272,13.102306870000001,-1.6382572010159493,-0.0050198458149679935,0.2,620.51,0.005893173
1153,2588,729,2985984,0.081591796875,0.9689914584159851,2.4857295200228693,0.5519137978553772,7280,0.0003,0.897659182548523,15.10540366,-1.6427473828196526,-0.004248678995645605,0.2,625.43,0.009370242
1154,2589,730,2990080,0.144873046875,0.9284598231315613,1.33774651363492,0.5543003082275391,7290,0.0003,0.541228175163269,11.858031400000002,-1.6509270057082177,-0.004601145250489935,0.2,601.21,0.009718597
1156,2590,731,2994176,0.0620849609375,0.952876627445221,6.795088943839073,0.5551168322563171,7300,0.0003,2.366138458251953,11.46444103,-1.6560256361961365,-0.004802816928713582,0.2,604.34,0.005867214
1157,2591,732,2998272,0.0750244140625,0.9316964745521545,1.9811413019895554,0.5558992028236389,7310,0.0003,0.7393463850021362,11.940224620000002,-1.659744094312191,-0.004086123745946679,0.2,604.18,0.011391884
1134,2645,733,3002368,0.0927001953125,0.9304494261741638,3.1994759783148767,0.5526546835899353,7320,0.0003,1.05253005027771,13.58308667,-1.6549302875995635,-0.00507245647313539,0.2,605.53,0.0070618438
1136,2646,734,3006464,0.0863037109375,0.9542291760444641,2.724113954603672,0.5497276186943054,7330,0.0003,1.1755878925323486,12.36149132,-1.6438916206359864,-0.005698789481539279,0.2,603.92,0.007985469
1137,2647,735,3010560,0.049951171875,0.9235928058624268,4.835754580795765,0.5501440167427063,7340,0.0003,1.1949366331100464,11.89124955,-1.637813115119934,-0.004312465639668517,0.2,614.74,0.0068734274
1138,2648,736,3014656,0.0756103515625,0.9525630474090576,3.184531444311142,0.5467027425765991,7350,0.0003,1.0307055711746216,14.43060185,-1.6352010786533355,-0.008445970549655613,0.2,625.78,0.008699017
1139,2648,737,3018752,0.0533447265625,0.925121009349823,3.8669933035969732,0.5451422929763794,7360,0.0003,1.417050838470459,15.37789899,-1.6240320533514023,-0.006647112754581031,0.2,636.41,0.006535413
1140,2649,738,3022848,0.0742431640625,0.9576504230499268,2.5737225100398065,0.5454204082489014,7370,0.0003,0.9383307695388794,15.454511370000002,-1.6227548241615295,-0.005553866704576649,0.2,623.8,0.0078056064
1142,2650,739,3026944,0.0857421875,0.9614584445953369,1.5714270979166032,0.5413980484008789,7380,0.0003,0.6526091694831848,13.837994600000002,-1.6165726482868195,-0.004006857186323032,0.2,609.6,0.009424457
1143,2651,740,3031040,0.0801513671875,0.9456520080566406,2.8669356629252434,0.5376094579696655,7390,0.0003,0.8785122632980347,14.66435105,-1.600980642437935,-0.0028293207084061577,0.2,604.82,0.012186856
1144,2652,741,3035136,0.0658203125,0.9748472571372986,1.5973832309246063,0.534795343875885,7400,0.0003,0.6095629930496216,15.903034060000003,-1.589027002453804,-0.0047960438416339455,0.2,606.58,0.0041675316
1145,2652,742,3039232,0.0677978515625,0.9548212289810181,2.337213061749935,0.5319052934646606,7410,0.0003,0.8171651363372803,14.44855283,-1.5787330344319344,-0.004793367980164475,0.2,602.58,0.005226639
1146,2653,743,3043328,0.0473876953125,0.9569215178489685,3.0568503066897392,0.5334346890449524,7420,0.0003,1.2624088525772095,14.35570977,-1.573677049577236,-0.004685638668888714,0.2,598.7,0.0065420577
1148,2654,744,3047424,0.0505126953125,0.9769359230995178,1.7415574334561825,0.5329557657241821,7430,0.0003,0.5220639705657959,14.977440480000002,-1.5779698327183724,-0.004717714225989766,0.2,602.58,0.010225013
1149,2655,745,3051520,0.07138671875,0.9531471729278564,2.042271128296852,0.5291562080383301,7440,0.0003,0.6564053297042847,14.738401909999999,-1.5684217989444733,-0.006707623219699599,0.2,602.71,0.0062993215
1150,2656,746,3055616,0.1111083984375,0.9681667685508728,2.8623720541596414,0.5317273139953613,7450,0.0003,0.9566905498504639,13.950994200000002,-1.5636165112257003,-0.004652727066422812,0.2,617.87,0.012128688
1151,2656,747,3059712,0.0556396484375,0.9464613199234009,4.19501029253006,0.5310425162315369,7460,0.0003,1.1138032674789429,13.626798299999997,-1.569336999952793,-0.005415135389921488,0.2,619.01,0.0056502493
1152,2657,748,3063808,0.05048828125,0.9556509256362915,3.1054712533950806,0.5355546474456787,7470,0.0003,1.0494170188903809,11.246179969999998,-1.5737497553229332,-0.0047977622743928805,0.2,612.2,0.008770957
1153,2658,749,3067904,0.0446533203125,0.9410544037818909,3.8210425853729246,0.5373092889785767,7480,0.0003,1.4734241962432861,12.871815329999999,-1.586720237135887,-0.004239982436411082,0.2,616.51,0.0060271607
1155,2659,750,3072000,0.0929443359375,0.8901364207267761,4.951141597330571,0.5371927618980408,7490,0.0003,1.1201752424240112,12.66606517,-1.5894847348332406,-0.0043156966828973966,0.2,620.43,0.012823667
1156,2660,751,3076096,0.0731689453125,0.894477903842926,6.0288145080208775,0.5395520925521851,7500,0.0003,1.3753968477249146,13.293854330000002,-1.5935808956623077,-0.004435587109765038,0.2,619.22,0.009608225
1157,2661,752,3080192,0.081689453125,0.9580151438713074,2.128190112113953,0.5360554456710815,7510,0.0003,0.7709307670593262,10.83728623,-1.5941144049167633,-0.004979592320160009,0.2,601.36,0.0104277525
1158,2661,753,3084288,0.0658447265625,0.9109696745872498,5.491400253772736,0.5364291667938232,7520,0.0003,1.1077076196670532,11.421745090000002,-1.5851801335811615,-0.003223784768488258,0.2,607.02,0.006820322
1159,2662,754,3088384,0.0721923828125,0.9467378854751587,1.666365060210228,0.5357378125190735,7530,0.0003,0.39587146043777466,10.112326239999998,-1.5870384663343429,-0.004284331342205405,0.2,606.37,0.00882526
1160,2663,755,3092480,0.0566650390625,0.9410606026649475,4.431744486093521,0.5350260734558105,7540,0.0003,1.2297250032424927,9.29658298,-1.5839162662625312,-0.004704663885058835,0.2,606.58,0.006614442
1162,2664,756,3096576,0.0810546875,0.951056957244873,3.186419966816902,0.5328183174133301,7550,0.0003,1.3209471702575684,9.31991055,-1.5783721044659615,-0.006235581269720569,0.2,618.47,0.009150071
1140,2719,757,3100672,0.0362060546875,0.9273954629898071,4.596316063404084,0.5344008207321167,7560,0.0003,1.6759629249572754,9.36604796,-1.5757461577653884,-0.0058158921485301105,0.2,624.94,0.00464442
1141,2720,758,3104768,0.06591796875,0.9577727913856506,1.3642475217580796,0.531981885433197,7570,0.0003,0.4616341292858124,9.231779480000002,-1.5766914933919907,-0.004932121321326121,0.2,631.61,0.005909671
1142,2721,759,3108864,0.049951171875,0.9414993524551392,6.331536197662354,0.532088577747345,7580,0.0003,1.399124026298523,9.889890639999999,-1.5714003682136535,-0.0036807757191127167,0.2,627.61,0.0054765143
1143,2722,760,3112960,0.08095703125,0.9653236269950867,1.9089705482125283,0.5306912660598755,7590,0.0003,0.7308623194694519,10.61958784,-1.5701926097273826,-0.006820167423575186,0.2,630.86,0.009322164
1144,2722,761,3117056,0.0916015625,0.9531257748603821,2.6818637773394585,0.5311623811721802,7600,0.0003,1.0879513025283813,10.637089999999999,-1.5680132269859315,-0.00537135144113563,0.2,633.46,0.014620006
1145,2723,762,3121152,0.063671875,0.9728142023086548,1.0126818895339966,0.5298079252243042,7610,0.0003,0.31029266119003296,13.779468579999998,-1.566189594566822,-0.004478302941424772,0.2,635.42,0.010781318
1147,2724,763,3125248,0.1570556640625,0.9735917448997498,0.6895656403154135,0.5278748869895935,7620,0.0003,0.2484680712223053,14.42315319,-1.5588491350412368,-0.0011533192882779986,0.2,637.61,0.012112055
1148,2725,764,3129344,0.0725341796875,0.9571735858917236,2.0899458810687066,0.5285923480987549,7630,0.0003,0.6452310681343079,15.286562540000002,-1.5549798876047134,-0.005172275728546083,0.2,643.25,0.0060663167
1149,2726,765,3133440,0.0618896484375,0.9563645124435425,2.399803763628006,0.5266205668449402,7640,0.0003,0.7245540618896484,14.8557354,-1.5546748012304306,-0.0036184100157697686,0.2,639.32,0.0051698415
1150,2727,766,3137536,0.05791015625,0.9300225377082825,5.475831142067909,0.5265127420425415,7650,0.0003,1.8435977697372437,13.897696219999995,-1.5489927724003791,-0.005692594427091535,0.2,641.35,0.0065278444
1151,2727,767,3141632,0.0721923828125,0.9207539558410645,3.035567469894886,0.5303058624267578,7660,0.0003,1.0136349201202393,16.04477686,-1.555379645526409,-0.00675691502110567,0.2,640.82,0.007681107
1152,2728,768,3145728,0.082763671875,0.9618958830833435,1.0843072958290576,0.530612051486969,7670,0.0003,0.38409000635147095,15.666640989999998,-1.5636105880141258,-0.00765564595349133,0.2,625.09,0.0073584
1154,2729,769,3149824,0.07626953125,0.9635507464408875,2.765333627164364,0.5300413370132446,7680,0.0003,1.086980938911438,17.13202403,-1.5628207072615623,-0.004248375848692376,0.2,629.74,0.009474291
1155,2730,770,3153920,0.0467041015625,0.9546341300010681,2.3716587319970133,0.530799388885498,7690,0.0003,0.7607454657554626,17.53951329,-1.5620035886764527,-0.005274161841953173,0.2,633.45,0.00496885
1156,2731,771,3158016,0.04013671875,0.8805310130119324,5.084029559791088,0.5331622958183289,7700,0.0003,1.1198595762252808,16.961701740000002,-1.566836979985237,-0.0029091744596371426,0.2,622.09,0.0033793882
1157,2731,772,3162112,0.0469970703125,0.9315484762191772,6.579497057199478,0.5339602828025818,7710,0.0003,1.831605076789856,17.04605026,-1.5730279058218002,-0.0045261625578859824,0.2,596.71,0.0074657784
1158,2732,773,3166208,0.0505126953125,0.9488750100135803,3.389009353518486,0.5313588976860046,7720,0.0003,0.8990134596824646,17.092715140000003,-1.569989387691021,-0.005285163785447367,0.2,597.98,0.0057632145
1159,2733,774,3170304,0.059326171875,0.9458559155464172,2.683392585813999,0.5295165181159973,7730,0.0003,0.9473803043365479,14.38459182,-1.5596320316195489,-0.006537387752905488,0.2,590.62,0.0062065227
1160,2734,775,3174400,0.0523193359375,0.9529644250869751,4.046694993972778,0.5306934118270874,7740,0.0003,1.0796868801116943,14.9608465,-1.5565725564956665,-0.006617894144437741,0.2,582.56,0.0061737206
1162,2735,776,3178496,0.0890625,0.9177039265632629,2.9834777668118475,0.5274679064750671,7750,0.0003,0.7974240779876709,12.006627000000002,-1.5544727832078933,-0.005188616618397646,0.2,575.92,0.011005205
1163,2735,777,3182592,0.09013671875,0.9641804695129395,3.425031042098999,0.5251587629318237,7760,0.0003,1.050085425376892,12.61117875,-1.5435875833034516,-0.00473353611305356,0.2,569.35,0.009168669
1164,2736,778,3186688,0.1190673828125,0.9716268181800842,1.1371264934539795,0.5164142847061157,7770,0.0003,0.4088808596134186,14.383474289999999,-1.5236113876104356,-0.00439801566535607,0.2,577.59,0.008918795
1165,2737,779,3190784,0.089599609375,0.9629331231117249,1.6880148634314538,0.5109367370605469,7780,0.0003,0.6291831731796265,14.30134462,-1.496431677043438,-0.005647111803409643,0.2,564.9,0.009873871
1166,2738,780,3194880,0.0719970703125,0.9628629088401794,2.8802274033427238,0.5100395083427429,7790,0.0003,1.3015804290771484,15.427651049999998,-1.4791594922542572,-0.004993693230790086,0.2,569.55,0.0048701074
1167,2739,781,3198976,0.110107421875,0.9597971439361572,1.1875004157423974,0.5084133148193359,7800,0.0003,0.3614751994609833,13.189301759999996,-1.4777906283736228,-0.004867447426659055,0.2,554.67,0.00858424
1145,2796,782,3203072,0.047802734375,0.952434778213501,3.722080810368061,0.5081996321678162,7810,0.0003,1.0656071901321411,13.97966901,-1.4724433720111847,-0.002567212234134786,0.2,567.29,0.00397293
1146,2796,783,3207168,0.1089599609375,0.9733389616012573,0.9773251101374626,0.506893515586853,7820,0.0003,0.37764617800712585,11.87297691,-1.4714046090841293,-0.007116722495993599,0.2,567.86,0.008334851
1147,2797,784,3211264,0.0795166015625,0.9479997754096985,2.655352067947388,0.5088576078414917,7830,0.0003,0.9506694674491882,12.39522222,-1.4690457820892333,-0.004749339484260417,0.2,564.27,0.0072636404
1148,2798,785,3215360,0.074072265625,0.9270625114440918,5.07051243185997,0.5071250200271606,7840,0.0003,1.8972424268722534,11.415406349999998,-1.4725956231355668,-0.007619361294200644,0.2,556.32,0.009082628
1150,2799,786,3219456,0.0475830078125,0.9315017461776733,5.0295497357845305,0.5105552077293396,7850,0.0003,1.524275779724121,12.346485989999998,-1.4720747619867325,-0.004408454902295489,0.2,565.76,0.0064857374
1151,2800,787,3223552,0.0757080078125,0.9543122053146362,4.154686817526818,0.5083372592926025,7860,0.0003,1.4997128248214722,11.55388911,-1.4774936005473136,-0.005899911132291891,0.2,564.45,0.010423172
1152,2800,788,3227648,0.078125,0.9577111601829529,2.5831166818737983,0.5065934658050537,7870,0.0003,0.8722286224365234,12.868194720000002,-1.469731765985489,-0.004025911068310961,0.2,572.54,0.0061401734
1153,2801,789,3231744,0.106591796875,0.949155867099762,1.1667116984725,0.5027496814727783,7880,0.0003,0.437987357378006,13.85965124,-1.4575964376330375,-0.0030512834520777686,0.2,588.75,0.00977635
1154,2802,790,3235840,0.1322998046875,0.951313316822052,0.7445678260177374,0.5052065849304199,7890,0.0003,0.273286908864975,13.501284810000001,-1.4543059587478637,-0.003072815622726921,0.2,609.74,0.010821662
1155,2803,791,3239936,0.0708251953125,0.8898529410362244,2.084107270091772,0.5031736493110657,7900,0.0003,0.39722999930381775,14.286623909999998,-1.4565341264009475,-0.004412028461229056,0.2,611.13,0.006122632
1156,2804,792,3244032,0.061865234375,0.9311879277229309,5.138301761448384,0.503509521484375,7910,0.0003,2.715381145477295,13.062161470000001,-1.452801975607872,-0.0022823863037046976,0.2,613.35,0.0059389872
1158,2804,793,3248128,0.0555908203125,0.9304817318916321,2.623515410721302,0.5033515691757202,7920,0.0003,0.9189276099205017,12.161661429999997,-1.4541337236762046,-0.0048536054324358705,0.2,612.3,0.0065928255
1159,2805,794,3252224,0.05419921875,0.8862577676773071,3.1376251503825188,0.5021339654922485,7930,0.0003,1.0490953922271729,13.228706029999998,-1.4518580913543702,-0.004582068341551349,0.2,622.68,0.005698693
1160,2806,795,3256320,0.0793212890625,0.9482678174972534,2.1538129538297652,0.5011911988258362,7940,0.0003,0.6938867568969727,10.352794289999999,-1.4491093799471855,-0.0064691094419686125,0.2,617.27,0.009989301
1161,2807,796,3260416,0.07958984375,0.9245738983154297,2.994943727552891,0.5034034848213196,7950,0.0003,0.620390772819519,9.746606819999997,-1.4506744518876076,-0.0038730217595002612,0.2,617.34,0.0060270103
1162,2808,797,3264512,0.101220703125,0.9213438034057617,2.6759677648544313,0.5068153142929077,7960,0.0003,1.1994625329971313,12.512401679999998,-1.4629113316535949,-0.0034463679156033324,0.2,633.29,0.012302633
1163,2808,798,3268608,0.083447265625,0.9485310912132263,2.1811064749956133,0.508862316608429,7970,0.0003,0.5571949481964111,11.61950581,-1.475391659140587,-0.0032022220868384464,0.2,621.99,0.0070938384
1164,2809,799,3272704,0.069873046875,0.9042348861694336,5.797506514191627,0.5090612173080444,7980,0.0003,1.7024739980697632,11.52536104,-1.4789101228117942,-0.005780348033295013,0.2,619.9,0.0067880815
1165,2810,800,3276800,0.0568603515625,0.9429180026054382,2.9584118872880936,0.5150121450424194,7990,0.0003,1.1483924388885498,13.142379660000001,-1.486797598004341,-0.005336893987259827,0.2,619.26,0.0057043117
1166,2811,801,3280896,0.0631103515625,0.9379515647888184,2.6465945884585382,0.5152542591094971,8000,0.0003,1.0653400421142578,13.31002894,-1.5020065605640411,-0.005345299406326376,0.2,639.7,0.009508899
1168,2812,802,3284992,0.0729248046875,0.9808540344238281,1.5667441323399545,0.5142126083374023,8010,0.0003,0.49815118312835693,13.654609390000001,-1.4996256917715072,-0.005645778888720088,0.2,641.63,0.0075250007
1169,2813,803,3289088,0.077001953125,0.9730943441390991,1.6451924264431,0.5153309106826782,8020,0.0003,0.7555432319641113,12.895406439999997,-1.4979680553078651,-0.0033800064702518284,0.2,636.39,0.004992538
1170,2813,804,3293184,0.04833984375,0.9608646035194397,2.66770565956831,0.5151447057723999,8030,0.0003,0.8146275877952576,9.693698279999998,-1.5007306784391403,-0.005309090953960549,0.2,610.94,0.006011689
1171,2814,805,3297280,0.0482666015625,0.956997275352478,3.2618188694119454,0.5164558291435242,8040,0.0003,1.1009029150009155,11.399686960000002,-1.5007303819060325,-0.0053035389224532995,0.2,602.1,0.0050420687
1150,2869,806,3301376,0.1231201171875,0.9736217260360718,0.7413389839231967,0.5166151523590088,8050,0.0003,0.31010374426841736,12.045345150000001,-1.5043092042207717,-0.0014569138176739216,0.2,617.42,0.016401576
1151,2870,807,3305472,0.0740966796875,0.9133610725402832,5.45610159933567,0.5155379772186279,8060,0.0003,1.246571660041809,11.692809190000002,-1.5027012810111047,-0.0035027928795898335,0.2,605.58,0.0058270507
1152,2871,808,3309568,0.06962890625,0.9537079334259033,2.1866446167230604,0.5113798975944519,8070,0.0003,0.6282229423522949,11.680782240000001,-1.4930457502603531,-0.0076658124075038355,0.2,604.04,0.008911151
1153,2872,809,3313664,0.0861572265625,0.9579901099205017,2.1118024557828905,0.5101341009140015,8080,0.0003,0.6096757650375366,10.626648519999998,-1.4805199205875397,-0.004066516712191515,0.2,608.35,0.011338782
1154,2873,810,3317760,0.0887451171875,0.9728168249130249,1.346314161270857,0.5079700946807861,8090,0.0003,0.31321001052856445,13.74947453,-1.4743549466133117,-0.002293315634597093,0.2,608.72,0.0062129134
1155,2874,811,3321856,0.0710693359375,0.9688376188278198,1.1759255558252335,0.511243999004364,8100,0.0003,0.4901465177536011,14.17870212,-1.473403000831604,-0.0036496120737865567,0.2,611.29,0.009956565
1156,2874,812,3325952,0.0919677734375,0.9742867946624756,1.7939512401819229,0.5100184082984924,8110,0.0003,0.6959102153778076,13.205244330000003,-1.4783627182245254,-0.005394861121021677,0.2,613.59,0.010469535
1157,2875,813,3330048,0.062109375,0.9578911662101746,4.9376244127750395,0.5078895092010498,8120,0.0003,1.8112459182739258,14.014021389999998,-1.4703560262918471,-0.0041666010103654115,0.2,629.33,0.0050744712
1159,2876,814,3334144,0.090380859375,0.9488891959190369,2.738533928990364,0.5044942498207092,8130,0.0003,1.1857362985610962,14.093359739999999,-1.4613301783800126,-0.00663813418650534,0.2,630.81,0.008244838
1160,2877,815,3338240,0.069677734375,0.9506348967552185,2.1764134779572486,0.5039167404174805,8140,0.0003,0.7272999882698059,12.889281059999998,-1.4503539472818374,-0.0028845203720266,0.2,619.24,0.009715095
1161,2878,816,3342336,0.0685791015625,0.9525642395019531,5.3993201985955235,0.5040569305419922,8150,0.0003,2.073350191116333,14.054526219999998,-1.450586299598217,-0.004670456261374056,0.2,615.78,0.005740032
1162,2879,817,3346432,0.1140380859375,0.981417179107666,1.4144803710281848,0.5003460645675659,8160,0.0003,0.694739580154419,15.35689893,-1.444335076212883,-0.004709970668773167,0.2,624.93,0.008932256
1163,2879,818,3350528,0.091796875,0.9672902822494507,1.527744647115469,0.5005046129226685,8170,0.0003,0.5579645037651062,16.848252929999997,-1.435310535132885,-0.003235577761370223,0.2,626.82,0.00795616
1164,2880,819,3354624,0.0789794921875,0.9685255885124207,1.6593671403825283,0.49976956844329834,8180,0.0003,0.620956540107727,17.282059519999997,-1.4357717752456665,-0.006451372714946046,0.2,632.43,0.0054583205
1165,2881,820,3358720,0.062744140625,0.9738303422927856,2.4386072874069216,0.49817967414855957,8190,0.0003,1.0151786804199219,18.000965289999996,-1.4308640137314796,-0.004606668677297421,0.2,633.33,0.00638975
1166,2882,821,3362816,0.068115234375,0.8155480623245239,4.47740284204483,0.496471643447876,8200,0.0003,1.4505820274353027,18.18698187,-1.4247730433940888,-0.004248460858070758,0.2,652.12,0.005788467
1167,2883,822,3366912,0.1098876953125,0.9649403095245361,1.0216558486223222,0.49424880743026733,8210,0.0003,0.3652116060256958,18.03838694,-1.4133785918354989,-0.004249524605984334,0.2,654.83,0.009485754
1168,2883,823,3371008,0.058056640625,0.9498228430747986,3.3263647139072416,0.4947056770324707,8220,0.0003,1.4139366149902344,18.781880719999997,-1.4086946234107018,-0.0055539364169817414,0.2,657.87,0.005373586
1169,2884,824,3375104,0.079345703125,0.9733524322509766,1.3614537596702576,0.4938710629940033,8230,0.0003,0.5497274994850159,19.26195937,-1.4082529693841934,-0.006445973413065076,0.2,651.84,0.0075208307
1171,2885,825,3379200,0.0647216796875,0.9365042448043823,4.409664835035801,0.4944004416465759,8240,0.0003,0.6638634204864502,18.830332839999997,-1.4076264515519141,-0.004505520497332327,0.2,636.81,0.0037845643
1172,2886,826,3383296,0.07822265625,0.9478307962417603,2.385024960339069,0.4941273331642151,8250,0.0003,0.6202021241188049,18.782124969999998,-1.4086171686649323,-0.005003849288914353,0.2,639.38,0.0076601743
1173,2887,827,3387392,0.10634765625,0.9795597195625305,0.6521624404937029,0.49179354310035706,8260,0.0003,0.24670320749282837,18.226079820000002,-1.4032459557056427,-0.0036376045289216565,0.2,630.6,0.009067727
1174,2888,828,3391488,0.1333251953125,0.9585834741592407,2.574485169351101,0.4913679361343384,8270,0.0003,0.7604537606239319,17.56358036,-1.396200130879879,-0.0010620749089866877,0.2,611.62,0.009151696
1175,2889,829,3395584,0.0564453125,0.9607848525047302,3.098092797398567,0.4914284348487854,8280,0.0003,0.757483720779419,17.75669671,-1.3955729737877847,-0.005103620895533822,0.2,622.88,0.0059768697
1176,2889,830,3399680,0.048388671875,0.9404966831207275,2.512727700173855,0.4893021583557129,8290,0.0003,0.8187499046325684,18.318483150000002,-1.390675137937069,-0.0049174351690453475,0.2,619.13,0.006473496
1156,2942,831,3403776,0.0677734375,0.9485591650009155,3.8048079565167425,0.4885309934616089,8300,0.0003,0.9907343983650208,18.605458390000003,-1.3843242704868317,-0.004354899955797009,0.2,619.66,0.0054472527
1157,2943,832,3407872,0.0625,0.9150940775871277,4.617285241186619,0.48788225650787354,8310,0.0003,0.7618072628974915,16.364224600000004,-1.3834104597568513,-0.005119976081186905,0.2,611.24,0.008461062
1158,2944,833,3411968,0.0661376953125,0.9297500252723694,9.58091805577278,0.48822706937789917,8320,0.0003,3.2707102298736572,13.15747219,-1.3826423466205597,-0.0045764124282868576,0.2,593.87,0.0050259316
1159,2945,834,3416064,0.049609375,0.9326732158660889,4.6641899853944775,0.4884380102157593,8330,0.0003,2.286721706390381,14.203565310000002,-1.3843259364366531,-0.005959305196302012,0.2,597.28,0.0070329476
1160,2946,835,3420160,0.06435546875,0.9597923755645752,3.1146116495132445,0.4828703999519348,8340,0.0003,0.9650893807411194,12.696321280000001,-1.3760624781250954,-0.0065707586356438695,0.2,576.05,0.00825395
1161,2947,836,3424256,0.0574462890625,0.9289746880531311,5.460443431138993,0.48088449239730835,8350,0.0003,1.7041679620742798,8.766232459999998,-1.3575980380177497,-0.003679158410523087,0.2,558.88,0.004972571
1162,2948,837,3428352,0.0366455078125,0.9048698544502258,15.612867337465286,0.4812348484992981,8360,0.0003,5.954018592834473,5.1654871,-1.354793955385685,-0.00428722106735222,0.2,548.46,0.0058308765
1163,2948,838,3432448,0.039306640625,0.9354155659675598,4.211937481164933,0.480896532535553,8370,0.0003,1.0262564420700073,6.235628590000001,-1.3550283074378968,-0.0036791432212339714,0.2,555.9,0.006357741
1165,2949,839,3436544,0.0727783203125,0.9460477232933044,1.9889331758022308,0.47800445556640625,8380,0.0003,0.606421172618866,7.427480140000001,-1.348832668364048,-0.006028428202262149,0.2,575.95,0.009837629
1166,2950,840,3440640,0.0989990234375,0.9016382694244385,2.2414743185043333,0.48177570104599,8390,0.0003,0.5980209708213806,7.362374250000001,-1.3484233409166335,-0.0033412294113077225,0.2,575.04,0.01309671
1167,2951,841,3444736,0.09365234375,0.9402280449867249,1.3534238390624522,0.48427414894104004,8400,0.0003,0.39303508400917053,7.28971504,-1.3648030802607536,-0.007500195864122361,0.2,588.95,0.007882537
1168,2952,842,3448832,0.0726806640625,0.9282206892967224,1.5956793427467346,0.4790306091308594,8410,0.0003,0.41705238819122314,8.09178534,-1.3608394414186478,-0.0046859099616995085,0.2,602.17,0.006542387
1169,2953,843,3452928,0.070556640625,0.960471510887146,1.5553229875862598,0.47585636377334595,8420,0.0003,0.42076894640922546,7.26920437,-1.3405938282608987,-0.005779049375996692,0.2,587.1,0.007110074
1170,2953,844,3457024,0.0629638671875,0.9383636116981506,2.5182086072862147,0.4770983159542084,8430,0.0003,0.6776203513145447,8.47854372,-1.3347731202840805,-0.003438519756309688,0.2,600.84,0.008286077
1171,2954,845,3461120,0.104150390625,0.9695246815681458,1.8165012076497078,0.48033514618873596,8440,0.0003,0.7359151840209961,6.7768226,-1.3464270785450936,-0.0025955482065910473,0.2,601.41,0.0126828905
1172,2955,846,3465216,0.0892578125,0.9582301378250122,3.9228860944509507,0.47805044054985046,8450,0.0003,1.240790605545044,7.897139699999999,-1.3498634949326516,-0.004450905343401246,0.2,604.99,0.008543279
1173,2956,847,3469312,0.086474609375,0.9347240328788757,2.4228022322058678,0.4786834716796875,8460,0.0003,0.6265934109687805,8.9726008,-1.3438577130436897,-0.004735980200348422,0.2,611.67,0.0076439613
1174,2957,848,3473408,0.0644775390625,0.9597293138504028,2.8793895840644836,0.4774453043937683,8470,0.0003,0.7314079999923706,12.11090163,-1.344018094241619,-0.005689603163045831,0.2,611.57,0.007251096
1175,2957,849,3477504,0.1134033203125,0.9700916409492493,1.0547123715281486,0.47307562828063965,8480,0.0003,0.26238077878952026,11.031259190000004,-1.3330131962895393,-0.009859700873494148,0.2,593.99,0.009149848
1176,2958,850,3481600,0.085546875,0.946804940700531,6.946413469314575,0.4730871915817261,8490,0.0003,1.7330076694488525,13.595099719999999,-1.3209928959608077,-0.0043574594732490365,0.2,596.52,0.010282906
1177,2959,851,3485696,0.055615234375,0.9720789194107056,1.8350518018007278,0.474223256111145,8500,0.0003,0.5644786357879639,15.718444840000002,-1.3252031698822975,-0.005986885228776373,0.2,597.51,0.009219015
1178,2960,852,3489792,0.06103515625,0.960886538028717,2.9045456126332283,0.47259196639060974,8510,0.0003,1.2369123697280884,18.122965920000002,-1.3271213844418526,-0.0037573588197119534,0.2,594.75,0.004587505
1179,2961,853,3493888,0.083935546875,0.9752296209335327,1.5484506800770759,0.4712945222854614,8520,0.0003,0.5222599506378174,18.74057539,-1.3193310618400573,-0.0033134828961919995,0.2,584.91,0.008757193
1180,2962,854,3497984,0.0852783203125,0.9653283953666687,1.9558516442775726,0.4697255492210388,8530,0.0003,0.7005723714828491,15.45724323,-1.3123862773180008,-0.003680261765839532,0.2,592.53,0.0124747325
1162,3013,855,3502080,0.0873291015625,0.9284011721611023,7.758865186572075,0.4697786569595337,8540,0.0003,3.9344046115875244,13.35466605,-1.3095643162727355,-0.004862771005718969,0.2,568.59,0.007722103
1163,3014,856,3506176,0.0409423828125,0.934261679649353,6.7539029031991955,0.4717857241630554,8550,0.0003,2.337860107421875,12.21975813,-1.3132406696677208,-0.0047008719353470955,0.2,561.09,0.006307622
1164,3015,857,3510272,0.0560302734375,0.9577682018280029,5.095297253131866,0.472545862197876,8560,0.0003,1.657135009765625,11.608759009999996,-1.320302164554596,-0.006608819944085553,0.2,567.43,0.005340543
1165,3015,858,3514368,0.035693359375,0.931341290473938,5.869606831669808,0.4740988314151764,8570,0.0003,1.2765860557556152,10.258870900000002,-1.3234907805919647,-0.0034806978539563714,0.2,551.94,0.008021129
1166,3016,859,3518464,0.0527099609375,0.9566418528556824,3.975584998726845,0.47675955295562744,8580,0.0003,1.4646296501159668,11.413416960000001,-1.3322136536240579,-0.005050151600153185,0.2,557.03,0.0069079157
1167,3017,860,3522560,0.088330078125,0.970274031162262,1.796488244831562,0.4751346707344055,8590,0.0003,0.6811500191688538,10.440548239999998,-1.3355371907353402,-0.0056288146646693345,0.2,546.02,0.008695151
1168,3018,861,3526656,0.060107421875,0.9105087518692017,10.381747603416443,0.47611892223358154,8600,0.0003,5.109800338745117,9.945543780000001,-1.3309394150972367,-0.0035104877446428874,0.2,551.05,0.004231369
1169,3019,862,3530752,0.0962158203125,0.9426636099815369,2.014251336455345,0.4752388894557953,8610,0.0003,0.7288697361946106,9.09670285,-1.3318490162491798,-0.0032667497987858953,0.2,560.26,0.011822266
1170,3020,863,3534848,0.0663330078125,0.937521755695343,3.6552829533815383,0.4763720631599426,8620,0.0003,1.5805612802505493,8.504839139999998,-1.3288130342960358,-0.003517842834116891,0.2,570.72,0.0072122794
1171,3021,864,3538944,0.070751953125,0.9072549939155579,5.369372302293778,0.4777776300907135,8630,0.0003,1.7210801839828491,9.73724289,-1.333472691476345,-0.005743835732573643,0.2,573.34,0.0069085197
1172,3022,865,3543040,0.0728759765625,0.9561833739280701,2.4145999044179915,0.4795404076576233,8640,0.0003,0.8041492700576782,10.246273509999998,-1.3384626016020775,-0.004694140296487603,0.2,577.02,0.008120806
1173,3023,866,3547136,0.067919921875,0.9688684940338135,2.1246682345867156,0.4792572557926178,8650,0.0003,0.8249369859695435,7.462127999999999,-1.3439150258898735,-0.003521606992580928,0.2,561.01,0.007310078
1174,3024,867,3551232,0.07255859375,0.9313586950302124,6.10234106183052,0.47975972294807434,8660,0.0003,1.9190950393676758,8.36344396,-1.3419862747192384,-0.005840298501425423,0.2,549.34,0.006047342
1175,3025,868,3555328,0.10712890625,0.975629448890686,0.9816503688693047,0.4772348999977112,8670,0.0003,0.31622910499572754,10.945614070000001,-1.3402497544884682,-0.007292279539979063,0.2,546.33,0.013745049
1176,3026,869,3559424,0.0737548828125,0.9258970022201538,3.0669693276286125,0.4754669666290283,8680,0.0003,1.0107437372207642,11.170036829999999,-1.325902633368969,-0.0037456411322636996,0.2,547.65,0.005420212
1177,3027,870,3563520,0.084521484375,0.9544147253036499,3.368814195692539,0.4807800352573395,8690,0.0003,1.1115992069244385,11.41074487,-1.329404328763485,-0.006781643247813917,0.2,556.57,0.008994306
1178,3027,871,3567616,0.0613037109375,0.9562147259712219,2.346122108399868,0.48297029733657837,8700,0.0003,0.7455183267593384,12.269850329999999,-1.3476455226540565,-0.004524174425750971,0.2,565.62,0.0054696975
1179,3028,872,3571712,0.0584716796875,0.9706434011459351,2.141058124601841,0.4830201268196106,8710,0.0003,0.6873850226402283,14.24603604,-1.3528949350118638,-0.004782864716253244,0.2,572.36,0.0071794773
1180,3029,873,3575808,0.0947998046875,0.9688254594802856,2.056389254331589,0.4826064109802246,8720,0.0003,0.7819892764091492,14.31759816,-1.3527477502822876,-0.0032158972200704737,0.2,563.62,0.00772174
1181,3030,874,3579904,0.0950439453125,0.9679663777351379,2.429731121659279,0.4820931553840637,8730,0.0003,0.7570790648460388,13.90047681,-1.350908415019512,-0.0055499900641734715,0.2,577.85,0.011626003
1182,3031,875,3584000,0.0835205078125,0.9507552981376648,2.844013173878193,0.48265427350997925,8740,0.0003,0.7885341644287109,15.235323600000001,-1.3506858050823212,-0.007296871586004272,0.2,573.81,0.0076358267
1183,3032,876,3588096,0.0814697265625,0.9481843709945679,1.8555811785161496,0.4806174337863922,8750,0.0003,0.5922370553016663,14.760398069999997,-1.347206224501133,-0.006299416627734899,0.2,581.42,0.008654944
1184,3033,877,3592192,0.087939453125,0.9708971977233887,3.0076756581664084,0.4823205769062042,8760,0.0003,1.072426438331604,13.578040300000003,-1.3421364054083824,-0.004801497851440217,0.2,581.99,0.0074436674
1185,3034,878,3596288,0.0515869140625,0.9637976884841919,3.734358285367489,0.4821488857269287,8770,0.0003,1.2263569831848145,12.9922829,-1.34688201546669,-0.0052907135162968185,0.2,581.56,0.0050765635
1166,3086,879,3600384,0.0750732421875,0.9489936828613281,2.6973480939865113,0.48518383502960205,8780,0.0003,0.76902174949646,11.45406018,-1.3512899175286293,-0.006424846654408611,0.2,589.14,0.008414746
1167,3087,880,3604480,0.0852294921875,0.8895599246025085,8.113890340924263,0.48697179555892944,8790,0.0003,3.4991343021392822,12.598788949999998,-1.359898741543293,-0.0056128186944988554,0.2,594.96,0.0073597506
1168,3088,881,3608576,0.06474609375,0.928579568862915,4.388127735257148,0.4856110215187073,8800,0.0003,1.093684434890747,12.268030289999999,-1.3625492870807647,-0.0056626783596584575,0.2,603.62,0.0081286365
1169,3088,882,3612672,0.1084228515625,0.947691798210144,4.923780208826065,0.48260921239852905,8810,0.0003,1.2367531061172485,11.507038790000001,-1.3535854130983354,-0.005663688579807058,0.2,599.88,0.010654984
1170,3089,883,3616768,0.099169921875,0.9523286819458008,2.4473416328430178,0.48535478115081787,8820,0.0003,0.5316075086593628,10.10819991,-1.3504380956292152,-0.004894821954076178,0.2,611.98,0.014936456
1171,3090,884,3620864,0.1052734375,0.9499595761299133,3.959952449798584,0.4845385253429413,8830,0.0003,0.614630937576294,9.878964589999999,-1.3579096049070358,-0.007543287024600431,0.2,607.87,0.00743045
1172,3091,885,3624960,0.079296875,0.9773642420768738,1.8867946580052375,0.48994192481040955,8840,0.0003,0.600941002368927,12.709698060000001,-1.362442047894001,-0.005090468289563432,0.2,642.55,0.0060591334
1173,3092,886,3629056,0.066162109375,0.9564449787139893,3.568675693869591,0.49215593934059143,8850,0.0003,1.1971547603607178,11.340662710000004,-1.3791841089725494,-0.0045759168424410746,0.2,634.65,0.007261388
1174,3092,887,3633152,0.047314453125,0.9541744589805603,3.1376368373632433,0.49158015847206116,8860,0.0003,1.0139706134796143,13.13231256,-1.3829324185848235,-0.005572629405651242,0.2,634.4,0.0069923336
1175,3093,888,3637248,0.0986328125,0.8999042510986328,2.26168529689312,0.4890943467617035,8870,0.0003,0.7775715589523315,11.595235780000003,-1.3776899620890617,-0.004613726522075012,0.2,639.27,0.008441197
1176,3094,889,3641344,0.07802734375,0.9478719234466553,4.5265840768814085,0.4879756569862366,8880,0.0003,1.4726948738098145,12.123426779999999,-1.369325679540634,-0.0059345157525967805,0.2,635.78,0.0059438953
1177,3095,890,3645440,0.0866943359375,0.9306968450546265,2.8387597143650054,0.4896026849746704,8890,0.0003,2.3824713230133057,12.692985919999998,-1.3704673528671265,-0.007980623160256073,0.2,641.66,0.008222047
1178,3096,891,3649536,0.091259765625,0.9316189885139465,3.765730544924736,0.489846408367157,8900,0.0003,1.2206761837005615,12.978135350000002,-1.376181274652481,-0.008998286168207414,0.2,634.75,0.008938413
1179,3096,892,3653632,0.0673583984375,0.908266544342041,3.282170702517033,0.4895094037055969,8910,0.0003,1.1454542875289917,13.905112899999999,-1.376932366192341,-0.0071603242366109045,0.2,658.38,0.0067174556
1180,3097,893,3657728,0.079541015625,0.9046136140823364,3.027664177119732,0.48962557315826416,8920,0.0003,0.6918437480926514,14.419275109999996,-1.3771336406469346,-0.004686416365439072,0.2,652.31,0.01266332
1181,3098,894,3661824,0.0847900390625,0.9627102017402649,2.1290903851389884,0.48780035972595215,8930,0.0003,0.5768908262252808,13.93981536,-1.3750443264842034,-0.00325299471442122,0.2,647.2,0.011490226
1182,3099,895,3665920,0.0997802734375,0.9197716116905212,6.232330924272537,0.48759326338768005,8940,0.0003,1.9430838823318481,14.33423448,-1.3698372304439546,-0.005215462881096755,0.2,653.63,0.0067594596
1183,3100,896,3670016,0.1097412109375,0.8756659626960754,6.7775548413395885,0.48725754022598267,8950,0.0003,2.6996748447418213,15.446314139999997,-1.3675651669502258,-0.005718793059349992,0.2,658.89,0.010842264
1184,3101,897,3674112,0.086376953125,0.9382600784301758,3.6832258984446526,0.48851650953292847,8960,0.0003,1.0156148672103882,16.515694960000005,-1.36976056098938,-0.003927543634199537,0.2,655.84,0.00807378
1185,3102,898,3678208,0.0813232421875,0.9576978087425232,1.9269605159759522,0.48169440031051636,8970,0.0003,0.6743560433387756,15.361390879999997,-1.3591396361589432,-0.006552398146595806,0.2,662.68,0.0089890845
1186,3103,899,3682304,0.0935791015625,0.9031492471694946,7.210525548458099,0.4831222891807556,8980,0.0003,1.2962398529052734,15.51399349,-1.3424664959311485,-0.004814778199943248,0.2,646.49,0.004985215
1187,3104,900,3686400,0.0708740234375,0.9528406262397766,2.917860658466816,0.485353946685791,8990,0.0003,0.983547031879425,15.018427130000003,-1.3520158037543297,-0.005493523209588602,0.2,620.74,0.0067827874
1188,3105,901,3690496,0.093212890625,0.9509587287902832,3.1240164041519165,0.48417937755584717,9000,0.0003,1.0766681432724,16.296210640000005,-1.3547445967793466,-0.002965425430738833,0.2,614.82,0.01557807
1189,3106,902,3694592,0.114990234375,0.9625177979469299,2.5321621268987657,0.48789387941360474,9010,0.0003,1.1506346464157104,14.945310919999999,-1.3582503497600555,-0.0049732698040315885,0.2,616.04,0.014159473
1190,3107,903,3698688,0.098779296875,0.9431656002998352,3.4900073036551476,0.49014875292778015,9020,0.0003,0.8293130993843079,15.981816000000002,-1.3721871972084045,-0.005022573741734959,0.2,618.21,0.0067301802
1172,3158,904,3702784,0.091357421875,0.9494436383247375,2.8431462004780768,0.4900903105735779,9030,0.0003,0.8983175158500671,16.44140979,-1.3770244419574738,-0.007107046156306751,0.2,629.07,0.0072861174
1173,3159,905,3706880,0.0971923828125,0.9608549475669861,2.3438389912247657,0.4901091456413269,9040,0.0003,0.838076114654541,13.664471689999997,-1.3746033906936646,-0.003839546190283727,0.2,602.27,0.015120126
1174,3160,906,3710976,0.074072265625,0.9238095879554749,8.630675607919693,0.4930621385574341,9050,0.0003,4.984454154968262,13.176652780000001,-1.378723107278347,-0.00792079318780452,0.2,592.33,0.0068769637
1175,3161,907,3715072,0.09580078125,0.9495387077331543,3.130616623163223,0.4929790794849396,9060,0.0003,0.7814032435417175,14.51126361,-1.3870729386806488,-0.004860237400862388,0.2,579.87,0.010021415
1176,3161,908,3719168,0.1330078125,0.9732699990272522,0.7736675433814526,0.4911770522594452,9070,0.0003,0.29600808024406433,16.10323446,-1.383241605758667,-0.0020391271405969746,0.2,577.39,0.011107594
1177,3162,909,3723264,0.0900390625,0.9521616697311401,1.9270241573452949,0.48998528718948364,9080,0.0003,0.6434602737426758,18.12829963,-1.3765404671430588,-0.003069534359383397,0.2,585.82,0.005722427
1178,3163,910,3727360,0.07314453125,0.9367333650588989,2.5496415585279464,0.4873974323272705,9090,0.0003,1.0943089723587036,16.87869278,-1.3684852689504623,-0.006558705822681077,0.2,584.13,0.008831236
1179,3164,911,3731456,0.0692626953125,0.9358403086662292,1.8104362592101098,0.4884268641471863,9100,0.0003,0.674508273601532,17.203329569999998,-1.3642106458544732,-0.003754005365772173,0.2,586.34,0.0085207075
1180,3165,912,3735552,0.0639404296875,0.9505975246429443,2.719072398543358,0.489468514919281,9110,0.0003,0.8551324605941772,15.07173998,-1.3685709223151208,-0.005582728286390193,0.2,597.93,0.0056596706
1181,3165,913,3739648,0.05302734375,0.8942968249320984,4.917016333341598,0.4902302324771881,9120,0.0003,1.9395945072174072,17.416908239999998,-1.3732781901955604,-0.004879168891056907,0.2,603.14,0.006889249
1182,3166,914,3743744,0.0691162109375,0.943104088306427,2.4854308694601057,0.48983922600746155,9130,0.0003,0.7516959309577942,17.71245127,-1.3738097950816155,-0.006480138300685212,0.2,614.45,0.0067547904
1183,3167,915,3747840,0.0798828125,0.958270788192749,1.4561865672469139,0.49162736535072327,9140,0.0003,0.4024257957935333,19.35908527,-1.3761644333600997,-0.003366435199859552,0.2,609.08,0.005356285
1184,3168,916,3751936,0.0792236328125,0.9532755017280579,1.6018202289938928,0.4916341304779053,9150,0.0003,0.43612954020500183,16.27295194,-1.3823498755693435,-0.006248762941686437,0.2,606.91,0.010802534
1185,3169,917,3756032,0.0712158203125,0.9603232741355896,2.3343741998076437,0.4922231137752533,9160,0.0003,0.6839708685874939,16.25080154,-1.3838202327489852,-0.003497065816191025,0.2,609.81,0.00781547
1186,3169,918,3760128,0.0622314453125,0.9010838270187378,3.454103147983551,0.49133777618408203,9170,0.0003,0.9975685477256775,16.21414722,-1.381971824169159,-0.006472648988710717,0.2,617.24,0.005118019
1187,3170,919,3764224,0.0644287109375,0.92158442735672,3.877160665392876,0.49100950360298157,9180,0.0003,1.3320566415786743,18.45402486,-1.3798035323619842,-0.005248831331846305,0.2,612.43,0.010131894
1188,3171,920,3768320,0.0959228515625,0.9755938649177551,0.8070301886647939,0.4948911666870117,9190,0.0003,0.24327769875526428,17.279364839999996,-1.3847693040966988,-0.0034517926309490577,0.2,600.04,0.0074746087
1189,3172,921,3772416,0.0743408203125,0.9542320966720581,5.2546029686927795,0.49572277069091797,9200,0.0003,2.3285975456237793,17.066346929999998,-1.3987479031085968,-0.005640511502861045,0.2,601.65,0.0064353086
1190,3173,922,3776512,0.058251953125,0.9181044101715088,4.962294366955757,0.49639344215393066,9210,0.0003,1.2778842449188232,14.668098460000001,-1.4023213863372803,-0.005384553107433021,0.2,601.37,0.008333777
1191,3173,923,3780608,0.0593994140625,0.9548851251602173,4.984372940659523,0.49766749143600464,9220,0.0003,2.072758197784424,13.529534669999999,-1.4051515191793442,-0.006119512801524252,0.2,601.99,0.0063749794
1192,3174,924,3784704,0.0880126953125,0.9646812677383423,1.4056989543139935,0.49399852752685547,9230,0.0003,0.6056017875671387,13.28432546,-1.40150845348835,-0.006530268772621639,0.2,592.53,0.008471721
1193,3175,925,3788800,0.072412109375,0.9506000280380249,4.326517716050148,0.49441805481910706,9240,0.0003,2.237928867340088,13.95361108,-1.391784280538559,-0.0040784748052828945,0.2,601.45,0.007541867
1194,3176,926,3792896,0.089892578125,0.9566048979759216,1.925398026406765,0.49265578389167786,9250,0.0003,0.7051690220832825,13.87015212,-1.3895907878875733,-0.00813032940204721,0.2,584.58,0.012083253
1195,3177,927,3796992,0.0812744140625,0.9518550038337708,4.517583376169204,0.4931579530239105,9260,0.0003,1.1147961616516113,12.95135411,-1.3832442149519921,-0.0049957857947447335,0.2,578.26,0.0073718084
1177,3229,928,3801088,0.080419921875,0.9465433955192566,2.130090720951557,0.4930240511894226,9270,0.0003,0.6035234928131104,13.891962799999998,-1.3853782683610916,-0.005634499798179604,0.2,577.79,0.009569513
1177,3230,929,3805184,0.0578857421875,0.9620600342750549,3.417288437485695,0.4933146834373474,9280,0.0003,1.1333680152893066,12.00060049,-1.386803188920021,-0.004113945586141199,0.2,570.64,0.00607088
1178,3231,930,3809280,0.0773193359375,0.9748362302780151,2.310218411684036,0.4955141544342041,9290,0.0003,0.6276639699935913,13.12292766,-1.3924373269081116,-0.008100911069777793,0.2,563.46,0.0059191617
1179,3231,931,3813376,0.058349609375,0.952743411064148,3.6368612587451934,0.49344658851623535,9300,0.0003,1.2040077447891235,14.183062919999998,-1.395105768740177,-0.004116154563962482,0.2,538.95,0.004579158
1180,3232,932,3817472,0.0990234375,0.9736250042915344,1.4376907490193844,0.49309229850769043,9310,0.0003,0.5503108501434326,13.472321320000002,-1.3881187617778779,-0.006317296801717021,0.2,548.8,0.014113991
1181,3233,933,3821568,0.1392822265625,0.9138407111167908,2.107894083112478,0.4925909638404846,9320,0.0003,0.6160145401954651,12.991860840000001,-1.3871306255459785,-0.0018664851086214185,0.2,564.14,0.010273425
1182,3234,934,3825664,0.082861328125,0.9108978509902954,7.171879595518112,0.4925803244113922,9330,0.0003,2.2917046546936035,12.221127899999999,-1.3879716590046882,-0.004228629032149911,0.2,572.42,0.0058489456
1183,3235,935,3829760,0.0638427734375,0.9016841053962708,3.236348257958889,0.4941111207008362,9340,0.0003,1.3334089517593384,14.038782730000001,-1.390311524271965,-0.006999106536386535,0.2,600.23,0.0054180464
1184,3236,936,3833856,0.0759765625,0.9700201749801636,1.7372611165046692,0.4936080276966095,9350,0.0003,0.6272122263908386,14.767993320000006,-1.3962534233927726,-0.006786886902409606,0.2,593.51,0.010619416
1185,3236,937,3837952,0.042138671875,0.946712076663971,5.0751516848802565,0.4949047863483429,9360,0.0003,2.7694995403289795,14.959816650000004,-1.3959472537040711,-0.0035232753842137756,0.2,588.74,0.0049074637
1186,3237,938,3842048,0.050634765625,0.9736847877502441,1.9233660370111465,0.49277234077453613,9370,0.0003,0.5702399015426636,14.088511519999999,-1.395657543838024,-0.005055462651944254,0.2,587.34,0.008268929
1187,3238,939,3846144,0.0990966796875,0.9409011006355286,3.4431481644511224,0.49301284551620483,9380,0.0003,0.8213600516319275,13.06665888,-1.3892248556017877,-0.004393488753703423,0.2,574.62,0.008512332
1188,3239,940,3850240,0.0891357421875,0.9762299060821533,2.6108413219451903,0.4914233088493347,9390,0.0003,0.9290834069252014,13.924351860000003,-1.388832551240921,-0.004207711342314724,0.2,582.52,0.0065887966
1189,3240,941,3854336,0.0781494140625,0.9776189923286438,2.0206997871398924,0.4896826148033142,9400,0.0003,0.9477285146713257,14.513826989999998,-1.382746595144272,-0.008250240547931753,0.2,583.34,0.008023376
1190,3240,942,3858432,0.0533203125,0.9686269164085388,2.8007418364286423,0.4899492859840393,9410,0.0003,0.8920482993125916,12.312510029999999,-1.3814311921596527,-0.0047283253137720745,0.2,570.52,0.0071772207
1191,3241,943,3862528,0.0420654296875,0.9229158163070679,13.523639553785324,0.4894043505191803,9420,0.0003,6.080382823944092,11.407505170000002,-1.3829380035400392,-0.0040404037761618385,0.2,569.26,0.0039009745
1192,3242,944,3866624,0.064697265625,0.9648284316062927,3.385756030678749,0.48776379227638245,9430,0.0003,1.045953392982483,11.044599600000003,-1.3796946302056312,-0.0064177102380199354,0.2,574.12,0.010215748
1193,3243,945,3870720,0.06767578125,0.9668683409690857,4.18593142926693,0.4861909747123718,9440,0.0003,2.877392292022705,9.92406022,-1.3723779290914535,-0.004388013109564781,0.2,564.19,0.006895329
1194,3244,946,3874816,0.0929443359375,0.9801240563392639,2.0811324030160905,0.4840327501296997,9450,0.0003,0.5935121774673462,7.603865809999999,-1.3661541193723679,-0.0062857622629962865,0.2,553.55,0.0061162934
1195,3245,947,3878912,0.0704345703125,0.8996869921684265,14.927693098783493,0.4817012548446655,9460,0.0003,7.790157794952393,5.116439440000001,-1.3567644461989403,-0.005728749054833315,0.2,532.14,0.004722806
1196,3246,948,3883008,0.048828125,0.9435651302337646,8.010309439897537,0.4822761118412018,9470,0.0003,3.1380910873413086,7.088470590000002,-1.3526891514658927,-0.005035905908152926,0.2,528.7,0.006636534
1197,3246,949,3887104,0.093408203125,0.9677426815032959,1.8281684562563896,0.4789474606513977,9480,0.0003,0.6075782775878906,9.33646971,-1.3470706522464753,-0.00865200187836308,0.2,528.46,0.011619354
1198,3247,950,3891200,0.0693359375,0.9615204930305481,3.6380703926086424,0.4784663915634155,9490,0.0003,1.2607042789459229,8.540617880000001,-1.3357879623770714,-0.005783412020537071,0.2,529.89,0.005921386
1199,3248,951,3895296,0.0963623046875,0.973537802696228,1.9649317294359208,0.4837040305137634,9500,0.0003,0.8420857191085815,7.908858560000001,-1.3433810085058213,-0.004242078267270699,0.2,526.42,0.008677681
1200,3249,952,3899392,0.1083251953125,0.9483441114425659,4.76085701584816,0.4844900965690613,9510,0.0003,1.4121482372283936,6.489377340000001,-1.3589190244674683,-0.006066691645537503,0.2,516.11,0.0074183894
1182,3301,953,3903488,0.05595703125,0.9598832726478577,5.588499799370766,0.4831390678882599,9520,0.0003,1.24346125125885,6.1088951499999995,-1.356741699576378,-0.004683326952363132,0.2,525.39,0.0069498955
1183,3302,954,3907584,0.038037109375,0.8909656405448914,9.407617264986039,0.48304808139801025,9530,0.0003,5.764110088348389,6.868503069999999,-1.3517881140112877,-0.005650181882083416,0.2,523.38,0.005501045
1184,3303,955,3911680,0.072412109375,0.9644559025764465,2.793552631139755,0.4812391996383667,9540,0.0003,0.9036374688148499,9.727234319999999,-1.3488520428538322,-0.008851504611084238,0.2,532.99,0.008224597
1185,3304,956,3915776,0.0881591796875,0.9432229995727539,4.905993199348449,0.4831838011741638,9550,0.0003,1.6743605136871338,8.81037454,-1.344468030333519,-0.007738874072674662,0.2,545.67,0.006664195
1185,3305,957,3919872,0.0636474609375,0.946244478225708,2.73080982118845,0.481197714805603,9560,0.0003,0.6639198064804077,10.06566756,-1.3474267557263375,-0.007732968880736735,0.2,551.81,0.0069823833
1186,3305,958,3923968,0.1094970703125,0.9620359539985657,2.7675423085689546,0.4799671769142151,9570,0.0003,1.070105791091919,11.087838320000001,-1.3413390427827836,-0.007402233782340772,0.2,565.17,0.009762535
1187,3306,959,3928064,0.064501953125,0.9319097995758057,4.9225617974996565,0.48040786385536194,9580,0.0003,1.6530897617340088,10.378607110000003,-1.3401229947805404,-0.005872108347830363,0.2,560.02,0.0064226114
1188,3307,960,3932160,0.0862060546875,0.9517092704772949,5.447218319773674,0.4802113175392151,9590,0.0003,1.8368654251098633,8.382841280000001,-1.3413039401173592,-0.005258938421320636,0.2,561.28,0.007240694
1189,3308,961,3936256,0.0805908203125,0.9757871627807617,3.2755907982587815,0.4800166189670563,9600,0.0003,0.9786027669906616,9.989711289999999,-1.3400847181677817,-0.0058002220932394264,0.2,573.58,0.01040158
1190,3309,962,3940352,0.1242919921875,0.9511920809745789,3.607408407330513,0.4791209101676941,9610,0.0003,1.2269737720489502,9.596945109999998,-1.3384723231196403,-0.005241491414199118,0.2,575.37,0.013291173
1191,3310,963,3944448,0.09482421875,0.9119659662246704,8.20812292098999,0.4744674563407898,9620,0.0003,3.6206650733947754,5.8440271500000005,-1.3298276588320732,-0.004207581488299183,0.2,573.63,0.007387769
1192,3310,964,3948544,0.0622314453125,0.8791085481643677,7.679676648974419,0.4741688370704651,9630,0.0003,2.7976250648498535,6.56560361,-1.3160617902874947,-0.005778435632237233,0.2,575.27,0.007494431
1193,3311,965,3952640,0.0710693359375,0.9285293221473694,5.545250901579857,0.4729152321815491,9640,0.0003,1.8662686347961426,6.692492929999999,-1.3156349912285805,-0.005321814728085883,0.2,587.06,0.0078913085
1194,3312,966,3956736,0.08359375,0.9686545133590698,1.783782497048378,0.47519442439079285,9650,0.0003,0.5679914355278015,7.831352900000001,-1.317767931520939,-0.0037608724291203544,0.2,595.71,0.012637683
1195,3313,967,3960832,0.107763671875,0.974031925201416,3.4770664110779763,0.47345808148384094,9660,0.0003,1.0210356712341309,8.13836564,-1.3186736971139907,-0.0032551652446272785,0.2,589.24,0.0069363825
1196,3314,968,3964928,0.084423828125,0.9641776084899902,2.962437407672405,0.4769679307937622,9670,0.0003,0.764692485332489,8.606289000000002,-1.3200025483965874,-0.006494325006497092,0.2,590.75,0.008167017
1197,3315,969,3969024,0.08623046875,0.9197772145271301,3.574193608760834,0.47582343220710754,9680,0.0003,0.9037458896636963,7.66097892,-1.3273929789662362,-0.008822758815949783,0.2,592.11,0.006920679
1198,3316,970,3973120,0.0755859375,0.9337236285209656,5.526783281564713,0.47532472014427185,9690,0.0003,1.6127817630767822,8.535228159999999,-1.3244835704565048,-0.004958544211694971,0.2,584.42,0.008411416
1199,3316,971,3977216,0.0876953125,0.9436582326889038,1.730871357023716,0.47401702404022217,9700,0.0003,0.462685763835907,7.952341879999998,-1.323419240117073,-0.004552954636164941,0.2,580.05,0.014115965
1200,3317,972,3981312,0.13056640625,0.9710030555725098,1.3888540014624595,0.47684231400489807,9710,0.0003,0.4132232069969177,8.09857023,-1.3242780566215515,-0.0043743202229961755,0.2,589.77,0.012319325
1200,3318,973,3985408,0.0923828125,0.9379881024360657,1.7722092881798743,0.4721117913722992,9720,0.0003,0.5911010503768921,9.66216043,-1.3239880204200745,-0.009388857684098185,0.2,608.32,0.011698268
1201,3319,974,3989504,0.0862060546875,0.8577075600624084,3.7998472467064857,0.47153985500335693,9730,0.0003,0.8012259006500244,9.18844923,-1.308194710314274,-0.007059438547003083,0.2,613.25,0.007543179
1202,3320,975,3993600,0.0705810546875,0.9525219798088074,2.460635131597519,0.47183626890182495,9740,0.0003,0.6122053265571594,11.079019839999996,-1.3092450186610223,-0.005341433917055838,0.2,614.84,0.007091362
1203,3321,976,3997696,0.099267578125,0.9433286786079407,2.6570720955729485,0.4721643328666687,9750,0.0003,1.15481698513031,10.249985079999998,-1.30883120149374,-0.008441092536668294,0.2,637.45,0.008491458
1186,3373,977,4001792,0.0799072265625,0.9439842700958252,3.912698481976986,0.4716207683086395,9760,0.0003,0.9321945309638977,9.763140729999998,-1.3088242307305336,-0.006918898699223064,0.2,638.97,0.007421543
