time/fps,rollout/ep_rew_mean,time/time_elapsed,time/total_timesteps,rollout/ep_len_mean,time/iterations,train/clip_range,train/explained_variance,train/clip_fraction,train/entropy_loss,train/learning_rate,train/approx_kl,train/n_updates,train/policy_gradient_loss,train/loss,train/value_loss,train/std
6047,-40.8564709,0,4096,181.6,1,,,,,,,,,,,
5366,-44.95084947368421,1,8192,331.3157894736842,2,0.2,0.003007173538208008,0.01337890625,-2.8485388070344926,0.0003,0.0040238174,10,-0.0029681794796488246,1.8618181943893433,5.989661157131195,1.0115382671356201
5108,-47.27473807692308,2,12288,384.84615384615387,3,0.2,0.5572646856307983,0.0318603515625,-2.8659167647361756,0.0003,0.006380972,20,-0.00404205804807134,0.5477057099342346,1.6979440748691559,1.01853346824646
5019,-45.74004306249999,3,16384,423.125,4,0.2,0.5148403644561768,0.054541015625,-2.8760062783956526,0.0003,0.008576331,30,-0.004552424864959903,0.46195295453071594,1.423677796125412,1.0183645486831665
4959,-43.66879476923076,4,20480,454.35897435897436,5,0.2,0.2497539520263672,0.0604736328125,-2.864002341032028,0.0003,0.0092661455,40,-0.004907223087502644,0.2996646761894226,0.8911301232874393,1.0054997205734253
4921,-42.06455091666667,4,24576,468.0,6,0.2,0.37930721044540405,0.0781982421875,-2.8346273422241213,0.0003,0.009342071,50,-0.0065885715943295505,0.09477143734693527,0.8649797117337584,0.9905868172645569
4900,-41.55993105454546,5,28672,483.3454545454546,7,0.2,0.3754565715789795,0.0539794921875,-2.811408656835556,0.0003,0.008968868,60,-0.006810173171834322,0.6987906098365784,1.201888932660222,0.9847594499588013
4893,-39.421975147540984,6,32768,488.6885245901639,8,0.2,0.3960161805152893,0.034521484375,-2.7984822154045106,0.0003,0.006088159,70,-0.005493490718072281,0.29684650897979736,1.0634841617196797,0.9745988845825195
4872,-36.31613004225351,7,36864,490.9577464788732,9,0.2,0.19123727083206177,0.05302734375,-2.780708631873131,0.0003,0.0069744224,80,-0.004186786251375451,0.35432153940200806,1.9523145653307439,0.9698344469070435
4872,-34.26911503797468,8,40960,485.6835443037975,10,0.2,0.24652493000030518,0.026025390625,-2.7693650007247923,0.0003,0.0042983396,90,-0.003290707211999688,0.8128361701965332,3.022040218114853,0.9611561298370361
4868,-32.63659936363636,9,45056,486.4431818181818,11,0.2,0.394503116607666,0.0521484375,-2.7514902502298355,0.0003,0.005680654,100,-0.004235146191786043,0.707942008972168,2.307342106103897,0.9555619955062866
4851,-29.79164033673469,10,49152,479.38775510204084,12,0.2,0.513391375541687,0.0912841796875,-2.7457183808088304,0.0003,0.010209828,110,-0.006681367849523667,1.1538517475128174,2.2058845780789853,0.9542790651321411
4853,-28.155447450000008,10,53248,499.12,13,0.2,0.4141042232513428,0.067431640625,-2.741842070221901,0.0003,0.008910808,120,-0.004688688203168567,1.2269840240478516,4.536670032143593,0.9516245722770691
4846,-24.27976856,11,57344,508.84,14,0.2,0.5468090772628784,0.035498046875,-2.734620615839958,0.0003,0.0065970747,130,-0.00399158045911463,0.5335251092910767,2.0481069281697275,0.9468435645103455
4835,-19.345769519999997,12,61440,491.02,15,0.2,0.621970534324646,0.04970703125,-2.72657325565815,0.0003,0.006440589,140,-0.004274158024054486,1.2531999349594116,2.429373450577259,0.9449508786201477
4831,-14.129802300000001,13,65536,467.02,16,0.2,0.628144383430481,0.0806640625,-2.723813983798027,0.0003,0.0075109405,150,-0.004989144767750986,1.9038077592849731,3.3608437687158585,0.9445180296897888
4826,-10.744821510000001,14,69632,449.7,17,0.2,0.7864497303962708,0.07119140625,-2.7179069578647614,0.0003,0.006089408,160,-0.006771179626230151,0.8701551556587219,2.62567575275898,0.9376272559165955
4822,-7.8997471,15,73728,425.46,18,0.2,0.7885459661483765,0.0399658203125,-2.7038414508104323,0.0003,0.005553509,170,-0.005321362608810887,1.0434614419937134,2.557870604097843,0.933311939239502
4825,-6.5491509899999985,16,77824,410.05,19,0.2,0.7432308793067932,0.0693115234375,-2.697627806663513,0.0003,0.0059311357,180,-0.0052648565921117555,0.9442006349563599,2.2958646535873415,0.9316255450248718
4825,-4.66826423,16,81920,394.62,20,0.2,0.734017014503479,0.052490234375,-2.694424992799759,0.0003,0.0061223134,190,-0.004234614767483436,0.8270962238311768,2.660465583205223,0.9298443794250488
4827,-2.63538257,17,86016,389.5,21,0.2,0.770061731338501,0.0521484375,-2.6881642162799837,0.0003,0.004560319,200,-0.004783565943944268,1.149725317955017,3.036885307729244,0.9255000352859497
4829,-0.7437909700000003,18,90112,374.28,22,0.2,0.7957607507705688,0.066455078125,-2.6816044211387635,0.0003,0.0043855603,210,-0.005183739068161231,1.0771039724349976,2.118822813779116,0.9241356253623962
4829,0.8651526700000002,19,94208,355.36,23,0.2,0.8433639407157898,0.05400390625,-2.6769274532794953,0.0003,0.0050542783,220,-0.004253321516443975,0.6837507486343384,1.8116762772202493,0.9204256534576416
4828,2.38568423,20,98304,353.61,24,0.2,0.913591206073761,0.0372314453125,-2.6678436398506165,0.0003,0.0050221593,230,-0.0045908347819931805,0.6093172430992126,1.3732024893164634,0.9153451919555664
2570,2.6591838500000007,39,102400,348.23,25,0.2,0.8706182837486267,0.0537109375,-2.6557227671146393,0.0003,0.008161953,240,-0.005952216676087118,0.6429594159126282,1.6000494107604026,0.9107104539871216
2616,4.82765825,40,106496,346.79,26,0.2,0.8439634442329407,0.0578369140625,-2.648802438378334,0.0003,0.011185823,250,-0.005239321652334183,0.6842507719993591,1.8054039619863034,0.9092354774475098
2661,5.3353081399999995,41,110592,340.64,27,0.2,0.8975802063941956,0.047119140625,-2.6400040209293367,0.0003,0.0040236814,260,-0.006161076499847695,0.8667224049568176,1.5587475314736365,0.9014053344726562
2703,7.900396550000002,42,114688,338.47,28,0.2,0.7913997769355774,0.0302978515625,-2.6250467956066132,0.0003,0.0040543685,270,-0.005614566164149437,1.328614354133606,3.0775915175676345,0.8969601392745972
2744,6.93186719,43,118784,327.91,29,0.2,0.8993743658065796,0.0213623046875,-2.6192834198474886,0.0003,0.0036198958,280,-0.0032005990666220895,0.2628461420536041,1.1862682111561298,0.8957070708274841
2781,7.59286386,44,122880,325.92,30,0.2,0.8618360757827759,0.0535400390625,-2.6129977852106094,0.0003,0.0062516127,290,-0.007926993237924762,0.9660060405731201,2.1334010764956473,0.892128586769104
2817,8.98933041,45,126976,337.2,31,0.2,0.9229874610900879,0.03330078125,-2.6010098844766616,0.0003,0.004394034,300,-0.003916734320227988,0.3414965867996216,0.9054725077003241,0.8823195695877075
2854,9.83521122,45,131072,333.83,32,0.2,0.8962136507034302,0.035107421875,-2.5763523161411284,0.0003,0.0054144934,310,-0.0039019546864437872,0.42321738600730896,1.273656328767538,0.8734273910522461
2890,9.54165311,46,135168,336.38,33,0.2,0.9504981637001038,0.0511962890625,-2.555734780430794,0.0003,0.0051578684,320,-0.0067005741700995715,0.23123294115066528,0.5930441807955503,0.8633477687835693
2925,11.636032609999999,47,139264,337.96,34,0.2,0.8834699988365173,0.063134765625,-2.535000976920128,0.0003,0.0052797752,330,-0.005497986052068882,0.5389220714569092,1.5911692723631858,0.8560471534729004
2958,13.258805129999999,48,143360,341.33,35,0.2,0.9611169695854187,0.0731689453125,-2.510172447562218,0.0003,0.0115109235,340,-0.006618076565791853,0.07260119915008545,0.33534548841416834,0.8390392065048218
2988,14.696922490000002,49,147456,333.54,36,0.2,0.9526781439781189,0.0380859375,-2.4709645599126815,0.0003,0.0062216055,350,-0.004937560300459154,0.14678369462490082,0.5899174897000193,0.8258786201477051
3020,15.395060329999996,50,151552,321.88,37,0.2,0.9600437879562378,0.051416015625,-2.4469138383865356,0.0003,0.00481279,360,-0.0045466457057045774,0.11058755964040756,0.5533315524458885,0.8188287019729614
3049,15.781971660000002,51,155648,310.74,38,0.2,0.942600429058075,0.053759765625,-2.4368238389492034,0.0003,0.0052278126,370,-0.005753460280539002,0.37961345911026,1.0925569795072079,0.819615364074707
3077,16.50526317,51,159744,297.84,39,0.2,0.9397347569465637,0.042919921875,-2.4380879580974577,0.0003,0.004637653,380,-0.003501300347852521,0.27957335114479065,1.082077293097973,0.8174084424972534
3105,18.4936172,52,163840,300.88,40,0.2,0.9494391679763794,0.053125,-2.427803006768227,0.0003,0.008439131,390,-0.005405849468661472,0.21880784630775452,0.5616796106100083,0.8116868138313293
3132,18.31364257,53,167936,296.8,41,0.2,0.9791823029518127,0.0680908203125,-2.4021910578012466,0.0003,0.009244936,400,-0.00476031637226697,0.052712664008140564,0.1792447680607438,0.7942997217178345
3158,17.40253236,54,172032,293.61,42,0.2,0.912055492401123,0.0705810546875,-2.375543737411499,0.0003,0.003244733,410,-0.003846722305752337,0.4298109710216522,1.1070994634181262,0.7947081923484802
3184,18.349550939999997,55,176128,302.08,43,0.2,0.9184009432792664,0.0318603515625,-2.377026191353798,0.0003,0.0057030683,420,-0.004247673923237017,0.501763641834259,1.2469039160758257,0.7933977246284485
3208,19.12655719,56,180224,317.02,44,0.2,0.9603016376495361,0.047021484375,-2.3725071489810943,0.0003,0.006586612,430,-0.004574513883562758,0.17425693571567535,0.477612641453743,0.790677547454834
3231,19.160068660000004,57,184320,319.61,45,0.2,0.8990448713302612,0.0477294921875,-2.3626527160406114,0.0003,0.006194636,440,-0.004387801073607989,0.2605556845664978,0.9123866848647595,0.7858686447143555
3254,19.589891920000003,57,188416,318.88,46,0.2,0.9528453350067139,0.0658203125,-2.355542913079262,0.0003,0.0061762165,450,-0.005245074414415285,0.20517806708812714,0.6435189168900252,0.7865250110626221
3277,19.852618170000003,58,192512,321.67,47,0.2,0.9593863487243652,0.044140625,-2.3469918370246887,0.0003,0.008673022,460,-0.0034400524833472445,0.08820459246635437,0.3835204165428877,0.7770525217056274
3298,20.0231654,59,196608,323.28,48,0.2,0.9727628231048584,0.0442138671875,-2.323142072558403,0.0003,0.0058277203,470,-0.005584954582445789,0.04684406891465187,0.29934935458004475,0.7695532441139221
2482,20.41056454,80,200704,324.76,49,0.2,0.9801491498947144,0.0612548828125,-2.3106147080659865,0.0003,0.0046703406,480,-0.005624652102414984,0.03682159632444382,0.15441110180690884,0.7672742605209351
2506,21.811896669999992,81,204800,327.39,50,0.2,0.9693283438682556,0.043798828125,-2.3024507403373717,0.0003,0.0040867804,490,-0.005076431954512373,0.06888313591480255,0.27289515901356937,0.7630511522293091
2530,20.984922729999997,82,208896,315.64,51,0.2,0.9868476986885071,0.068212890625,-2.289675936102867,0.0003,0.007931694,500,-0.00850336218427401,0.014088695868849754,0.09544292823411524,0.756633996963501
2550,21.564110489999997,83,212992,305.95,52,0.2,0.922902524471283,0.0512939453125,-2.2762565940618513,0.0003,0.0042814044,510,-0.005415424448437988,0.5965614914894104,1.103777526691556,0.7548754215240479
2570,23.10523388,84,217088,312.98,53,0.2,0.9874786138534546,0.0703369140625,-2.2630704551935197,0.0003,0.009138687,520,-0.007989390363218263,0.021724624559283257,0.09788490384817124,0.745408296585083
2590,23.163315609999998,85,221184,315.87,54,0.2,0.9720991253852844,0.0587890625,-2.243225082755089,0.0003,0.0040608784,530,-0.006655041774502024,0.05090995132923126,0.1841362222097814,0.74086594581604
2612,22.75882684,86,225280,314.47,55,0.2,0.8986665606498718,0.029296875,-2.2372945070266725,0.0003,0.00466472,540,-0.004180957913922612,0.09465238451957703,0.9890952054411173,0.7410414814949036
2634,22.29801985,87,229376,307.7,56,0.2,0.9162670969963074,0.0722900390625,-2.236674451828003,0.0003,0.008703447,550,-0.004327022202778608,0.08739873766899109,0.5308107579126954,0.7395461201667786
2654,22.29803453,87,233472,306.83,57,0.2,0.9525693655014038,0.051318359375,-2.2274863451719282,0.0003,0.0055036163,560,-0.005762790472363122,0.08488116413354874,0.3547645226120949,0.7351106405258179
2673,21.266977000000008,88,237568,303.08,58,0.2,0.9024770259857178,0.081103515625,-2.2201809227466582,0.0003,0.0049216864,570,-0.007789347966900095,0.3365427553653717,0.9988556958734989,0.7331187725067139
2693,22.526791939999995,89,241664,312.04,59,0.2,0.9017308950424194,0.0563232421875,-2.212121519446373,0.0003,0.0037779738,580,-0.004719796009885613,0.30880969762802124,0.8120381109416485,0.7298650741577148
2713,21.92108719,90,245760,311.5,60,0.2,0.8901622891426086,0.047314453125,-2.2053947001695633,0.0003,0.003592334,590,-0.0037823069680598563,0.3989708721637726,1.0131636789068579,0.7288180589675903
2732,22.005910509999993,91,249856,312.18,61,0.2,0.9501672387123108,0.060009765625,-2.199070355296135,0.0003,0.0037222626,600,-0.005719302091165446,0.1232726126909256,0.5220344729721547,0.7238948941230774
2751,22.52439577,92,253952,313.95,62,0.2,0.9473335146903992,0.045361328125,-2.188644054532051,0.0003,0.004515931,610,-0.005601556559849996,0.1554315686225891,0.6129444394260645,0.7225688695907593
2769,22.62023075,93,258048,312.81,63,0.2,0.9363920092582703,0.0281005859375,-2.187710407376289,0.0003,0.004436187,620,-0.004916849598521367,0.19847480952739716,0.6805535688996315,0.7224912643432617
2787,22.753329429999997,94,262144,309.57,64,0.2,0.9720671772956848,0.0684814453125,-2.1775339752435685,0.0003,0.0049482705,630,-0.005019710888154805,0.03936660289764404,0.17813851553946733,0.7141892910003662
2805,22.81040057,94,266240,306.86,65,0.2,0.8977053165435791,0.0441650390625,-2.1633468180894853,0.0003,0.004934607,640,-0.004723589721834287,0.4377806782722473,0.9911087680608034,0.7158721089363098
2821,23.431679560000003,95,270336,306.71,66,0.2,0.9330573678016663,0.0474365234375,-2.172475516796112,0.0003,0.0052721985,650,-0.0027982249783235604,0.06895148754119873,0.6020641354843974,0.7187545299530029
2839,21.560108290000002,96,274432,297.65,67,0.2,0.9680651426315308,0.0570556640625,-2.178930974006653,0.0003,0.005276196,660,-0.004332692411844618,0.12648218870162964,0.39199799988418815,0.720410168170929
2856,20.59461906,97,278528,291.31,68,0.2,0.8425518870353699,0.0237548828125,-2.182724753022194,0.0003,0.0033986117,670,-0.00207442777173128,0.6689497828483582,2.398680117726326,0.7223739624023438
2873,19.09976189,98,282624,293.58,69,0.2,0.9381449818611145,0.053857421875,-2.187541502714157,0.0003,0.0060561253,680,-0.006403457903070375,0.3800550103187561,1.1469306856393815,0.7234196662902832
2890,18.655335209999997,99,286720,299.26,70,0.2,0.9234439134597778,0.0513671875,-2.187859225273132,0.0003,0.008346987,690,-0.0027178419171832503,0.2807515263557434,1.03010645955801,0.7220127582550049
2906,18.32637862,100,290816,298.77,71,0.2,0.9194427132606506,0.0786376953125,-2.1842462837696077,0.0003,0.006964855,700,-0.0043716072628740225,0.34529972076416016,1.137359032779932,0.7220320701599121
2922,15.750609469999999,100,294912,281.45,72,0.2,0.9652485251426697,0.035400390625,-2.1840901136398316,0.0003,0.005604133,710,-0.004819492567912675,0.11633475124835968,0.3588362082839012,0.7211684584617615
2938,15.20982698,101,299008,277.45,73,0.2,0.9299237728118896,0.0222900390625,-2.1835830092430113,0.0003,0.0040930267,720,-0.0036969033622881397,0.6695976853370667,1.869740979373455,0.722927451133728
2490,16.8553685,121,303104,281.91,74,0.2,0.9679014086723328,0.030078125,-2.1855223327875137,0.0003,0.0045821895,730,-0.004816103068878874,0.273627907037735,0.682770076021552,0.721558690071106
2506,18.3220998,122,307200,295.32,75,0.2,0.9691414833068848,0.0541259765625,-2.171106332540512,0.0003,0.0057571903,740,-0.005585137396701611,0.16832901537418365,0.4917359072715044,0.7110984921455383
2522,19.00047102,123,311296,295.5,76,0.2,0.9618064165115356,0.0693359375,-2.1462742418050764,0.0003,0.007907039,750,-0.0055836930667283015,0.09180550277233124,0.33083176221698524,0.7077157497406006
2538,18.52320482,124,315392,285.2,77,0.2,0.9600878953933716,0.0765380859375,-2.145447787642479,0.0003,0.00626463,760,-0.005946103666792624,0.13329777121543884,0.5806355893611908,0.7100428342819214
2554,18.84329334,125,319488,284.37,78,0.2,0.895751953125,0.0787841796875,-2.152272808551788,0.0003,0.0068312082,770,-0.006830501629156061,0.45902401208877563,1.695130207389593,0.7112544775009155
2569,19.57186927,125,323584,287.03,79,0.2,0.9104827642440796,0.049853515625,-2.148402473330498,0.0003,0.004581014,780,-0.0030144587450195103,0.3848416805267334,0.9443965576589107,0.7080209255218506
2585,20.735109500000004,126,327680,297.31,80,0.2,0.8640626072883606,0.05048828125,-2.1419475823640823,0.0003,0.003975136,790,-0.0036698447045637296,0.3566003739833832,1.4158544428646564,0.7065783143043518
2600,20.108959549999998,127,331776,293.06,81,0.2,0.8992713093757629,0.0887451171875,-2.1400631934404375,0.0003,0.009067927,800,-0.007560983969597146,0.46092885732650757,1.5108330510556698,0.7068538069725037
2615,19.540931149999995,128,335872,286.03,82,0.2,0.9532044529914856,0.0578369140625,-2.1400017768144606,0.0003,0.0061470754,810,-0.004886669704865199,0.12507984042167664,0.49749237950891256,0.707074761390686
2629,19.707083679999997,129,339968,285.3,83,0.2,0.9569442868232727,0.0463623046875,-2.1378976345062255,0.0003,0.005011976,820,-0.005518226604908705,0.22361642122268677,0.7446915030479431,0.7037174701690674
2643,20.20842838,130,344064,292.37,84,0.2,0.9305629134178162,0.0443603515625,-2.129511696100235,0.0003,0.005600215,830,-0.004753336813882925,0.5892667174339294,0.9545531880110503,0.7013896703720093
2658,20.726254179999998,130,348160,295.04,85,0.2,0.9081747531890869,0.0296875,-2.127870890498161,0.0003,0.0038948294,840,-0.002916823129635304,0.4440256953239441,1.072889566794038,0.7040550708770752
2672,21.79967156,131,352256,306.8,86,0.2,0.9635732769966125,0.052197265625,-2.126457545161247,0.0003,0.006785162,850,-0.005744440981652587,0.10328367352485657,0.2651406180113554,0.697759747505188
2686,22.710207030000003,132,356352,311.55,87,0.2,0.9047378897666931,0.047607421875,-2.115718114376068,0.0003,0.0034136937,860,-0.0036309496528701855,0.09267392754554749,0.6043111329898239,0.6985214352607727
2700,23.122330120000004,133,360448,317.31,88,0.2,0.9580796360969543,0.058203125,-2.1126793712377547,0.0003,0.0061525768,870,-0.003628984797978774,0.07449600100517273,0.2630253663286567,0.6942942142486572
2714,23.485063769999996,134,364544,318.2,89,0.2,0.9701172709465027,0.054296875,-2.105036786198616,0.0003,0.005354708,880,-0.005760331003693863,0.058195725083351135,0.265832856670022,0.6944459676742554
2727,23.72410871,135,368640,316.33,90,0.2,0.9531264901161194,0.06533203125,-2.1033955097198485,0.0003,0.0069038495,890,-0.004636632239271421,0.22470176219940186,0.6259677622467279,0.692463219165802
2741,24.145359479999996,135,372736,315.85,91,0.2,0.9574247598648071,0.0525390625,-2.098543944954872,0.0003,0.0040884577,900,-0.005298597214277834,0.0804218053817749,0.41878042072057725,0.691879391670227
2754,23.210008559999995,136,376832,308.31,92,0.2,0.9393780827522278,0.0695068359375,-2.093763229250908,0.0003,0.0056488127,910,-0.004048486478859558,0.0901901051402092,0.5656177049502731,0.6886935234069824
2766,22.41512948,137,380928,303.41,93,0.2,0.9487926959991455,0.044091796875,-2.091928404569626,0.0003,0.0058295326,920,-0.0050393885030644014,0.31386837363243103,0.9866411600261926,0.692101240158081
2779,21.130293129999995,138,385024,297.99,94,0.2,0.9446340203285217,0.0408935546875,-2.0988228261470794,0.0003,0.0045683337,930,-0.003770363100920804,0.2088339626789093,0.7173086289316416,0.6919878721237183
2791,20.930772720000004,139,389120,291.98,95,0.2,0.9734405875205994,0.0499755859375,-2.095444267988205,0.0003,0.005318164,940,-0.006600880192127079,0.11263227462768555,0.38845243845134975,0.6911537647247314
2803,20.118950949999995,140,393216,290.55,96,0.2,0.9088976383209229,0.084228515625,-2.0957923501729967,0.0003,0.0057019694,950,-0.006434698210796341,0.5400502681732178,0.8871032064780593,0.6919161081314087
2816,20.91931176,141,397312,294.29,97,0.2,0.9678569436073303,0.0738525390625,-2.090007111430168,0.0003,0.008833659,960,-0.004672548465896398,0.17841185629367828,0.634147122502327,0.686959981918335
2489,20.81752461,161,401408,289.41,98,0.2,0.9494972825050354,0.0479736328125,-2.0783616691827773,0.0003,0.0060854545,970,-0.005956794117810205,0.1085326224565506,0.5395973194390535,0.6847419142723083
2502,20.960306709999994,162,405504,285.46,99,0.2,0.9463068246841431,0.078173828125,-2.074185937643051,0.0003,0.006770839,980,-0.005554590304382145,0.23570498824119568,0.48718018028885124,0.6831377744674683
2514,20.178808569999998,162,409600,278.51,100,0.2,0.9341132640838623,0.03505859375,-2.0731220096349716,0.0003,0.0066759665,990,-0.0026569073743303306,0.511766254901886,1.0206457551568746,0.6842071413993835
2526,20.38739673,163,413696,280.99,101,0.2,0.9604123830795288,0.04765625,-2.073011690378189,0.0003,0.005697717,1000,-0.0052303589676739645,0.19798029959201813,0.6807931054383516,0.6822978258132935
2538,18.72160358,164,417792,273.37,102,0.2,0.9436573386192322,0.053564453125,-2.0632359117269514,0.0003,0.005957965,1010,-0.005341337839490734,0.18611778318881989,0.7504321552813054,0.6772997379302979
2549,18.82276384,165,421888,272.07,103,0.2,0.9410959482192993,0.058154296875,-2.051946184039116,0.0003,0.0051405937,1020,-0.005142382558551617,0.22358505427837372,1.1566038180142642,0.6758935451507568
2561,18.088581580000003,166,425984,272.11,104,0.2,0.9567961692810059,0.0712158203125,-2.0536464720964434,0.0003,0.0062977173,1030,-0.008433552287169733,0.1907251924276352,0.6811398971825838,0.6771613955497742
2572,17.219129270000003,167,430080,273.22,105,0.2,0.9725485444068909,0.0498046875,-2.0516587287187575,0.0003,0.0071119843,1040,-0.007017627758614253,0.1811053454875946,0.5866414859890938,0.6735180616378784
2583,16.57383216,168,434176,272.82,106,0.2,0.9770139455795288,0.058740234375,-2.0380676954984667,0.0003,0.005755564,1050,-0.006511625275015831,0.06899432837963104,0.3813501175493002,0.6690725088119507
2594,17.25067005,168,438272,281.31,107,0.2,0.9512059688568115,0.0573974609375,-2.025147816538811,0.0003,0.0048104897,1060,-0.004328359651844948,0.4662748873233795,1.2587588272988797,0.665744423866272
2606,18.235205259999997,169,442368,284.3,108,0.2,0.9376341104507446,0.056005859375,-2.018608996272087,0.0003,0.008122574,1070,-0.0038710019667632877,0.2891204357147217,1.2044744841754436,0.6645140051841736
2616,18.21761023,170,446464,288.08,109,0.2,0.9666262269020081,0.0724365234375,-2.017328906059265,0.0003,0.011809528,1080,-0.005311601862194948,0.09092152863740921,0.28782244492322206,0.6656034588813782
2627,19.218373229999997,171,450560,290.0,110,0.2,0.905809760093689,0.06708984375,-2.021604758501053,0.0003,0.0057564704,1090,-0.004390724997210782,0.4328032433986664,1.6785506762564182,0.6683177947998047
2638,20.269991800000003,172,454656,290.14,111,0.2,0.9514431357383728,0.062548828125,-2.0282738387584685,0.0003,0.0071554324,1100,-0.006849334738217294,0.08457870781421661,0.33352000527083875,0.6688169240951538
2649,20.08060997,173,458752,283.84,112,0.2,0.9699970483779907,0.06748046875,-2.0107654467225076,0.0003,0.0047165537,1110,-0.00579853086383082,0.03344764560461044,0.14077158672735096,0.6571587920188904
2660,21.72318292,173,462848,288.7,113,0.2,0.9744752049446106,0.041162109375,-1.9933329358696938,0.0003,0.00552562,1120,-0.005135133452131413,0.21686263382434845,0.6149455208331347,0.6600802540779114
2671,22.713769040000003,174,466944,294.66,114,0.2,0.9202744960784912,0.1010986328125,-1.9936798438429832,0.0003,0.009249624,1130,-0.005149138782871887,0.13110552728176117,0.805718369409442,0.6550253033638
2681,22.460281140000003,175,471040,290.78,115,0.2,0.9771291613578796,0.062890625,-1.9828895583748818,0.0003,0.0069465367,1140,-0.006864348854287527,0.04536969214677811,0.16161542432382703,0.6543413400650024
2692,23.573200130000004,176,475136,292.1,116,0.2,0.9250141382217407,0.0859130859375,-1.9832859620451928,0.0003,0.005028072,1150,-0.0052893843443598595,0.09153251349925995,0.618453973531723,0.6544798016548157
2702,23.224565770000005,177,479232,293.09,117,0.2,0.950062096118927,0.062548828125,-1.9875356763601304,0.0003,0.006903436,1160,-0.005869265347428154,0.08787350356578827,0.4064868209883571,0.657839298248291
2713,23.029156269999994,178,483328,291.95,118,0.2,0.9320261478424072,0.093896484375,-1.9982165560126304,0.0003,0.0059806556,1170,-0.0024959526577731594,0.199757382273674,0.6930678937584162,0.6616036891937256
2723,22.678927169999998,178,487424,298.17,119,0.2,0.9338738918304443,0.0589111328125,-2.009987097978592,0.0003,0.005738482,1180,-0.00467532857292099,0.07461689412593842,0.45507788341492417,0.6638482213020325
2732,22.509758449999996,179,491520,293.29,120,0.2,0.9213342070579529,0.062109375,-2.0196804463863374,0.0003,0.008007855,1190,-0.0062723605165956545,0.5758354067802429,0.9847983006387949,0.6681810617446899
2742,19.84211504,180,495616,278.72,121,0.2,0.9218928217887878,0.066259765625,-2.0285705238580705,0.0003,0.006823076,1200,-0.009098450039164162,0.33804965019226074,1.1281263954937457,0.670461893081665
2752,19.576128699999998,181,499712,270.49,122,0.2,0.877614438533783,0.0342529296875,-2.031992170214653,0.0003,0.006382105,1210,-0.0028270397655433045,0.7152200937271118,2.1730057157576086,0.6699026823043823
2489,18.61420087,202,503808,268.72,123,0.2,0.9745437502861023,0.0712646484375,-2.0189072281122207,0.0003,0.0062657455,1220,-0.005575443108682521,0.04102569445967674,0.17948950938880442,0.6628139019012451
2499,18.41313627,203,507904,266.66,124,0.2,0.9106869697570801,0.0477783203125,-2.0066017329692842,0.0003,0.006650551,1230,-0.0032851474796188997,0.5214614272117615,1.205382476374507,0.6633299589157104
2509,18.702427789999998,204,512000,266.56,125,0.2,0.9465898275375366,0.0405029296875,-2.009690433740616,0.0003,0.006682534,1240,-0.0031385392125230283,0.1851349174976349,0.6450343783944845,0.6627687811851501
2518,18.8253606,204,516096,268.52,126,0.2,0.9716420769691467,0.0712890625,-1.9979915991425514,0.0003,0.0058076177,1250,-0.005110068310750648,0.0661001205444336,0.24706611968576908,0.6556084156036377
2528,20.733309999999996,205,520192,276.25,127,0.2,0.9512514472007751,0.0816650390625,-1.991183663904667,0.0003,0.0057263747,1260,-0.0031948631090926937,0.10088943690061569,0.6007564393803477,0.6596323847770691
2537,21.094171289999995,206,524288,284.18,128,0.2,0.9766119718551636,0.072705078125,-2.0039629146456717,0.0003,0.007090821,1270,-0.0034287954709725454,0.03472582995891571,0.15042869374155998,0.6623470783233643
2547,20.829766929999995,207,528384,283.33,129,0.2,0.9110631942749023,0.0484375,-2.009554421901703,0.0003,0.0058137793,1280,-0.004443896928569302,0.6075669527053833,1.5207614086568355,0.6634924411773682
2556,19.79346431,208,532480,285.12,130,0.2,0.9676386117935181,0.0669921875,-2.0115001916885378,0.0003,0.0066538723,1290,-0.0075155701109906655,0.13570049405097961,0.40065409913659095,0.664463996887207
2566,20.23424625,209,536576,290.54,131,0.2,0.9635103344917297,0.0419677734375,-2.0160938590765,0.0003,0.006533953,1300,-0.005661512340884656,0.14912080764770508,0.5561952970921993,0.6674121618270874
2574,19.693996690000002,209,540672,287.88,132,0.2,0.9503421783447266,0.07568359375,-2.0122167989611626,0.0003,0.0077336337,1310,-0.005974587154923938,0.12729251384735107,0.3474032524973154,0.6602585315704346
2583,20.18551053,210,544768,293.12,133,0.2,0.9647632241249084,0.0655029296875,-1.9959270879626274,0.0003,0.0055490853,1320,-0.005778649798594415,0.2151007056236267,0.658120197057724,0.6581102609634399
2592,18.70708461,211,548864,292.79,134,0.2,0.9642583131790161,0.0445556640625,-1.9945701733231544,0.0003,0.0049231937,1330,-0.004684848035685718,0.09677207469940186,0.385373886115849,0.6596559882164001
2601,19.377557389999996,212,552960,296.69,135,0.2,0.9321576356887817,0.049560546875,-1.9935052812099456,0.0003,0.0067587,1340,-0.004731450165854767,0.20965443551540375,0.8741071544587612,0.6584908366203308
2610,20.31268983,213,557056,302.59,136,0.2,0.9637970328330994,0.060400390625,-1.9934921234846115,0.0003,0.0053231707,1350,-0.006117549134069122,0.08254580199718475,0.5339528584852815,0.6601446866989136
2619,20.701612660000002,214,561152,292.47,137,0.2,0.9116787910461426,0.07685546875,-1.9989559322595596,0.0003,0.005820513,1360,-0.0044145662890514355,0.1315261870622635,0.8421942092478275,0.6626152992248535
2628,21.090439749999994,215,565248,290.92,138,0.2,0.9694610834121704,0.076025390625,-2.0052748411893844,0.0003,0.007670145,1370,-0.006258159229764715,0.10880973190069199,0.3295716067776084,0.6644659042358398
2637,21.550418550000003,215,569344,298.12,139,0.2,0.9711509346961975,0.06298828125,-2.010491964221001,0.0003,0.0058461586,1380,-0.005245490465313196,0.0328734889626503,0.26110556442290545,0.6662265062332153
2645,21.402718319999998,216,573440,295.26,140,0.2,0.9746479988098145,0.053466796875,-2.0190463721752168,0.0003,0.0071695065,1390,-0.005504933508927934,0.09921503067016602,0.283610824868083,0.6692150235176086
2653,22.39816607,217,577536,290.65,141,0.2,0.9745106101036072,0.063818359375,-2.022973871231079,0.0003,0.006689508,1400,-0.0051437783477013,0.09268425405025482,0.29797671288251876,0.6685773134231567
2662,23.29738103,218,581632,291.15,142,0.2,0.959238588809967,0.08994140625,-2.017981746792793,0.0003,0.010374228,1410,-0.004892244591610506,0.06353798508644104,0.3128670008853078,0.6666183471679688
2671,23.25065598,219,585728,296.11,143,0.2,0.9804154634475708,0.072509765625,-2.002712622284889,0.0003,0.0032238262,1420,-0.004608138150069862,0.025263581424951553,0.14976764423772693,0.6582953929901123
2679,23.983619579999996,220,589824,305.67,144,0.2,0.9538966417312622,0.06298828125,-1.9859750345349312,0.0003,0.006697323,1430,-0.0052884612909110725,0.09172448515892029,0.5387038100510836,0.6566699147224426
2687,24.484132520000003,220,593920,309.33,145,0.2,0.9368757009506226,0.049609375,-1.9798493549227714,0.0003,0.0071092094,1440,-0.003044616707484238,0.11835340410470963,0.5970696080476046,0.652938961982727
2696,24.016645200000003,221,598016,304.76,146,0.2,0.9566759467124939,0.0741455078125,-1.968314878642559,0.0003,0.005524552,1450,-0.004715280150412582,0.07202930003404617,0.3535109146498144,0.6500812768936157
2478,24.12524654,242,602112,304.65,147,0.2,0.9418113231658936,0.0583251953125,-1.9619871228933334,0.0003,0.00804068,1460,-0.004831209946132731,0.13879752159118652,0.7607905115932226,0.6496974229812622
2486,23.20449308,243,606208,304.98,148,0.2,0.9650418162345886,0.12275390625,-1.9635596603155137,0.0003,0.0046250783,1470,-0.0038946902437601238,0.06713888049125671,0.31481981426477434,0.6495341062545776
2494,21.509445140000004,244,610304,301.98,149,0.2,0.9228681325912476,0.040087890625,-1.9655323207378388,0.0003,0.006136237,1480,-0.003511658690695185,0.21742647886276245,1.5559447761625051,0.6519910097122192
2502,21.433440479999994,245,614400,298.71,150,0.2,0.94871985912323,0.0710205078125,-1.9707741796970368,0.0003,0.006622754,1490,-0.004540195089066401,0.21489113569259644,0.842035387083888,0.6522939205169678
2510,19.875172210000002,246,618496,283.13,151,0.2,0.9689207077026367,0.0341796875,-1.9707205936312675,0.0003,0.00399098,1500,-0.004252090430236421,0.06322657316923141,0.3353487292304635,0.6540552973747253
2518,20.726138470000002,247,622592,284.58,152,0.2,0.9470416903495789,0.0604736328125,-1.9760848343372346,0.0003,0.0068158205,1510,-0.004896505625220015,0.25130796432495117,1.0406079605221747,0.6558899283409119
2526,20.76374016,248,626688,283.29,153,0.2,0.9787330031394958,0.0658203125,-1.9715453267097474,0.0003,0.007134253,1520,-0.009538380496087484,0.03825391083955765,0.14606604874134063,0.6506032943725586
2534,20.6669989,248,630784,284.53,154,0.2,0.940079391002655,0.050537109375,-1.9592137888073922,0.0003,0.0050018085,1530,-0.0032819534244481474,0.2668509781360626,1.0159065056592227,0.6508907079696655
2542,21.06331667,249,634880,281.84,155,0.2,0.9464098811149597,0.0509765625,-1.9647368282079696,0.0003,0.004608698,1540,-0.0038702098303474487,0.2733624577522278,0.47805044874548913,0.6527040004730225
2549,21.23821336,250,638976,274.45,156,0.2,0.9160864353179932,0.06494140625,-1.9713533207774163,0.0003,0.005215885,1550,-0.0049425441597122696,0.36894169449806213,1.0703743420541287,0.6552993059158325
2557,22.178853720000003,251,643072,272.18,157,0.2,0.9379929900169373,0.064208984375,-1.9800613194704055,0.0003,0.00701259,1560,-0.00732765800494235,0.10362918674945831,0.5492493318393826,0.6579375267028809
2565,22.267330459999997,252,647168,279.85,158,0.2,0.9484629034996033,0.1080810546875,-1.9814065456390382,0.0003,0.008611682,1570,-0.003503845163504593,0.35431164503097534,0.6443856213241815,0.65610671043396
2572,21.20824158,253,651264,279.7,159,0.2,0.9483756422996521,0.07109375,-1.9790047138929368,0.0003,0.006601329,1580,-0.0028163842594949528,0.18150530755519867,0.6601011127233505,0.6572146415710449
2580,21.779944259999997,253,655360,283.18,160,0.2,0.93049156665802,0.078369140625,-1.9867539331316948,0.0003,0.0043026595,1590,-0.006102257658494636,0.25385794043540955,1.3055379889905452,0.6611499786376953
2588,20.23595359,254,659456,272.81,161,0.2,0.9503087401390076,0.0551513671875,-1.9947254925966262,0.0003,0.005054062,1600,-0.0060792592412326485,0.06417723745107651,0.3805193156003952,0.6617116332054138
2595,21.907942789999996,255,663552,284.71,162,0.2,0.9416282176971436,0.05869140625,-1.9920627862215041,0.0003,0.007914035,1610,-0.004683848054264672,0.38203924894332886,0.9920082334429026,0.6597863435745239
2602,21.96305635,256,667648,288.67,163,0.2,0.9763075113296509,0.066162109375,-1.9887779757380486,0.0003,0.011258552,1620,-0.003992262581596151,0.04291247949004173,0.15057930052280427,0.6598237156867981
2610,23.161227309999994,257,671744,302.97,164,0.2,0.964387059211731,0.084130859375,-1.9905155584216119,0.0003,0.0072351405,1630,-0.004412218918150757,0.06809929013252258,0.29361624717712403,0.6612230539321899
2617,22.944300399999996,258,675840,295.59,165,0.2,0.9700123071670532,0.0602783203125,-1.9853272587060928,0.0003,0.0066544875,1640,-0.004369657055940479,0.04773970693349838,0.27046235064044594,0.6540824174880981
2625,22.913124929999995,259,679936,300.48,166,0.2,0.9702043533325195,0.0623046875,-1.9650893658399582,0.0003,0.008311367,1650,-0.004779035990941339,0.08254104107618332,0.2415321372449398,0.6475582122802734
2632,22.539774310000002,259,684032,294.68,167,0.2,0.9003711342811584,0.0639404296875,-1.951666995882988,0.0003,0.0072733406,1660,-0.0028491853590821847,0.2489752620458603,1.2707957081496715,0.647265613079071
2639,23.126977610000008,260,688128,299.22,168,0.2,0.945477306842804,0.0622314453125,-1.9529720276594162,0.0003,0.00836689,1670,-0.004617946167127229,0.1845681071281433,0.5975742772221565,0.6477398872375488
2647,22.37353019,261,692224,296.47,169,0.2,0.9435407519340515,0.0610107421875,-1.9581319257616996,0.0003,0.0060343733,1680,-0.004352447181008756,0.2616885304450989,0.7709781017154456,0.6524337530136108
2654,21.50091683,262,696320,289.47,170,0.2,0.9613264799118042,0.0474853515625,-1.95967738032341,0.0003,0.006545236,1690,-0.004539661490707658,0.11198656260967255,0.40348059087991717,0.6470690965652466
2477,20.65753832,282,700416,276.5,171,0.2,0.9643676280975342,0.0510986328125,-1.9460413306951523,0.0003,0.0049130493,1700,-0.006829194267629646,0.08975281566381454,0.4896740162745118,0.6467725038528442
2484,19.66300434,283,704512,269.44,172,0.2,0.9318217635154724,0.0852783203125,-1.9468720629811287,0.0003,0.005971551,1710,-0.0050703762623015795,0.21502095460891724,0.6628779076039791,0.6477603912353516
2490,20.4030272,284,708608,272.08,173,0.2,0.9808701276779175,0.098486328125,-1.9495271071791649,0.0003,0.0061432216,1720,-0.005807897742488422,0.06764925271272659,0.30738783720880747,0.6470956802368164
2497,21.526751459999996,285,712704,272.64,174,0.2,0.9770189523696899,0.0596435546875,-1.94427689909935,0.0003,0.0046623955,1730,-0.005096413401770405,0.11043860763311386,0.297976678609848,0.6449279189109802
2504,22.425311770000004,286,716800,273.28,175,0.2,0.9713633060455322,0.075537109375,-1.926281563937664,0.0003,0.0067640403,1740,-0.005697879038052633,0.04768049716949463,0.16741626784205438,0.6362532377243042
2511,22.396484510000008,287,720896,272.92,176,0.2,0.9799498915672302,0.117578125,-1.9025370225310325,0.0003,0.015443843,1750,-0.005257189032272435,0.040647953748703,0.212307386379689,0.6323258876800537
2518,21.496424749999996,287,724992,271.48,177,0.2,0.8937106132507324,0.10078125,-1.8981151014566422,0.0003,0.00841026,1760,-0.005266272011795081,0.2300676703453064,0.9012782488018274,0.6332838535308838
2525,22.780029870000003,288,729088,272.58,178,0.2,0.9231346845626831,0.083935546875,-1.90416589230299,0.0003,0.005662312,1770,-0.006692614138592035,0.3686787486076355,1.1634854067116975,0.6363240480422974
2532,22.71368491,289,733184,271.6,179,0.2,0.962094783782959,0.0891845703125,-1.9125406965613365,0.0003,0.0053141126,1780,-0.005076013357029297,0.10166928172111511,0.40353436693549155,0.6365892887115479
2539,22.89148324,290,737280,267.98,180,0.2,0.902877688407898,0.0547607421875,-1.9120401114225387,0.0003,0.005376865,1790,-0.0052100154483923685,0.05823928862810135,0.5183642324060201,0.6378650665283203
2545,21.731732130000005,291,741376,265.03,181,0.2,0.9896582365036011,0.0864990234375,-1.9036243632435799,0.0003,0.006533566,1800,-0.005655665561789647,-0.00870019756257534,0.0519733396358788,0.6311505436897278
2552,20.5486683,292,745472,256.86,182,0.2,0.9426944255828857,0.066015625,-1.8883509546518327,0.0003,0.0070324894,1810,-0.006726878785411827,0.2269948124885559,0.7266878426074982,0.6312083005905151
2559,21.47166334,292,749568,259.21,183,0.2,0.9398854374885559,0.0969970703125,-1.8913536489009857,0.0003,0.008421043,1820,-0.0022919781302334742,0.5035412907600403,0.9572136010974646,0.6329024434089661
2565,22.35879052,293,753664,265.25,184,0.2,0.9746579527854919,0.0927978515625,-1.8856577441096305,0.0003,0.0074338913,1830,-0.007206189216230996,0.0361122265458107,0.17118912748992443,0.6283636093139648
2572,22.001417250000003,294,757760,266.2,185,0.2,0.9380887150764465,0.0576171875,-1.8666510999202728,0.0003,0.0038675107,1840,-0.001976768202439416,0.166496142745018,0.6994928188621998,0.6227271556854248
2578,20.008447540000002,295,761856,258.54,186,0.2,0.9162068367004395,0.094873046875,-1.854080244898796,0.0003,0.0062824236,1850,-0.004373980683158152,0.4121496379375458,0.8092807307839394,0.6219397783279419
2585,19.44843866,296,765952,260.8,187,0.2,0.9427627921104431,0.0472412109375,-1.8501462891697884,0.0003,0.0048358217,1860,-0.004923767768195831,0.3478676676750183,1.189557224139571,0.6199480891227722
2591,19.65420318,297,770048,267.99,188,0.2,0.9314810037612915,0.05556640625,-1.8481143236160278,0.0003,0.006561409,1870,-0.006525724745006301,0.25778159499168396,0.9473595306277275,0.6221048831939697
2598,20.55048781,297,774144,274.87,189,0.2,0.9151068329811096,0.0986328125,-1.855781538784504,0.0003,0.008459354,1880,-0.004916840574878734,0.1583925485610962,0.5477259416133166,0.6244802474975586
2604,19.58377569,298,778240,270.43,190,0.2,0.9563506245613098,0.0719970703125,-1.8586918249726296,0.0003,0.006647529,1890,-0.004291967340395786,0.17975153028964996,0.5920006301254034,0.6245859265327454
2610,20.83974757,299,782336,279.64,191,0.2,0.9713784456253052,0.0745361328125,-1.85761256814003,0.0003,0.008687274,1900,-0.005306427480536513,0.2256518006324768,0.5774942949414253,0.6224502325057983
2616,20.82987871,300,786432,282.17,192,0.2,0.9720034599304199,0.0735595703125,-1.8451309755444527,0.0003,0.008959027,1910,-0.003955921436136123,0.14062775671482086,0.507545430958271,0.6172853708267212
2623,22.224211580000002,301,790528,291.04,193,0.2,0.9702115654945374,0.0906494140625,-1.8292472198605538,0.0003,0.007249347,1920,-0.005576238158391788,0.07265526056289673,0.21849861238151788,0.6133277416229248
2629,22.71415293,302,794624,284.13,194,0.2,0.9765090942382812,0.0755859375,-1.8196365401148795,0.0003,0.00685884,1930,-0.005753136609564535,0.14298012852668762,0.41765925735235215,0.6130191087722778
2635,21.954597640000003,303,798720,283.65,195,0.2,0.9755845069885254,0.0780517578125,-1.8155598923563958,0.0003,0.009097341,1940,-0.008096017838397529,0.09369410574436188,0.29308813735842704,0.6107777953147888
2482,21.49828644,323,802816,285.33,196,0.2,0.9219279885292053,0.113720703125,-1.810116545855999,0.0003,0.005462408,1950,-0.0014014902320923285,0.20196370780467987,0.771483963355422,0.6119496822357178
2488,20.898745340000005,324,806912,281.2,197,0.2,0.9474103450775146,0.064013671875,-1.812589517235756,0.0003,0.005587675,1960,-0.004304330263403244,0.2658561170101166,0.7897880226373672,0.6111586093902588
2495,21.359944319999997,325,811008,283.48,198,0.2,0.9567658305168152,0.07587890625,-1.816176177561283,0.0003,0.008634323,1970,-0.005078381384373642,0.18237446248531342,0.7323572292923928,0.6158447861671448
2501,20.915584420000002,325,815104,281.69,199,0.2,0.9503138065338135,0.080224609375,-1.8278774589300155,0.0003,0.008336845,1980,-0.004218046516325557,0.1538989394903183,0.5769739996641874,0.6163657307624817
2507,22.084945360000003,326,819200,286.66,200,0.2,0.9624991416931152,0.0586181640625,-1.8234446808695792,0.0003,0.0057380414,1990,-0.005456703685922548,0.07229502499103546,0.5867810480296611,0.6136918663978577
2513,20.797566800000006,327,823296,279.64,201,0.2,0.9667068123817444,0.0818359375,-1.81502872556448,0.0003,0.0069410857,2000,-0.005080105943488888,0.07537436485290527,0.32406982593238354,0.6131476163864136
2519,20.47293981,328,827392,271.75,202,0.2,0.9774692058563232,0.086376953125,-1.813697800040245,0.0003,0.009727162,2010,-0.007136775740946177,0.16686217486858368,0.4780626595020294,0.6116127371788025
2525,20.774107510000004,329,831488,274.0,203,0.2,0.982810378074646,0.076806640625,-1.8123524636030197,0.0003,0.007819887,2020,-0.004566731900558807,0.0904223695397377,0.28132980056107043,0.6122044920921326
2531,21.833328490000003,330,835584,274.26,204,0.2,0.9576099514961243,0.063037109375,-1.8185074552893639,0.0003,0.0059604077,2030,-0.005639586494362447,0.1963072568178177,0.8664584182202816,0.6155286431312561
2537,21.522808479999995,330,839680,276.49,205,0.2,0.97355717420578,0.07158203125,-1.8173536628484726,0.0003,0.0061827507,2040,-0.006770745053654536,0.039957284927368164,0.21621977826580405,0.611691415309906
2543,21.056807359999993,331,843776,274.97,206,0.2,0.9753878712654114,0.084326171875,-1.807684424519539,0.0003,0.008518073,2050,-0.00853484004182974,0.10288474708795547,0.28984479121863843,0.613749623298645
2549,21.2451431,332,847872,274.44,207,0.2,0.9366507530212402,0.053857421875,-1.811091920733452,0.0003,0.006018513,2060,-0.005902337943552993,0.23080258071422577,0.9088335689157248,0.6144086718559265
2555,23.043837740000004,333,851968,284.9,208,0.2,0.9672462344169617,0.096240234375,-1.8102597355842591,0.0003,0.006822192,2070,-0.00727721854345873,0.05849342420697212,0.19625999201089145,0.611620306968689
2560,23.22141012,334,856064,288.01,209,0.2,0.9852306842803955,0.0952880859375,-1.8028722554445267,0.0003,0.00998673,2080,-0.007384819355502259,0.01894577220082283,0.1487011555582285,0.6094775199890137
2566,24.14192846,335,860160,291.31,210,0.2,0.9625726938247681,0.0813232421875,-1.788186115026474,0.0003,0.008521537,2090,-0.005295960858347826,0.04719078540802002,0.2686803448945284,0.6027132868766785
2572,23.39030461,335,864256,289.45,211,0.2,0.8926669955253601,0.0821533203125,-1.7754046738147735,0.0003,0.0077232784,2100,-0.002225614755298011,0.11322562396526337,0.6357957482337951,0.6031507253646851
2578,22.487898600000005,336,868352,283.08,212,0.2,0.9402713775634766,0.0643798828125,-1.7717396855354308,0.0003,0.010015118,2110,-0.004477455912274308,0.28447556495666504,0.7891049029305577,0.6000296473503113
2584,23.26619086,337,872448,292.58,213,0.2,0.9347319006919861,0.084375,-1.7657643094658853,0.0003,0.0075372374,2120,-0.002396715196664445,0.17287443578243256,0.7558133887127042,0.6003007292747498
2589,23.185616300000003,338,876544,291.64,214,0.2,0.9463799595832825,0.06806640625,-1.7649820759892463,0.0003,0.007243056,2130,-0.00575746816030005,0.055431023240089417,0.3140555385500193,0.5992408394813538
2595,23.85283153,339,880640,300.79,215,0.2,0.9739042520523071,0.082373046875,-1.7636334240436553,0.0003,0.00683145,2140,-0.004980281506141182,0.07115186750888824,0.18840498672798275,0.599937379360199
2601,23.97382469,340,884736,297.27,216,0.2,0.9678795337677002,0.0610107421875,-1.7651059702038765,0.0003,0.006290844,2150,-0.006915138078329619,0.08529381453990936,0.21779538318514824,0.6000756621360779
2606,23.362975390000003,340,888832,295.09,217,0.2,0.9321455359458923,0.1228515625,-1.7633981719613074,0.0003,0.019555653,2160,-0.0023218370304675775,0.03835967555642128,0.32031482439488174,0.5990273952484131
2612,23.51871878,341,892928,298.83,218,0.2,0.9745808243751526,0.06494140625,-1.7575840592384337,0.0003,0.006322761,2170,-0.00593819969217293,0.057770781219005585,0.2632682671770453,0.5968681573867798
2617,23.8228598,342,897024,296.09,219,0.2,0.9456964135169983,0.05712890625,-1.7559261605143548,0.0003,0.0059921443,2180,-0.003924806737632025,0.12887626886367798,0.43552605994045734,0.5992316007614136
2485,24.001608319999995,362,901120,294.72,220,0.2,0.9182228446006775,0.1095458984375,-1.7566584512591361,0.0003,0.0064733876,2190,-0.004253479014732875,0.19491270184516907,1.135489234700799,0.597628116607666
2491,22.602868100000006,363,905216,282.38,221,0.2,0.9241467714309692,0.0610595703125,-1.7512159496545792,0.0003,0.005848,2200,-0.005729648974374868,0.2802470326423645,1.0507117751985788,0.5971032381057739
2496,21.693460449999996,364,909312,273.5,222,0.2,0.9762041568756104,0.0463134765625,-1.7469094410538673,0.0003,0.0067187,2210,-0.006417421490186826,0.06724842637777328,0.2806564997881651,0.595115602016449
2502,21.27346272,365,913408,273.17,223,0.2,0.9596810936927795,0.0931396484375,-1.7426715537905693,0.0003,0.008756689,2220,-0.004857905523385853,0.0808766633272171,0.3468095652759075,0.5956687331199646
2507,20.776015670000003,365,917504,268.44,224,0.2,0.938587486743927,0.081982421875,-1.7440806224942207,0.0003,0.0051454236,2230,-0.002150826304568909,0.14984431862831116,0.6279323915019631,0.5944820046424866
2512,21.039773670000002,366,921600,255.69,225,0.2,0.9523773789405823,0.0527099609375,-1.738085676729679,0.0003,0.0064374423,2240,-0.005384759031585418,0.2068902999162674,0.758658180013299,0.594648003578186
2518,20.994919360000004,367,925696,254.95,226,0.2,0.982030987739563,0.07978515625,-1.727761836349964,0.0003,0.00900704,2250,-0.004283027966448571,0.05594059079885483,0.18675776505842806,0.5897485017776489
2523,20.57365326,368,929792,259.67,227,0.2,0.9793052077293396,0.090234375,-1.714957530796528,0.0003,0.009418092,2260,-0.005181867218925618,0.07739545404911041,0.30702854618430137,0.5889283418655396
2528,19.80985283,369,933888,262.51,228,0.2,0.9573789238929749,0.0705078125,-1.7108286306262017,0.0003,0.0075335926,2270,-0.00459925539616961,0.2755683362483978,0.9214011661708355,0.5875161290168762
2534,19.33627095,370,937984,262.04,229,0.2,0.9683295488357544,0.0742431640625,-1.7063082724809646,0.0003,0.0075181243,2280,-0.006161635130411014,0.1792231649160385,0.5154013089835644,0.5867545008659363
2539,20.083160930000002,370,942080,265.02,230,0.2,0.9807887673377991,0.0728759765625,-1.7071006342768669,0.0003,0.009520057,2290,-0.005539494231925346,0.13996967673301697,0.41428521517664196,0.5886524319648743
2544,19.528670339999998,371,946176,270.36,231,0.2,0.9840941429138184,0.085400390625,-1.711005063354969,0.0003,0.006238064,2300,-0.006773539894493297,0.07509369403123856,0.2580133531242609,0.589508056640625
2549,18.69715536,372,950272,270.17,232,0.2,0.9593275785446167,0.0747314453125,-1.707664254307747,0.0003,0.0085462555,2310,-0.005576299683889374,0.271472305059433,0.8577786408364773,0.587117612361908
2554,19.9532545,373,954368,275.91,233,0.2,0.9478937983512878,0.063134765625,-1.7003780901432037,0.0003,0.004989553,2320,-0.004955952422460541,0.1381119191646576,0.49868462346494197,0.588822066783905
2560,21.507670919999995,374,958464,277.03,234,0.2,0.9770921468734741,0.0898681640625,-1.7053698137402535,0.0003,0.0070337784,2330,-0.007129654027812649,0.07894131541252136,0.26438979133963586,0.5876995921134949
2565,20.831229859999993,375,962560,271.05,235,0.2,0.9301246404647827,0.0624267578125,-1.6999711394309998,0.0003,0.008833118,2340,-0.003929501594393514,0.09436040371656418,0.4522142868489027,0.5866280198097229
2570,21.46061065,376,966656,271.19,236,0.2,0.9533694982528687,0.0617431640625,-1.6979119822382926,0.0003,0.0057667764,2350,-0.004215717551414855,0.3942723274230957,0.7749216496944428,0.5868455171585083
2575,20.97841169,376,970752,271.42,237,0.2,0.9700175523757935,0.095947265625,-1.6955172404646874,0.0003,0.0067967353,2360,-0.004224334107129834,0.14487585425376892,0.4710413597524166,0.5839105844497681
2580,21.04716881,377,974848,275.96,238,0.2,0.9678364396095276,0.0986083984375,-1.690292590856552,0.0003,0.008951753,2370,-0.007115796567813959,0.12367120385169983,0.5482057839632034,0.5850889682769775
2585,20.481334099999998,378,978944,269.52,239,0.2,0.9766942262649536,0.0996826171875,-1.6899053826928139,0.0003,0.012141534,2380,-0.0043403273244621236,0.12467794865369797,0.5338633913546801,0.5828400254249573
2590,20.02874728,379,983040,266.69,240,0.2,0.9771403074264526,0.0858154296875,-1.6835316389799118,0.0003,0.013377015,2390,-0.005561499041505158,0.10800931602716446,0.33861761949956415,0.5818262696266174
2595,20.90787023,380,987136,268.18,241,0.2,0.9479684233665466,0.0919189453125,-1.6769516527652741,0.0003,0.0060884235,2400,-0.0024841203616233543,0.1722823977470398,0.7056280205026269,0.5800126791000366
2600,22.495099749999994,381,991232,275.65,242,0.2,0.9825891852378845,0.08251953125,-1.669336399435997,0.0003,0.007794398,2410,-0.005704242167121265,0.04625442624092102,0.12520701121538877,0.5796498656272888
2605,22.951262510000003,382,995328,280.56,243,0.2,0.9517651200294495,0.0796875,-1.6593390256166458,0.0003,0.008056997,2420,-0.004291394243773538,0.0910501480102539,0.5505271635949611,0.5744684338569641
2610,24.636777980000005,382,999424,282.46,244,0.2,0.8593453168869019,0.098583984375,-1.654967713356018,0.0003,0.020550134,2430,-0.005916188974515535,0.08875134587287903,0.560472796484828,0.577635645866394
2490,24.956106730000002,402,1003520,280.91,245,0.2,0.9767521619796753,0.1146240234375,-1.6531913936138154,0.0003,0.006507675,2440,-0.0052542586694471535,0.029380612075328827,0.1252898670732975,0.572649359703064
2495,24.644906490000004,403,1007616,285.89,246,0.2,0.9718878865242004,0.0723876953125,-1.6395261958241463,0.0003,0.006325789,2450,-0.0030791790486546233,0.10484936088323593,0.34770144112408163,0.5721983909606934
2500,24.850569379999996,404,1011712,288.82,247,0.2,0.987065315246582,0.1531005859375,-1.6348959907889367,0.0003,0.009746928,2460,0.0012502083205617963,0.05494346842169762,0.1273425804451108,0.5709939002990723
2505,23.53942152,405,1015808,290.22,248,0.2,0.9048871994018555,0.095361328125,-1.630591380596161,0.0003,0.008572134,2470,-0.007888978478149511,0.2950158417224884,1.1153858710080384,0.5718969702720642
2509,22.383685130000003,406,1019904,283.88,249,0.2,0.944133460521698,0.063330078125,-1.6303788512945174,0.0003,0.0074446388,2480,-0.0031139266007812693,0.09318771958351135,0.4669141385704279,0.5691646337509155
2514,22.14639175,407,1024000,282.06,250,0.2,0.9726077318191528,0.0558349609375,-1.6293467789888383,0.0003,0.0055623828,2490,-0.00576719875971321,0.11400479078292847,0.5610260047018528,0.5733538269996643
2519,20.604497629999997,408,1028096,279.81,251,0.2,0.9366017580032349,0.0606689453125,-1.6342789858579636,0.0003,0.008035554,2500,-0.00430378632445354,0.29039618372917175,0.8992008801549674,0.572217583656311
2524,19.87419284,408,1032192,277.77,252,0.2,0.9676812887191772,0.0596435546875,-1.6277994200587274,0.0003,0.0066265794,2510,-0.00740486648719525,0.3087556064128876,0.735743860527873,0.5717483758926392
2528,19.89400809,409,1036288,267.18,253,0.2,0.9710177183151245,0.0761474609375,-1.6226874694228173,0.0003,0.0072787693,2520,-0.005669428745750338,0.18961042165756226,0.5199525374919176,0.5718337297439575
2533,19.93607394,410,1040384,265.64,254,0.2,0.9740561246871948,0.073486328125,-1.6164214462041855,0.0003,0.010754902,2530,-0.005836391130287666,0.1526942253112793,0.4810426991432905,0.570497989654541
2538,20.41447674,411,1044480,270.9,255,0.2,0.9765002727508545,0.0752685546875,-1.610985167324543,0.0003,0.0042509544,2540,-0.005887910790625029,0.12173598259687424,0.4378194035962224,0.5708471536636353
2543,21.468888839999998,412,1048576,271.5,256,0.2,0.9418836236000061,0.089599609375,-1.606118905544281,0.0003,0.0130020045,2550,-0.004363175501930527,0.2031879723072052,0.5156585078686475,0.5704551935195923
2547,20.69149785,413,1052672,268.04,257,0.2,0.9580986499786377,0.099169921875,-1.6012112557888032,0.0003,0.0060316473,2560,-0.002227439929265529,0.10934560000896454,0.39028143491595985,0.5696934461593628
2552,22.33379954,414,1056768,274.36,258,0.2,0.8999032378196716,0.0794677734375,-1.6022592887282372,0.0003,0.009244924,2570,-0.005112843494862318,0.12819595634937286,0.6920179937034845,0.5739029049873352
2556,21.333827990000003,414,1060864,274.23,259,0.2,0.9785252809524536,0.0682373046875,-1.6170753061771392,0.0003,0.006758207,2580,-0.004562934533169027,0.07936245948076248,0.2561667114496231,0.5771086812019348
2561,20.506244639999995,415,1064960,274.49,260,0.2,0.960211455821991,0.0643310546875,-1.6274032890796661,0.0003,0.006267666,2590,-0.0050760438723955305,0.34057286381721497,0.9445909284055233,0.5823089480400085
2566,21.575840619999994,416,1069056,281.24,261,0.2,0.9547529816627502,0.0942626953125,-1.6390459105372428,0.0003,0.0059832493,2600,-0.005885848181787878,0.2040092796087265,0.865128118172288,0.5826317071914673
2570,20.30005678,417,1073152,275.63,262,0.2,0.9913738369941711,0.0636962890625,-1.6379276052117349,0.0003,0.008245011,2610,-0.004155150859151036,0.10229698568582535,0.36214172933250666,0.58324134349823
2575,19.68059271,418,1077248,279.19,263,0.2,0.9884530305862427,0.070751953125,-1.6332319632172585,0.0003,0.0052022412,2620,-0.005166246637236327,0.04967955872416496,0.20677215363830329,0.5808679461479187
2579,21.285607060000004,419,1081344,284.04,264,0.2,0.9324740767478943,0.074853515625,-1.621502447128296,0.0003,0.0067084366,2630,-0.006270333599240984,0.17456410825252533,1.1295976117253304,0.5783227682113647
2584,21.21726246,419,1085440,282.23,265,0.2,0.9844619631767273,0.09833984375,-1.6173209935426711,0.0003,0.009668146,2640,-0.0034882879961514847,0.05775421857833862,0.15979749048128725,0.5775838494300842
2589,22.08787802000001,420,1089536,279.41,266,0.2,0.9661707878112793,0.070849609375,-1.6169569849967957,0.0003,0.006422043,2650,-0.004943130697938614,0.05768866464495659,0.23058050889521836,0.5805538296699524
2593,22.61941002,421,1093632,281.66,267,0.2,0.9667642116546631,0.0805419921875,-1.6280678391456604,0.0003,0.0066338046,2660,-0.005479353657574393,0.3800031244754791,0.668457237072289,0.5858645439147949
2598,22.64143695,422,1097728,279.87,268,0.2,0.9780679941177368,0.071826171875,-1.6317051395773887,0.0003,0.006310285,2670,-0.006225731235463172,0.10490355640649796,0.3003465499728918,0.5847382545471191
2493,23.711689590000002,441,1101824,281.05,269,0.2,0.950297474861145,0.1200439453125,-1.6281884402036666,0.0003,0.012930099,2680,-0.005324929612106644,0.08095359802246094,0.3128611320629716,0.5868460536003113
2497,23.315775640000002,442,1105920,278.99,270,0.2,0.9608056545257568,0.111181640625,-1.6313393428921699,0.0003,0.010536559,2690,-0.0022783395732403735,0.08036153763532639,0.3226476151496172,0.5870642066001892
2502,23.092363179999996,443,1110016,271.75,271,0.2,0.9800328612327576,0.0654541015625,-1.625384458899498,0.0003,0.005517485,2700,-0.006277286866679788,0.07337480038404465,0.31055480521172285,0.5842490792274475
2506,23.03541505,444,1114112,271.77,272,0.2,0.9438763856887817,0.0574462890625,-1.6205574959516524,0.0003,0.0062315576,2710,-0.00447036320110783,0.10877018421888351,0.6121279904618859,0.5841354131698608
2511,21.2853451,445,1118208,265.27,273,0.2,0.9472711682319641,0.0916259765625,-1.618275587260723,0.0003,0.008491371,2720,-0.004650310851866379,0.20070436596870422,0.8006039474159479,0.5850743055343628
2515,21.03077221,446,1122304,264.34,274,0.2,0.9741053581237793,0.07431640625,-1.6143492445349694,0.0003,0.008790251,2730,-0.007991311684600077,0.1505575180053711,0.5698667384684086,0.5836236476898193
2519,21.52555238,446,1126400,263.69,275,0.2,0.9683830738067627,0.06904296875,-1.6062290325760842,0.0003,0.006161564,2740,-0.004886290017748251,0.14220930635929108,0.6369780737906694,0.5810839533805847
2524,22.04991184,447,1130496,257.48,276,0.2,0.9544835090637207,0.0676025390625,-1.593617430329323,0.0003,0.0056711007,2750,-0.005547870228474494,0.11953652650117874,0.39031032510101793,0.5769486427307129
2528,23.15665492,448,1134592,263.35,277,0.2,0.9669029712677002,0.0728515625,-1.5796807244420052,0.0003,0.007295261,2760,-0.005890653366805054,0.06292887777090073,0.20972069576382638,0.5746386051177979
2533,23.90616411,449,1138688,273.76,278,0.2,0.9872968196868896,0.0595703125,-1.564235056936741,0.0003,0.005961222,2770,-0.004316311213187873,0.03834916651248932,0.15906717851758004,0.5708898305892944
2537,23.58245205,450,1142784,274.52,279,0.2,0.966843843460083,0.064990234375,-1.5452764853835106,0.0003,0.00795725,2780,-0.005128048636834137,0.09733406454324722,0.33673697952181103,0.5658577084541321
2541,23.101328470000002,451,1146880,272.99,280,0.2,0.9819319248199463,0.0828125,-1.5329470589756966,0.0003,0.00850318,2790,-0.005643464444437996,0.14587529003620148,0.4479709856212139,0.5651115775108337
2545,24.325493610000002,452,1150976,281.81,281,0.2,0.952893853187561,0.07421875,-1.5406044632196427,0.0003,0.006249725,2800,-0.0039711363351671025,0.11738353222608566,0.6884413730353117,0.5693072080612183
2550,24.288997749999993,452,1155072,284.01,282,0.2,0.9436690807342529,0.0788330078125,-1.5510768443346024,0.0003,0.0050633107,2810,-0.003490054956637323,0.07097554206848145,0.299292647279799,0.5718642473220825
2554,24.443393260000004,453,1159168,285.58,283,0.2,0.9719383120536804,0.055908203125,-1.5527332052588463,0.0003,0.005020951,2820,-0.006406929486547597,0.02156759425997734,0.15211743908002973,0.5720298290252686
2558,23.72784404,454,1163264,275.93,284,0.2,0.9645596146583557,0.091455078125,-1.536490024626255,0.0003,0.009170288,2830,-0.00470414028968662,0.03854532167315483,0.1542050577700138,0.5634169578552246
2562,24.559407729999997,455,1167360,278.65,285,0.2,0.8870376348495483,0.0912841796875,-1.518423880636692,0.0003,0.009728915,2840,-0.0030935790375224313,0.10818139463663101,0.6125571016222239,0.5620042085647583
2567,25.24959198,456,1171456,276.13,286,0.2,0.9739596843719482,0.11103515625,-1.51287921667099,0.0003,0.005384801,2850,-0.00416493380907923,0.1265404373407364,0.316261469013989,0.5625084638595581
2571,25.494071229999996,457,1175552,270.71,287,0.2,0.9848917126655579,0.0709228515625,-1.5032304212450982,0.0003,0.008548293,2860,-0.006510273501044139,0.06865477561950684,0.23647015318274497,0.560050368309021
2575,26.27687318,458,1179648,272.16,288,0.2,0.9650017619132996,0.086962890625,-1.4915807276964188,0.0003,0.00615461,2870,-0.0056562066427432,0.07177940756082535,0.25538322795182467,0.5586989521980286
2579,25.60327485,458,1183744,274.3,289,0.2,0.9769353866577148,0.0772216796875,-1.4857187122106552,0.0003,0.009154119,2880,-0.005046838427369948,0.10023489594459534,0.26395948939025404,0.5608501434326172
2583,25.90718583,459,1187840,273.66,290,0.2,0.9932020902633667,0.097265625,-1.4747852951288223,0.0003,0.0063886535,2890,-0.0075297196352039466,0.007985185831785202,0.06887926189228892,0.5566667914390564
2587,25.865459639999997,460,1191936,276.35,291,0.2,0.9351540207862854,0.059228515625,-1.463369157910347,0.0003,0.0067321532,2900,-0.006328326373477466,0.06190675497055054,0.326096810400486,0.5566912293434143
2591,26.19402955,461,1196032,274.07,292,0.2,0.9506078362464905,0.045849609375,-1.461097502708435,0.0003,0.005902174,2910,-0.006964263808913529,0.11212559044361115,0.48198989517986773,0.5526636838912964
2494,25.94647031,481,1200128,273.23,293,0.2,0.9869893193244934,0.091650390625,-1.4518913879990578,0.0003,0.013759708,2920,-0.005321360431844368,0.035343460738658905,0.08577848109416664,0.5550469160079956
2498,25.48766765,481,1204224,274.73,294,0.2,0.946639358997345,0.094873046875,-1.449943046271801,0.0003,0.009002773,2930,-0.004137449478730559,0.15873631834983826,0.8973605811595917,0.5538936853408813
2502,25.23070447,482,1208320,270.34,295,0.2,0.9401120543479919,0.0667236328125,-1.4482211366295814,0.0003,0.008888662,2940,-0.0032619593373965474,0.27814674377441406,0.697311937995255,0.5554172992706299
2506,25.39716432,483,1212416,266.28,296,0.2,0.9726605415344238,0.0594970703125,-1.4503790155053138,0.0003,0.0053401366,2950,-0.006963779278157745,0.038033753633499146,0.18691004402935504,0.5556912422180176
2510,25.676458080000003,484,1216512,261.35,297,0.2,0.9598215818405151,0.0866943359375,-1.4451456531882285,0.0003,0.007700537,2960,-0.0031275755463866517,0.025028016418218613,0.14231764981523157,0.554735541343689
2514,25.963099369999995,485,1220608,265.75,298,0.2,0.9736807942390442,0.1167236328125,-1.4279367372393608,0.0003,0.010146684,2970,-0.0043582059326581655,0.05190124362707138,0.1390506077557802,0.5477532148361206
2519,25.809515570000002,486,1224704,263.45,299,0.2,0.8948416113853455,0.0453125,-1.416061280667782,0.0003,0.0046084067,2980,-0.00333369588770438,0.2323550432920456,0.5321011213585735,0.5518728494644165
2523,24.92595679,487,1228800,260.56,300,0.2,0.9819133877754211,0.0725341796875,-1.4218474596738815,0.0003,0.0072867917,2990,-0.006186561571666971,0.07244932651519775,0.34229463040828706,0.549228310585022
2526,24.670979760000005,487,1232896,261.13,301,0.2,0.9688253998756409,0.06923828125,-1.4126044631004333,0.0003,0.008202246,3000,-0.003747969845426269,0.08789784461259842,0.3582976819947362,0.5479440093040466
2531,24.109348580000002,488,1236992,260.98,302,0.2,0.9040656685829163,0.0654296875,-1.4125416815280913,0.0003,0.0068172906,3010,-0.005326919131039176,0.41289275884628296,0.9920605815947056,0.5462507605552673
2535,24.029658339999997,489,1241088,266.95,303,0.2,0.938721776008606,0.08837890625,-1.4079130053520204,0.0003,0.0104854945,3020,-0.005265429642167874,0.3166560232639313,0.8183633089065552,0.5451868176460266
2539,24.921916569999993,490,1245184,272.33,304,0.2,0.8615940809249878,0.0414794921875,-1.4051988780498506,0.0003,0.0050696526,3030,-0.004732993275683839,0.1059943363070488,1.0320963487029076,0.5452961921691895
2542,23.496730610000004,491,1249280,259.82,305,0.2,0.9721468687057495,0.0992919921875,-1.4017521187663078,0.0003,0.007878857,3040,-0.006456515377794858,0.027758266776800156,0.15063607273623347,0.5448797345161438
2546,25.312383169999997,492,1253376,265.47,306,0.2,0.89995276927948,0.0599365234375,-1.3936830818653108,0.0003,0.0069408156,3050,-0.003778439150482882,0.2893494665622711,0.7805876713246107,0.5458813905715942
2550,24.8656473,492,1257472,266.61,307,0.2,0.9813026785850525,0.071337890625,-1.3817643016576766,0.0003,0.008608663,3060,-0.005255368794314564,0.0495641753077507,0.1745181635953486,0.5415146946907043
2554,24.7261742,493,1261568,260.79,308,0.2,0.942211389541626,0.084521484375,-1.373719573020935,0.0003,0.012718737,3070,-0.006437278944940772,0.12882010638713837,0.5460963765159249,0.5439244508743286
2558,23.295650250000005,494,1265664,250.88,309,0.2,0.9566857218742371,0.085595703125,-1.378459782898426,0.0003,0.008062659,3080,-0.00430603091372177,0.5104625225067139,1.046902591921389,0.5442706346511841
2562,21.26673602,495,1269760,240.31,310,0.2,0.9611992835998535,0.0395263671875,-1.3759443297982217,0.0003,0.005083263,3090,-0.0047783304922631945,0.1529463827610016,0.492704414203763,0.5438780784606934
2566,22.128776029999997,496,1273856,244.71,311,0.2,0.9311672449111938,0.0629150390625,-1.37401152998209,0.0003,0.0067662215,3100,-0.003025985133717768,0.15516945719718933,0.7271383596584201,0.5444736480712891
2570,21.742494089999994,497,1277952,240.54,312,0.2,0.9799291491508484,0.0824462890625,-1.379184328019619,0.0003,0.007447039,3110,-0.006007501727435738,0.054878849536180496,0.17418344877660275,0.5469106435775757
2574,22.06889206,498,1282048,239.82,313,0.2,0.9664851427078247,0.109423828125,-1.377343411743641,0.0003,0.0066171456,3120,-0.00018419479602016509,0.11270328611135483,0.2898943734355271,0.544866681098938
2577,22.50427577,498,1286144,242.26,314,0.2,0.9851486682891846,0.0775634765625,-1.3610656216740609,0.0003,0.009327685,3130,-0.005089903064072132,0.06843212246894836,0.27054129373282193,0.5407972931861877
2581,22.965364530000002,499,1290240,242.22,315,0.2,0.9725366830825806,0.0680419921875,-1.348445338010788,0.0003,0.009539936,3140,-0.004362567744101398,0.11911417543888092,0.4182547364383936,0.5382941961288452
2585,23.58645308,500,1294336,239.64,316,0.2,0.9755057692527771,0.05859375,-1.3443193078041076,0.0003,0.0069827056,3150,-0.004974698886508122,0.09873092174530029,0.3741115424782038,0.5386984348297119
2589,23.21739626,501,1298432,243.17,317,0.2,0.9789886474609375,0.08896484375,-1.3432442605495454,0.0003,0.010502952,3160,-0.009179803216829896,0.05926737189292908,0.2598401689901948,0.5375373363494873
2500,22.29230823,520,1302528,242.96,318,0.2,0.9678947329521179,0.0690673828125,-1.329239971935749,0.0003,0.006365164,3170,-0.0032164275340619496,0.12365426123142242,0.3952413683757186,0.5334514379501343
2504,22.75890681,521,1306624,248.56,319,0.2,0.9719744324684143,0.082275390625,-1.3178212627768517,0.0003,0.005970737,3180,-0.004297325463267043,0.09651336818933487,0.4031456271186471,0.5332302451133728
2508,22.812506940000002,522,1310720,252.22,320,0.2,0.8883169889450073,0.041015625,-1.3192973628640174,0.0003,0.004112568,3190,-0.005270682612899691,0.6193394660949707,1.1403252221643925,0.5322603583335876
2511,23.748295749999993,523,1314816,254.87,321,0.2,0.9266161322593689,0.0711181640625,-1.3123427629470825,0.0003,0.007560556,3200,-0.0038937432182137854,0.1235460489988327,0.5204743023961782,0.5297394394874573
2515,22.418224180000003,524,1318912,252.54,322,0.2,0.9605914950370789,0.08212890625,-1.3031176239252091,0.0003,0.01099891,3210,-0.00389676999184303,0.13230451941490173,0.4123395424336195,0.5299553275108337
2518,23.86828807,525,1323008,259.25,323,0.2,0.9471819996833801,0.090234375,-1.2939049899578094,0.0003,0.008572773,3220,-0.00798951263714116,0.1482626050710678,0.8109365060925484,0.526884138584137
2522,22.851958449999994,526,1327104,258.02,324,0.2,0.9678286910057068,0.1049560546875,-1.281369261443615,0.0003,0.012848444,3230,-0.0042419476696522905,0.050994645804166794,0.16322603216394782,0.526347815990448
2526,24.169059129999997,526,1331200,258.85,325,0.2,0.9291725158691406,0.087890625,-1.2769727110862732,0.0003,0.0075155273,3240,-0.0037738672952400522,0.20194265246391296,1.2999037325382232,0.5259227752685547
2530,23.08045038,527,1335296,253.44,326,0.2,0.9737694263458252,0.0759765625,-1.2780536219477654,0.0003,0.005339533,3250,-0.006253098507295362,0.12707076966762543,0.3326741386204958,0.528133749961853
2533,21.52992729,528,1339392,250.36,327,0.2,0.973892092704773,0.0598876953125,-1.2723925054073333,0.0003,0.00595401,3260,-0.005009585179504938,0.22653067111968994,0.531145354360342,0.5232186913490295
2537,21.968203820000003,529,1343488,256.0,328,0.2,0.9521718621253967,0.0564453125,-1.253546702861786,0.0003,0.0056401365,3270,-0.003777303791139275,0.3345010578632355,1.2126769691705703,0.5203315019607544
2540,20.96662216,530,1347584,248.88,329,0.2,0.9535594582557678,0.0565185546875,-1.2522150322794914,0.0003,0.008080469,3280,-0.007857844154932537,0.1317022740840912,0.5052822962403297,0.5239067673683167
2544,20.884747309999998,531,1351680,243.72,330,0.2,0.9694996476173401,0.060791015625,-1.2620299950242042,0.0003,0.0069433562,3290,-0.005388378104544245,0.11173783242702484,0.41395825054496527,0.5259341597557068
2548,19.034776599999997,532,1355776,238.09,331,0.2,0.9371293187141418,0.0561279296875,-1.2644267812371255,0.0003,0.0059843855,3300,-0.00518285805155756,0.39588990807533264,0.9777108244597912,0.5264691114425659
2551,20.5978045,532,1359872,239.69,332,0.2,0.9490185379981995,0.070263671875,-1.2686112180352211,0.0003,0.006949895,3310,-0.006626986633636989,0.18907777965068817,1.1605966493487359,0.5261549353599548
2555,22.200533560000004,533,1363968,243.41,333,0.2,0.9523189663887024,0.1081787109375,-1.2635668888688087,0.0003,0.009222297,3320,-0.0027235323272179813,0.13047738373279572,0.41762753296643496,0.5260984301567078
2559,21.454683830000004,534,1368064,237.6,334,0.2,0.9175581932067871,0.1233642578125,-1.2534396678209305,0.0003,0.007321813,3330,-0.0033670785400317983,0.11743494123220444,0.6451502371579408,0.525354266166687
2562,20.32854545,535,1372160,235.07,335,0.2,0.9746997952461243,0.10146484375,-1.2498470008373261,0.0003,0.009178009,3340,-0.003246669241343625,0.13495731353759766,0.45201295502483846,0.5255308747291565
2566,20.37017826,536,1376256,241.67,336,0.2,0.9627964496612549,0.0957275390625,-1.2487733021378518,0.0003,0.0094923135,3350,-0.004021386519889347,0.15681397914886475,0.6933463301509619,0.524070680141449
2569,21.539738799999995,537,1380352,245.97,337,0.2,0.969567596912384,0.0764892578125,-1.2419679656624794,0.0003,0.007565134,3360,-0.007755259814439341,0.22828978300094604,0.7515885334461927,0.5216941833496094
2573,20.926378349999997,537,1384448,243.31,338,0.2,0.971347451210022,0.0813232421875,-1.2235712125897407,0.0003,0.009337597,3370,-0.009562512108823284,0.07659409195184708,0.3894980769604445,0.5167379379272461
2576,20.25205744,538,1388544,244.5,339,0.2,0.9768821597099304,0.0982177734375,-1.2063805744051934,0.0003,0.008213357,3380,-0.004052156355464831,0.16445651650428772,0.40958799701184034,0.5164247751235962
2580,18.157936039999996,539,1392640,240.74,340,0.2,0.9321133494377136,0.087060546875,-1.1983868524432182,0.0003,0.01332546,3390,-0.00462967776475125,0.25076207518577576,0.9454366534948349,0.5153825879096985
2584,20.19996256,540,1396736,254.36,341,0.2,0.9534416198730469,0.0735595703125,-1.196045196056366,0.0003,0.006751048,3400,-0.00337458382564364,0.31366461515426636,1.2839331436902284,0.5156102776527405
2504,21.88866247,559,1400832,251.7,342,0.2,0.9132182598114014,0.103955078125,-1.1933667585253716,0.0003,0.010015313,3410,-0.007951220605173148,0.2954365909099579,0.7569048616103828,0.5147883296012878
2507,21.562450240000004,560,1404928,252.75,343,0.2,0.9574191570281982,0.085009765625,-1.1817080199718475,0.0003,0.0069566257,3420,-0.002712765961769037,0.08689899742603302,0.2992532106116414,0.5128998160362244
2511,20.65067016,561,1409024,261.89,344,0.2,0.9299584627151489,0.077294921875,-1.1710922941565514,0.0003,0.010173131,3430,-0.004403120232746005,0.34308359026908875,1.244938936084509,0.5102046132087708
2514,21.515653750000002,561,1413120,266.34,345,0.2,0.9540343880653381,0.0614501953125,-1.164847457408905,0.0003,0.006878853,3440,-0.005931553099071607,0.5416131615638733,1.110563548654318,0.5104565620422363
2517,23.520231770000006,562,1417216,272.13,346,0.2,0.9641538858413696,0.0858154296875,-1.1682231992483139,0.0003,0.012775095,3450,-0.003848313869093545,0.11061610281467438,0.39169386234134435,0.5101231932640076
2521,24.847824060000004,563,1421312,270.05,347,0.2,0.9589952826499939,0.0931640625,-1.158678038418293,0.0003,0.007916339,3460,-0.0069636715095839465,0.07179270684719086,0.2796075547114015,0.5046993494033813
2524,23.351387670000005,564,1425408,270.04,348,0.2,0.9578664898872375,0.089111328125,-1.14357171356678,0.0003,0.014562552,3470,-0.003060736766201444,0.33797088265419006,0.7996916878968477,0.5042376518249512
2528,22.91626234,565,1429504,277.98,349,0.2,0.9452166557312012,0.0602783203125,-1.1419048666954041,0.0003,0.0058232374,3480,-0.005921609970391728,0.1991369128227234,0.7340986926108599,0.5056250095367432
2531,22.415429059999997,566,1433600,271.96,350,0.2,0.9318681955337524,0.1060302734375,-1.141534660756588,0.0003,0.004989528,3490,-0.003757617439259775,0.7640194296836853,1.1338598035275935,0.5049997568130493
2534,22.66188201,567,1437696,266.53,351,0.2,0.9571764469146729,0.083349609375,-1.1459672093391418,0.0003,0.009516501,3500,-0.006899091551895253,0.16517706215381622,0.5391785182058811,0.5063254833221436
2538,22.556268239999998,567,1441792,265.59,352,0.2,0.9732921719551086,0.084912109375,-1.1550004199147224,0.0003,0.011637462,3510,-0.006613334099529311,0.11157804727554321,0.3715816518291831,0.5057254433631897
2541,21.886689470000007,568,1445888,274.99,353,0.2,0.9770331382751465,0.0816650390625,-1.1554679289460181,0.0003,0.006669472,3520,-0.006385305017465726,0.1264343112707138,0.426546467281878,0.5047406554222107
2545,22.494267820000008,569,1449984,273.95,354,0.2,0.9790233969688416,0.105029296875,-1.15127289891243,0.0003,0.007592181,3530,-0.002791282776161097,0.057065270841121674,0.2500810063444078,0.5042313933372498
2548,23.44898526,570,1454080,270.93,355,0.2,0.9772104024887085,0.084375,-1.1447217792272568,0.0003,0.0064246454,3540,-0.0075662683622795155,0.11127008497714996,0.34188997019082307,0.5029417872428894
2552,25.37398259,571,1458176,273.96,356,0.2,0.9858870506286621,0.0718017578125,-1.1362158685922623,0.0003,0.009314055,3550,-0.0031055199768161403,0.02277599275112152,0.11883769147098064,0.5032877922058105
2555,26.84782233,572,1462272,280.08,357,0.2,0.9802045822143555,0.0976806640625,-1.1288547053933145,0.0003,0.007977575,3560,-0.004113327511004172,0.014653232879936695,0.06996374567970634,0.5033767819404602
2558,27.1568747,573,1466368,289.43,358,0.2,0.9462531208992004,0.079296875,-1.1194779932498933,0.0003,0.0054497016,3570,-0.003387415368342772,0.0930280089378357,0.4547095036134124,0.5031737089157104
2562,26.87988284,573,1470464,278.36,359,0.2,0.9721270203590393,0.0560302734375,-1.125008162856102,0.0003,0.0054351985,3580,-0.00484985871007666,0.11281295120716095,0.3708783959969878,0.5073882937431335
2565,27.964801920000003,574,1474560,276.67,360,0.2,0.9462543725967407,0.1051025390625,-1.1273299649357795,0.0003,0.007881461,3590,-0.004314047945081256,0.07264377176761627,0.2728687547147274,0.5029940009117126
2568,27.85603336,575,1478656,271.65,361,0.2,0.9712132215499878,0.151025390625,-1.1102557465434075,0.0003,0.01261382,3600,-0.0024229189235484227,0.022716931998729706,0.09769147718325258,0.5011955499649048
2571,26.64009063,576,1482752,265.58,362,0.2,0.9622745513916016,0.1364501953125,-1.103653709590435,0.0003,0.0066778986,3610,-0.0034531110228272154,0.02958674170076847,0.2043292379938066,0.4995996356010437
2575,24.400639699999996,577,1486848,264.57,363,0.2,0.9684295058250427,0.083935546875,-1.0942667886614799,0.0003,0.008392204,3620,-0.00785283301374875,0.09117484837770462,0.35181127935647966,0.4955114722251892
2578,25.204556989999997,578,1490944,262.22,364,0.2,0.9824923872947693,0.0758056640625,-1.091324444115162,0.0003,0.009042271,3630,-0.006123962992569431,0.10234010964632034,0.3756963171064854,0.4989851415157318
2581,25.67321093,579,1495040,267.71,365,0.2,0.9270285964012146,0.0897216796875,-1.0988933056592942,0.0003,0.009687906,3640,-0.0034021382743958384,0.12562653422355652,0.6047302825376392,0.49744221568107605
2585,24.694182050000006,579,1499136,263.72,366,0.2,0.9803077578544617,0.0685546875,-1.1041073858737946,0.0003,0.0068055857,3650,-0.006075730174779892,0.044366996735334396,0.1379081358201802,0.5011690855026245
2511,24.64038611000001,598,1503232,267.48,367,0.2,0.9275769591331482,0.0777099609375,-1.113649395108223,0.0003,0.0059063514,3660,-0.003751662647118792,0.08733205497264862,0.45053057186305523,0.5060253739356995
2515,24.400487910000003,599,1507328,275.94,368,0.2,0.977961003780365,0.07607421875,-1.1288566559553146,0.0003,0.0099313855,3670,-0.009543624782236294,0.08625061064958572,0.31731332913041116,0.5062217116355896
2518,25.243173379999998,600,1511424,279.6,369,0.2,0.9627493023872375,0.06650390625,-1.1197145879268646,0.0003,0.008553381,3680,-0.002083209239935968,0.05343559756875038,0.2228490266017616,0.5033308267593384
2521,24.2908721,600,1515520,277.26,370,0.2,0.9765819311141968,0.0888916015625,-1.1037335947155953,0.0003,0.0064553004,3690,-0.004047302238177508,0.07856772840023041,0.3276339825242758,0.49974337220191956
2524,24.018091469999998,601,1519616,275.17,371,0.2,0.9673735499382019,0.0934326171875,-1.0977867871522904,0.0003,0.016580401,3700,-0.005011540770647116,0.10978575050830841,0.5883283002302051,0.49872344732284546
2528,22.513979720000005,602,1523712,267.65,372,0.2,0.9763461351394653,0.0899169921875,-1.0937932550907135,0.0003,0.0077911625,3710,-0.006228516533155926,0.073109470307827,0.2708743432536721,0.49591362476348877
2531,22.72817887,603,1527808,263.18,373,0.2,0.970098614692688,0.063623046875,-1.0967375755310058,0.0003,0.009083398,3720,-0.006942436334793456,0.15561281144618988,0.5652717813849449,0.5013131499290466
2534,23.471692260000005,604,1531904,262.94,374,0.2,0.9744132161140442,0.0673095703125,-1.0987080350518226,0.0003,0.012138532,3730,-0.006950546670123003,0.06347145885229111,0.19649709863588213,0.49671444296836853
2538,22.2877078,605,1536000,258.33,375,0.2,0.9472336769104004,0.102490234375,-1.0836034625768662,0.0003,0.008159063,3740,-0.006398616649676114,0.09912024438381195,0.4412035923451185,0.4934820234775543
2541,22.334440319999995,605,1540096,253.95,376,0.2,0.918667197227478,0.0740478515625,-1.0821194708347321,0.0003,0.0064845704,3750,-0.00828766000631731,0.18425430357456207,0.9933929730206728,0.49518415331840515
2544,21.794523739999995,606,1544192,254.84,377,0.2,0.9291249513626099,0.0579345703125,-1.0877245619893074,0.0003,0.005872027,3760,-0.0036652303446317092,0.5667600035667419,1.4670606844127179,0.497251957654953
2547,21.920416119999995,607,1548288,252.99,378,0.2,0.9699104428291321,0.095361328125,-1.09365663677454,0.0003,0.011381451,3770,-0.0037831738198292443,0.18343351781368256,0.5065384980291128,0.49817731976509094
2551,20.78063737,608,1552384,253.98,379,0.2,0.9691449999809265,0.061669921875,-1.093124197423458,0.0003,0.0050167004,3780,-0.0029422543695545754,0.15952691435813904,0.5182063147425652,0.49895548820495605
2554,20.418405819999997,609,1556480,250.46,380,0.2,0.9605043530464172,0.0657470703125,-1.0911959066987038,0.0003,0.0077839335,3790,-0.00879691720183473,0.21117813885211945,0.771324186399579,0.49996086955070496
2557,19.62936576,610,1560576,248.9,381,0.2,0.9473295211791992,0.078857421875,-1.090090973675251,0.0003,0.00839817,3800,-0.006140765262534842,0.4054105877876282,0.8934726774692535,0.4996744990348816
2560,21.198289240000005,611,1564672,257.23,382,0.2,0.9620177149772644,0.090087890625,-1.0871650248765945,0.0003,0.0053917523,3810,-0.004216003476176411,0.18371951580047607,0.685198437795043,0.498350590467453
2563,21.922356719999996,611,1568768,258.15,383,0.2,0.965879499912262,0.08125,-1.0837631449103355,0.0003,0.013587452,3820,-0.0036189907637890427,0.18970820307731628,0.6268415465950966,0.4986352026462555
2567,23.368976710000002,612,1572864,260.77,384,0.2,0.9637326598167419,0.0810302734375,-1.0798168525099754,0.0003,0.012364138,3830,-0.007599778895382769,0.123145192861557,0.3451681662350893,0.4960208535194397
2570,23.61515413,613,1576960,263.7,385,0.2,0.9682929515838623,0.1384033203125,-1.0618781328201294,0.0003,0.0138439,3840,-0.0019473515159916133,0.114900141954422,0.3452714718878269,0.4912649393081665
2573,24.464764790000004,614,1581056,262.43,386,0.2,0.9304456114768982,0.0934814453125,-1.0450650796294212,0.0003,0.015194263,3850,-0.004558339563664049,0.2726154029369354,0.7479723397642374,0.48929283022880554
2576,25.78365313,615,1585152,270.04,387,0.2,0.9315745234489441,0.0857177734375,-1.0417760238051414,0.0003,0.004812103,3860,-0.006111180206062272,0.10434965789318085,0.5010088108479976,0.4903818964958191
2579,26.04739096,616,1589248,266.88,388,0.2,0.9767282009124756,0.070947265625,-1.0356368705630303,0.0003,0.0059194295,3870,-0.004914585742517375,0.0723038986325264,0.2527343126013875,0.48605161905288696
2582,25.22430047,616,1593344,255.89,389,0.2,0.9570257663726807,0.088134765625,-1.024710549414158,0.0003,0.006934016,3880,-0.006711644987808541,0.14175689220428467,0.40634506326168773,0.4872778356075287
2585,26.35762015,617,1597440,257.03,390,0.2,0.9586991667747498,0.111376953125,-1.0249867200851441,0.0003,0.010529437,3890,-0.0034768869722029195,0.1377517729997635,0.6116172287613153,0.4876096248626709
2515,24.287329749999998,636,1601536,254.97,391,0.2,0.9756941795349121,0.082275390625,-1.0244781866669654,0.0003,0.006132482,3900,-0.002642824937356636,0.11025495827198029,0.3485722055658698,0.4897037744522095
2518,24.915282480000005,637,1605632,255.04,392,0.2,0.9769774675369263,0.0894775390625,-1.0273674726486206,0.0003,0.007012011,3910,-0.007906152214854956,0.09509893506765366,0.43103292901068924,0.4863384962081909
2521,24.562753269999998,638,1609728,254.52,393,0.2,0.96916264295578,0.107275390625,-1.0129745826125145,0.0003,0.016904855,3920,-0.005952031588822138,0.12136033177375793,0.37220954801887274,0.48394688963890076
2524,24.29158774,639,1613824,257.93,394,0.2,0.9830096364021301,0.095947265625,-0.9981604635715484,0.0003,0.005627791,3930,-0.004604804734117352,0.12414214015007019,0.3268373068422079,0.47935760021209717
2527,24.682923409999997,640,1617920,259.31,395,0.2,0.9734790921211243,0.0698486328125,-0.9804783456027508,0.0003,0.0061224885,3940,-0.005393914887099527,0.05198916420340538,0.28210911015048623,0.47638633847236633
2530,23.54439464,640,1622016,253.77,396,0.2,0.966500461101532,0.0919677734375,-0.9695106960833073,0.0003,0.0064770374,3950,-0.0035318755748448894,0.1417625993490219,0.38654695712029935,0.4735088348388672
2533,24.157396180000006,641,1626112,254.07,397,0.2,0.972815215587616,0.1192138671875,-0.9622697591781616,0.0003,0.007061118,3960,-0.004144673605333082,0.13097615540027618,0.506166211143136,0.47166991233825684
2536,24.01119178,642,1630208,260.67,398,0.2,0.9850561022758484,0.075634765625,-0.9497513666749,0.0003,0.009515628,3970,-0.006259010918438434,0.04810816049575806,0.20232046758756042,0.46970969438552856
2539,22.284304189999997,643,1634304,258.77,399,0.2,0.9833711981773376,0.091650390625,-0.9392872519791127,0.0003,0.009134787,3980,-0.0074008790717925875,0.12885956466197968,0.38102414309978483,0.4692727029323578
2542,22.75906411,644,1638400,252.38,400,0.2,0.9541181921958923,0.080859375,-0.9288202710449696,0.0003,0.0081602,3990,-0.0036442254087887703,0.4032764136791229,1.1363489795476198,0.4660552144050598
2545,22.26281935,645,1642496,253.39,401,0.2,0.8437709808349609,0.0635986328125,-0.9207911342382431,0.0003,0.007091453,4000,-0.0061274656531168144,0.12864473462104797,0.8743301097303628,0.46411025524139404
2549,22.67143631,645,1646592,259.77,402,0.2,0.8944925665855408,0.0818603515625,-0.911119318753481,0.0003,0.0074573504,4010,-0.00451975740143098,0.46185725927352905,0.8751976016908884,0.4610297381877899
2552,24.27458525,646,1650688,258.99,403,0.2,0.9509892463684082,0.0971435546875,-0.8974455885589123,0.0003,0.0062305494,4020,-0.004003637615824118,0.11693820357322693,0.3972195440903306,0.45709407329559326
2555,24.96611676,647,1654784,254.89,404,0.2,0.9507678747177124,0.0530029296875,-0.8792725026607513,0.0003,0.0064708376,4030,-0.004139791138004512,0.12039119750261307,0.363688818924129,0.45449212193489075
2558,24.63931882,648,1658880,253.75,405,0.2,0.9763844013214111,0.07666015625,-0.8598835743963719,0.0003,0.0072850296,4040,-0.006539908394915983,0.049734003841876984,0.28895776309072974,0.4513224959373474
2561,25.47780123,649,1662976,257.04,406,0.2,0.9588167667388916,0.0687255859375,-0.8473473161458969,0.0003,0.009438915,4050,-0.00403863177925814,0.13572834432125092,0.6351769790053368,0.4527789354324341
2564,26.699420080000003,650,1667072,259.59,407,0.2,0.9234511256217957,0.1092529296875,-0.8510750368237495,0.0003,0.009865111,4060,-0.002416047896258533,0.08419555425643921,0.499677687138319,0.4546337127685547
2566,25.478173279999996,651,1671168,257.73,408,0.2,0.9855116605758667,0.096142578125,-0.8592775836586952,0.0003,0.008008881,4070,-0.0035405908594839273,0.05057164281606674,0.2108683681115508,0.4578211307525635
2569,24.823443070000003,651,1675264,260.58,409,0.2,0.9295196533203125,0.0770751953125,-0.8595969922840595,0.0003,0.008539427,4080,-0.0034581080602947623,0.19376832246780396,0.6611151967197657,0.45636147260665894
2572,24.34658863,652,1679360,260.97,410,0.2,0.9464460015296936,0.0588623046875,-0.8545979373157024,0.0003,0.008287776,4090,-0.0026935330155538396,0.25903600454330444,0.9019544191658497,0.45856714248657227
2575,22.45233984,653,1683456,265.41,411,0.2,0.9496802091598511,0.09794921875,-0.8546895459294319,0.0003,0.0058516725,4100,-0.004773939178267028,0.24253547191619873,0.7611218098551035,0.454637348651886
2578,21.587217569999996,654,1687552,255.51,412,0.2,0.9726877808570862,0.0615234375,-0.8600317999720574,0.0003,0.010857575,4110,-0.006120619160356,0.28943559527397156,0.7383682325482368,0.4616049528121948
2581,20.594148230000002,655,1691648,253.16,413,0.2,0.9677118062973022,0.1338134765625,-0.8778943836688995,0.0003,0.018789083,4120,-0.0030483930488117037,0.17786383628845215,0.8999168530106545,0.4623830318450928
2584,20.8595889,656,1695744,252.55,414,0.2,0.9509245157241821,0.0708740234375,-0.8759591072797775,0.0003,0.007230444,4130,-0.0054802516111521985,0.4524388313293457,0.7738007877022028,0.4616193473339081
2587,20.669435160000003,656,1699840,248.63,415,0.2,0.9623380303382874,0.053369140625,-0.8646317698061466,0.0003,0.00626369,4140,-0.0037566312006674708,0.2077842652797699,0.6392267018556594,0.4560171663761139
2520,19.933196,676,1703936,249.66,416,0.2,0.8749690055847168,0.11513671875,-0.848576108366251,0.0003,0.015286466,4150,-0.0003324219782371074,1.129137396812439,1.9819240048527718,0.45345768332481384
2523,22.942543490000002,676,1708032,248.08,417,0.2,0.9423539042472839,0.094921875,-0.8453925848007202,0.0003,0.012593453,4160,-0.003641322610201314,0.13423074781894684,0.6990596422925591,0.45486980676651
2526,23.574960279999996,677,1712128,255.53,418,0.2,0.9737628698348999,0.0915771484375,-0.8460847720503807,0.0003,0.0094597135,4170,-0.004637187335174531,0.10660455375909805,0.3209224628284574,0.45502638816833496
2529,23.354923410000005,678,1716224,266.28,419,0.2,0.947324812412262,0.09765625,-0.8431062988936902,0.0003,0.0073889103,4180,-0.0032196040890994483,0.21801647543907166,0.7916316021233797,0.4553752541542053
2531,22.80672921,679,1720320,256.8,420,0.2,0.9690089821815491,0.0786865234375,-0.838048817962408,0.0003,0.011152072,4190,-0.006884576006268617,0.2487960159778595,0.5583480916917324,0.45248928666114807
2534,22.577034369999996,680,1724416,266.84,421,0.2,0.971802830696106,0.119580078125,-0.8296345427632332,0.0003,0.011547613,4200,-0.004515417822403833,0.19971129298210144,0.6052693709731102,0.4530571699142456
2537,22.427925410000004,681,1728512,260.37,422,0.2,0.979149580001831,0.128466796875,-0.8287607878446579,0.0003,0.010064773,4210,-0.0033834793546702715,0.10346762835979462,0.31918147690594195,0.45224809646606445
2540,21.519071680000003,682,1732608,252.16,423,0.2,0.9775637984275818,0.1084716796875,-0.8225960351526738,0.0003,0.0078102653,4220,-0.005560562253231182,0.17854885756969452,0.6253945484757424,0.4503433406352997
2543,21.368656110000003,682,1736704,252.36,424,0.2,0.9450294971466064,0.0837646484375,-0.8191275157034397,0.0003,0.006514948,4230,-0.008409365083207377,0.3053179085254669,0.8033044185489416,0.44994959235191345
2546,21.952874370000004,683,1740800,251.05,425,0.2,0.9774959087371826,0.105810546875,-0.822241123765707,0.0003,0.009223308,4240,-0.004970612087345216,0.12585803866386414,0.3349921291694045,0.4529218375682831
2548,22.541771390000005,684,1744896,253.86,426,0.2,0.943876326084137,0.0691162109375,-0.8252225764095783,0.0003,0.004508172,4250,-0.0040108258661348374,0.14605775475502014,0.5666246391832829,0.45102834701538086
2551,22.89568855,685,1748992,254.11,427,0.2,0.9645636677742004,0.0890869140625,-0.8208810359239578,0.0003,0.0138938725,4260,-0.0039004876569379123,0.1726548820734024,0.5289077879860997,0.4499508738517761
2554,22.881541869999996,686,1753088,249.61,428,0.2,0.9688636660575867,0.1042724609375,-0.8186442196369171,0.0003,0.011567481,4270,-0.00545323586120503,0.199351504445076,0.6230336628854275,0.4500468969345093
2557,21.63379599,687,1757184,249.69,429,0.2,0.961736798286438,0.0571044921875,-0.8091867983341217,0.0003,0.0054211533,4280,-0.004567884278367273,0.2694510817527771,0.7954890053719282,0.44559377431869507
2560,20.32478922,687,1761280,251.93,430,0.2,0.9722392559051514,0.0888916015625,-0.7967332728207112,0.0003,0.008228194,4290,-0.0041711377853062,0.2565489113330841,0.8650230668485165,0.4438515305519104
2563,20.45826512,688,1765376,251.13,431,0.2,0.9848694801330566,0.0692626953125,-0.7906504221260547,0.0003,0.010870183,4300,-0.003473490587202832,0.11679444462060928,0.37740739770233633,0.4417198896408081
2565,20.09601965,689,1769472,253.38,432,0.2,0.9756496548652649,0.0831787109375,-0.7833441585302353,0.0003,0.007070002,4310,-0.005968349793693051,0.08161020278930664,0.4125804541632533,0.4451042413711548
2568,20.8223957,690,1773568,256.84,433,0.2,0.9678646922111511,0.0859619140625,-0.7951981358230114,0.0003,0.00899674,4320,-0.0031840589828789232,0.09936431050300598,0.5235004018992185,0.4496575593948364
2571,21.621640429999992,691,1777664,260.37,434,0.2,0.9264732599258423,0.07294921875,-0.8058218516409397,0.0003,0.0062503247,4330,-0.006319321916089393,0.4762887954711914,1.1811855252832175,0.45265287160873413
2574,23.44768087,692,1781760,264.66,435,0.2,0.9471753239631653,0.1193603515625,-0.8156832419335842,0.0003,0.010316161,4340,-0.006727423332631588,0.13727787137031555,0.6046560183167458,0.453235924243927
2577,26.562483340000007,692,1785856,266.61,436,0.2,0.9757459163665771,0.106591796875,-0.8158897258341312,0.0003,0.008764062,4350,-0.001980872015701607,0.08032827079296112,0.26569808153435587,0.45368701219558716
2579,25.98671992,693,1789952,268.2,437,0.2,0.9685423374176025,0.0798583984375,-0.81575528383255,0.0003,0.006452062,4360,-0.004058803552470636,0.06756395101547241,0.2671931188553572,0.45418232679367065
2582,25.093635899999995,694,1794048,260.62,438,0.2,0.9732516407966614,0.07021484375,-0.8186160989105702,0.0003,0.006555713,4370,-0.007281805941602215,0.059966638684272766,0.3072710631415248,0.4565163850784302
2585,24.88093987,695,1798144,255.5,439,0.2,0.9520386457443237,0.0501708984375,-0.8229697152972222,0.0003,0.009689692,4380,-0.004419546097051352,0.2485770583152771,0.837712201103568,0.4562227725982666
2525,25.3518699,713,1802240,254.5,440,0.2,0.9502621293067932,0.0885498046875,-0.8192535407841206,0.0003,0.01015291,4390,-0.007274163715192117,0.15737518668174744,0.4422693127766252,0.45624467730522156
2528,25.0851187,714,1806336,256.68,441,0.2,0.9480136632919312,0.1001708984375,-0.812959586083889,0.0003,0.01039814,4400,-0.004985625196422916,0.07675427198410034,0.29786044023931024,0.4556792676448822
2530,23.602095840000008,715,1810432,250.74,442,0.2,0.9564359784126282,0.093359375,-0.811073687672615,0.0003,0.0057729622,4410,-0.003851418767590076,0.12314672023057938,0.4263477301225066,0.45877525210380554
2533,23.787585249999996,716,1814528,248.98,443,0.2,0.9357293844223022,0.0590576171875,-0.8156892657279968,0.0003,0.009931296,4420,-0.002776238395017572,0.4378263056278229,1.4693628162145616,0.45931121706962585
2536,24.78245992,717,1818624,246.58,444,0.2,0.9478774666786194,0.06435546875,-0.8193897947669029,0.0003,0.0047322847,4430,-0.00436306050978601,0.19767867028713226,0.6185354370623827,0.4577544629573822
2538,26.38856471,717,1822720,256.14,445,0.2,0.9453748464584351,0.0542724609375,-0.8203636318445205,0.0003,0.0069522653,4440,-0.0047106927551794795,0.07282713800668716,0.3213367027230561,0.45883631706237793
2541,25.75917634,718,1826816,255.25,446,0.2,0.9732580780982971,0.1299560546875,-0.8146033190190792,0.0003,0.010885334,4450,-0.0040745559323113415,0.03609207645058632,0.1611318614333868,0.45627281069755554
2544,24.919592299999998,719,1830912,253.62,447,0.2,0.9779024124145508,0.1168701171875,-0.8111097864806652,0.0003,0.010609031,4460,-0.0024078152200672776,0.10929794609546661,0.31244820896536113,0.4577792286872864
2547,26.232805490000004,720,1835008,257.98,448,0.2,0.9032499194145203,0.083837890625,-0.8172558724880219,0.0003,0.019487914,4470,-0.0049761601287173106,0.49187788367271423,1.2517017927020788,0.45881327986717224
2549,27.08207732,721,1839104,259.57,449,0.2,0.955307126045227,0.08134765625,-0.8209935881197452,0.0003,0.004952319,4480,-0.004166675818851218,0.08781813830137253,0.30210781265050174,0.4592413902282715
2552,27.985070420000003,722,1843200,265.39,450,0.2,0.9252419471740723,0.0805908203125,-0.8242583341896534,0.0003,0.0050426656,4490,-0.0026880600198637694,0.1219680979847908,0.47451816257089374,0.4600571095943451
2555,26.429106480000005,722,1847296,262.13,451,0.2,0.9771227240562439,0.096240234375,-0.8132409617304802,0.0003,0.0068830396,4500,-0.006121757096843794,0.054368164390325546,0.171154831815511,0.4532644748687744
2557,25.80382065,723,1851392,259.16,452,0.2,0.9478954076766968,0.1038330078125,-0.7965946510434151,0.0003,0.01348891,4510,-0.003371775208506733,0.24775367975234985,0.7714580953121185,0.45374205708503723
2560,26.442322579999995,724,1855488,261.42,453,0.2,0.9563199281692505,0.05908203125,-0.8057078115642071,0.0003,0.0062146736,4520,-0.006449822499416768,0.11587238311767578,0.4017582584172487,0.45756930112838745
2563,25.907228649999997,725,1859584,265.51,454,0.2,0.9712072014808655,0.095263671875,-0.8137427054345607,0.0003,0.0074685644,4530,-0.00673001914692577,0.08543512970209122,0.2450446218252182,0.4581088423728943
2565,24.847138729999998,726,1863680,261.31,455,0.2,0.8797918558120728,0.06884765625,-0.8097217991948128,0.0003,0.0066395956,4540,-0.003434900240972638,0.3823547065258026,1.9641763605177402,0.4569638669490814
2568,25.065699249999998,727,1867776,261.1,456,0.2,0.9410204887390137,0.1042236328125,-0.8152305103838444,0.0003,0.008421308,4550,-0.006119738859706558,0.1129564642906189,0.46472022533416746,0.46070000529289246
2571,24.900728419999997,728,1871872,256.61,457,0.2,0.9620371460914612,0.089501953125,-0.8320513516664505,0.0003,0.008763925,4560,-0.007937542648869566,0.06733188033103943,0.33507319521158935,0.4633350670337677
2573,22.831009550000005,728,1875968,247.38,458,0.2,0.9703468084335327,0.104541015625,-0.8256557315587998,0.0003,0.014651803,4570,-0.006041019820258953,0.11307810246944427,0.38963098768144844,0.4632532298564911
2576,22.450087699999997,729,1880064,241.33,459,0.2,0.9561575651168823,0.1381103515625,-0.8205898769199849,0.0003,0.009314952,4580,0.0008314397098729386,0.28377866744995117,1.0024133052676916,0.46442532539367676
2578,23.894322490000004,730,1884160,244.29,460,0.2,0.93962562084198,0.0865478515625,-0.8242007568478584,0.0003,0.008598334,4590,-0.004371066216845065,0.12871326506137848,0.6090689230710268,0.46683549880981445
2581,22.137002120000002,731,1888256,237.02,461,0.2,0.9677760004997253,0.0876220703125,-0.8194069355726242,0.0003,0.0060299654,4600,-0.0020636829460272564,0.1496163010597229,0.4125891728326678,0.46340471506118774
2584,21.98357489,732,1892352,238.86,462,0.2,0.9621162414550781,0.113818359375,-0.8102993972599506,0.0003,0.0068162754,4610,-0.006633722368860617,0.24452823400497437,0.8125907272100449,0.4679923355579376
2586,23.461497140000006,733,1896448,248.79,463,0.2,0.9274510145187378,0.0613525390625,-0.8218329101800919,0.0003,0.004212903,4620,-0.0034647887310711666,0.1545453816652298,0.9046057127416134,0.4699869155883789
2528,23.98100498,751,1900544,253.72,464,0.2,0.9714673161506653,0.1284423828125,-0.8205582775175572,0.0003,0.01750193,4630,-0.0070458362679346465,0.08097858726978302,0.3278684293851256,0.46920526027679443
2531,24.018493470000003,752,1904640,261.66,465,0.2,0.9810580015182495,0.0951416015625,-0.8127500064671039,0.0003,0.008117288,4640,-0.0053839292377233505,0.10725877434015274,0.37828894406557084,0.4687219262123108
2533,24.4916568,753,1908736,267.75,466,0.2,0.9859430193901062,0.0720703125,-0.8001932173967361,0.0003,0.011687662,4650,-0.0059177613991778346,0.041637904942035675,0.18450738927349447,0.4630947411060333
2536,24.16190662,754,1912832,267.34,467,0.2,0.9799069166183472,0.082861328125,-0.7855744510889053,0.0003,0.012596654,4660,-0.005733768876234535,0.1320382058620453,0.38976626135408876,0.46205025911331177
2539,25.82290256,754,1916928,273.98,468,0.2,0.9702199697494507,0.1128173828125,-0.7880507707595825,0.0003,0.009760469,4670,-0.007155628121108748,0.06900187581777573,0.32064859606325624,0.4593074917793274
2541,24.675110940000003,755,1921024,266.04,469,0.2,0.930400013923645,0.1502685546875,-0.7776333779096604,0.0003,0.026119376,4680,0.0006534436368383467,0.1830979287624359,0.6315681770443916,0.4555019736289978
2544,24.087644700000006,756,1925120,258.69,470,0.2,0.9093583822250366,0.0913330078125,-0.775128747522831,0.0003,0.012921032,4690,-0.003188688166846987,0.5266578793525696,1.3133354295045137,0.456495076417923
2546,25.530084820000003,757,1929216,261.4,471,0.2,0.9763627052307129,0.0949462890625,-0.7765182465314865,0.0003,0.0064244815,4700,-0.008041696762666107,0.09502680599689484,0.3539992954581976,0.45799845457077026
2549,25.42491871,758,1933312,255.03,472,0.2,0.9762605428695679,0.0818359375,-0.7715945944190026,0.0003,0.008303123,4710,-0.006592283525969833,0.09009019285440445,0.30555714257061484,0.4529067575931549
2551,25.0272556,759,1937408,254.8,473,0.2,0.9354676604270935,0.066796875,-0.7571942426264286,0.0003,0.005759081,4720,-0.00394262280606199,0.10574696958065033,0.6893809195607901,0.4521586298942566
2554,23.941320140000002,760,1941504,256.58,474,0.2,0.9822633266448975,0.0658447265625,-0.753943407535553,0.0003,0.0058191386,4730,-0.005429457043646835,0.09802135080099106,0.32496038246899844,0.45104357600212097
2556,22.753876090000002,760,1945600,246.65,475,0.2,0.9683184623718262,0.09404296875,-0.7482408329844474,0.0003,0.008708218,4740,-0.0013509819575119764,0.31941571831703186,0.9219137661159038,0.4507533311843872
2559,22.12276177,761,1949696,254.82,476,0.2,0.9582480192184448,0.063720703125,-0.7447355218231678,0.0003,0.0055917096,4750,-0.004086255436413921,0.23275847733020782,0.6509846355766058,0.45029178261756897
2562,21.61007138,762,1953792,248.51,477,0.2,0.9653698801994324,0.0652587890625,-0.7401368767023087,0.0003,0.008242544,4760,-0.005735202168580145,0.23035097122192383,0.8277468308806419,0.45018264651298523
2564,21.706891780000007,763,1957888,251.88,478,0.2,0.9680721163749695,0.0559326171875,-0.7333834446966648,0.0003,0.008179856,4770,-0.00604207733849762,0.12361554056406021,0.38935330547392366,0.44838011264801025
2566,21.758322860000007,764,1961984,257.53,479,0.2,0.9609733819961548,0.0945556640625,-0.7228594064712525,0.0003,0.0068481737,4780,-0.00412573287030682,0.14931398630142212,0.5187067348510027,0.44734808802604675
2569,22.225696990000003,765,1966080,256.41,480,0.2,0.9619935750961304,0.0937255859375,-0.7161150768399238,0.0003,0.015483596,4790,-0.004373633323120884,0.13340668380260468,0.6251096781343222,0.4461883306503296
2572,24.244450910000005,765,1970176,256.08,481,0.2,0.9678903818130493,0.0802490234375,-0.7092898003757,0.0003,0.0071082246,4800,-0.00515249356685672,0.05920794606208801,0.20055827936157583,0.4455748200416565
2574,24.720458370000003,766,1974272,260.55,482,0.2,0.9547107815742493,0.0724365234375,-0.6999022535979748,0.0003,0.00964158,4810,-0.001943449955433607,0.24464412033557892,0.5655423242598772,0.4410516619682312
2577,25.35458861,767,1978368,260.01,483,0.2,0.9499707818031311,0.0514892578125,-0.6883924081921577,0.0003,0.006266577,4820,-0.005316731838684063,0.14447565376758575,0.7394736617803573,0.43955662846565247
2579,25.580315950000003,768,1982464,264.15,484,0.2,0.9665089249610901,0.0750732421875,-0.6906525284051895,0.0003,0.012489852,4830,-0.005333708773832768,0.16336919367313385,0.4783524001017213,0.44228461384773254
2582,24.056022330000005,769,1986560,264.12,485,0.2,0.9480582475662231,0.071337890625,-0.7028855599462986,0.0003,0.008651217,4840,-0.004829543593223207,0.11547528207302094,0.46122130658477545,0.44614896178245544
2584,25.365003339999998,770,1990656,269.43,486,0.2,0.9383713006973267,0.114794921875,-0.7134886473417282,0.0003,0.0119037535,4850,-0.004713396259467118,0.2706698775291443,0.9783600546419621,0.44693082571029663
2587,25.020048350000003,771,1994752,272.66,487,0.2,0.9395341277122498,0.1143310546875,-0.7119440548121929,0.0003,0.011134809,4860,-0.005228479925426655,0.22171074151992798,0.9264579486101866,0.4439699351787567
2589,24.342927340000003,771,1998848,275.2,488,0.2,0.9776535034179688,0.0848388671875,-0.7025685273110867,0.0003,0.012655554,4870,-0.006495912015088834,0.08561725169420242,0.2801943065598607,0.4427218437194824
2533,24.899887319999994,790,2002944,274.58,489,0.2,0.9707326889038086,0.08623046875,-0.6952260956168175,0.0003,0.010223513,4880,-0.0021322678032447582,0.26191389560699463,0.6323317170143128,0.4411329925060272
2535,23.78385964,791,2007040,273.4,490,0.2,0.9583628177642822,0.087890625,-0.6876770421862602,0.0003,0.011544479,4890,-0.004351819306612015,0.1740638017654419,0.48388191871345043,0.43998321890830994
2538,23.585279500000002,792,2011136,266.12,491,0.2,0.961471438407898,0.0712890625,-0.6844576425850392,0.0003,0.0059167133,4900,-0.004718998518364969,0.21382254362106323,0.6913721438497304,0.44127345085144043
2540,23.856282689999997,793,2015232,263.71,492,0.2,0.9591219425201416,0.0678955078125,-0.6852524168789387,0.0003,0.009642499,4910,-0.006644377471820917,0.11788299679756165,0.5396281089633703,0.4442567229270935
2543,23.242314120000007,794,2019328,261.51,493,0.2,0.9752086997032166,0.05498046875,-0.6816025860607624,0.0003,0.009613593,4920,-0.005895541678182781,0.13022202253341675,0.48766567222774027,0.441768616437912
2545,23.058050389999995,794,2023424,254.87,494,0.2,0.9707766175270081,0.054052734375,-0.6654076710343361,0.0003,0.006981057,4930,-0.005018403008580208,0.12960560619831085,0.47439456172287464,0.4380713999271393
2547,23.233639680000007,795,2027520,255.28,495,0.2,0.9808762073516846,0.083837890625,-0.6553713120520115,0.0003,0.009033757,4940,-0.004726100750849583,0.09533575922250748,0.3728868305683136,0.43803849816322327
2550,23.841130169999996,796,2031616,264.93,496,0.2,0.9531201720237732,0.09482421875,-0.6502057522535324,0.0003,0.009366691,4950,-0.0031947458075592293,0.11039005219936371,0.4015388017520308,0.4373672604560852
2552,24.458674740000006,797,2035712,258.31,497,0.2,0.9765293598175049,0.1416015625,-0.644837724417448,0.0003,0.021223444,4960,-0.00262816632312024,0.053905975073575974,0.25191938057541846,0.43720296025276184
2555,24.987034530000003,798,2039808,257.29,498,0.2,0.9727882146835327,0.086181640625,-0.6339930437505246,0.0003,0.008546639,4970,-0.006066220067441464,0.09116372466087341,0.3374087741598487,0.43186086416244507
2557,25.488678870000008,799,2043904,261.89,499,0.2,0.9694464802742004,0.113232421875,-0.6326334983110428,0.0003,0.014569944,4980,-0.007745545811485499,0.08978136628866196,0.4453411094844341,0.43231111764907837
2560,27.257702220000002,799,2048000,264.97,500,0.2,0.9873254299163818,0.0908203125,-0.6281635448336601,0.0003,0.0057124044,4990,-0.003536079003242776,0.028503037989139557,0.10904772290959955,0.4301230311393738
2562,25.608843099999994,800,2052096,260.55,501,0.2,0.9668689966201782,0.085302734375,-0.6122882485389709,0.0003,0.0091891885,5000,-0.005708993090956937,0.13316789269447327,0.4512478496879339,0.42856574058532715
2565,24.204992410000003,801,2056192,258.69,502,0.2,0.9513208270072937,0.108984375,-0.6033508971333503,0.0003,0.009727358,5010,-0.007615769805852324,0.18980476260185242,0.787469619512558,0.4266330599784851
2567,21.667346850000005,802,2060288,251.73,503,0.2,0.9759617447853088,0.0651611328125,-0.5991363249719143,0.0003,0.0066965166,5020,-0.0032353764472645707,0.1612200289964676,0.9582396563142538,0.42640113830566406
2569,21.655509969999997,803,2064384,254.96,504,0.2,0.9730603694915771,0.071337890625,-0.6050473801791668,0.0003,0.007352221,5030,-0.005570597127371002,0.26200470328330994,0.8889436665922403,0.4319585859775543
2572,21.11649227,804,2068480,254.95,505,0.2,0.966532289981842,0.0912353515625,-0.6143570378422737,0.0003,0.0065203216,5040,-0.0035571716143749654,0.15642568469047546,0.5787523386999964,0.4323371648788452
2574,21.401399539999996,804,2072576,256.87,506,0.2,0.9541072845458984,0.06416015625,-0.6098977208137513,0.0003,0.007029541,5050,-0.0036489698832156137,0.19393672049045563,0.5941817551851273,0.43175721168518066
2577,21.115236369999998,805,2076672,255.33,507,0.2,0.9629653692245483,0.0775634765625,-0.6048495143651962,0.0003,0.0071172114,5060,-0.007246005124761723,0.06936341524124146,0.3345476588234305,0.431599885225296
2579,21.23889282,806,2080768,248.86,508,0.2,0.9295592904090881,0.079443359375,-0.596211951971054,0.0003,0.0062758615,5070,-0.004060724563896656,0.3665725290775299,0.811979516223073,0.42988720536231995
2581,23.88326999,807,2084864,250.13,509,0.2,0.9819212555885315,0.096533203125,-0.5970085464417935,0.0003,0.0070404615,5080,-0.004610949984635226,0.04501304775476456,0.1730390482582152,0.4320312440395355
2584,25.588594920000006,808,2088960,251.34,510,0.2,0.9751358032226562,0.0752685546875,-0.6030289247632027,0.0003,0.008119963,5090,-0.005356397287687287,0.07918712496757507,0.3162288567051291,0.43363136053085327
2586,25.179967030000004,809,2093056,245.99,511,0.2,0.9574163556098938,0.1072265625,-0.6077889449894428,0.0003,0.010141563,5100,-0.004570216516731307,0.054210349917411804,0.2858883492648602,0.43506282567977905
2589,26.199283639999997,810,2097152,249.52,512,0.2,0.950252115726471,0.1153076171875,-0.6066692695021629,0.0003,0.0066054044,5110,-0.002864467291510664,0.11071537435054779,0.4770696109160781,0.43086451292037964
2534,26.49409253,828,2101248,247.57,513,0.2,0.9503535628318787,0.0630126953125,-0.5887144327163696,0.0003,0.0074991556,5120,-0.0062868132547009735,0.1828821301460266,0.46008468233048916,0.42766302824020386
2537,27.51144295,829,2105344,253.47,514,0.2,0.9305077195167542,0.1177490234375,-0.5783160708844661,0.0003,0.008963989,5130,-0.004451370952301659,0.0685964971780777,0.34285931279882786,0.4283396303653717
2539,26.826650289999993,830,2109440,249.02,515,0.2,0.9529871940612793,0.0820068359375,-0.5795294791460037,0.0003,0.01370331,5140,-0.004970501369098201,0.13554814457893372,0.4149413092061877,0.4279581904411316
2541,27.33561333,831,2113536,256.56,516,0.2,0.9622980356216431,0.1068603515625,-0.5657699339091777,0.0003,0.014849834,5150,-0.004138874998898245,0.15524911880493164,0.5876789743080735,0.42712491750717163
2544,29.25058592,832,2117632,261.91,517,0.2,0.9798320531845093,0.0818359375,-0.5623341336846351,0.0003,0.008203339,5160,-0.009033668946358375,0.05894353985786438,0.1940356939099729,0.4281574785709381
2546,28.2667569,833,2121728,262.57,518,0.2,0.9814237952232361,0.086181640625,-0.5601017832756042,0.0003,0.00802413,5170,-0.003787015509442426,0.009697521105408669,0.08709327802062035,0.4259057641029358
2548,28.5765889,834,2125824,259.84,519,0.2,0.949686586856842,0.0849853515625,-0.5543059594929218,0.0003,0.014789565,5180,-0.00514639331959188,0.11107691377401352,0.41517615541815756,0.4262229800224304
2551,28.07676734,834,2129920,261.55,520,0.2,0.960731565952301,0.136083984375,-0.5493934348225593,0.0003,0.012751148,5190,-0.00892941401398275,0.072884701192379,0.2616245621815324,0.4274587631225586
2553,27.968984530000004,835,2134016,265.24,521,0.2,0.9632073044776917,0.10224609375,-0.5454371601343155,0.0003,0.010454994,5200,-0.002789400389883667,0.04423452168703079,0.223296825774014,0.428249716758728
2555,26.909202560000004,836,2138112,260.93,522,0.2,0.9576359391212463,0.095263671875,-0.5482353456318378,0.0003,0.011600811,5210,-0.003325839395984076,0.1798485368490219,0.6087677184492349,0.42850953340530396
2558,24.513602080000002,837,2142208,256.19,523,0.2,0.9711319208145142,0.1017578125,-0.5493838027119636,0.0003,0.008359148,5220,-0.0060744115267880264,0.19013461470603943,0.5908445287495852,0.42946934700012207
2560,23.548790689999997,838,2146304,249.03,524,0.2,0.9442765712738037,0.0870361328125,-0.5466446273028851,0.0003,0.013365006,5230,-0.00602408734994242,0.32714971899986267,1.2906121656298637,0.42916256189346313
2562,22.09197283,839,2150400,251.63,525,0.2,0.9692912697792053,0.0950927734375,-0.5399740673601627,0.0003,0.008800184,5240,-0.00456076996633783,0.10484367609024048,0.535811010375619,0.4284859299659729
2565,21.83369121,839,2154496,252.5,526,0.2,0.9607630968093872,0.121630859375,-0.5316385082900524,0.0003,0.0089314,5250,-0.00015275197511073203,0.21164937317371368,0.6850701324641705,0.425683856010437
2567,22.326876350000006,840,2158592,254.36,527,0.2,0.9601201415061951,0.1190185546875,-0.5273612208664418,0.0003,0.0128314765,5260,-0.006312481974600814,0.21586014330387115,0.6589890103787184,0.4266376197338104
2569,23.981870530000002,841,2162688,254.39,528,0.2,0.9874657392501831,0.144775390625,-0.5333716444671154,0.0003,0.0076420307,5270,-0.0019280162698123604,0.06867191940546036,0.217063417006284,0.427669882774353
2571,24.073397720000003,842,2166784,256.67,529,0.2,0.9589117169380188,0.1139404296875,-0.526121274381876,0.0003,0.007936249,5280,-0.006342382237198763,0.14193019270896912,0.4400103181600571,0.4247554540634155
2574,25.79751042,843,2170880,260.46,530,0.2,0.9453410506248474,0.077392578125,-0.5177053891122341,0.0003,0.012876156,5290,-0.004545276521821506,0.12194463610649109,0.954388577491045,0.42837491631507874
2576,26.46331567,844,2174976,253.58,531,0.2,0.9743126630783081,0.1082763671875,-0.5241263955831528,0.0003,0.008798082,5300,-0.007313997243181802,0.07336363941431046,0.20711726164445282,0.42672520875930786
2578,25.30080704,844,2179072,251.29,532,0.2,0.9267553091049194,0.08974609375,-0.5303073346614837,0.0003,0.007589906,5310,-0.0026076861999172253,0.12750834226608276,0.6636653549969196,0.42874547839164734
2581,22.69015362,845,2183168,241.69,533,0.2,0.956317663192749,0.0695068359375,-0.5343803495168686,0.0003,0.0058480278,5320,-0.0034687192732235418,0.34652265906333923,1.158600789308548,0.43029510974884033
2583,23.501661679999998,846,2187264,246.6,534,0.2,0.9298796057701111,0.07646484375,-0.5443944968283176,0.0003,0.0071517173,5330,-0.0037365064141340553,0.5176327228546143,1.378035631030798,0.43376466631889343
2585,22.75006488,847,2191360,241.38,535,0.2,0.9706551432609558,0.1123046875,-0.5451641634106636,0.0003,0.012075184,5340,-0.0038908642032765783,0.09713630378246307,0.410823854804039,0.4296271502971649
2587,22.99170077,848,2195456,241.95,536,0.2,0.9731982350349426,0.0756591796875,-0.5292041271924972,0.0003,0.008643882,5350,-0.00783249323721975,0.10780714452266693,0.5001823138445616,0.4283297657966614
2590,22.978393809999996,849,2199552,242.8,537,0.2,0.952750563621521,0.1103759765625,-0.5267671555280685,0.0003,0.012600185,5360,-0.002002970446483232,0.0485883504152298,0.18645839309319853,0.4300960302352905
2539,24.89771605,867,2203648,247.64,538,0.2,0.9686169028282166,0.1046142578125,-0.5286309435963631,0.0003,0.010798001,5370,-0.007131849124561995,0.07478038966655731,0.33008621614426376,0.42945030331611633
2541,26.45356219,868,2207744,250.34,539,0.2,0.9753872752189636,0.08779296875,-0.5280708871781826,0.0003,0.009157249,5380,-0.007503365410957486,0.0873340293765068,0.25893697822466494,0.4281380772590637
2543,25.114011309999995,869,2211840,246.98,540,0.2,0.9579353332519531,0.101708984375,-0.5175890401005745,0.0003,0.013606675,5390,-0.005511625893996097,0.2081693708896637,1.032173191383481,0.42525291442871094
2546,24.212105330000004,870,2215936,241.33,541,0.2,0.9776273965835571,0.1164306640625,-0.5100626841187477,0.0003,0.011050444,5400,-0.0004033976641949266,0.1373010128736496,0.38010384496301414,0.42345115542411804
2548,23.757830019999997,871,2220032,241.79,542,0.2,0.954069197177887,0.0739013671875,-0.5033218391239643,0.0003,0.008937119,5410,-0.00561783212760929,0.1199527457356453,0.7278151558712125,0.425875723361969
2550,24.30122658,872,2224128,242.25,543,0.2,0.9729707837104797,0.093701171875,-0.5103331752121448,0.0003,0.011492634,5420,-0.007063678000122309,0.11193791776895523,0.39520629607141017,0.427742600440979
2552,23.247139209999997,872,2228224,239.19,544,0.2,0.9656542539596558,0.0781005859375,-0.5144311599433422,0.0003,0.005008434,5430,-0.00462676901370287,0.08877414464950562,0.2933513198047876,0.42895644903182983
2554,24.957821309999996,873,2232320,241.17,545,0.2,0.9722468256950378,0.126220703125,-0.5138273477554322,0.0003,0.012916277,5440,-0.006984107370954007,0.04928329214453697,0.2868575811386108,0.4294810891151428
2557,25.404281960000002,874,2236416,244.1,546,0.2,0.9687807559967041,0.105126953125,-0.5091798685491085,0.0003,0.008017573,5450,-0.005100426264834823,0.11103913933038712,0.3717052886262536,0.42589616775512695
2559,26.554467870000003,875,2240512,252.94,547,0.2,0.9483834505081177,0.1014892578125,-0.498786311969161,0.0003,0.010762453,5460,-0.003768463358574081,0.12458112835884094,0.4395882416516542,0.42473646998405457
2561,27.34990587,876,2244608,253.66,548,0.2,0.9145333170890808,0.0816162109375,-0.4894928738474846,0.0003,0.0073134014,5470,-0.008511303583509289,0.07931103557348251,0.8529924875125289,0.4232148826122284
2563,27.06275854,877,2248704,264.91,549,0.2,0.9812597036361694,0.0917724609375,-0.4797643359750509,0.0003,0.016285367,5480,-0.005611253521055915,0.049735359847545624,0.20026148306205868,0.4179423451423645
2565,28.359928549999996,877,2252800,272.29,550,0.2,0.971974790096283,0.087353515625,-0.468359736353159,0.0003,0.017659597,5490,-0.0018926873162854463,0.33142268657684326,0.5913588955998421,0.41776204109191895
2568,25.407941699999995,878,2256896,262.47,551,0.2,0.9319835305213928,0.12939453125,-0.4747976094484329,0.0003,0.010926621,5500,-0.0026795385172590615,0.1429625004529953,0.5766686491668225,0.4216032922267914
2570,25.91688573,879,2260992,267.19,552,0.2,0.9429914355278015,0.1027099609375,-0.4877239730209112,0.0003,0.009471089,5510,-0.009525847292388789,0.24828797578811646,0.8790478128939867,0.42202842235565186
2572,25.984440999999997,880,2265088,272.26,553,0.2,0.9813446998596191,0.1101318359375,-0.4846411027014256,0.0003,0.010709525,5520,-0.004414359500515275,0.04932741820812225,0.18496372206136585,0.42121821641921997
2574,25.526679039999998,881,2269184,273.98,554,0.2,0.9721506237983704,0.1048095703125,-0.4816003192216158,0.0003,0.010866185,5530,-0.0041386769968084994,0.11492866277694702,0.497266361117363,0.4221252202987671
2576,25.05120212,882,2273280,270.69,555,0.2,0.9626407623291016,0.0957763671875,-0.4676380388438702,0.0003,0.0065783965,5540,-0.002705369083560072,0.1953638643026352,0.45426646191626785,0.415841281414032
2579,26.7362476,883,2277376,260.43,556,0.2,0.9689763188362122,0.091162109375,-0.4499038986861706,0.0003,0.013205956,5550,-0.005806346028111875,0.07649989426136017,0.19535265238955618,0.4173950254917145
2581,28.633374149999998,883,2281472,266.28,557,0.2,0.9633240103721619,0.12841796875,-0.4543450504541397,0.0003,0.006064669,5560,-0.002929079410387203,0.049082837998867035,0.16558642098680137,0.4179123640060425
2583,27.181002960000004,884,2285568,268.08,558,0.2,0.9839109182357788,0.116357421875,-0.450728826969862,0.0003,0.00990268,5570,-0.006131763546727597,0.025189552456140518,0.15011737551540136,0.4160843789577484
2585,27.961013859999998,885,2289664,270.5,559,0.2,0.9515771269798279,0.0647705078125,-0.4432085335254669,0.0003,0.011529563,5580,-0.004490878191427327,0.1394633650779724,0.6192346453666687,0.41533446311950684
2587,28.937223109999994,886,2293760,271.27,560,0.2,0.9638164043426514,0.083154296875,-0.4423733871430159,0.0003,0.0060922643,5590,-0.0062465022201649845,0.03414727747440338,0.24851224599406124,0.4175282418727875
2589,28.284744340000003,887,2297856,268.43,561,0.2,0.9443830251693726,0.1045654296875,-0.4502147652208805,0.0003,0.011097939,5600,-0.003319612496125046,0.09636640548706055,0.36207580883055923,0.4170978367328644
2542,27.403322290000002,905,2301952,269.75,562,0.2,0.938143253326416,0.081103515625,-0.44333295412361623,0.0003,0.008822451,5610,-0.0037447808106662707,0.23688025772571564,0.8492509080097079,0.41654181480407715
2544,26.412580209999998,906,2306048,264.95,563,0.2,0.9399639964103699,0.067626953125,-0.4378200855106115,0.0003,0.011955475,5620,-0.00423393430392025,0.17620624601840973,0.6894527118653059,0.41680264472961426
2546,27.845924480000004,907,2310144,273.51,564,0.2,0.9610094428062439,0.1397705078125,-0.4437617760151625,0.0003,0.011707455,5630,-0.0008243584597948939,0.16170263290405273,0.44676843993365767,0.4166145324707031
2548,27.909023789999996,908,2314240,272.8,565,0.2,0.9778197407722473,0.0683837890625,-0.4542866345494986,0.0003,0.01273893,5640,-0.005883288104087114,0.054248958826065063,0.15094699263572692,0.42173516750335693
2550,28.49665183,908,2318336,272.37,566,0.2,0.9661880731582642,0.129052734375,-0.4577797055244446,0.0003,0.012046782,5650,0.0002651973656611517,0.07649672031402588,0.25181966461241245,0.42293983697891235
2552,28.29423697,909,2322432,270.3,567,0.2,0.9669716358184814,0.1142578125,-0.4566860906779766,0.0003,0.006450759,5660,-0.0017674086411716416,0.0430062972009182,0.13996630441397429,0.4241839349269867
2554,28.247743220000004,910,2326528,268.55,568,0.2,0.9741774797439575,0.1255859375,-0.46018668115139005,0.0003,0.027869329,5670,-0.002154240119853057,0.059151045978069305,0.18757443400099874,0.4273461103439331
2557,27.564347150000003,911,2330624,262.84,569,0.2,0.9639137983322144,0.0954833984375,-0.46143717840313914,0.0003,0.0071760165,5680,-0.0016292370608425699,0.37512269616127014,0.4274103222414851,0.4270286560058594
2559,26.353904320000005,912,2334720,254.07,570,0.2,0.9651676416397095,0.109521484375,-0.4552742399275303,0.0003,0.008674153,5690,-0.00472329058102332,0.08632989227771759,0.3211419342085719,0.42667102813720703
2561,26.401142529999998,913,2338816,252.81,571,0.2,0.9841423034667969,0.099853515625,-0.4623299464583397,0.0003,0.009935502,5700,-0.00570822979498189,0.05182530730962753,0.27547322288155557,0.42928415536880493
2563,24.714043819999997,913,2342912,251.37,572,0.2,0.9678856730461121,0.0863037109375,-0.469104291126132,0.0003,0.009891927,5710,-0.008768731294549071,0.13310840725898743,0.4639886382967234,0.426172137260437
2565,24.53671127,914,2347008,245.84,573,0.2,0.9400966167449951,0.0565673828125,-0.46790864393115045,0.0003,0.008295925,5720,-0.006143433054967317,0.14281591773033142,0.6212482189759612,0.4297120273113251
2567,24.979475550000004,915,2351104,245.68,574,0.2,0.9479342699050903,0.0721435546875,-0.4754996314644814,0.0003,0.0063854554,5730,-0.003527529961138498,0.04595419764518738,0.16600592294707894,0.4278767704963684
2569,25.717264430000004,916,2355200,249.94,575,0.2,0.9561354517936707,0.0837890625,-0.46323374286293983,0.0003,0.015500439,5740,-0.005255565739935264,0.09710448980331421,0.38633490577340124,0.423974871635437
2572,26.245519879999996,917,2359296,251.49,576,0.2,0.9783477187156677,0.1164306640625,-0.4576496485620737,0.0003,0.009670714,5750,-0.0029087102448102087,0.027543682605028152,0.1287671157158911,0.42481529712677
2574,26.6423918,918,2363392,252.37,577,0.2,0.910659909248352,0.1024658203125,-0.4599714294075966,0.0003,0.009301294,5760,-0.006030751048820093,0.23449738323688507,0.9594773076474666,0.4270205795764923
2576,27.886322539999995,918,2367488,254.98,578,0.2,0.9520453810691833,0.10869140625,-0.46381341218948363,0.0003,0.013024371,5770,-0.007156557295820676,0.06433450430631638,0.1846768906340003,0.4287536144256592
2578,27.486168190000008,919,2371584,255.6,579,0.2,0.8939955830574036,0.073486328125,-0.4653426747769117,0.0003,0.006131945,5780,-0.003150746671599336,0.0872933566570282,0.5194743605330586,0.432025283575058
2580,28.24331145,920,2375680,258.13,580,0.2,0.9552968144416809,0.0921875,-0.4683408454060555,0.0003,0.012331756,5790,-0.0025353025761432947,0.0718124583363533,0.23472393546253442,0.43306711316108704
2582,27.7857336,921,2379776,256.92,581,0.2,0.9355225563049316,0.095166015625,-0.4633772917091846,0.0003,0.025657915,5800,-0.0013979263312648982,0.11258471757173538,0.34301900267601015,0.43412721157073975
2584,27.10744121,922,2383872,256.45,582,0.2,0.9574238657951355,0.0662353515625,-0.4604176551103592,0.0003,0.008316431,5810,-0.005327632479020394,0.13619747757911682,0.3661076048389077,0.43490147590637207
2586,28.131594340000007,923,2387968,260.23,583,0.2,0.9550474882125854,0.103955078125,-0.4606488712131977,0.0003,0.015491556,5820,-0.004353467666078359,0.04365230351686478,0.31712506329640744,0.43753984570503235
2588,26.701722889999996,923,2392064,256.47,584,0.2,0.9727365970611572,0.1169921875,-0.46313870437443255,0.0003,0.010444008,5830,-0.004341078925062902,0.031769949942827225,0.17840563766658307,0.4377020299434662
2590,26.10284191,924,2396160,251.96,585,0.2,0.9739300012588501,0.098779296875,-0.45775170587003233,0.0003,0.010284975,5840,-0.005430854541191366,0.09047520905733109,0.44077790305018427,0.4391646981239319
2545,26.35358048,942,2400256,255.94,586,0.2,0.9266797304153442,0.089990234375,-0.4566361203789711,0.0003,0.009907672,5850,-0.005915407271822914,0.23884738981723785,0.842719055339694,0.4380479156970978
2547,26.02468445,943,2404352,257.08,587,0.2,0.9550796151161194,0.0943115234375,-0.45531041026115415,0.0003,0.0062846215,5860,-0.003914820469799451,0.07807230204343796,0.3418853797018528,0.43790847063064575
2549,25.047572340000002,944,2408448,251.91,588,0.2,0.9484028220176697,0.146337890625,-0.4543181098997593,0.0003,0.013207959,5870,-0.0030841653264360503,0.13091517984867096,0.4292808620259166,0.43828722834587097
2551,25.512644499999997,945,2412544,252.93,589,0.2,0.9289481043815613,0.061279296875,-0.45105873346328734,0.0003,0.006451256,5880,-0.0046173512149835,0.31987693905830383,0.9996732924133539,0.4383711814880371
2553,25.407189629999998,946,2416640,252.88,590,0.2,0.9013725519180298,0.0927001953125,-0.45193509198725224,0.0003,0.01245385,5890,-0.008358462326577864,0.06505636125802994,0.5395034370943904,0.4407142400741577
2555,26.00922648,947,2420736,255.93,591,0.2,0.9600459337234497,0.0892822265625,-0.4632645469158888,0.0003,0.0064880983,5900,-0.00468224918586202,0.10346660763025284,0.37288682349026203,0.44588613510131836
2557,26.243867389999995,948,2424832,251.93,592,0.2,0.9695233702659607,0.0657470703125,-0.47495594024658205,0.0003,0.005710353,5910,-0.006171088127302937,0.04547573998570442,0.2276179077103734,0.44707030057907104
2559,25.044149250000004,948,2428928,249.6,593,0.2,0.9690721035003662,0.106689453125,-0.48080729618668555,0.0003,0.0100109875,5920,-0.007637183663609904,0.08329983800649643,0.28502775002270936,0.4508075416088104
2561,24.751391490000007,949,2433024,248.49,594,0.2,0.9378742575645447,0.08671875,-0.48354981392621993,0.0003,0.01162572,5930,-0.0033665798560832626,0.320139616727829,1.043775911256671,0.4495542347431183
2563,24.284126889999996,950,2437120,241.29,595,0.2,0.9637278318405151,0.0804931640625,-0.47594654858112334,0.0003,0.008312568,5940,-0.004569353294209577,0.16667519509792328,0.6198610920459032,0.4481453597545624
2565,24.548724919999998,951,2441216,241.05,596,0.2,0.9712303876876831,0.11240234375,-0.466259840503335,0.0003,0.011458553,5950,-0.0032461317867273467,0.09126822650432587,0.3140983279794455,0.4485029876232147
2567,24.173033030000003,952,2445312,238.96,597,0.2,0.9769402146339417,0.0686279296875,-0.4651174370199442,0.0003,0.011543648,5960,-0.006586715235607698,0.0919375792145729,0.2883856208994985,0.45131799578666687
2569,22.899051130000004,953,2449408,240.97,598,0.2,0.9604383707046509,0.1138916015625,-0.47011838778853415,0.0003,0.009877218,5970,-0.0029906769195804372,0.25203797221183777,0.5527669757604599,0.45460018515586853
2571,23.40923969,954,2453504,237.62,599,0.2,0.975591778755188,0.081396484375,-0.4766898829489946,0.0003,0.012910297,5980,-0.005996254796627909,0.09550195187330246,0.3993238426744938,0.45746394991874695
2573,24.999850159999998,954,2457600,243.94,600,0.2,0.9798015356063843,0.152490234375,-0.48309620656073093,0.0003,0.014047381,5990,-0.0016150066570844502,0.0971645638346672,0.383229735866189,0.45950910449028015
2575,24.56522983,955,2461696,252.16,601,0.2,0.9372578263282776,0.09287109375,-0.4830082431435585,0.0003,0.010972815,6000,-0.007461013736610766,0.07812508940696716,0.4897991564124823,0.458845317363739
2577,25.272549610000002,956,2465792,255.0,602,0.2,0.9411095976829529,0.149951171875,-0.48176009953022003,0.0003,0.024878006,6010,-0.00355962359753903,0.17367665469646454,0.5893167641013861,0.45854607224464417
2579,26.56356526,957,2469888,259.86,603,0.2,0.9717803001403809,0.08017578125,-0.4800091631710529,0.0003,0.006849962,6020,-0.0030614363495260477,0.08633044362068176,0.3121813191100955,0.458362877368927
2581,26.494742929999997,958,2473984,260.46,604,0.2,0.986031711101532,0.133203125,-0.47627827860414984,0.0003,0.0148006715,6030,-0.0015262495551723986,0.05785362049937248,0.09059417666867375,0.4576474130153656
2583,28.03518443,959,2478080,263.25,605,0.2,0.9762032628059387,0.083349609375,-0.4786573965102434,0.0003,0.0077558993,6040,-0.004581703542498872,0.10622507333755493,0.33631541542708876,0.46058031916618347
2585,27.066393220000005,959,2482176,257.61,606,0.2,0.9617899060249329,0.1076171875,-0.488872266933322,0.0003,0.010139077,6050,-0.0027813423424959184,0.07562989741563797,0.2432042496278882,0.4617866277694702
2587,27.365998410000007,960,2486272,255.36,607,0.2,0.9705659747123718,0.1498291015625,-0.48455322831869124,0.0003,0.028813114,6060,-0.00041204598674084993,0.23053471744060516,0.6852798227220773,0.46373531222343445
2589,26.324200949999998,961,2490368,251.01,608,0.2,0.9560719728469849,0.083056640625,-0.4863386906683445,0.0003,0.0068939566,6070,-0.002470809136866592,0.09238296747207642,0.4516736505553126,0.4631008207798004
2591,25.447681700000004,962,2494464,247.41,609,0.2,0.933868944644928,0.1157470703125,-0.4878562416881323,0.0003,0.011263859,6080,-0.002960434588021599,0.440619558095932,0.8967155106365681,0.4665969908237457
2593,25.58768125,963,2498560,250.5,610,0.2,0.9540839791297913,0.1040283203125,-0.49450494050979615,0.0003,0.010286767,6090,-0.005872981448192149,0.13508912920951843,0.4354928029701114,0.4652949273586273
2548,24.681284760000004,981,2502656,251.83,611,0.2,0.9743063449859619,0.1092041015625,-0.488857363909483,0.0003,0.009404659,6100,-0.0035667250689584763,0.13673678040504456,0.4367337694391608,0.4665030837059021
2550,23.868865160000006,982,2506752,253.68,612,0.2,0.9636807441711426,0.11494140625,-0.4899131454527378,0.0003,0.012048743,6110,-0.003795302245998755,0.18498803675174713,0.6242953792214394,0.4691525101661682
2552,23.36726051,983,2510848,252.46,613,0.2,0.9734763503074646,0.0752197265625,-0.49892417155206203,0.0003,0.0073830765,6120,-0.005337153701111675,0.1266000121831894,0.49704893939197065,0.47306710481643677
2554,23.75179178000001,984,2514944,250.71,614,0.2,0.9662555456161499,0.0988037109375,-0.5048732571303844,0.0003,0.009287741,6130,-0.00793226578971371,0.06634169816970825,0.3612623235210776,0.474519282579422
2556,24.599074290000004,985,2519040,250.49,615,0.2,0.9831048250198364,0.0954345703125,-0.49446036852896214,0.0003,0.008812934,6140,-0.005497683951398357,0.09094296395778656,0.22651280807331203,0.46969059109687805
2558,24.981446929999997,986,2523136,249.07,616,0.2,0.9588108062744141,0.117822265625,-0.47424422539770605,0.0003,0.010870434,6150,-0.00244653040645062,0.08057890832424164,0.22805218435823918,0.4650512933731079
2560,26.946144979999996,986,2527232,255.1,617,0.2,0.9651306867599487,0.1265380859375,-0.47446198500692843,0.0003,0.0133850295,6160,-0.0060023604077287015,0.09826413542032242,0.3363714611157775,0.4672803580760956
2562,27.660530839999996,987,2531328,254.18,618,0.2,0.9265684485435486,0.106494140625,-0.4815911799669266,0.0003,0.009369834,6170,-0.004419935884652659,0.12659375369548798,0.39714102558791636,0.46674561500549316
2564,27.669411110000002,988,2535424,253.2,619,0.2,0.9783863425254822,0.1143310546875,-0.4779174838215113,0.0003,0.011881304,6180,-0.005509464285569266,0.09347915649414062,0.32912760600447655,0.46493837237358093
2566,27.560021249999995,989,2539520,256.6,620,0.2,0.9624184370040894,0.055322265625,-0.47159740403294564,0.0003,0.0057528056,6190,-0.003534011953161098,0.12511810660362244,0.4571752371266484,0.46275845170021057
2568,27.830927969999998,990,2543616,258.55,621,0.2,0.8545042276382446,0.09462890625,-0.46415465474128725,0.0003,0.008422956,6200,-0.0034110371314454825,0.16060370206832886,0.9612937565892935,0.4615245759487152
2570,27.85347194,991,2547712,262.02,622,0.2,0.9549254775047302,0.097119140625,-0.46699619963765143,0.0003,0.009759449,6210,-0.004644184795324691,0.07166993618011475,0.2634642692282796,0.4620787799358368
2572,25.750210790000004,991,2551808,255.18,623,0.2,0.9415866136550903,0.074365234375,-0.4704890578985214,0.0003,0.008735235,6220,-0.004678098551812582,0.13264767825603485,0.47708619609475134,0.4615572988986969
2574,24.85126931,992,2555904,253.14,624,0.2,0.9607093334197998,0.0918701171875,-0.47148115150630476,0.0003,0.007580203,6230,-0.0073527986191038504,0.152694970369339,0.6103412641212345,0.46285325288772583
2576,25.36795661,993,2560000,251.43,625,0.2,0.9456260800361633,0.0803955078125,-0.46890163570642474,0.0003,0.007416857,6240,-0.004491432750364765,0.15181000530719757,0.6422072723507881,0.4618874490261078
2578,23.80821301,994,2564096,240.96,626,0.2,0.9577766060829163,0.0614501953125,-0.4687695484608412,0.0003,0.009975932,6250,-0.0035515478753950446,0.15461969375610352,0.4833365408703685,0.4611958861351013
2580,22.294839009999997,995,2568192,234.08,627,0.2,0.9796056747436523,0.0998291015625,-0.46659113802015784,0.0003,0.012657013,6260,-0.003288007536320947,0.10569798946380615,0.3781485533341765,0.45997121930122375
2581,21.68675911999999,996,2572288,228.21,628,0.2,0.9558334350585938,0.0772216796875,-0.463390177115798,0.0003,0.007946678,6270,-0.006727172262617387,0.14688020944595337,0.6365512330085039,0.4643024802207947
2583,23.049330060000003,997,2576384,233.18,629,0.2,0.9677088856697083,0.074609375,-0.469147789105773,0.0003,0.014791818,6280,-0.005447545131028164,0.21560770273208618,0.6555527292191983,0.4645545780658722
2585,21.560189949999998,997,2580480,228.82,630,0.2,0.9180043339729309,0.082470703125,-0.47091514989733696,0.0003,0.008600932,6290,-0.0036072551301913336,0.3107239305973053,0.922216572239995,0.4661152958869934
2587,21.883575410000002,998,2584576,232.16,631,0.2,0.946877121925354,0.0853759765625,-0.4713029317557812,0.0003,0.007550805,6300,-0.007151331270870287,0.27785974740982056,1.0988548964262008,0.4682714343070984
2589,21.74912138,999,2588672,227.79,632,0.2,0.975142240524292,0.0709716796875,-0.47494828812777995,0.0003,0.007619785,6310,-0.004435759180341847,0.1294720619916916,0.3718101462349296,0.46853920817375183
2591,22.649066079999997,1000,2592768,231.21,633,0.2,0.9320686459541321,0.0856201171875,-0.47512063644826413,0.0003,0.009777487,6320,-0.0044031377387000244,0.24776405096054077,0.9636369228363038,0.46939846873283386
2593,23.01396578,1001,2596864,237.63,634,0.2,0.9391664862632751,0.078955078125,-0.47734648920595646,0.0003,0.01034131,6330,-0.0050625107396626845,0.22565454244613647,0.8361746095120907,0.46894484758377075
2550,23.608085650000003,1019,2600960,232.16,635,0.2,0.9241457581520081,0.105322265625,-0.4721252851188183,0.0003,0.011257337,6340,-0.0019177795795258135,0.45282483100891113,1.2843364790081977,0.47119656205177307
2552,25.247621010000003,1020,2605056,239.07,636,0.2,0.9717850089073181,0.08935546875,-0.46226461976766586,0.0003,0.011434654,6350,-0.006755063594027888,0.059891000390052795,0.22695335652679205,0.4674755930900574
2554,24.45214295,1021,2609152,244.54,637,0.2,0.9690556526184082,0.1242431640625,-0.4416028056293726,0.0003,0.028155288,6360,0.0012233829242177308,0.13427671790122986,0.46082078516483305,0.46433377265930176
2556,25.89761583,1022,2613248,250.68,638,0.2,0.9418761134147644,0.1010498046875,-0.431158272176981,0.0003,0.014348611,6370,-0.004142701052478515,0.20016831159591675,0.7029850877821445,0.46502745151519775
2558,27.25958441,1023,2617344,256.9,639,0.2,0.9525964856147766,0.0979736328125,-0.42210846580564976,0.0003,0.013449559,6380,-0.002234827016945928,0.04986804723739624,0.18371631242334843,0.4620981812477112
2559,27.595974190000003,1024,2621440,251.09,640,0.2,0.9824817776679993,0.1156982421875,-0.40759840719401835,0.0003,0.00964863,6390,-0.0023583413203596137,0.03166229650378227,0.10746708079241216,0.46401309967041016
2561,28.20696232,1024,2625536,257.11,641,0.2,0.978841245174408,0.1149169921875,-0.40597487464547155,0.0003,0.007432835,6400,-0.0021460425399709494,0.025924284011125565,0.09763023843988776,0.46630820631980896
2563,27.668389899999998,1025,2629632,255.18,642,0.2,0.9668209552764893,0.1178466796875,-0.40917644649744034,0.0003,0.008464318,6410,-0.004605415553669445,0.07151384651660919,0.3839122328907251,0.47160804271698
2565,28.892364150000002,1026,2633728,250.4,643,0.2,0.9334506988525391,0.074755859375,-0.42346717305481435,0.0003,0.009281879,6420,-0.00410175697033992,0.13159966468811035,0.844099897146225,0.473879873752594
2567,27.556291559999995,1027,2637824,248.7,644,0.2,0.9743170142173767,0.137744140625,-0.4370212748646736,0.0003,0.010736425,6430,-0.003560605927486904,0.04585476964712143,0.16530089657753705,0.476974755525589
2569,26.75464091,1028,2641920,242.75,645,0.2,0.9272090792655945,0.094580078125,-0.4462740860879421,0.0003,0.007271434,6440,-0.0026872378257394303,0.17265255749225616,0.7800150275230407,0.4803871810436249
2571,27.13230362,1029,2646016,247.58,646,0.2,0.9744865298271179,0.0983154296875,-0.4529501121491194,0.0003,0.018273141,6450,-0.005251291790045798,0.09248344600200653,0.28614753279834987,0.48004215955734253
2573,25.92725579,1029,2650112,242.95,647,0.2,0.9758014678955078,0.1267578125,-0.4579466115683317,0.0003,0.0162545,6460,-0.0038360554637620224,0.049402669072151184,0.19484059968963266,0.48341238498687744
2575,27.22457883,1030,2654208,253.66,648,0.2,0.9281476140022278,0.10478515625,-0.47390981689095496,0.0003,0.0046419464,6470,-0.0018885418598074467,0.27483105659484863,0.6904632303863764,0.484799325466156
2576,26.2223018,1031,2658304,252.1,649,0.2,0.9652737975120544,0.1084228515625,-0.4808621309697628,0.0003,0.014549565,6480,-0.0016151820193044842,0.06865209341049194,0.34702441580593585,0.49110352993011475
2578,26.55756328,1032,2662400,254.58,650,0.2,0.9703619480133057,0.1170166015625,-0.4944688580930233,0.0003,0.01962765,6490,-0.003731943931779824,0.12876993417739868,0.5352541089057923,0.49551212787628174
2580,26.02010957,1033,2666496,254.24,651,0.2,0.976219117641449,0.0900634765625,-0.4968539524823427,0.0003,0.010024219,6500,-0.005448685243027285,0.0947728157043457,0.33017920423299074,0.49144256114959717
2582,25.394124630000007,1034,2670592,257.64,652,0.2,0.9827128648757935,0.082861328125,-0.488517876714468,0.0003,0.015351718,6510,-0.005168500239960849,0.0666874498128891,0.24463213849812745,0.49254110455513
2584,25.629600059999998,1034,2674688,258.72,653,0.2,0.9669569134712219,0.067041015625,-0.4880689173936844,0.0003,0.0057410197,6520,-0.003246605405001901,0.0987575501203537,0.43138805087655785,0.49249178171157837
2586,25.07734752,1035,2678784,247.13,654,0.2,0.9593252539634705,0.0873291015625,-0.48572299666702745,0.0003,0.007024474,6530,-0.003098395888810046,0.0982108861207962,0.5229847287759185,0.49230724573135376
2588,24.788315410000006,1036,2682880,249.77,655,0.2,0.9647328853607178,0.097607421875,-0.48662665523588655,0.0003,0.014030073,6540,-0.004567084787413478,0.07515288889408112,0.26241835243999956,0.4918704628944397
2589,23.41708239,1037,2686976,243.03,656,0.2,0.975244402885437,0.137255859375,-0.48848662003874777,0.0003,0.014149038,6550,-0.003313912480371073,0.15284407138824463,0.5337651528418064,0.48996585607528687
2591,24.338220720000002,1038,2691072,247.49,657,0.2,0.9416401982307434,0.0971435546875,-0.48401472605764867,0.0003,0.008122523,6560,-0.0026216371159534903,0.3420720100402832,1.1811040461063385,0.48954328894615173
2593,22.428749229999998,1039,2695168,240.66,658,0.2,0.9862646460533142,0.0853515625,-0.47596330717206004,0.0003,0.022830848,6570,-0.0042409101646626365,0.044774871319532394,0.16888953652232885,0.4914826452732086
2595,21.58278364,1040,2699264,241.75,659,0.2,0.970000684261322,0.1389892578125,-0.47442632988095285,0.0003,0.008273978,6580,-0.0013716759043745697,0.18947051465511322,0.680016727745533,0.4949404299259186
2554,20.732546620000004,1058,2703360,243.07,660,0.2,0.9606549143791199,0.077294921875,-0.480052537471056,0.0003,0.006065544,6590,-0.0035797454213025047,0.30269667506217957,1.010543368011713,0.49290239810943604
2555,21.673661789999997,1059,2707456,241.76,661,0.2,0.9815970659255981,0.09326171875,-0.48130892775952816,0.0003,0.004899421,6600,-0.0025251084138290026,0.09930451959371567,0.4202773394063115,0.49270257353782654
2557,23.65034981,1060,2711552,245.75,662,0.2,0.9565669298171997,0.1403076171875,-0.4793233796954155,0.0003,0.008950738,6610,-0.0014118227350991218,0.08099907636642456,0.23903758358210325,0.4901403784751892
2559,22.551975839999997,1061,2715648,243.93,663,0.2,0.9638702869415283,0.0918701171875,-0.48070287220180036,0.0003,0.011797378,6620,-0.007311326626222581,0.12369711697101593,0.4004141096025705,0.49047595262527466
2561,25.159474180000004,1061,2719744,253.85,664,0.2,0.9855840802192688,0.1056396484375,-0.4814548324793577,0.0003,0.017621297,6630,-0.003164880735857878,0.11806464940309525,0.3557398483157158,0.4912013113498688
2563,26.264843520000003,1062,2723840,251.79,665,0.2,0.9895443320274353,0.0694580078125,-0.47375272698700427,0.0003,0.011732147,6640,-0.006909640732919798,0.030830789357423782,0.13438360737636684,0.4895412027835846
2564,26.169425460000003,1063,2727936,255.87,666,0.2,0.9788984656333923,0.098486328125,-0.46897105053067206,0.0003,0.0123292,6650,-0.007498029264388606,0.1330082267522812,0.41451466400176284,0.48792433738708496
2566,26.640736380000007,1064,2732032,260.89,667,0.2,0.9385189414024353,0.12705078125,-0.4647536899894476,0.0003,0.0068646446,6660,-0.003166458697523922,0.753183126449585,1.2720503468066453,0.48783838748931885
2568,25.478251680000003,1065,2736128,259.77,668,0.2,0.9592547416687012,0.10927734375,-0.46456303223967554,0.0003,0.01085095,6670,-0.0037880444113397973,0.13313472270965576,0.32143437433987854,0.4868367910385132
2570,25.093069380000006,1066,2740224,264.31,669,0.2,0.9340543150901794,0.0910400390625,-0.46547372415661814,0.0003,0.011043592,6680,-0.004806270473636687,0.2968084514141083,1.0545815967023373,0.4894252121448517
2571,24.65186505,1067,2744320,252.03,670,0.2,0.9435601830482483,0.0701416015625,-0.4680907804518938,0.0003,0.007676599,6690,-0.0035140596941346303,0.13180875778198242,0.7293192550539971,0.4917702078819275
2573,25.100591879999996,1067,2748416,251.22,671,0.2,0.9748512506484985,0.0831787109375,-0.4701048020273447,0.0003,0.010397889,6700,-0.00429740094114095,0.04956863820552826,0.2652390204370022,0.4945877194404602
2575,25.32724142,1068,2752512,246.05,672,0.2,0.9834496974945068,0.0908935546875,-0.4751691836863756,0.0003,0.014477036,6710,-0.002846044044417795,0.07417510449886322,0.24855265067890286,0.49850982427597046
2577,23.848758070000002,1069,2756608,237.39,673,0.2,0.956273078918457,0.067919921875,-0.47696178294718267,0.0003,0.00831449,6720,-0.003184176012291573,0.14810076355934143,0.7166206642985344,0.4973485469818115
2578,24.861947240000003,1070,2760704,237.17,674,0.2,0.9660483598709106,0.109912109375,-0.47865579947829245,0.0003,0.017654788,6730,-0.005023423595412168,0.1284637302160263,0.4296180412173271,0.49806785583496094
2580,25.10341488,1071,2764800,235.97,675,0.2,0.8234990239143372,0.112744140625,-0.48538815341889857,0.0003,0.009356732,6740,-0.002002968912711367,0.15592755377292633,1.3980241429060698,0.5005900859832764
2582,23.63520926,1072,2768896,238.2,676,0.2,0.971010148525238,0.1683349609375,-0.48994008637964725,0.0003,0.016805325,6750,-0.005292759754229337,0.05559421330690384,0.264854795858264,0.49962031841278076
2584,24.61943858,1073,2772992,242.96,677,0.2,0.9724040031433105,0.07255859375,-0.48769929371774196,0.0003,0.009823265,6760,-0.004629793434287421,0.25106728076934814,0.749844416230917,0.4991614520549774
2585,25.0814966,1073,2777088,242.86,678,0.2,0.9499112963676453,0.0773193359375,-0.486335638910532,0.0003,0.010963978,6770,-0.005408709903713315,0.07911328971385956,0.32712376937270166,0.4993745684623718
2587,26.678868690000005,1074,2781184,249.77,679,0.2,0.9646396636962891,0.121240234375,-0.49236777871847154,0.0003,0.013930406,6780,-0.003992058950825594,0.1814696043729782,0.4257095528766513,0.499695360660553
2589,25.005837160000002,1075,2785280,245.48,680,0.2,0.9687740206718445,0.10205078125,-0.4970101822167635,0.0003,0.009546898,6790,-0.0006860855355625972,0.061411116272211075,0.20553410481661558,0.5023438334465027
2591,24.549894900000005,1076,2789376,249.1,681,0.2,0.9808849096298218,0.1021484375,-0.4954445742070675,0.0003,0.010632353,6800,-0.005870542547199875,0.09238691627979279,0.39481217358261345,0.49983537197113037
2593,26.65466393,1077,2793472,252.67,682,0.2,0.9741559028625488,0.08271484375,-0.4993533305823803,0.0003,0.010646585,6810,-0.004933206523128319,0.11297332495450974,0.3865111254155636,0.5017239451408386
2594,24.021634930000005,1078,2797568,242.01,683,0.2,0.9622832536697388,0.13056640625,-0.49809955060482025,0.0003,0.011877334,6820,-0.000793390700710006,0.09841861575841904,0.412071193382144,0.49817872047424316
2555,22.601522179999996,1096,2801664,240.75,684,0.2,0.963126003742218,0.15732421875,-0.49675125889480115,0.0003,0.012388196,6830,-0.0012684194472967647,0.31086599826812744,0.8386554349213838,0.49753710627555847
2556,21.76256954,1097,2805760,235.8,685,0.2,0.9531877636909485,0.071435546875,-0.5004698403179646,0.0003,0.009718215,6840,-0.0035421779204625635,0.34135115146636963,1.0420359306037426,0.4965899884700775
2558,23.4027122,1098,2809856,241.35,686,0.2,0.9591315984725952,0.1265869140625,-0.5006608348339796,0.0003,0.008574227,6850,-0.0016603617608780042,0.08407491445541382,0.3594268076121807,0.4966225326061249
2560,22.204537430000006,1098,2813952,235.8,687,0.2,0.9848249554634094,0.0774169921875,-0.49781129583716394,0.0003,0.009540036,6860,-0.0016789271961897612,0.09939112514257431,0.29684058353304865,0.49969106912612915
2562,21.867351279999998,1099,2818048,235.3,688,0.2,0.9755361676216125,0.0973388671875,-0.5018466457724571,0.0003,0.014026584,6870,0.0007552694907644764,0.19849570095539093,0.5153475284576416,0.500415563583374
2563,22.977397290000003,1100,2822144,238.15,689,0.2,0.9884098768234253,0.132666015625,-0.4997218407690525,0.0003,0.021774638,6880,-0.0045437323540681975,0.07485448569059372,0.20133913084864616,0.503812849521637
2565,24.066392739999998,1101,2826240,242.84,690,0.2,0.9653061032295227,0.076611328125,-0.5012845084071159,0.0003,0.011789065,6890,-0.004447122220881283,0.24052712321281433,0.7713164027780295,0.506165087223053
2567,23.15995997,1102,2830336,244.62,691,0.2,0.9544470310211182,0.071826171875,-0.5004280768334866,0.0003,0.006346795,6900,-0.003843960374069866,0.08732332289218903,0.4661672979593277,0.5032127499580383
2569,23.8329277,1103,2834432,249.4,692,0.2,0.9684467911720276,0.075390625,-0.49431983157992365,0.0003,0.0088954605,6910,-0.005246236539096572,0.1466662734746933,0.6232158526778221,0.5008750557899475
2570,23.34232563,1104,2838528,246.97,693,0.2,0.9629117846488953,0.1102783203125,-0.48718093410134317,0.0003,0.008658869,6920,-0.0017381031560944394,0.08468516170978546,0.3427295947447419,0.496171772480011
2572,23.621783870000005,1104,2842624,245.97,694,0.2,0.9735044836997986,0.0962890625,-0.47754975520074366,0.0003,0.012036386,6930,-0.0040357040270464495,0.2144058495759964,0.671203850582242,0.49269095063209534
2574,25.052450449999995,1105,2846720,254.06,695,0.2,0.9638620018959045,0.0697509765625,-0.4742136124521494,0.0003,0.009738855,6940,-0.0037237286145682448,0.06334111094474792,0.2822908526286483,0.4930744767189026
2576,25.17368285,1106,2850816,249.27,696,0.2,0.8678974509239197,0.1062255859375,-0.47504402734339235,0.0003,0.028659537,6950,0.0008817752976028714,0.41324156522750854,1.357629245147109,0.49638527631759644
2577,25.510378919999997,1107,2854912,243.77,697,0.2,0.9541254043579102,0.1221923828125,-0.4762414496392012,0.0003,0.006210731,6960,-5.506897578015924e-05,0.10061687231063843,0.4856003960594535,0.49674907326698303
2579,24.55387928,1108,2859008,241.6,698,0.2,0.979719340801239,0.0955810546875,-0.46998359225690367,0.0003,0.007266472,6970,-0.004836923789116554,0.0950763002038002,0.3121992161497474,0.49778661131858826
2581,25.43654708,1109,2863104,248.38,699,0.2,0.9594226479530334,0.0799560546875,-0.4558877032250166,0.0003,0.0077497605,6980,-0.004303726556827314,0.08349118381738663,0.4758810602128506,0.48943111300468445
2582,26.77747863,1110,2867200,254.87,700,0.2,0.9783493876457214,0.0986572265625,-0.4412116102874279,0.0003,0.010670878,6990,-0.005769606452668085,0.10117878019809723,0.2949942724779248,0.48725584149360657
2584,25.9981436,1110,2871296,247.14,701,0.2,0.9493534564971924,0.0994140625,-0.43779218979179857,0.0003,0.009028016,7000,-0.00574526465497911,0.09404471516609192,0.38506773859262466,0.4884384870529175
2586,26.017319020000006,1111,2875392,248.58,702,0.2,0.9253745079040527,0.0746337890625,-0.4376326557248831,0.0003,0.0068134908,7010,-0.004749376807012595,0.5605106949806213,0.9820792738348245,0.491702675819397
2587,25.39365189,1112,2879488,253.56,703,0.2,0.9802901148796082,0.146142578125,-0.44877185449004175,0.0003,0.023041015,7020,-0.0011091194959590212,0.10418101400136948,0.3440353091806173,0.49536609649658203
2589,23.74136716,1113,2883584,242.45,704,0.2,0.9562116265296936,0.088818359375,-0.45127853378653526,0.0003,0.007275204,7030,-0.001849112199852243,0.1223786473274231,0.6892030663788319,0.4944263994693756
2591,23.32655272,1114,2887680,234.6,705,0.2,0.9206257462501526,0.0945068359375,-0.4446257185190916,0.0003,0.005180283,7040,-0.0021930347982561217,0.3143269419670105,1.4604756012558937,0.4948278069496155
2593,22.764285089999998,1115,2891776,234.96,706,0.2,0.9248857498168945,0.1124267578125,-0.45068483203649523,0.0003,0.017190292,7050,-0.005231071268644883,0.24091432988643646,0.7494190752506256,0.49744167923927307
2594,23.30909815,1116,2895872,240.27,707,0.2,0.9127945899963379,0.0760986328125,-0.4480522658675909,0.0003,0.0077518383,7060,-0.003492256309255026,0.45536908507347107,1.3899495035409928,0.4932784140110016
2596,24.4528369,1116,2899968,241.22,708,0.2,0.9395155906677246,0.1151611328125,-0.4381503537297249,0.0003,0.012043225,7070,-0.004408573091495782,0.12398876249790192,0.5970638517290354,0.49616920948028564
2556,23.197857220000007,1136,2904064,240.68,709,0.2,0.9735042452812195,0.1157470703125,-0.44516289718449115,0.0003,0.014730142,7080,-0.0040653987292898815,0.1304713636636734,0.46984736789017917,0.49814078211784363
2557,24.533879650000003,1136,2908160,247.04,710,0.2,0.9544406533241272,0.0807861328125,-0.45294749103486537,0.0003,0.008698279,7090,-0.0025682205596240237,0.29027360677719116,0.9862470153719187,0.5016456246376038
2559,26.565293429999997,1137,2912256,254.51,711,0.2,0.950370728969574,0.0737060546875,-0.46054731160402296,0.0003,0.01033987,7100,-0.0023013892816379665,0.12276234477758408,0.4460314543917775,0.5040080547332764
2561,26.82237685,1138,2916352,252.61,712,0.2,0.9633041620254517,0.1075927734375,-0.464360323920846,0.0003,0.009635764,7110,-0.0010940638385363854,0.05725177377462387,0.15088935242965817,0.5058558583259583
2562,26.81866268,1139,2920448,253.94,713,0.2,0.9358610510826111,0.131201171875,-0.46177310757339,0.0003,0.0147326505,7120,-0.0012919562548631802,0.2990758717060089,0.6866980507969856,0.5083330869674683
2564,26.713496140000007,1140,2924544,254.13,714,0.2,0.9829466938972473,0.0820068359375,-0.46105083376169204,0.0003,0.0087193735,7130,-0.002175767699372955,0.08846181631088257,0.3274896701797843,0.5076134204864502
2566,28.81249658,1141,2928640,259.59,715,0.2,0.9510574340820312,0.089013671875,-0.4573332291096449,0.0003,0.00862523,7140,-0.002290358429308981,0.14976686239242554,0.41597331799566745,0.5098593831062317
2567,28.601698049999996,1142,2932736,260.23,716,0.2,0.9868806600570679,0.174658203125,-0.454471492767334,0.0003,0.014387635,7150,-0.0024070583924185483,0.034973207861185074,0.12175409691408276,0.5083959698677063
2569,27.980190309999998,1142,2936832,267.86,717,0.2,0.9333200454711914,0.0927490234375,-0.4595543831586838,0.0003,0.008535195,7160,-0.0022422999871196227,0.3211090862751007,1.073081136867404,0.5137249231338501
2571,26.870050040000002,1143,2940928,262.39,718,0.2,0.9825121760368347,0.093115234375,-0.46826677210628986,0.0003,0.011282662,7170,-0.0037180411512963475,0.04444153979420662,0.1806683335453272,0.5130124688148499
2572,26.78468292000001,1144,2945024,263.87,719,0.2,0.9312765598297119,0.1314208984375,-0.46875596307218076,0.0003,0.0071260296,7180,-4.070941358804703e-05,0.08779795467853546,0.3922634903341532,0.5153185129165649
2574,25.927070750000002,1145,2949120,260.82,720,0.2,0.9479934573173523,0.1204345703125,-0.47038207203149796,0.0003,0.015001265,7190,-0.006317398793180473,0.1392553299665451,0.5308496261015534,0.5132116079330444
2576,25.17485443,1146,2953216,254.2,721,0.2,0.9645014405250549,0.091064453125,-0.47268471866846085,0.0003,0.013585246,7200,-0.005653295654337853,0.15539942681789398,0.5791957598179579,0.5161105394363403
2577,24.808661309999998,1147,2957312,250.26,722,0.2,0.9368652701377869,0.115625,-0.47654135897755623,0.0003,0.010082751,7210,-0.002133992934250273,0.4200003147125244,0.698236002959311,0.515269935131073
2579,26.016391059999997,1148,2961408,247.28,723,0.2,0.9377803206443787,0.09697265625,-0.4834503080695868,0.0003,0.013136145,7220,-0.005506581423105672,0.29239892959594727,0.9172439411282539,0.5162584185600281
2581,23.719155969999996,1148,2965504,240.35,724,0.2,0.9702951908111572,0.107177734375,-0.48695248961448667,0.0003,0.008499449,7230,-0.0030866262764902785,0.0811896100640297,0.2620623789727688,0.5152420997619629
2582,24.78499312,1149,2969600,245.06,725,0.2,0.984346866607666,0.106689453125,-0.4817589037120342,0.0003,0.008870967,7240,-0.002700799235026352,0.08922971040010452,0.35705883894115686,0.5158024430274963
2584,24.619265480000003,1150,2973696,237.83,726,0.2,0.9716190099716187,0.09619140625,-0.48520079515874387,0.0003,0.013975669,7250,-0.0033795131923398,0.0820799395442009,0.15470145689323545,0.5155535936355591
2586,23.217966910000005,1151,2977792,238.02,727,0.2,0.9749141931533813,0.07783203125,-0.48555533178150656,0.0003,0.009523184,7260,-0.004132761328946799,0.08025307953357697,0.39612657520920036,0.5174975395202637
2587,23.90017866,1152,2981888,241.63,728,0.2,0.9810277223587036,0.1318603515625,-0.4955920860171318,0.0003,0.015617788,7270,-0.003400169117958285,0.1143578439950943,0.3485860923305154,0.5222408175468445
2589,24.463951339999994,1153,2985984,245.86,729,0.2,0.9819505214691162,0.130224609375,-0.5078269980847836,0.0003,0.01167577,7280,-0.0043948668972007,0.05228934437036514,0.2140646453946829,0.5232908129692078
2591,25.506871650000004,1153,2990080,249.38,730,0.2,0.9583823680877686,0.1237548828125,-0.503692377358675,0.0003,0.03125405,7290,0.001066202681977302,0.050229139626026154,0.15337486434727907,0.5253039598464966
2592,26.706787650000003,1154,2994176,255.65,731,0.2,0.9544795751571655,0.134326171875,-0.5035203166306019,0.0003,0.025383657,7300,0.00030980726005509497,0.06566771119832993,0.30320941042155025,0.5256216526031494
2594,27.414405439999996,1155,2998272,258.25,732,0.2,0.9468662738800049,0.096875,-0.5071256190538407,0.0003,0.014369443,7310,-0.004725619949749671,0.033714231103658676,0.20372545202262698,0.5296106934547424
2554,29.080514329999996,1175,3002368,269.99,733,0.2,0.9527928233146667,0.0841064453125,-0.5028973635286093,0.0003,0.01161791,7320,-0.0012915208251797594,0.17593437433242798,0.42224660627543925,0.5292832851409912
2555,29.732705840000005,1176,3006464,268.57,734,0.2,0.9670199155807495,0.060693359375,-0.4944902990013361,0.0003,0.0073523023,7330,-0.0030609939538408073,0.04916446655988693,0.20923735918477177,0.5267850160598755
2557,29.647883049999997,1177,3010560,268.14,735,0.2,0.9688434600830078,0.1018310546875,-0.48834820091724396,0.0003,0.021755513,7340,-0.004451217479072511,0.06316187977790833,0.29080684687942265,0.5247730016708374
2559,28.151859779999995,1177,3014656,262.19,736,0.2,0.9702810049057007,0.092138671875,-0.48839865550398825,0.0003,0.009949126,7350,-0.002620318016852252,0.12459663301706314,0.3129595261067152,0.5255096554756165
2560,29.60572447,1178,3018752,265.82,737,0.2,0.9460880756378174,0.1470947265625,-0.4929210443049669,0.0003,0.009068945,7360,0.00010619711101753638,0.07557807117700577,0.6921143429353833,0.5273292064666748
2562,28.816619630000005,1179,3022848,266.6,738,0.2,0.9634420871734619,0.111669921875,-0.49467347711324694,0.0003,0.009880078,7370,-0.0026056788192363456,0.04397163912653923,0.12925148755311966,0.5279650688171387
2564,28.039970620000005,1180,3026944,263.39,739,0.2,0.9232097864151001,0.075048828125,-0.49533750899136064,0.0003,0.0095595075,7380,-0.0038629227172350513,0.057857006788253784,0.471597568038851,0.533330500125885
2565,28.507708370000003,1181,3031040,267.07,740,0.2,0.9168204665184021,0.1000732421875,-0.5103615470230579,0.0003,0.010573365,7390,-0.0036325549852335827,0.08949723839759827,0.4810693820938468,0.5328820943832397
2567,29.52283522,1182,3035136,272.24,741,0.2,0.976925253868103,0.08740234375,-0.5198424085974693,0.0003,0.011210327,7400,-0.003753159318875987,0.023202721029520035,0.12499651378020644,0.5332761406898499
2568,28.216392650000003,1183,3039232,264.23,742,0.2,0.968867838382721,0.1266845703125,-0.5140071451663971,0.0003,0.006553423,7410,-0.004986852327419911,0.14501938223838806,0.27207576455548405,0.5301516056060791
2570,28.946512680000005,1183,3043328,268.79,743,0.2,0.9300550222396851,0.0744384765625,-0.5033148042857647,0.0003,0.0109527055,7420,-0.0032112475411850026,0.24752794206142426,1.0796351097524166,0.5263810157775879
2572,27.806363619999992,1184,3047424,268.02,744,0.2,0.9603540301322937,0.102392578125,-0.49762669689953326,0.0003,0.016869482,7430,-0.003914276832074392,0.05636603385210037,0.13765451898798348,0.5248489379882812
2573,28.18650483,1185,3051520,269.73,745,0.2,0.9562064409255981,0.0663818359375,-0.4921466063708067,0.0003,0.009076206,7440,-0.005358520618756302,0.07184095680713654,0.35809871181845665,0.5273258090019226
2575,29.27352584,1186,3055616,273.86,746,0.2,0.9526646733283997,0.0935302734375,-0.4957019791007042,0.0003,0.010777565,7450,-0.0026208189548924564,0.05077178776264191,0.2569903075695038,0.5284660458564758
2576,28.691449130000006,1187,3059712,272.62,747,0.2,0.9600538611412048,0.1006591796875,-0.49759405143558977,0.0003,0.008221207,7460,-0.002298386377515271,0.03713094815611839,0.12886560866609215,0.5280529856681824
2578,28.399018729999995,1188,3063808,270.4,748,0.2,0.9562164545059204,0.062939453125,-0.4869925569742918,0.0003,0.005543849,7470,-0.0029708937654504552,0.1281406134366989,0.5472478831186891,0.527880072593689
2580,28.78680955,1189,3067904,275.35,749,0.2,0.959017813205719,0.0857421875,-0.48479591831564905,0.0003,0.010152293,7480,-0.004996003967244178,0.2561342716217041,0.6654112190008163,0.5298665761947632
2581,27.69180962,1189,3072000,270.53,750,0.2,0.9812453985214233,0.1044921875,-0.48173445723950864,0.0003,0.010504906,7490,-0.002737279995926656,0.10200374573469162,0.35113246608525517,0.5277090072631836
2583,27.207451220000003,1190,3076096,268.61,751,0.2,0.9576819539070129,0.128564453125,-0.4813672348856926,0.0003,0.042173497,7500,-0.005324703625228721,0.2459184229373932,0.6358568906784058,0.5284379124641418
2585,27.02922194,1191,3080192,266.34,752,0.2,0.9685263633728027,0.1190673828125,-0.48258851692080496,0.0003,0.008641556,7510,-0.002046987070934847,0.15061931312084198,0.4898395653814077,0.5265794992446899
2586,26.018484760000007,1192,3084288,262.16,753,0.2,0.954571545124054,0.0892333984375,-0.4762388616800308,0.0003,0.01309749,7520,-0.0042901560023892674,0.06194380298256874,0.19931943966075777,0.5207467079162598
2588,25.218294379999996,1193,3088384,255.24,754,0.2,0.9275845885276794,0.1264404296875,-0.4703007128089666,0.0003,0.008149359,7530,-0.004365696469903924,0.1439836323261261,0.7440941095352173,0.5204856395721436
2589,25.613588430000004,1194,3092480,258.08,755,0.2,0.9686974287033081,0.074609375,-0.4685950975865126,0.0003,0.0062723993,7540,-0.004762446761014871,0.18475127220153809,0.5998806230723858,0.5181618332862854
2591,26.86630357,1194,3096576,257.62,756,0.2,0.9481335282325745,0.12255859375,-0.45949587412178516,0.0003,0.018833,7550,-0.0050393800920573995,0.14316841959953308,0.8737268829718232,0.517347514629364
2552,25.895166609999997,1214,3100672,265.02,757,0.2,0.9827892184257507,0.101806640625,-0.4554166544228792,0.0003,0.022905266,7560,9.207618422806263e-05,0.08055681735277176,0.27360350973904135,0.5180494785308838
2554,26.454598379999997,1215,3104768,264.05,758,0.2,0.9605259895324707,0.108203125,-0.4536923050880432,0.0003,0.02054981,7570,-0.0024190634256228806,0.09366871416568756,0.35946251917630434,0.5176963806152344
2556,26.269151269999995,1216,3108864,266.6,759,0.2,0.8946135640144348,0.096435546875,-0.4568623885512352,0.0003,0.0073727784,7580,-0.002929455938283354,0.16578686237335205,0.9024043064564466,0.5169512033462524
2557,26.847541210000003,1217,3112960,273.12,760,0.2,0.9687895774841309,0.0800537109375,-0.457319051399827,0.0003,0.008593494,7590,-0.0028823528991779312,0.08441648632287979,0.3558909283950925,0.5193338394165039
2559,26.841044589999996,1217,3117056,278.85,761,0.2,0.9706041812896729,0.0958740234375,-0.4537535298615694,0.0003,0.01196862,7600,-0.0037905756966210903,0.04831276088953018,0.18888640692457556,0.516437292098999
2560,27.077279259999997,1218,3121152,277.56,762,0.2,0.9016716480255127,0.1603271484375,-0.4448804158717394,0.0003,0.008353778,7610,0.002160791982896626,0.5522961020469666,1.5745655898004771,0.5167838931083679
2562,27.645757200000002,1219,3125248,276.69,763,0.2,0.9484326839447021,0.0767578125,-0.44768037348985673,0.0003,0.010024657,7620,-0.0021158046496566386,0.08711126446723938,0.41344273611903193,0.5189680457115173
2564,28.091135469999998,1220,3129344,269.11,764,0.2,0.9097440242767334,0.11865234375,-0.4507949844002724,0.0003,0.0056358194,7630,0.0004951800685375929,0.07676014304161072,0.4345690606161952,0.5205479860305786
2565,28.394488799999998,1221,3133440,273.13,765,0.2,0.9528396725654602,0.1256103515625,-0.44202332720160487,0.0003,0.008132543,7640,-0.0008741514786379412,0.07498841732740402,0.28216066136956214,0.5178412199020386
2567,27.820972809999997,1222,3137536,267.56,766,0.2,0.9612056016921997,0.1085205078125,-0.4286180444061756,0.0003,0.008772577,7650,-0.0026894088805420324,0.08480048179626465,0.5063830414786935,0.5164893865585327
2568,28.920622509999998,1222,3141632,263.04,767,0.2,0.9578270316123962,0.083984375,-0.423721070215106,0.0003,0.0102167865,7660,-0.004496986427693628,0.05820354446768761,0.328082075342536,0.5156830549240112
2570,29.577674629999997,1223,3145728,263.36,768,0.2,0.9761795401573181,0.0887451171875,-0.4293953511863947,0.0003,0.008117083,7670,-0.004183449744596146,0.04297684505581856,0.21540887784212828,0.5190743207931519
2571,29.51517229,1224,3149824,265.43,769,0.2,0.9502113461494446,0.1441650390625,-0.4374494384974241,0.0003,0.010785811,7680,-0.0034296138444915416,0.10845842212438583,0.32210083566606046,0.517095685005188
2573,28.010631110000006,1225,3153920,260.71,770,0.2,0.9760152697563171,0.1545654296875,-0.43868454210460184,0.0003,0.0120163625,7690,-0.00326259353896603,0.06730266660451889,0.21429259264841677,0.5207619667053223
2575,27.955345890000004,1226,3158016,257.73,771,0.2,0.9605128765106201,0.0951416015625,-0.4486915413290262,0.0003,0.010680025,7700,-0.006159066944383085,0.10138335824012756,0.540952137671411,0.5237160921096802
2576,27.256075659999997,1227,3162112,261.13,772,0.2,0.9828065633773804,0.1004150390625,-0.4567932426929474,0.0003,0.017546995,7710,0.0012557240901514889,0.15075431764125824,0.35413070674985647,0.5217064619064331
2578,27.07277953,1228,3166208,258.81,773,0.2,0.9736156463623047,0.112890625,-0.4501656837761402,0.0003,0.01181921,7720,-0.005773138310178183,0.11186199635267258,0.42162025477737186,0.5197587609291077
2579,26.415516679999996,1228,3170304,263.59,774,0.2,0.9909014105796814,0.112890625,-0.45007506124675273,0.0003,0.018926159,7730,-0.0019671484900754877,0.055816322565078735,0.2314806893467903,0.5199112892150879
2581,24.616642319999997,1229,3174400,251.99,775,0.2,0.9786128997802734,0.127880859375,-0.4493569523096085,0.0003,0.010579716,7740,-0.0023884770344011486,0.07829304784536362,0.23447470562532544,0.5203249454498291
2582,25.9495057,1230,3178496,262.2,776,0.2,0.9500172734260559,0.1132568359375,-0.4511025458574295,0.0003,0.012360471,7750,-0.006003802451596129,0.10888617485761642,0.5275650750845671,0.5226128101348877
2584,26.78546037,1231,3182592,263.41,777,0.2,0.9591561555862427,0.0783935546875,-0.4622886810451746,0.0003,0.009431996,7760,-0.00477553182572592,0.0596170499920845,0.1674294882453978,0.5280193090438843
2585,27.689678320000006,1232,3186688,258.04,778,0.2,0.9673324823379517,0.107470703125,-0.4696069579571486,0.0003,0.016595766,7770,-0.0036661369551438837,0.08234633505344391,0.19200872220098972,0.5321093797683716
2587,27.606430790000005,1233,3190784,264.31,779,0.2,0.9872927069664001,0.1049072265625,-0.4745751328766346,0.0003,0.014441219,7780,-0.001654493942623958,0.08182884752750397,0.2666245520114899,0.5316790342330933
2589,27.075689930000003,1234,3194880,256.81,780,0.2,0.9811289310455322,0.140966796875,-0.46850272826850414,0.0003,0.018068198,7790,-0.002152276653214358,0.032484907656908035,0.11288840253837407,0.5308106541633606
2590,26.791210050000004,1234,3198976,258.32,781,0.2,0.9792145490646362,0.152099609375,-0.45861887857317923,0.0003,0.015931286,7800,-0.0013973373221233486,0.07072179764509201,0.258367008343339,0.5278440117835999
2553,25.300042679999997,1254,3203072,256.87,782,0.2,0.8692756295204163,0.115625,-0.4505586791783571,0.0003,0.0075435243,7810,-0.0014594840424251743,0.16893969476222992,1.2844371195882558,0.5224502682685852
2555,25.288898690000007,1255,3207168,256.24,783,0.2,0.9756684303283691,0.1068115234375,-0.44804991893470286,0.0003,0.02981942,7820,-0.005301129206782207,0.06320112198591232,0.2522995569743216,0.5250449776649475
2556,25.60150404,1256,3211264,258.72,784,0.2,0.9405550360679626,0.1312255859375,-0.4508047979325056,0.0003,0.0045685116,7830,0.0005183293833397329,0.14152465760707855,0.503873948007822,0.525800347328186
2558,25.31662717,1256,3215360,253.93,785,0.2,0.9824177622795105,0.087255859375,-0.4400397200137377,0.0003,0.009385908,7840,-0.0025630952470237387,0.05271834880113602,0.22061059894040227,0.5225253701210022
2559,26.731936769999994,1257,3219456,264.19,786,0.2,0.9464212656021118,0.1122314453125,-0.42756279930472374,0.0003,0.0060502626,7850,-0.001445678697200492,0.13262057304382324,0.6075276371091605,0.5231494903564453
2561,26.725251720000003,1258,3223552,261.15,787,0.2,0.9400699734687805,0.0875244140625,-0.41496366672217844,0.0003,0.010110543,7860,-0.003935492671735119,0.1435912698507309,0.4249570108950138,0.5197307467460632
2562,28.034744569999997,1259,3227648,270.03,788,0.2,0.9644370675086975,0.090625,-0.4061227351427078,0.0003,0.008389008,7870,-0.005399164211121387,0.07553272694349289,0.2910660162568092,0.5232189893722534
2564,29.047005249999998,1260,3231744,271.09,789,0.2,0.9583883285522461,0.0927978515625,-0.40211332142353057,0.0003,0.010176177,7880,-0.0038842482696054502,0.0729326605796814,0.23401902606710792,0.5225040912628174
2565,28.704660759999992,1261,3235840,267.77,790,0.2,0.9691954851150513,0.1202392578125,-0.38539906926453116,0.0003,0.011369092,7890,-0.007745377594255842,0.0634276419878006,0.22281661545857787,0.5179668664932251
2567,29.30801069,1261,3239936,271.85,791,0.2,0.9712367653846741,0.1169189453125,-0.3719722718000412,0.0003,0.018362293,7900,-0.0003465047222562134,0.03550530970096588,0.19283930594101548,0.5150755643844604
2568,30.235324919999996,1262,3244032,278.17,792,0.2,0.9821030497550964,0.1173828125,-0.35870174430310725,0.0003,0.011744609,7910,-0.0016409132804255933,0.030556034296751022,0.1387399256695062,0.5119578838348389
2570,30.583004759999998,1263,3248128,277.06,793,0.2,0.9861472249031067,0.1125732421875,-0.351999406516552,0.0003,0.010736257,7920,0.0011691462656017392,0.06068740785121918,0.14964618482626973,0.5134814977645874
2571,30.544639970000002,1264,3252224,283.36,794,0.2,0.9774636626243591,0.1279052734375,-0.35646946392953394,0.0003,0.012520189,7930,-0.00201833719474962,0.023665182292461395,0.09244958646595478,0.5142329335212708
2573,28.91183087,1265,3256320,277.65,795,0.2,0.9720896482467651,0.096240234375,-0.35764814987778665,0.0003,0.01349225,7940,-0.004642835595586803,0.15128017961978912,0.455237321741879,0.514072597026825
2574,28.406325169999995,1266,3260416,276.84,796,0.2,0.9703506231307983,0.118603515625,-0.35870118290185926,0.0003,0.010208454,7950,0.0032246745366137477,0.12407958507537842,0.4057779436931014,0.5111085772514343
2576,27.650065320000007,1267,3264512,277.05,797,0.2,0.9646669626235962,0.10771484375,-0.3661683976650238,0.0003,0.017629052,7960,-0.0017225047835381702,0.044706374406814575,0.23711193297058344,0.5160150527954102
2577,26.61455298,1267,3268608,270.17,798,0.2,0.9643726348876953,0.0801025390625,-0.3800945784896612,0.0003,0.018502971,7970,-0.004608637551427819,0.07596798986196518,0.4130682911723852,0.5216849446296692
2579,26.53163353,1268,3272704,266.25,799,0.2,0.9607760310173035,0.111474609375,-0.3865954842418432,0.0003,0.013429744,7980,-0.003425664734095335,0.12081469595432281,0.4012876316905022,0.5212640166282654
2580,25.844741390000003,1269,3276800,254.08,800,0.2,0.9696154594421387,0.10625,-0.3869000244885683,0.0003,0.051280636,7990,-0.00103865900891833,0.04842197895050049,0.17179973027668893,0.5205196738243103
2582,27.564153069999996,1270,3280896,253.4,801,0.2,0.9351633191108704,0.079541015625,-0.3857662968337536,0.0003,0.008086974,8000,-0.0026389251521322875,0.07862686365842819,0.5609692135825753,0.5232095718383789
2583,26.82081387,1271,3284992,251.47,802,0.2,0.940125584602356,0.0888671875,-0.39523716643452644,0.0003,0.010802806,8010,-0.006825236016447888,0.10703533887863159,0.5049445006996394,0.5264869332313538
2585,25.975545089999997,1272,3289088,249.77,803,0.2,0.9328487515449524,0.0941650390625,-0.4000848103314638,0.0003,0.016800595,8020,-0.0008822820003842935,0.14602020382881165,0.5374692004173994,0.5254164934158325
2586,25.99776156,1273,3293184,254.6,804,0.2,0.9609361290931702,0.113525390625,-0.39876995533704757,0.0003,0.009925178,8030,-0.001603979035280645,0.1714000552892685,0.5853113768622279,0.5273915529251099
2588,24.306092700000004,1273,3297280,239.97,805,0.2,0.9339560270309448,0.1091064453125,-0.3991585947573185,0.0003,0.018749963,8040,-0.0037150501935684587,0.23365949094295502,1.0222023833543061,0.5299934148788452
2554,24.524786680000002,1292,3301376,246.7,806,0.2,0.9596426486968994,0.0919677734375,-0.4005138408392668,0.0003,0.013491023,8050,-0.007455422374187037,0.3553021550178528,0.7110416796058416,0.5297102332115173
2555,23.26280416,1293,3305472,243.62,807,0.2,0.9616645574569702,0.0619140625,-0.40618069730699063,0.0003,0.0052773478,8060,-0.005049618706107139,0.0841262936592102,0.4535906543955207,0.5339040756225586
2557,22.659222770000007,1294,3309568,240.29,808,0.2,0.9388113021850586,0.1185302734375,-0.4139391079545021,0.0003,0.010170499,8070,-0.0037306332669686526,0.911929190158844,1.2838434249162674,0.5349434614181519
2558,25.047476779999993,1294,3313664,247.54,809,0.2,0.9446741342544556,0.0927734375,-0.42095180973410606,0.0003,0.010182491,8080,-0.002910923793388065,0.17916886508464813,0.6122738234698772,0.5355252623558044
2560,25.44672872,1295,3317760,242.28,810,0.2,0.9614575505256653,0.107666015625,-0.43129378706216814,0.0003,0.008366134,8090,-0.0035075902822427453,0.061498284339904785,0.4119648622348905,0.53835129737854
2561,25.475347440000004,1296,3321856,248.0,811,0.2,0.9619032144546509,0.1262939453125,-0.4352092232555151,0.0003,0.017426495,8100,-5.145937320776284e-05,0.06654489040374756,0.22544939061626793,0.5384206771850586
2563,26.42100278,1297,3325952,247.77,812,0.2,0.9614179134368896,0.0896728515625,-0.430206585675478,0.0003,0.0099052135,8110,-0.004466086692991667,0.13863177597522736,0.497884239256382,0.5387952923774719
2564,26.889989449999995,1298,3330048,254.48,813,0.2,0.9393453001976013,0.0869140625,-0.4275427687913179,0.0003,0.007948903,8120,-0.002427193699986674,0.056318577378988266,0.28440052904188634,0.5328589081764221
2566,28.95824251,1299,3334144,265.05,814,0.2,0.9710206389427185,0.0959716796875,-0.4134406019002199,0.0003,0.014846593,8130,-0.006181491649476812,0.1287134289741516,0.34725606963038447,0.5330579876899719
2567,28.79113356,1300,3338240,264.19,815,0.2,0.9782268404960632,0.131982421875,-0.4031148847192526,0.0003,0.015530791,8140,-0.003949515111162327,0.0428452342748642,0.15776452096179128,0.5291122794151306
2569,28.30095369,1300,3342336,263.03,816,0.2,0.9555293321609497,0.0993408203125,-0.39969115555286405,0.0003,0.010468851,8150,-0.004890358881675638,0.2342861145734787,0.7949671853333712,0.5309166312217712
2570,29.00770943,1301,3346432,272.73,817,0.2,0.965707540512085,0.08212890625,-0.3962376467883587,0.0003,0.008813597,8160,-0.0034280054765986278,0.08373099565505981,0.27915822472423313,0.5293007493019104
2572,28.692660590000006,1302,3350528,274.23,818,0.2,0.9515534043312073,0.0977783203125,-0.3918272014707327,0.0003,0.008705664,8170,-0.003016530303284526,0.10608053207397461,0.4549425536766648,0.533492922782898
2573,26.529650330000003,1303,3354624,261.26,819,0.2,0.9669049978256226,0.13251953125,-0.3982650633901358,0.0003,0.011001471,8180,-0.004999226672225632,0.12872321903705597,0.37224897667765616,0.5313988924026489
2575,25.58006082,1304,3358720,261.31,820,0.2,0.9615358710289001,0.100927734375,-0.39670751988887787,0.0003,0.012627892,8190,-0.002699278021464124,0.1689746379852295,0.6895683910697699,0.5307931303977966
2576,25.133390040000005,1305,3362816,261.68,821,0.2,0.9171768426895142,0.1103271484375,-0.39917589724063873,0.0003,0.014945714,8200,-0.007601038108987268,0.1835494339466095,0.8239076983183622,0.530884861946106
2577,24.869534599999998,1306,3366912,262.66,822,0.2,0.960010290145874,0.08828125,-0.4028325770050287,0.0003,0.010249628,8210,-0.0032832356242579407,0.1494804471731186,0.6074965074658394,0.5300318598747253
2579,23.663151150000004,1306,3371008,258.56,823,0.2,0.9450158476829529,0.1076904296875,-0.4021046593785286,0.0003,0.019042565,8220,-0.00561718080425635,0.110389344394207,0.6283132005482912,0.5280017852783203
2580,23.045211589999997,1307,3375104,252.67,824,0.2,0.9532631039619446,0.09091796875,-0.4030608952045441,0.0003,0.008567452,8230,-0.0028167748474515974,0.12403339892625809,0.6697528973221779,0.5295459628105164
2582,22.86417286000001,1308,3379200,251.54,825,0.2,0.8972934484481812,0.0789306640625,-0.41057227812707425,0.0003,0.007248612,8240,-0.00541489266906865,0.4438874125480652,1.474905639141798,0.5325367450714111
2583,23.360173050000004,1309,3383296,246.38,826,0.2,0.9570909738540649,0.1546630859375,-0.4144098486751318,0.0003,0.009474908,8250,-0.00012217281328048558,0.1180277168750763,0.490182395465672,0.5337710380554199
2585,22.737577149999996,1310,3387392,238.8,827,0.2,0.9383612871170044,0.0911376953125,-0.4175575278699398,0.0003,0.0068607144,8260,-0.005219366279197857,0.12244664132595062,0.8421526117250323,0.5300439596176147
2586,23.913968869999994,1311,3391488,238.92,828,0.2,0.9672195911407471,0.070263671875,-0.4117991406470537,0.0003,0.008771921,8270,-0.0035856195310771,0.1309901475906372,0.7422028094530105,0.5228554010391235
2588,23.06793121,1311,3395584,235.49,829,0.2,0.9715394973754883,0.130224609375,-0.39838080704212187,0.0003,0.008070709,8280,0.0004699623124906793,0.09192286431789398,0.3230045970529318,0.5204160809516907
2589,23.7491894,1312,3399680,240.98,830,0.2,0.9151809215545654,0.1311767578125,-0.388418922573328,0.0003,0.008089103,8290,-0.002006394331692718,0.32717031240463257,1.6019924350082875,0.5189953446388245
2554,25.386999,1332,3403776,246.83,831,0.2,0.9623856544494629,0.1009033203125,-0.3837878253310919,0.0003,0.010500478,8300,-0.0038100763122201897,0.07620369642972946,0.3550507003441453,0.5148380994796753
2556,23.858189480000007,1333,3407872,240.34,832,0.2,0.9556543827056885,0.0917724609375,-0.37713587246835234,0.0003,0.013518432,8310,-0.0031581203889800235,0.1295706182718277,0.4164524834603071,0.518395185470581
2557,25.705859470000004,1333,3411968,247.47,833,0.2,0.9641278982162476,0.1067626953125,-0.38154358565807345,0.0003,0.00978839,8320,-0.003298794724105392,0.14236263930797577,0.6817315939813853,0.522333562374115
2559,25.23912454,1334,3416064,243.09,834,0.2,0.950039267539978,0.1092041015625,-0.3882080212235451,0.0003,0.0143114915,8330,-0.0008280634385300801,0.12046622484922409,0.42646320201456545,0.5214805603027344
2560,25.540763690000002,1335,3420160,243.3,835,0.2,0.950745165348053,0.0907958984375,-0.38465884439647197,0.0003,0.012020006,8340,-0.005456254820455797,0.13284125924110413,0.3568757977336645,0.5217340588569641
2562,24.038474530000002,1336,3424256,241.04,836,0.2,0.9451512694358826,0.1052001953125,-0.38908826671540736,0.0003,0.0129999835,8350,-0.0016732988427975216,0.20760758221149445,0.7534968342632056,0.5214908123016357
2563,22.27249078,1337,3428352,237.63,837,0.2,0.9643678069114685,0.0902587890625,-0.3874399043619633,0.0003,0.010038422,8360,-0.0027011393307475374,0.14302754402160645,0.6460878901183605,0.5186939239501953
2564,24.72512397,1338,3432448,249.52,838,0.2,0.9749512672424316,0.0941650390625,-0.3828828036785126,0.0003,0.01354583,8370,-0.005755412549478933,0.26393187046051025,0.5468797788023949,0.520045816898346
2566,24.08768633,1339,3436544,246.22,839,0.2,0.9707494378089905,0.1592041015625,-0.3769014604389668,0.0003,0.015233362,8380,0.0050214054761454465,0.13222473859786987,0.344727654568851,0.518099844455719
2567,23.978046900000002,1339,3440640,248.51,840,0.2,0.9781914949417114,0.098681640625,-0.37101376317441465,0.0003,0.008438114,8390,-0.003994792862795293,0.11270637810230255,0.32330580316483976,0.5213096141815186
2569,23.30369749,1340,3444736,250.42,841,0.2,0.9793003797531128,0.113916015625,-0.3742425311356783,0.0003,0.017851666,8400,-5.77791448449716e-05,0.11666671186685562,0.3042233636602759,0.5207333564758301
2570,24.421377330000006,1341,3448832,248.84,842,0.2,0.9628419280052185,0.0837158203125,-0.37310002371668816,0.0003,0.008091268,8410,-0.001975266609224491,0.18289314210414886,0.6604496400803328,0.5214779376983643
2572,25.854848909999998,1342,3452928,252.11,843,0.2,0.9047754406929016,0.087939453125,-0.3781686469912529,0.0003,0.01199365,8420,-0.004069083882495761,0.5268939733505249,1.310481696203351,0.5189974308013916
2573,25.36587325,1343,3457024,251.47,844,0.2,0.9587976932525635,0.0727294921875,-0.3761817794293165,0.0003,0.006348321,8430,-0.004902573541039601,0.19272282719612122,0.5611078577116132,0.5208872556686401
2574,26.218022709999996,1344,3461120,253.19,845,0.2,0.9541655778884888,0.0818359375,-0.371105894446373,0.0003,0.00853134,8440,-0.00449998538242653,0.07154390960931778,0.25818542037159203,0.5211619138717651
2576,26.929124030000004,1345,3465216,255.21,846,0.2,0.97263103723526,0.10986328125,-0.3664454877376556,0.0003,0.0059560267,8450,-0.0007003544858889654,0.08343422412872314,0.2377104694955051,0.5225166082382202
2577,26.505719730000006,1345,3469312,248.29,847,0.2,0.9754884243011475,0.110498046875,-0.36205963380634787,0.0003,0.009490924,8460,-0.003125026187626645,0.06380315870046616,0.231778104044497,0.5248618125915527
2579,27.04966187000001,1346,3473408,254.4,848,0.2,0.9764615297317505,0.076953125,-0.36435211040079596,0.0003,0.0063124597,8470,-0.00441998056776356,0.11144571006298065,0.35590709298849105,0.5262218713760376
2580,27.633031949999996,1347,3477504,253.21,849,0.2,0.9104950428009033,0.1281982421875,-0.36639715991914273,0.0003,0.011598917,8480,-0.0030831250100163744,0.14995214343070984,0.8448571309447288,0.5216259956359863
2581,25.839676889999996,1348,3481600,243.88,850,0.2,0.9659419059753418,0.0956787109375,-0.3645839340984821,0.0003,0.021433044,8490,-0.005642447707941756,0.09860570728778839,0.32132421489804985,0.5234218239784241
2583,23.837361220000002,1349,3485696,238.22,851,0.2,0.9719907641410828,0.1110595703125,-0.36899530440568923,0.0003,0.009567826,8500,-0.0017537851090310141,0.09545198082923889,0.33781384620815513,0.5246512293815613
2584,24.282617920000003,1350,3489792,240.93,852,0.2,0.978083610534668,0.1148193359375,-0.36796417348086835,0.0003,0.008337648,8510,-0.0034934923838591202,0.07599719613790512,0.37653109077364205,0.5233817100524902
2586,25.504116949999993,1350,3493888,247.36,853,0.2,0.9421508312225342,0.11552734375,-0.36747112199664117,0.0003,0.009667852,8520,-0.005535973061341792,0.11703091859817505,0.9155438084155321,0.5208645462989807
2587,23.86089563,1351,3497984,236.23,854,0.2,0.971794605255127,0.1003173828125,-0.3561307843774557,0.0003,0.008432818,8530,-0.0044536344095831735,0.08202476799488068,0.2518384682945907,0.5159893035888672
2555,23.659756829999996,1370,3502080,232.45,855,0.2,0.957524836063385,0.09697265625,-0.3460545241832733,0.0003,0.017385913,8540,-0.00768296644964721,0.23106110095977783,0.6527070198208094,0.5175584554672241
2556,25.56072326,1371,3506176,241.3,856,0.2,0.9657481908798218,0.20419921875,-0.35479044541716576,0.0003,0.009405705,8550,0.005009900324512273,0.05771680548787117,0.18199067302048205,0.518042266368866
2558,26.589119389999997,1372,3510272,243.4,857,0.2,0.9691830277442932,0.093701171875,-0.3588728878647089,0.0003,0.009309763,8560,-0.004617771402990911,0.1320572793483734,0.3427287884056568,0.5212357044219971
2559,24.93535909,1373,3514368,236.0,858,0.2,0.9581789374351501,0.1240478515625,-0.36515748500823975,0.0003,0.020026522,8570,-0.0015692758606746793,0.1131381019949913,0.3236247252672911,0.5233291983604431
2561,25.27074932,1373,3518464,233.37,859,0.2,0.9824841022491455,0.1224365234375,-0.35874530784785746,0.0003,0.015957624,8580,-0.005676488403696567,0.1101323664188385,0.3708320403471589,0.5180990695953369
2562,26.34581584,1374,3522560,239.37,860,0.2,0.96418696641922,0.1262451171875,-0.34613619968295095,0.0003,0.018580355,8590,-0.0018866240672650747,0.03222117945551872,0.09418312297202647,0.5170865654945374
2563,26.655118919999996,1375,3526656,246.2,861,0.2,0.9483354091644287,0.0874267578125,-0.34301220066845417,0.0003,0.008055193,8600,-0.003825759150640806,0.15196195244789124,0.5495515041053295,0.5184207558631897
2565,26.6252346,1376,3530752,244.14,862,0.2,0.9726986885070801,0.1101318359375,-0.3438431601971388,0.0003,0.0053520137,8610,-0.0016058168177551125,0.057175759226083755,0.23137008845806123,0.5200899839401245
2566,26.82359206,1377,3534848,248.15,863,0.2,0.9875378012657166,0.1036376953125,-0.3414171483367682,0.0003,0.01077626,8620,-0.002589351774076931,0.0369938388466835,0.14461703416891397,0.5220528244972229
2567,28.327331329999993,1378,3538944,249.97,864,0.2,0.9689279198646545,0.1025146484375,-0.3383418872952461,0.0003,0.007084723,8630,-0.0031641143403248863,0.052165012806653976,0.20326575143262743,0.5205224752426147
2569,27.82703213,1378,3543040,253.12,865,0.2,0.9424238801002502,0.076220703125,-0.32824781984090806,0.0003,0.00752524,8640,-0.00432338097889442,0.11727365851402283,0.6694184947758913,0.5208836197853088
2570,27.60891724,1379,3547136,255.71,866,0.2,0.9704444408416748,0.0958740234375,-0.32832225002348425,0.0003,0.011771286,8650,-0.0054512371949385855,0.09231609106063843,0.30999961141496896,0.5223692655563354
2572,26.429421480000006,1380,3551232,246.14,867,0.2,0.9569454789161682,0.090673828125,-0.32841165028512476,0.0003,0.01588066,8660,-0.0025665371504146606,0.18216469883918762,0.6426929533481598,0.521621584892273
2573,27.20418443,1381,3555328,248.98,868,0.2,0.9578303098678589,0.1467041015625,-0.33017684184014795,0.0003,0.016163398,8670,-0.0056283074423845395,0.1825086772441864,0.5589308198541403,0.5230506658554077
2574,25.922936310000004,1382,3559424,246.86,869,0.2,0.9741306304931641,0.151318359375,-0.331744796410203,0.0003,0.020482961,8680,-0.001244144290103577,0.09711071103811264,0.3534907538443804,0.5230367183685303
2576,25.902913110000004,1383,3563520,246.81,870,0.2,0.9505465626716614,0.067724609375,-0.3352848835289478,0.0003,0.0073984945,8690,-0.006494227208895609,0.13360430300235748,0.55969442948699,0.5261709690093994
2577,25.33796645,1384,3567616,245.23,871,0.2,0.9293425679206848,0.124169921875,-0.34671615399420264,0.0003,0.016426552,8700,-0.005891002007410861,0.11014401912689209,0.6233738349750638,0.5292019844055176
2579,26.18024536,1384,3571712,249.11,872,0.2,0.9315943717956543,0.09931640625,-0.3491419073194265,0.0003,0.019590225,8710,-0.007167098252102733,0.21202094852924347,0.8504779532551765,0.5313584804534912
2580,26.685965839999998,1385,3575808,259.16,873,0.2,0.9594177007675171,0.082958984375,-0.3459301419556141,0.0003,0.008765751,8720,-0.00399755672988249,0.09213335067033768,0.3143173100426793,0.5296434164047241
2581,28.47720951,1386,3579904,265.54,874,0.2,0.9483708143234253,0.1130615234375,-0.3368887510150671,0.0003,0.011986423,8730,-0.0011977990419836716,0.07645057141780853,0.24027491100132464,0.5336872935295105
2583,28.393299459999998,1387,3584000,267.67,875,0.2,0.976002037525177,0.0880615234375,-0.3309383366256952,0.0003,0.011682022,8740,-0.005516661642468534,0.054465197026729584,0.23542373571544886,0.5307736396789551
2584,30.084547909999998,1388,3588096,268.45,876,0.2,0.9479334354400635,0.1072998046875,-0.32565521970391276,0.0003,0.009036811,8750,-0.003352428931975737,0.05741428956389427,0.30100460778921845,0.5289588570594788
2586,31.17367211,1389,3592192,274.92,877,0.2,0.9740873575210571,0.12744140625,-0.3292303796857595,0.0003,0.007842108,8760,-0.004151392410858534,0.05548826605081558,0.15197828151285647,0.5302557945251465
2587,32.03056807,1389,3596288,276.46,878,0.2,0.956430196762085,0.11484375,-0.3191346418112516,0.0003,0.021562897,8770,0.0015120656811632217,0.02785813808441162,0.15462357485666872,0.5261496305465698
2554,30.77445584,1409,3600384,270.05,879,0.2,0.9669337868690491,0.1115966796875,-0.30178348906338215,0.0003,0.009043587,8780,-0.004311218643852044,0.04693770408630371,0.27134702205657957,0.5213199257850647
2555,29.842952930000003,1410,3604480,265.12,880,0.2,0.9171743392944336,0.0838134765625,-0.28870176784694196,0.0003,0.009105346,8790,-0.0012465294101275503,0.048068348318338394,0.3054122540168464,0.5167074203491211
2556,29.11273122,1411,3608576,264.98,881,0.2,0.8966652154922485,0.109130859375,-0.28491499163210393,0.0003,0.009929746,8800,-0.006201723875710741,0.06250830739736557,0.6126471653580665,0.518357515335083
2558,28.592436559999996,1412,3612672,265.37,882,0.2,0.9630621075630188,0.1513427734375,-0.29370052851736544,0.0003,0.021352325,8810,-0.004551857011392713,0.11033165454864502,0.37241447493433955,0.518243670463562
2559,28.062459989999997,1412,3616768,267.39,883,0.2,0.9709343314170837,0.1308837890625,-0.29269835017621515,0.0003,0.008356468,8820,-0.0007044990357826464,0.08668602257966995,0.3095120957121253,0.518383800983429
2561,29.053794230000005,1413,3620864,270.21,884,0.2,0.9819700717926025,0.1576171875,-0.28876847960054874,0.0003,0.012273781,8830,0.00308219070720952,0.09330181777477264,0.24172556027770042,0.5183658599853516
2562,28.964724500000003,1414,3624960,269.08,885,0.2,0.9829869866371155,0.085205078125,-0.2814129929989576,0.0003,0.0091289915,8840,-0.006994871632196009,0.011450648307800293,0.07727117799222469,0.5206654667854309
2563,28.54861793,1415,3629056,266.91,886,0.2,0.9486405849456787,0.0854736328125,-0.27654293589293955,0.0003,0.008050282,8850,-0.006778277942794375,0.06749838590621948,0.41690246406942605,0.5242688655853271
2565,29.53539881,1416,3633152,268.59,887,0.2,0.9633234739303589,0.0907470703125,-0.28364670313894746,0.0003,0.00820324,8860,-0.00332754316914361,0.021703999489545822,0.12242027865722775,0.52534019947052
2566,28.848056709999994,1417,3637248,267.87,888,0.2,0.943331778049469,0.1456787109375,-0.2900573633611202,0.0003,0.042345665,8870,0.0003303341189166531,0.0596567764878273,0.3047711877152324,0.5262187719345093
2567,28.53502131,1417,3641344,264.53,889,0.2,0.9729026556015015,0.1013916015625,-0.2931182950735092,0.0003,0.009393156,8880,-0.004473132820567116,0.13481080532073975,0.46851960495114325,0.526401698589325
2569,27.933014869999994,1418,3645440,262.38,890,0.2,0.9219176769256592,0.070703125,-0.30581396259367466,0.0003,0.0070521664,8890,-0.0037253809248795735,0.13883757591247559,0.5294677885249257,0.533638596534729
2570,27.602429930000007,1419,3649536,269.82,891,0.2,0.9541942477226257,0.0908203125,-0.3194100011140108,0.0003,0.0072794296,8900,-0.0015133538458030672,0.11919264495372772,0.4119817966595292,0.5356320142745972
2571,27.363045570000004,1420,3653632,264.25,892,0.2,0.9440269470214844,0.0873291015625,-0.3125420916825533,0.0003,0.0073226513,8910,-0.0031108206865610557,0.11093223094940186,0.5758694315329194,0.5345445871353149
2573,25.94116596,1421,3657728,263.58,893,0.2,0.985235869884491,0.0979736328125,-0.30019504465162755,0.0003,0.0077530695,8920,-9.68571868725121e-05,0.03703673183917999,0.10869140625,0.5291212797164917
2574,26.86973708,1422,3661824,265.08,894,0.2,0.9650116562843323,0.0732177734375,-0.2951989766210318,0.0003,0.010896628,8930,-0.005367646779632196,0.09803445637226105,0.4297357274219394,0.5309830904006958
2576,26.784789200000006,1423,3665920,266.52,895,0.2,0.9400742053985596,0.0842529296875,-0.3023342821747065,0.0003,0.01896336,8940,-0.001137122738873586,0.191591277718544,0.8775163877755403,0.5350261330604553
2577,27.3859349,1423,3670016,266.51,896,0.2,0.8905166983604431,0.1109130859375,-0.3095438078045845,0.0003,0.00896694,8950,-0.0007266283995704725,0.0939406156539917,0.8493180247023702,0.5349113941192627
2578,26.38335149,1424,3674112,257.03,897,0.2,0.9639596939086914,0.1316162109375,-0.31255470812320707,0.0003,0.013122562,8960,-0.004150709087844007,0.1715167611837387,0.46066191978752613,0.5361694693565369
2580,26.89502101,1425,3678208,258.82,898,0.2,0.9599611759185791,0.1144287109375,-0.3117736395448446,0.0003,0.021497028,8970,-0.0013379046969930642,0.12861929833889008,0.47904010135680436,0.5356101393699646
2581,26.078755390000005,1426,3682304,255.36,899,0.2,0.9778099060058594,0.15,-0.3091920051723719,0.0003,0.021801405,8980,-0.0031671025324612858,0.05046871304512024,0.1901764664798975,0.5335643887519836
2582,26.975865770000006,1427,3686400,259.35,900,0.2,0.9525612592697144,0.11083984375,-0.3030099648982286,0.0003,0.012300354,8990,-0.004129262332571671,0.1757819503545761,0.7544638402760029,0.5293689966201782
2584,27.7539822,1428,3690496,257.03,901,0.2,0.96097731590271,0.1021728515625,-0.29266846999526025,0.0003,0.02054743,9000,-0.0035520497243851424,0.09642253071069717,0.2773569472134113,0.5266836881637573
2585,28.774184510000005,1428,3694592,261.48,902,0.2,0.9700679183006287,0.1222412109375,-0.29278760887682437,0.0003,0.019170925,9010,-0.0023778360598953443,0.018338512629270554,0.09649607758037745,0.5285468101501465
2586,28.33904741,1429,3698688,264.62,903,0.2,0.9722395539283752,0.0715576171875,-0.293695605546236,0.0003,0.0054499623,9020,-0.004259650595486164,0.0570245161652565,0.15317389834672213,0.5294027924537659
2552,29.722146800000004,1450,3702784,265.38,904,0.2,0.9465998411178589,0.1266357421875,-0.2868995860219002,0.0003,0.014925314,9030,-0.0029851795377908276,0.11112785339355469,0.4624850949272513,0.5267557501792908
2554,29.551428980000004,1451,3706880,269.82,905,0.2,0.9705330729484558,0.128125,-0.2852706328034401,0.0003,0.013497147,9040,-0.0021427247062092646,0.07797015458345413,0.3293048726394773,0.5307993292808533
2555,31.355594280000002,1452,3710976,271.09,906,0.2,0.9763910174369812,0.1694091796875,-0.281127505004406,0.0003,0.007871423,9050,0.0012329290650086478,0.06856434792280197,0.17723844842985273,0.5288301706314087
2556,31.61831619,1452,3715072,281.63,907,0.2,0.950876772403717,0.1671875,-0.2791838742792606,0.0003,0.050639197,9060,0.0028845374370575884,0.08991362154483795,0.20570998573675753,0.5297185182571411
2558,30.436907769999998,1453,3719168,284.86,908,0.2,0.93365079164505,0.124267578125,-0.28398945517838003,0.0003,0.00749093,9070,-0.0007420320922392421,0.06726087629795074,0.26886411076411604,0.5314406752586365
2559,30.324086259999998,1454,3723264,281.37,909,0.2,0.9402891993522644,0.1428955078125,-0.2868074044585228,0.0003,0.018774694,9080,-0.008278911531670019,0.12170624732971191,0.6487529762089252,0.5287566184997559
2560,29.621884240000007,1455,3727360,279.17,910,0.2,0.9653659462928772,0.11708984375,-0.28911002427339555,0.0003,0.017793376,9090,0.00024717452033655717,0.04732169210910797,0.15601400965824724,0.5305051803588867
2562,29.356469699999998,1456,3731456,277.3,911,0.2,0.9459187984466553,0.176318359375,-0.2826486773788929,0.0003,0.017580247,9100,-0.00026880167133640497,0.14822065830230713,0.8153385864570737,0.5279390215873718
2563,29.25426764,1457,3735552,275.96,912,0.2,0.9487584233283997,0.1224365234375,-0.2797816671431065,0.0003,0.013250226,9110,-0.0020764934888575226,0.12262777239084244,0.41034476961940525,0.5282498598098755
2564,27.88656672,1458,3739648,273.27,913,0.2,0.9000492095947266,0.1137939453125,-0.27829388007521627,0.0003,0.01301342,9120,-0.0038243910326855256,0.08906577527523041,0.46307133343070744,0.5278545022010803
2566,28.553868540000003,1458,3743744,274.87,914,0.2,0.9437927007675171,0.13291015625,-0.278982600197196,0.0003,0.011228602,9130,-0.0037455876008607447,0.167829230427742,0.5493173811584711,0.5294054746627808
2567,27.143969310000003,1459,3747840,270.23,915,0.2,0.9643900394439697,0.135009765625,-0.2837205853313208,0.0003,0.010641938,9140,-0.001719878742005676,0.0526171550154686,0.20042980490252377,0.5317051410675049
2568,27.035709169999997,1460,3751936,277.49,916,0.2,0.9590522646903992,0.12890625,-0.28155472241342067,0.0003,0.008412054,9150,-0.0030610744492150844,0.2125096172094345,0.684640072658658,0.5319004058837891
2570,27.574626990000002,1461,3756032,280.08,917,0.2,0.972293496131897,0.0844970703125,-0.27071729227900504,0.0003,0.007910395,9160,-0.004492158273933455,0.0631534606218338,0.21908956654369832,0.5280353426933289
2571,27.543362730000002,1462,3760128,276.78,918,0.2,0.8508648872375488,0.1493408203125,-0.2567268740385771,0.0003,0.008971048,9170,6.16797769907862e-06,0.13818824291229248,0.7782446943223477,0.525359034538269
2572,27.491597100000007,1463,3764224,281.17,919,0.2,0.8668626546859741,0.0961669921875,-0.25137397162616254,0.0003,0.01167436,9180,-0.0028479692875407634,0.09401311725378036,0.7118412563577294,0.5258904099464417
2574,28.150319760000002,1463,3768320,283.64,920,0.2,0.9729287028312683,0.127685546875,-0.2551955938339233,0.0003,0.011857934,9190,-0.0011299594480078667,0.10499786585569382,0.32414117716252805,0.5250065922737122
2575,26.36814189,1464,3772416,277.21,921,0.2,0.9512858390808105,0.1380126953125,-0.25521695204079153,0.0003,0.005190923,9200,0.0012722972285700962,0.10003625601530075,0.2930244877934456,0.525249719619751
2576,27.705940499999997,1465,3776512,285.48,922,0.2,0.9567652940750122,0.0790283203125,-0.25357879102230074,0.0003,0.0060281726,9210,-0.003816619915596675,0.24276235699653625,0.6608111683279276,0.5245925188064575
2578,27.933258780000003,1466,3780608,280.13,923,0.2,0.923396110534668,0.0947265625,-0.2552799850702286,0.0003,0.008938757,9220,-0.0014906785712810234,0.1934749037027359,0.521411181613803,0.5248101949691772
2579,27.44332026,1467,3784704,276.27,924,0.2,0.9613625407218933,0.1561279296875,-0.2587061025202274,0.0003,0.009818593,9230,0.001937689351325389,0.10268568247556686,0.38407308645546434,0.5251534581184387
2580,28.446102789999994,1468,3788800,283.4,925,0.2,0.9658654928207397,0.1580078125,-0.25822225250303743,0.0003,0.018485764,9240,0.0015046287124278023,0.05627363547682762,0.27883211048319934,0.5257153511047363
2581,28.91758908,1468,3792896,283.75,926,0.2,0.9395948052406311,0.124365234375,-0.2551432833075523,0.0003,0.025001245,9250,-0.003194883235846646,0.07106117159128189,0.2648311248980463,0.5286952257156372
2583,26.784305439999997,1469,3796992,277.22,927,0.2,0.9099932909011841,0.10380859375,-0.2567139118909836,0.0003,0.010687824,9260,-0.0019736386922886593,0.12431138008832932,0.4763723563402891,0.5274314284324646
2550,28.21000624,1490,3801088,277.54,928,0.2,0.9438403248786926,0.1134033203125,-0.2635999847203493,0.0003,0.015880719,9270,-0.0010977872734656557,0.25587180256843567,0.6779677670449018,0.5300473570823669
2551,28.302023799999994,1491,3805184,279.56,929,0.2,0.9666579365730286,0.10009765625,-0.2691564615815878,0.0003,0.012910781,9280,-0.0038512056547915564,0.10479935258626938,0.3993302550166845,0.5304660797119141
2553,27.50562026,1491,3809280,279.64,930,0.2,0.983273983001709,0.09716796875,-0.2698297627270222,0.0003,0.012028095,9290,-0.002741016529034823,0.04084031656384468,0.16250249426811933,0.5340004563331604
2554,28.311500400000003,1492,3813376,286.05,931,0.2,0.9513938426971436,0.0939208984375,-0.27638299092650415,0.0003,0.009697025,9300,-0.00323186639288906,0.13559019565582275,0.7873351765796542,0.5388938784599304
2555,28.39256689,1493,3817472,288.86,932,0.2,0.9561527967453003,0.1313720703125,-0.27734672352671624,0.0003,0.012767665,9310,0.0007177542836870998,0.09216955304145813,0.39252179954200983,0.5395126938819885
2557,28.44518296999999,1494,3821568,284.96,933,0.2,0.9521645307540894,0.09365234375,-0.2752296332269907,0.0003,0.012749385,9320,-0.003418695874279365,0.07295099645853043,0.30101115964353087,0.5388503670692444
2558,29.602709909999998,1495,3825664,282.16,934,0.2,0.9780587553977966,0.10791015625,-0.2705370899289846,0.0003,0.00975902,9330,-0.002640436589717865,0.023070070892572403,0.10355093809776009,0.538668692111969
2559,30.331224029999998,1496,3829760,280.57,935,0.2,0.9701359868049622,0.1630615234375,-0.26754796877503395,0.0003,0.01079604,9340,-0.0005213703945628368,0.15892305970191956,0.3767036622390151,0.5418564677238464
2561,27.711974230000006,1496,3833856,264.6,936,0.2,0.97444748878479,0.1072265625,-0.26376814357936385,0.0003,0.017881427,9350,-0.0013643340877024456,0.07162396609783173,0.22513257879763843,0.5363108515739441
2562,27.442489229999996,1497,3837952,260.83,937,0.2,0.9501798152923584,0.1514892578125,-0.2589760858565569,0.0003,0.025226712,9360,-0.003623421266092919,0.20427480340003967,0.7723553244024515,0.5343825817108154
2563,27.97285561999999,1498,3842048,260.01,938,0.2,0.9434717297554016,0.090966796875,-0.2641820766031742,0.0003,0.013464218,9370,-0.0034114421388949266,0.13971160352230072,0.7772415187209845,0.5327837467193604
2565,26.372446460000006,1499,3846144,251.8,939,0.2,0.9621928930282593,0.104638671875,-0.2583488658070564,0.0003,0.01957829,9380,-0.005498884385451675,0.08109913766384125,0.24404863063246013,0.5252875089645386
2566,26.15810586,1500,3850240,250.14,940,0.2,0.9711368083953857,0.1287109375,-0.2461410615593195,0.0003,0.015805218,9390,-0.004605679246014916,0.048701249063014984,0.2144330562092364,0.5214998722076416
2567,26.23245188,1501,3854336,252.04,941,0.2,0.9801679849624634,0.1006591796875,-0.2468357253819704,0.0003,0.012437559,9400,-0.0019154462730512022,0.07441812753677368,0.27423882503062486,0.5208801627159119
2568,27.373416940000006,1501,3858432,262.22,942,0.2,0.9743794202804565,0.1439208984375,-0.24143302179872989,0.0003,0.013012231,9410,-0.0046367344097234305,0.10973792523145676,0.42071378249675034,0.5211559534072876
2570,27.103321960000002,1502,3862528,260.26,943,0.2,0.9828934669494629,0.114306640625,-0.23983598984777926,0.0003,0.007155763,9420,-0.0013514816906535997,0.036144427955150604,0.1776398944668472,0.5221146941184998
2571,26.595937640000002,1503,3866624,261.18,944,0.2,0.875148594379425,0.1227294921875,-0.2375454843044281,0.0003,0.008950952,9430,-0.0041464804933639245,0.356182724237442,1.3343891128897667,0.5219143629074097
2572,27.535546359999998,1504,3870720,265.55,945,0.2,0.9439979195594788,0.1201171875,-0.22926095128059387,0.0003,0.009140784,9440,-0.006073763518361375,0.10143917053937912,0.5381318863481284,0.5203456282615662
2574,28.10692869,1505,3874816,269.24,946,0.2,0.9537732005119324,0.1007080078125,-0.22871533520519732,0.0003,0.015356738,9450,-0.005770358108566143,0.06379520148038864,0.22379030492156743,0.5239291787147522
2575,27.518831799999994,1506,3878912,268.52,947,0.2,0.946414053440094,0.0877685546875,-0.23401633501052857,0.0003,0.009452836,9460,-0.004787374212173745,0.26345425844192505,0.5693143112584949,0.521772563457489
2576,26.276758069999996,1507,3883008,261.86,948,0.2,0.9195610284805298,0.0819580078125,-0.2397664174437523,0.0003,0.007124756,9470,-0.0037881121650571005,0.4876680076122284,0.8453341946005821,0.5242579579353333
2577,25.915027430000006,1507,3887104,256.36,949,0.2,0.9791682958602905,0.1164306640625,-0.24386113844811916,0.0003,0.013593126,9480,-0.005316988512640819,0.06090907007455826,0.3210961868986487,0.5236139893531799
2579,26.666010609999994,1508,3891200,258.2,950,0.2,0.9196920394897461,0.12666015625,-0.24299927651882172,0.0003,0.020354053,9490,-0.0012059926768415608,0.613280713558197,1.1380946643650531,0.5242626070976257
2580,25.60315803,1509,3895296,248.31,951,0.2,0.964432954788208,0.1357421875,-0.24572650603950025,0.0003,0.027109986,9500,0.0019982858590083196,0.06615669280290604,0.2674889043904841,0.5257849097251892
2581,25.503209040000005,1510,3899392,250.08,952,0.2,0.9729076027870178,0.149609375,-0.24455086477100849,0.0003,0.011424828,9510,-0.0020165505891782233,0.10684796422719955,0.3195975054055452,0.5226896405220032
2552,25.22773676,1529,3903488,255.53,953,0.2,0.9742485284805298,0.1860595703125,-0.24080490469932556,0.0003,0.0079611195,9520,0.002698732269345783,0.12966401875019073,0.37022646255791186,0.5233578085899353
2553,25.993273430000002,1530,3907584,259.58,954,0.2,0.9439374208450317,0.13212890625,-0.2507872451096773,0.0003,0.008978089,9530,-0.0016312874795403332,0.19714777171611786,0.8082198761403561,0.527365505695343
2554,26.948891100000004,1531,3911680,260.28,955,0.2,0.9311720728874207,0.0958984375,-0.265666189789772,0.0003,0.010237613,9540,-0.0018500737234717235,0.38619041442871094,0.9952040702104569,0.5305557250976562
2555,26.765110809999996,1532,3915776,264.99,956,0.2,0.9569360613822937,0.163720703125,-0.27712485902011397,0.0003,0.06190092,9550,0.00023545993899460883,0.35440245270729065,0.5517691241577267,0.5291350483894348
2557,26.562040510000003,1532,3919872,267.13,957,0.2,0.9521968364715576,0.11337890625,-0.2726436428725719,0.0003,0.008653443,9560,-0.003450971101119649,0.1911591738462448,0.5779660299420357,0.5293105244636536
2558,25.71109084,1533,3923968,265.87,958,0.2,0.9696138501167297,0.1820068359375,-0.26941640190780164,0.0003,0.02905741,9570,0.001722208660794422,0.14554235339164734,0.46147158928215504,0.5283875465393066
2559,26.657044920000004,1534,3928064,264.69,959,0.2,0.9772772789001465,0.135205078125,-0.2713977791368961,0.0003,0.015053541,9580,-0.002214089906192385,0.1397477388381958,0.38405073881149293,0.5292285084724426
2560,26.44234768,1535,3932160,261.45,960,0.2,0.9425874948501587,0.141650390625,-0.26460415571928025,0.0003,0.014476705,9590,-0.004770897113485262,0.06370169669389725,0.18987153116613625,0.5273681879043579
2562,26.27531838,1536,3936256,260.6,961,0.2,0.9679131507873535,0.1142578125,-0.2524927083402872,0.0003,0.017154805,9600,-0.004311260020767804,0.1223926693201065,0.460932326503098,0.527834951877594
2563,25.005331929999997,1537,3940352,255.16,962,0.2,0.9526247978210449,0.1236083984375,-0.2505133181810379,0.0003,0.016971344,9610,-0.005777242239855695,0.1326499879360199,0.5684598973020911,0.5259756445884705
2564,24.826741000000002,1537,3944448,255.93,963,0.2,0.9246890544891357,0.1342041015625,-0.24919210746884346,0.0003,0.010357656,9620,-0.001034731010440737,0.11077690869569778,0.6309179916977883,0.5267574787139893
2566,24.62942401,1538,3948544,255.26,964,0.2,0.927344024181366,0.128271484375,-0.2564800251275301,0.0003,0.02446633,9630,-0.004585304133070167,0.11622291058301926,0.5341232081875205,0.5286933183670044
2567,24.4931197,1539,3952640,256.94,965,0.2,0.9479089975357056,0.1149658203125,-0.2603547483682632,0.0003,0.0153051,9640,-0.0024706436204724016,0.28876248002052307,0.8453014243394137,0.5270528793334961
2568,24.739401349999998,1540,3956736,249.87,966,0.2,0.8985401391983032,0.0777099609375,-0.24804811775684357,0.0003,0.005317513,9650,-0.0029174256429541855,0.24404199421405792,0.9834259688854218,0.5204678773880005
2569,25.30512479,1541,3960832,254.84,967,0.2,0.9708048701286316,0.1303955078125,-0.22984015978872777,0.0003,0.009845175,9660,-5.5676524061709644e-05,0.05498764291405678,0.2075962208211422,0.5231200456619263
2571,26.66989075,1542,3964928,261.7,968,0.2,0.94016033411026,0.068212890625,-0.21403218489140272,0.0003,0.010048589,9670,-0.0008626166760222987,0.1006452888250351,0.3422254292294383,0.5167577266693115
2572,26.28179736,1543,3969024,264.13,969,0.2,0.9586641192436218,0.08349609375,-0.19844107031822206,0.0003,0.01729559,9680,-0.004905126793892123,0.1188851073384285,0.43918582536280154,0.5172013640403748
2573,26.89217219,1543,3973120,269.44,970,0.2,0.9511764645576477,0.1428955078125,-0.20189813934266568,0.0003,0.009058467,9690,0.0009306766034569592,0.09044180065393448,0.4208144448697567,0.5204199552536011
2574,28.135805309999995,1544,3977216,275.0,971,0.2,0.9448434710502625,0.111572265625,-0.2002189164981246,0.0003,0.0183361,9700,-0.004416875983588397,0.10508402436971664,0.4283576650545001,0.5183353424072266
2575,27.27836392,1545,3981312,270.86,972,0.2,0.9514162540435791,0.11865234375,-0.19549501426517962,0.0003,0.018483648,9710,-0.0035047849087277427,0.4100770950317383,0.720145633071661,0.5203508734703064
2577,27.10538657,1546,3985408,276.5,973,0.2,0.9416601061820984,0.141015625,-0.2022296365350485,0.0003,0.018083943,9720,-0.0010892333084484562,0.10523344576358795,0.414023207873106,0.520598292350769
2578,26.324930870000003,1547,3989504,275.06,974,0.2,0.9574583768844604,0.120361328125,-0.20250009298324584,0.0003,0.0071798177,9730,-0.0022215936274733394,0.12684117257595062,0.3341834504157305,0.5252396464347839
2579,27.07200324,1548,3993600,272.8,975,0.2,0.899650514125824,0.1388916015625,-0.19760603681206704,0.0003,0.01766634,9740,0.0006662162108113989,0.2018401175737381,1.0840696953237057,0.5216920375823975
2580,28.02813369,1548,3997696,272.55,976,0.2,0.9636692404747009,0.1044921875,-0.20105468593537806,0.0003,0.011744553,9750,-0.003965524965315126,0.07085344195365906,0.320605312846601,0.5242646336555481
2552,27.433334410000008,1567,4001792,266.89,977,0.2,0.9607937932014465,0.1142578125,-0.2058794729411602,0.0003,0.011922568,9760,-0.005346810763876419,0.055401939898729324,0.255206657666713,0.5249186754226685
