time/iterations,time/fps,time/time_elapsed,time/total_timesteps,train/approx_kl,rollout/ep_len_mean,train/policy_gradient_loss,rollout/ep_rew_mean,train/clip_range,train/entropy_loss,train/loss,train/n_updates,train/explained_variance,train/std,train/learning_rate,train/value_loss,train/clip_fraction
1,5232,0,4096,,,,,,,,,,,,,
2,4521,1,8192,0.0042202235,672.5,-0.004069726134184748,-74.98656175,0.2,-2.831332877278328,0.21184517443180084,10,-0.05431222915649414,0.9923954606056213,0.0003,1.0746470905840397,0.0230712890625
3,4546,2,12288,0.0051615518,667.6666666666666,-0.002889629968558438,-73.78264766666668,0.2,-2.823381769657135,0.17412681877613068,20,0.11253535747528076,0.9946907758712769,0.0003,0.9840990841388703,0.015234375
4,4525,3,16384,0.004934934,735.7647058823529,-0.0036994454538216816,-76.44761547058823,0.2,-2.822915053367615,0.11828845739364624,30,0.3551814556121826,0.9880446195602417,0.0003,0.5980653932318092,0.0237548828125
5,4557,4,20480,0.0050394945,761.695652173913,-0.00325642058160156,-78.10703173913043,0.2,-2.807124450802803,0.12599267065525055,40,0.33463621139526367,0.9795035123825073,0.0003,0.6131097543984652,0.02451171875
6,4570,5,24576,0.0076429415,766.0357142857143,-0.005558078948524781,-75.57842121428571,0.2,-2.787194037437439,0.07165102660655975,50,0.049282729625701904,0.9687119722366333,0.0003,0.36123602632433177,0.0452880859375
7,4645,6,28672,0.0064853216,789.3225806451613,-0.004468854047809145,-75.91416525806451,0.2,-2.7710168033838274,0.3216552138328552,60,0.17908746004104614,0.9650079011917114,0.0003,1.0021835267543793,0.041357421875
8,4671,7,32768,0.008752482,798.8888888888889,-0.007646816357737407,-76.55139600000001,0.2,-2.762064689397812,0.057595450431108475,70,0.5000230073928833,0.959615170955658,0.0003,0.28589684534817933,0.0667724609375
9,4672,7,36864,0.008614194,802.5116279069767,-0.011154258251190185,-73.3348421627907,0.2,-2.741787385940552,0.05376990884542465,80,0.5248162150382996,0.9444350004196167,0.0003,0.16327516501769423,0.1039794921875
10,4633,8,40960,0.00784014,801.9347826086956,-0.0086570863815723,-71.67557310869566,0.2,-2.7091971814632414,0.03545007109642029,90,0.48735737800598145,0.9308762550354004,0.0003,0.16584911094978452,0.08720703125
11,4651,9,45056,0.005339572,809.5192307692307,-0.005168901779688895,-70.69736838461537,0.2,-2.686168757081032,0.11254929006099701,100,0.3697093725204468,0.9239310622215271,0.0003,0.3828553058207035,0.033740234375
12,4647,10,49152,0.0070318533,803.8421052631579,-0.006712358133518137,-68.951696,0.2,-2.667568174004555,0.08649137616157532,110,0.5049855709075928,0.9122298359870911,0.0003,0.26962783746421337,0.0698486328125
13,4681,11,53248,0.0073307087,807.0819672131148,-0.006752613408025354,-67.94503767213115,0.2,-2.6450593739748003,0.08387701213359833,120,0.5038614273071289,0.904312252998352,0.0003,0.35783469043672084,0.0678955078125
14,4707,12,57344,0.006218984,812.9090909090909,-0.00844203247106634,-66.8706852121212,0.2,-2.6274111032485963,0.0593002587556839,130,0.7158435583114624,0.8959927558898926,0.0003,0.1981984581798315,0.0651611328125
15,4714,13,61440,0.0038056376,821.2753623188406,-0.0028580474681803025,-66.69250785507246,0.2,-2.611175385117531,0.12324241548776627,140,0.5094336271286011,0.8890186548233032,0.0003,0.4949648190289736,0.0298095703125
16,4689,13,65536,0.007923225,830.7162162162163,-0.00977646385144908,-65.44046562162163,0.2,-2.592420053482056,0.16145677864551544,150,0.7637513875961304,0.8799726963043213,0.0003,0.35749574676156043,0.0901611328125
17,4705,14,69632,0.006640153,839.6666666666666,-0.0085829752671998,-64.82912876923078,0.2,-2.56982978284359,0.13837602734565735,160,0.7893356680870056,0.8696906566619873,0.0003,0.3324771150946617,0.0677978515625
18,4696,15,73728,0.00601794,839.8452380952381,-0.007504876184975728,-62.46716397619046,0.2,-2.542066842317581,0.05645836144685745,170,0.7732672691345215,0.8555372953414917,0.0003,0.21272197980433702,0.0620361328125
19,4670,16,77824,0.007048228,837.7977528089888,-0.0056547473242972044,-61.600942325842695,0.2,-2.5165157467126846,0.105888731777668,180,0.8006374835968018,0.8477652668952942,0.0003,0.33203568793833255,0.0584228515625
20,4650,17,81920,0.00595131,839.7391304347826,-0.006200647923105862,-60.50053231521739,0.2,-2.4965490967035295,0.14776334166526794,190,0.7936215996742249,0.8382974863052368,0.0003,0.5070324432104826,0.0465576171875
21,4649,18,86016,0.00520971,838.1458333333334,-0.008517146520898678,-59.694207010416655,0.2,-2.4778056681156158,0.14473459124565125,200,0.8218523859977722,0.8328821063041687,0.0003,0.4289714232087135,0.064453125
22,4642,19,90112,0.0053586923,855.65,-0.0049841553227452096,-59.80546182999999,0.2,-2.4655568271875383,0.21231073141098022,210,0.8385758399963379,0.8283027410507202,0.0003,0.494002965092659,0.032958984375
23,4630,20,94208,0.0076515954,866.45,-0.006021695741219446,-59.40793500999999,0.2,-2.4544452905654905,0.13147029280662537,220,0.845392107963562,0.8223223686218262,0.0003,0.441432074829936,0.0585205078125
24,4633,21,98304,0.006443532,890.85,-0.004295964539051056,-57.01434879000001,0.2,-2.4346727222204207,0.2761058509349823,230,0.7936854362487793,0.8128402233123779,0.0003,0.6257380902767181,0.0341796875
25,955,107,102400,0.008093994,895.62,-0.006198285112623126,-55.93516955999999,0.2,-2.4174911439418794,0.10774943232536316,240,0.922907292842865,0.8094286918640137,0.0003,0.3568830229341984,0.05625
26,982,108,106496,0.007269964,891.78,-0.005782861012266949,-51.76538286,0.2,-2.408925950527191,0.21903502941131592,250,0.9120370149612427,0.8057278394699097,0.0003,0.5588782377541065,0.0532958984375
27,1010,109,110592,0.0041456213,895.82,-0.004669984632346314,-50.584868580000006,0.2,-2.396684730052948,0.2578063905239105,260,0.8977756500244141,0.7979249358177185,0.0003,0.69193844050169,0.0318603515625
28,1037,110,114688,0.0030201916,907.37,-0.002158788985980209,-48.974939729999996,0.2,-2.381364607810974,0.22983184456825256,270,0.34188103675842285,0.7952728271484375,0.0003,3.292896056547761,0.024853515625
29,1062,111,118784,0.006301644,897.79,-0.006534342940722126,-45.717840310000014,0.2,-2.3700988352298737,0.15494900941848755,280,0.7729630470275879,0.7876510620117188,0.0003,0.37750457897782325,0.06123046875
30,1087,112,122880,0.005814435,887.08,-0.006715345999691635,-41.267623060000005,0.2,-2.3470321148633957,0.13817034661769867,290,0.8230507373809814,0.7772914171218872,0.0003,0.3788738641887903,0.054736328125
31,1112,114,126976,0.0036234227,890.62,-0.0014920196757884697,-40.11008526,0.2,-2.3250973373651505,2.4644618034362793,300,0.3452807068824768,0.7704788446426392,0.0003,6.348509268462658,0.0329833984375
32,1136,115,131072,0.004663109,894.42,-0.0021157604704058032,-39.25584098,0.2,-2.3111729264259337,0.9689068794250488,310,0.7063921093940735,0.7666568756103516,0.0003,3.305179560929537,0.030517578125
33,1158,116,135168,0.0027732379,890.12,-0.001914401724934578,-36.51300183000001,0.2,-2.3042405426502226,2.4067370891571045,320,0.6238530874252319,0.7659496665000916,0.0003,6.155314609408379,0.0179443359375
34,1179,118,139264,0.0043945904,891.92,-0.0021174763824092224,-37.09358955,0.2,-2.3046966940164566,0.6434661746025085,330,0.5654126405715942,0.7668097615242004,0.0003,4.358048827946186,0.019189453125
35,1200,119,143360,0.0041893623,897.49,-0.004803349162102677,-35.07606660999999,0.2,-2.3055966973304747,0.34298649430274963,340,0.7989130616188049,0.7662258148193359,0.0003,0.8112745299935341,0.03408203125
36,1223,120,147456,0.0076215714,885.29,-0.003135022846981883,-32.486036989999995,0.2,-2.3061823934316634,2.372408866882324,350,0.32518142461776733,0.7678543329238892,0.0003,8.634068596363068,0.031884765625
37,1244,121,151552,0.0030160504,889.11,-0.003586766042280942,-31.403105289999996,0.2,-2.308163818717003,4.123575687408447,360,0.2935805916786194,0.7670109272003174,0.0003,6.1037107586860655,0.020556640625
38,1265,123,155648,0.0042663906,879.73,-0.004156313370913267,-28.72835533,0.2,-2.305241957306862,0.5964255928993225,370,0.6980351209640503,0.7654874324798584,0.0003,3.049837735295296,0.02451171875
39,1285,124,159744,0.004899202,869.86,-0.002059597824700177,-26.898410480000003,0.2,-2.3022414416074755,5.003649711608887,380,0.41073518991470337,0.7651609182357788,0.0003,8.201704877614976,0.0114501953125
40,1306,125,163840,0.0034493366,866.38,-0.0015819711523363366,-25.039000389999998,0.2,-2.299057403206825,2.7434604167938232,390,0.47720640897750854,0.7620882987976074,0.0003,7.511251789331436,0.0109375
41,1327,126,167936,0.0046032825,856.68,-0.001583566193585284,-24.180278850000004,0.2,-2.288833263516426,7.68953800201416,400,0.4540407657623291,0.7583121061325073,0.0003,9.928173470497132,0.0200927734375
42,1348,127,172032,0.004076006,838.28,-0.003028492561134044,-19.70466362,0.2,-2.2780169546604156,2.0497195720672607,410,0.6499024629592896,0.7528027296066284,0.0003,4.89563508182764,0.019775390625
43,1368,128,176128,0.003531319,830.93,-0.00199127768719336,-20.18797325,0.2,-2.266011878848076,4.150175094604492,420,0.6295119524002075,0.750511884689331,0.0003,10.350369900465012,0.0093505859375
44,1387,129,180224,0.0031637189,820.78,-0.003500335750868544,-17.75610899,0.2,-2.264413630962372,1.3725930452346802,430,0.764588475227356,0.7516431212425232,0.0003,4.714190493524074,0.01513671875
45,1408,130,184320,0.002377748,813.26,-0.0022133197213406674,-16.01300178,0.2,-2.2637046337127686,6.439855575561523,440,0.5297648310661316,0.7486811876296997,0.0003,9.932186645269393,0.028515625
46,1427,132,188416,0.0053859283,797.34,-0.003958076331764459,-12.959706630000001,0.2,-2.252693769335747,1.5688847303390503,450,0.4307307004928589,0.7439309358596802,0.0003,5.515599483251572,0.048681640625
47,1446,133,192512,0.004403431,776.98,-0.003304337080771802,-10.996792920000003,0.2,-2.2425958275794984,3.102482318878174,460,0.5697594285011292,0.7415857315063477,0.0003,9.704591751098633,0.02978515625
48,1464,134,196608,0.004366123,767.35,-0.002289269378525205,-9.184512119999999,0.2,-2.2353595972061155,2.895604372024536,470,0.7605555057525635,0.738737940788269,0.0003,6.002940610051155,0.0261474609375
49,890,225,200704,0.002591649,766.18,-0.0012474828050471841,-8.30739348,0.2,-2.231430542469025,3.295513868331909,480,0.6160959005355835,0.739686131477356,0.0003,7.580352321267128,0.00673828125
50,902,226,204800,0.0036998885,761.87,-0.0042408863824675794,-6.626053290000001,0.2,-2.2291653573513033,1.3968122005462646,490,0.7408105134963989,0.7350165843963623,0.0003,3.7828490793704987,0.03935546875
51,915,228,208896,0.0041491003,757.72,-0.0034248674412083345,-5.186619239999999,0.2,-2.2178299576044083,2.367302894592285,500,0.6712801456451416,0.7330276966094971,0.0003,7.247904744744301,0.032861328125
52,928,229,212992,0.0057149064,767.19,-0.003050597677065525,-4.813410259999999,0.2,-2.2146773487329483,2.016425132751465,510,0.7933206558227539,0.732288658618927,0.0003,5.453154733777046,0.0380126953125
53,940,230,217088,0.0029502776,760.41,-0.0026669859274988995,-3.3281539399999995,0.2,-2.2102138727903364,2.1154980659484863,520,0.6886261105537415,0.7292869687080383,0.0003,5.659551894664764,0.01591796875
54,952,232,221184,0.0019236514,765.75,-0.0015869288326939568,-4.25596698,0.2,-2.203830662369728,2.149617910385132,530,0.8497756719589233,0.7280376553535461,0.0003,5.065691551566124,0.0085205078125
55,965,233,225280,0.004396016,743.86,-0.0023559467546874656,-1.5325376900000007,0.2,-2.2027304470539093,2.191617965698242,540,0.7817896604537964,0.7284578084945679,0.0003,4.4780030131340025,0.0277099609375
56,978,234,229376,0.0034276233,737.03,-0.0030573200434446334,-0.8932645000000007,0.2,-2.2040431559085847,3.5397450923919678,550,0.7219278812408447,0.7290153503417969,0.0003,6.489411866664886,0.018408203125
57,990,235,233472,0.0052127405,737.15,-0.004808345869241748,0.44939701,0.2,-2.2021729409694673,2.3504600524902344,560,0.6868708729743958,0.7261368036270142,0.0003,4.708769750595093,0.03505859375
58,1002,236,237568,0.005981515,742.37,-0.004423357380437665,-0.5343368600000004,0.2,-2.1956495732069015,2.608999729156494,570,0.7048795223236084,0.725793719291687,0.0003,5.698798736929893,0.037353515625
59,1014,238,241664,0.0021354894,747.61,-0.0017183326504891737,-1.40841291,0.2,-2.1935317873954774,1.725976824760437,580,0.725680410861969,0.7236080765724182,0.0003,3.509340637922287,0.015625
60,1026,239,245760,0.0055747833,721.67,-0.002428259371663444,0.4865022899999997,0.2,-2.1884945333004,2.8837180137634277,590,0.9019455909729004,0.7225706577301025,0.0003,4.748783004283905,0.0160400390625
61,1038,240,249856,0.00477148,721.03,-0.0029251576692331583,2.171457939999999,0.2,-2.1848303467035293,1.456458330154419,600,0.8908900618553162,0.7207473516464233,0.0003,4.335393670201301,0.025146484375
62,1049,241,253952,0.0045112967,712.08,-0.0027045419730711727,-0.7227725000000005,0.2,-2.181369698047638,1.9925910234451294,610,0.8913005590438843,0.7205753326416016,0.0003,6.408298617601394,0.028369140625
63,1060,243,258048,0.003486021,708.17,-0.0029245259749586692,-2.5270488999999996,0.2,-2.179861009120941,2.2624013423919678,620,0.8373493552207947,0.7191178798675537,0.0003,5.941351196169853,0.0171875
64,1072,244,262144,0.0049269153,726.39,-0.0039533135524834504,-4.68420173,0.2,-2.1769195765256883,2.064743995666504,630,0.8778263926506042,0.7185724973678589,0.0003,4.358217406272888,0.020703125
65,1084,245,266240,0.007924222,729.12,-0.0031110603580600583,-4.04540833,0.2,-2.1746929466724394,2.4032082557678223,640,0.8829594850540161,0.7172195911407471,0.0003,5.113290169835091,0.035693359375
66,1095,246,270336,0.0029528742,731.17,-0.0031376865983475,-3.7540371899999996,0.2,-2.1714850455522536,1.1571022272109985,650,0.8784379959106445,0.716052770614624,0.0003,2.834113809466362,0.026513671875
67,1106,248,274432,0.002491733,721.15,-0.002585762139642611,-4.017673919999999,0.2,-2.165646380186081,1.7351826429367065,660,0.8702813386917114,0.7130202651023865,0.0003,4.165878054499626,0.01640625
68,1117,249,278528,0.0067553474,729.47,-0.002925762215454597,-8.39320432,0.2,-2.159654286503792,0.9562628865242004,670,0.955213725566864,0.7120625972747803,0.0003,2.63028234988451,0.027783203125
69,1128,250,282624,0.0035583945,735.13,-0.0022904334211489184,-10.401512630000003,0.2,-2.1563010424375535,1.4569103717803955,680,0.9179471731185913,0.7102342844009399,0.0003,3.6166591167449953,0.0176513671875
70,1140,251,286720,0.0046685897,725.21,-0.0028280388738494366,-9.241392229999997,0.2,-2.1482638657093047,2.0731494426727295,690,0.9236422181129456,0.7064074873924255,0.0003,5.25010469853878,0.0375732421875
71,1150,252,290816,0.0017185769,713.8,-0.0029353567166253924,-9.557967139999999,0.2,-2.1413379997015,2.66642427444458,700,0.8704981803894043,0.7061232328414917,0.0003,5.93548151254654,0.0164794921875
72,1161,253,294912,0.0038343885,709.49,-0.004105342279945035,-9.64582777,0.2,-2.1371478527784347,1.423107385635376,710,0.9160271286964417,0.7017070651054382,0.0003,4.021985054016113,0.0482177734375
73,1172,255,299008,0.0055300817,710.92,-0.0034850300115067514,-11.627364550000003,0.2,-2.1227623522281647,1.4629898071289062,720,0.9374181628227234,0.696772038936615,0.0003,3.879520055651665,0.038330078125
74,869,348,303104,0.0034868112,697.06,-0.002746384878992103,-11.355965939999999,0.2,-2.1128645449876786,2.604219913482666,730,0.8733822703361511,0.6957995891571045,0.0003,5.47324021756649,0.017578125
75,878,349,307200,0.0044666408,704.31,-0.0028685931582003834,-13.55890363,0.2,-2.110385516285896,0.874914288520813,740,0.9494937658309937,0.6943559050559998,0.0003,3.136466458439827,0.025439453125
76,887,350,311296,0.0072894907,704.31,-0.004781144652224611,-12.051329959999997,0.2,-2.1043801456689835,1.74968421459198,750,0.9432859420776367,0.6915215253829956,0.0003,3.947013208270073,0.03984375
77,895,352,315392,0.0036849622,698.57,-0.004284975811606273,-11.354791370000001,0.2,-2.0940773516893385,2.513192653656006,760,0.8637200593948364,0.6874772310256958,0.0003,5.283568811416626,0.050048828125
78,904,353,319488,0.0036658815,712.06,-0.003828801964118611,-12.756758730000001,0.2,-2.0866166919469835,2.095552682876587,770,0.918034553527832,0.6869088411331177,0.0003,4.930211961269379,0.03203125
79,912,354,323584,0.005473231,716.92,-0.003797931520966813,-15.133784640000002,0.2,-2.0844301760196684,1.047562599182129,780,0.9482828974723816,0.6855993866920471,0.0003,3.408564431965351,0.05888671875
80,920,355,327680,0.0027609016,722.81,-0.0027802790456917135,-16.761695030000002,0.2,-2.082143411040306,1.330485224723816,790,0.9495624303817749,0.6855244040489197,0.0003,4.296220660209656,0.03388671875
81,927,357,331776,0.0038903689,711.76,-0.003630143593181856,-14.09581194,0.2,-2.0788623839616776,1.0796916484832764,800,0.9473824501037598,0.6823909282684326,0.0003,3.041814474761486,0.0287841796875
82,935,359,335872,0.0046619475,714.66,-0.0045546692243078725,-15.365154740000001,0.2,-2.0708153426647185,2.3216166496276855,810,0.9505027532577515,0.6810644268989563,0.0003,5.729667592048645,0.0408203125
83,943,360,339968,0.0042635775,713.5,-0.0036836405139183625,-16.313372289999997,0.2,-2.064796417951584,1.154809594154358,820,0.9428697228431702,0.6769683361053467,0.0003,3.805172634124756,0.0219970703125
84,951,361,344064,0.0028411676,709.92,-0.0023194538458483293,-16.78372921,0.2,-2.050399565696716,0.996640145778656,830,0.953222930431366,0.67226243019104,0.0003,3.1084962874650954,0.026904296875
85,960,362,348160,0.007307614,689.9,-0.004976010182872415,-11.710407519999999,0.2,-2.0409583359956742,0.8439056277275085,840,0.9394009709358215,0.6709929704666138,0.0003,2.3075380504131315,0.0468017578125
86,968,363,352256,0.007583851,666.23,-0.004282287627574988,-7.587340659999998,0.2,-2.03836033642292,0.9039918184280396,850,0.9243690967559814,0.6706781387329102,0.0003,3.1419582068920135,0.0764404296875
87,976,364,356352,0.0038819048,663.21,-0.0021704351383959875,-6.7177751899999985,0.2,-2.039910265803337,0.9321588277816772,860,0.9630724191665649,0.6717460751533508,0.0003,2.223109647631645,0.0244384765625
88,984,366,360448,0.00333417,676.45,-0.004743522513308562,-6.7209872200000005,0.2,-2.0369049459695816,1.4887385368347168,870,0.9579619765281677,0.6680700778961182,0.0003,3.3564833477139473,0.0418212890625
89,991,367,364544,0.004649351,684.77,-0.00348238785227295,-8.105143769999998,0.2,-2.0327460736036302,0.5931336283683777,880,0.9726969599723816,0.6692769527435303,0.0003,1.7817739322781563,0.04443359375
90,999,368,368640,0.0057071773,694.33,-0.00491547463752795,-8.554757949999999,0.2,-2.030510327219963,0.4400651752948761,890,0.9850422143936157,0.6659379005432129,0.0003,1.1313904128968715,0.0436767578125
91,1007,370,372736,0.0026721647,693.63,-0.002814292479888536,-7.12613728,0.2,-2.021732786297798,1.6123497486114502,900,0.9637734293937683,0.6640070676803589,0.0003,3.72616830766201,0.0254638671875
92,1014,371,376832,0.0045869285,685.14,-0.003419498669973109,-6.37926458,0.2,-2.014407220482826,1.665871024131775,910,0.9521793723106384,0.6602188944816589,0.0003,3.5421613976359367,0.035986328125
93,1022,372,380928,0.0048962254,697.11,-0.0031766886910190805,-9.4594361,0.2,-2.001158019900322,0.9309859275817871,920,0.9697760939598083,0.6557227373123169,0.0003,2.5635429501533507,0.0339599609375
94,1029,373,385024,0.0038540412,699.0,-0.0032708231738070026,-11.80820044,0.2,-1.9875238358974456,0.8564480543136597,930,0.9732862710952759,0.6510988473892212,0.0003,2.3170259594917297,0.026708984375
95,1037,375,389120,0.0046262117,697.94,-0.003396129308384843,-10.232900409999997,0.2,-1.9768290728330613,1.7921006679534912,940,0.9441428184509277,0.6488513946533203,0.0003,3.698852464556694,0.03359375
96,1044,376,393216,0.0064870715,688.69,-0.005329996818909421,-8.39057555,0.2,-1.974242663383484,2.055025577545166,950,0.9267125725746155,0.6508334875106812,0.0003,5.775958147644997,0.0429931640625
97,1052,377,397312,0.0040770783,680.18,-0.0034641670587006955,-6.509743899999998,0.2,-1.974683839082718,0.7851266264915466,960,0.9763644933700562,0.6469608545303345,0.0003,1.9368430957198144,0.0296142578125
98,861,465,401408,0.005134343,660.79,-0.005084893887396902,-3.13167928,0.2,-1.9613035932183265,0.9792598485946655,970,0.9450057148933411,0.6434508562088013,0.0003,3.3146241322159766,0.0572265625
99,868,467,405504,0.0034112395,650.86,-0.003871308485395275,-1.6625185800000013,0.2,-1.9555580377578736,1.746200680732727,980,0.926572859287262,0.6437056660652161,0.0003,3.3033467799425127,0.0309814453125
100,874,468,409600,0.0041699028,650.16,-0.001919976033968851,-3.0026462000000005,0.2,-1.9517064824700356,1.1545816659927368,990,0.967531681060791,0.6396743655204773,0.0003,3.7532653123140336,0.0169677734375
101,881,469,413696,0.004727567,652.29,-0.002316427066398319,-3.41763558,0.2,-1.9367789596319198,0.9932202696800232,1000,0.9689949154853821,0.6351050138473511,0.0003,2.5662098199129106,0.0342529296875
102,888,470,417792,0.00398211,667.2,-0.0024525556509615853,-4.363659049999999,0.2,-1.930749598145485,2.5401275157928467,1010,0.7453161478042603,0.6367691159248352,0.0003,7.2211488544940945,0.0242919921875
103,894,471,421888,0.003998885,675.44,-0.003909882114385255,-4.252825369999999,0.2,-1.9286270499229432,1.5772343873977661,1020,0.7945910096168518,0.6324509382247925,0.0003,5.91423237323761,0.03994140625
104,901,472,425984,0.0053009116,663.19,-0.003933060244162334,-3.7980410200000008,0.2,-1.9173273354768754,1.3049677610397339,1030,0.9402560591697693,0.6310076713562012,0.0003,3.0356606140732767,0.0526611328125
105,907,474,430080,0.0049178908,660.61,-0.003348212735727429,-2.601971109999999,0.2,-1.9139416962862015,0.8278890252113342,1040,0.9718273878097534,0.629921555519104,0.0003,2.4907848343253134,0.040869140625
106,913,475,434176,0.0076637305,671.94,-0.0028839250735472888,-6.340527449999999,0.2,-1.9108181282877923,1.2535581588745117,1050,0.9390952587127686,0.6297863125801086,0.0003,3.675826770067215,0.0542236328125
107,919,476,438272,0.0082539935,661.43,-0.004143593774642795,-5.378422779999998,0.2,-1.9118960618972778,1.142512559890747,1060,0.9288962483406067,0.630818247795105,0.0003,3.4522312372922896,0.0486083984375
108,926,477,442368,0.00787976,671.42,-0.004526676353998482,-4.697846109999997,0.2,-1.9226627603173256,0.8522589802742004,1070,0.969685435295105,0.63663649559021,0.0003,2.8114204823970796,0.0633056640625
109,932,478,446464,0.005683581,643.37,-0.00146935262309853,0.3214446200000002,0.2,-1.929829603433609,1.5056507587432861,1080,0.9005376696586609,0.6332494020462036,0.0003,4.293535655736923,0.0634033203125
110,938,479,450560,0.0047400487,649.52,-0.0032333426090190185,0.88363049,0.2,-1.9202357575297355,1.0156519412994385,1090,0.9388169646263123,0.631946325302124,0.0003,2.9416101306676863,0.0291748046875
111,944,481,454656,0.0052240584,653.66,-0.0029833920430974103,-2.723366969999999,0.2,-1.9212808087468147,1.0544488430023193,1100,0.9482958912849426,0.6350212693214417,0.0003,3.3374279499053956,0.029931640625
112,950,482,458752,0.0052251546,659.2,-0.004184136251569726,-4.4772746,0.2,-1.924026906490326,1.1496461629867554,1110,0.9656546711921692,0.6309995651245117,0.0003,3.404046666622162,0.054541015625
113,956,483,462848,0.005254918,645.61,-0.003627268310810905,-1.1817747900000015,0.2,-1.9089193925261498,0.9978045225143433,1120,0.9573338031768799,0.6268332004547119,0.0003,2.6123180419206617,0.039306640625
114,962,484,466944,0.005511767,648.93,-0.004392311236006208,-0.6317762500000005,0.2,-1.8937709629535675,1.2905776500701904,1130,0.9142948985099792,0.6210200786590576,0.0003,3.480361710488796,0.0630859375
115,969,485,471040,0.00827946,649.89,-0.003446680266642943,-0.2953480999999993,0.2,-1.8807137563824654,0.7528723478317261,1140,0.9563198685646057,0.620833158493042,0.0003,2.242848205566406,0.054248046875
116,975,487,475136,0.008480305,647.93,-0.0034465564909623935,1.6568131199999994,0.2,-1.8832358419895172,0.7325398325920105,1150,0.9627809524536133,0.6217894554138184,0.0003,1.6228797182440757,0.0613525390625
117,981,488,479232,0.010142659,637.17,-0.0008843087998684496,1.17459306,0.2,-1.8783617332577704,0.6282683610916138,1160,0.9362587332725525,0.6181653738021851,0.0003,2.2832958936691283,0.1280029296875
118,986,489,483328,0.004978727,627.17,-0.0034510874014813454,0.028135570000000422,0.2,-1.8671959340572357,1.1487014293670654,1170,0.9021933078765869,0.6151026487350464,0.0003,3.6894517809152605,0.0358154296875
119,992,491,487424,0.0051967674,622.34,-0.004100575945631135,-0.8948473399999999,0.2,-1.8626978412270545,0.5891562104225159,1180,0.9814116954803467,0.6168817281723022,0.0003,1.565974086523056,0.040576171875
120,997,492,491520,0.00795144,610.13,-0.00234569656313397,2.6362436599999994,0.2,-1.8687962234020232,0.5918707251548767,1190,0.9681797027587891,0.6187612414360046,0.0003,1.6014403358101845,0.0432373046875
121,1001,494,495616,0.005680639,594.58,-0.003218176285736263,6.8673846,0.2,-1.874570804834366,0.7596551179885864,1200,0.9799951314926147,0.6202729940414429,0.0003,2.0045583978295327,0.0433349609375
122,1007,496,499712,0.0042142603,580.84,-0.004335849612834864,7.293844679999999,0.2,-1.869350714981556,0.5526026487350464,1210,0.9831320643424988,0.6143257021903992,0.0003,1.6721140250563622,0.043798828125
123,867,580,503808,0.0048441873,585.74,-0.0017266910261241719,5.0746497900000005,0.2,-1.8528854683041573,0.7632347941398621,1220,0.9487231969833374,0.6112028360366821,0.0003,2.339326925575733,0.0235107421875
124,872,581,507904,0.004001427,603.49,-0.003856605873443186,0.7193719600000006,0.2,-1.8457810252904892,1.5795197486877441,1230,0.9317800402641296,0.6116567850112915,0.0003,4.187430384755134,0.040478515625
125,878,583,512000,0.003757245,583.2,-0.0018781360267894343,4.648753229999999,0.2,-1.8460675939917564,0.6170871257781982,1240,0.9593180418014526,0.6105830073356628,0.0003,1.7405319437384605,0.025244140625
126,883,584,516096,0.0048506106,576.9,-0.0025173479167278855,6.148769899999998,0.2,-1.842261503636837,2.117501974105835,1250,0.9060413837432861,0.6087754964828491,0.0003,6.069940954446793,0.0357421875
127,888,585,520192,0.00548557,594.12,-0.00425964473397471,3.2200948900000004,0.2,-1.8352898016572,0.9768608212471008,1260,0.9511528015136719,0.6070632934570312,0.0003,3.5839651226997375,0.0694091796875
128,893,586,524288,0.003496486,611.89,-0.0034633475297596306,-0.5719233699999995,0.2,-1.833956341445446,0.9897537231445312,1270,0.9781354665756226,0.6084034442901611,0.0003,2.39015521556139,0.0603759765625
129,898,588,528384,0.013179019,605.04,-0.002082074264762923,-1.483761409999999,0.2,-1.8327039778232574,0.76948082447052,1280,0.9806740880012512,0.6052641868591309,0.0003,2.374775640666485,0.050390625
130,903,589,532480,0.0056105144,612.77,-0.003462541272165254,-3.073273549999999,0.2,-1.8226102530956267,1.642683982849121,1290,0.9472303986549377,0.6031116247177124,0.0003,4.740800964832306,0.0510498046875
131,908,590,536576,0.011974873,628.85,-0.005551805160939694,-3.6733179999999988,0.2,-1.823562529683113,0.5303351283073425,1300,0.9687848091125488,0.6067934036254883,0.0003,1.8012782052159308,0.071240234375
132,913,591,540672,0.0045133876,633.32,-0.003440603817580268,-4.687834800000001,0.2,-1.832721383869648,0.8041778206825256,1310,0.9363695979118347,0.6072564125061035,0.0003,2.731819587945938,0.0900390625
133,918,592,544768,0.005374583,629.2,-0.004561873886268586,-1.731426579999998,0.2,-1.8275244787335396,0.48851555585861206,1320,0.9635552763938904,0.604472279548645,0.0003,1.5309747099876403,0.064306640625
134,923,594,548864,0.004116296,630.73,-0.0032753677427535877,-4.540094750000001,0.2,-1.8184813529253006,1.0846532583236694,1330,0.9551994204521179,0.6030101776123047,0.0003,3.1234127312898634,0.024755859375
135,928,595,552960,0.003428019,627.94,-0.003390132941422053,-2.6548903599999982,0.2,-1.8103848025202751,0.781948983669281,1340,0.9679131507873535,0.5988120436668396,0.0003,2.342393434047699,0.039794921875
136,933,596,557056,0.0069289687,632.72,-0.001480036019347608,-4.20372802,0.2,-1.7969032168388366,0.8888482451438904,1350,0.9429953098297119,0.596163272857666,0.0003,2.7955852299928665,0.052880859375
137,938,597,561152,0.0057864785,634.74,-0.004234074246778618,-2.5802121099999984,0.2,-1.7944932639598847,0.9966399073600769,1360,0.9541693925857544,0.5981178879737854,0.0003,3.6727109491825103,0.0556396484375
138,943,599,565248,0.00708413,633.28,-0.0015513366437517107,-0.21171829999999864,0.2,-1.8028772830963136,0.47459176182746887,1370,0.9696855545043945,0.6013729572296143,0.0003,1.764673724025488,0.09619140625
139,948,600,569344,0.0039184834,618.73,-0.002015674626454711,2.5662349800000004,0.2,-1.804006850719452,0.9347956776618958,1380,0.9277014136314392,0.5975332260131836,0.0003,2.9549814030528068,0.0274169921875
140,953,601,573440,0.0040845694,618.44,-0.003641587935271673,4.435143830000002,0.2,-1.791941623389721,1.5042235851287842,1390,0.9307997226715088,0.5957084894180298,0.0003,3.4143402934074403,0.043994140625
141,958,602,577536,0.0049705235,605.1,-0.00436543358664494,6.29805956,0.2,-1.781248353421688,0.6611496210098267,1400,0.9738179445266724,0.591306209564209,0.0003,1.7546979367733002,0.0635009765625
142,963,603,581632,0.005528167,583.66,-0.0030904355546226723,12.37171297,0.2,-1.771122495830059,1.2825160026550293,1410,0.9507260322570801,0.5900261402130127,0.0003,4.323926620185375,0.03583984375
143,968,604,585728,0.0044991295,590.93,-0.0024529355636332185,12.908334389999998,0.2,-1.7667763844132423,1.5619248151779175,1420,0.9270243644714355,0.5892967581748962,0.0003,3.4458728983998297,0.0259765625
144,973,606,589824,0.0046241838,591.85,-0.002965293807210401,11.222023679999998,0.2,-1.7619575574994086,0.7452313303947449,1430,0.9358243346214294,0.5869103670120239,0.0003,2.477954110503197,0.046826171875
145,977,607,593920,0.004014976,591.5,-0.002652745513478294,10.43417071,0.2,-1.7543852970004081,1.4611605405807495,1440,0.947993814945221,0.5845569372177124,0.0003,3.6734036266803742,0.047900390625
146,982,608,598016,0.004208141,593.46,-0.0027981169114355,8.61449559,0.2,-1.748159410059452,1.31528639793396,1450,0.9603596925735474,0.5829418301582336,0.0003,3.720744001865387,0.0317626953125
147,861,698,602112,0.0070242784,585.92,-0.0035777400014922025,6.633189040000001,0.2,-1.7440384224057197,1.4727911949157715,1460,0.9135912656784058,0.5838225483894348,0.0003,3.719676348567009,0.0661376953125
148,866,699,606208,0.0057389154,596.57,-0.0021876330603845416,4.697990919999999,0.2,-1.7444762513041496,0.7064976096153259,1470,0.9658147096633911,0.5812406539916992,0.0003,2.357191671431065,0.06416015625
149,870,700,610304,0.01133644,598.29,0.0007856595271732658,5.678552969999998,0.2,-1.7370248168706894,0.6000981330871582,1480,0.9615087509155273,0.5803920030593872,0.0003,2.072091594338417,0.09345703125
150,874,702,614400,0.0036441342,595.65,-0.002953462305595167,5.0368134399999995,0.2,-1.7387334883213044,1.1397409439086914,1490,0.9410073757171631,0.5820936560630798,0.0003,2.6138875782489777,0.0450927734375
151,879,703,618496,0.0071460684,598.5,-0.0026236910372972487,6.54516944,0.2,-1.7390107467770577,1.1397111415863037,1500,0.9402446150779724,0.5796926021575928,0.0003,2.8898120179772375,0.0560546875
152,883,704,622592,0.004130531,597.7,-0.002443301466701087,8.04600604,0.2,-1.7302936419844628,0.7430880665779114,1510,0.9728469252586365,0.5785843133926392,0.0003,2.03325631916523,0.0232421875
153,887,705,626688,0.005550752,596.53,-0.002403845899971202,4.745278439999999,0.2,-1.723867803812027,0.5344083905220032,1520,0.983123242855072,0.5773425102233887,0.0003,1.472788393497467,0.063134765625
154,892,707,630784,0.007584434,590.25,-0.003125205566175282,5.1971738499999995,0.2,-1.7159158125519753,0.5073322057723999,1530,0.9779481887817383,0.5735166072845459,0.0003,1.4142442375421524,0.04619140625
155,896,708,634880,0.0067314627,588.5,-0.003334073445876129,5.42350333,0.2,-1.7038402274250983,0.9883214235305786,1540,0.9428268074989319,0.5706960558891296,0.0003,2.080693796277046,0.0615234375
156,900,709,638976,0.005270232,596.05,-0.005103270019753836,4.98185916,0.2,-1.6964645221829415,0.799569845199585,1550,0.9606965780258179,0.5685884356498718,0.0003,2.9546409994363785,0.0658935546875
157,904,710,643072,0.0046052,616.36,-0.004891018421039917,2.6834761600000006,0.2,-1.6901959955692292,1.250433087348938,1560,0.9463767409324646,0.5679527521133423,0.0003,4.06617642045021,0.059228515625
158,908,712,647168,0.005358842,633.26,-0.0048985948698827995,-3.646014249999999,0.2,-1.6891855657100678,0.9216083288192749,1570,0.9486520290374756,0.5669297575950623,0.0003,3.581105174124241,0.0516845703125
159,912,714,651264,0.008010475,640.6,-0.0035239210148574783,-6.77521857,0.2,-1.682454565167427,1.3445827960968018,1580,0.9444433450698853,0.5638646483421326,0.0003,3.8295426696538923,0.0583984375
160,915,715,655360,0.004978668,650.74,0.0004129299661144614,-10.254591509999997,0.2,-1.6721081584692001,0.4148450791835785,1590,0.9821645617485046,0.5614101886749268,0.0003,1.5346566446125507,0.081787109375
161,918,717,659456,0.005894077,653.13,-0.0016813897964311764,-12.633810730000002,0.2,-1.6670291677117348,0.5441778898239136,1600,0.9863585829734802,0.5607360005378723,0.0003,2.0673883676528932,0.0462890625
162,922,718,663552,0.0058415807,648.41,-0.0037251789442962037,-11.87197046,0.2,-1.6676056489348412,0.8522589802742004,1610,0.9833113551139832,0.563061535358429,0.0003,2.267698681354523,0.062841796875
163,926,720,667648,0.0050895237,646.86,-0.0038649609661661087,-11.072187950000002,0.2,-1.675215558707714,0.8400618433952332,1620,0.9629208445549011,0.5651108622550964,0.0003,2.4951644107699393,0.0469970703125
164,931,721,671744,0.0036593871,639.47,-0.0024688338569831105,-10.531928400000002,0.2,-1.6733580112457276,0.6108091473579407,1630,0.9728266000747681,0.5609410405158997,0.0003,2.0110591270029543,0.0661376953125
165,935,722,675840,0.0038063554,638.67,-0.0032149879698408768,-10.279459860000001,0.2,-1.6577656105160714,0.6909077167510986,1640,0.9711715579032898,0.5584421157836914,0.0003,2.0503695577383043,0.0212890625
166,939,723,679936,0.004516219,643.13,-0.004272389149991796,-11.59238373,0.2,-1.6500138580799102,1.3893852233886719,1650,0.9331067800521851,0.5556041598320007,0.0003,3.9358038783073424,0.0480712890625
167,943,724,684032,0.004156244,641.26,-0.002545685978839174,-11.665505370000005,0.2,-1.6447037696838378,1.2428100109100342,1660,0.9580437541007996,0.5572760701179504,0.0003,3.8153743505477906,0.03857421875
168,947,726,688128,0.0030080564,630.88,-0.0026893757793004626,-8.202483160000002,0.2,-1.6397594153881072,0.5494888424873352,1670,0.9662339687347412,0.5519606471061707,0.0003,1.644113340228796,0.03662109375
169,951,727,692224,0.005682852,649.95,-0.0027750908775487915,-14.28156598,0.2,-1.6242067694664002,1.148586392402649,1680,0.9732893705368042,0.5514052510261536,0.0003,3.4644550755620003,0.027880859375
170,955,728,696320,0.0064634737,656.02,-0.004734065730008297,-16.53206082,0.2,-1.6281843796372413,0.5730569362640381,1690,0.9866525530815125,0.5534920692443848,0.0003,1.9130647316575051,0.0537109375
171,856,817,700416,0.003143941,653.58,-0.004007149858807679,-16.683237140000003,0.2,-1.6306290164589883,0.8773057460784912,1700,0.976132333278656,0.5515406727790833,0.0003,2.641511531174183,0.0458251953125
172,860,818,704512,0.0072199972,654.0,-0.004510146108805202,-16.31985827,0.2,-1.620307731628418,2.714677095413208,1710,0.9495636820793152,0.5488713383674622,0.0003,6.807424208521843,0.04306640625
173,863,820,708608,0.0071172914,627.9,-0.006732163456035778,-11.08216177,0.2,-1.6158237800002098,1.1805925369262695,1720,0.9521100521087646,0.5512808561325073,0.0003,5.585043776035309,0.04833984375
174,867,821,712704,0.006098893,619.29,-0.001938012457685545,-6.088102069999999,0.2,-1.6211122155189515,1.015140175819397,1730,0.8972966074943542,0.5504355430603027,0.0003,3.386430837213993,0.0339599609375
175,871,822,716800,0.005275929,596.28,-0.006196452601579949,0.7265373299999999,0.2,-1.6177533969283104,0.8774722814559937,1740,0.8709259629249573,0.5492690801620483,0.0003,2.5109666854143144,0.05361328125
176,875,823,720896,0.0063089356,598.71,-0.003555065323598683,1.201014039999999,0.2,-1.6131990432739258,0.9655017256736755,1750,0.9570101499557495,0.5474175810813904,0.0003,3.0908510074019433,0.030712890625
177,878,824,724992,0.005790311,616.63,-0.004872889773105271,0.8049243199999992,0.2,-1.5994366973638534,0.569506824016571,1760,0.9821885824203491,0.5417572855949402,0.0003,2.047107119113207,0.058935546875
178,882,826,729088,0.009303583,607.42,-0.0053532286925474185,1.9339783000000008,0.2,-1.5805940225720405,1.7861130237579346,1770,0.9627252221107483,0.5390989780426025,0.0003,4.1739267885684965,0.075390625
179,886,827,733184,0.005587088,615.25,-0.00434789559658384,2.5846778300000004,0.2,-1.5746779978275298,1.7283271551132202,1780,0.8963057398796082,0.5374847650527954,0.0003,5.479826945066452,0.049267578125
180,889,828,737280,0.0052660517,622.51,-0.004091737206908874,1.9794972299999998,0.2,-1.5714695036411286,1.5117552280426025,1790,0.9746679663658142,0.5373101234436035,0.0003,3.264238165318966,0.0669189453125
181,893,830,741376,0.003302654,641.24,-0.0033606684824917465,-1.3848122799999991,0.2,-1.5680266425013543,1.1411153078079224,1800,0.9776222109794617,0.5348565578460693,0.0003,3.449146047234535,0.08388671875
182,896,831,745472,0.011264358,653.95,-0.005103523119760212,-3.8890495999999994,0.2,-1.5569981545209886,0.4815612733364105,1810,0.9881188869476318,0.5332334041595459,0.0003,1.2390391424298286,0.0789306640625
183,900,832,749568,0.004442646,663.0,-0.00196700238448102,-2.947474790000001,0.2,-1.5520961359143257,0.48240575194358826,1820,0.9798384308815002,0.5348509550094604,0.0003,1.861864672601223,0.035498046875
184,903,833,753664,0.0054157446,668.38,-0.004116766282822937,-5.006683660000001,0.2,-1.5600949004292488,0.5972818732261658,1830,0.9712955951690674,0.5377317667007446,0.0003,2.181048159301281,0.0435546875
185,907,835,757760,0.0059549552,675.98,-0.004434608519659378,-6.089068060000001,0.2,-1.5644092202186584,1.5641814470291138,1840,0.916154146194458,0.5362718105316162,0.0003,3.9301112443208694,0.046484375
186,911,836,761856,0.0071989656,657.32,-0.0019842668349156155,-0.8557989600000004,0.2,-1.5551100254058838,0.6496155858039856,1850,0.9580438137054443,0.5343691110610962,0.0003,2.2357334390282633,0.0923583984375
187,914,837,765952,0.007853264,678.86,-0.004057767684571445,-5.18065222,0.2,-1.5442668810486793,0.49223050475120544,1860,0.9680692553520203,0.5317481160163879,0.0003,1.8966370448470116,0.089599609375
188,918,838,770048,0.005771165,666.91,-0.0038525161013239994,-2.41635588,0.2,-1.5301086843013763,1.1120198965072632,1870,0.942439079284668,0.5279875993728638,0.0003,3.195081014931202,0.0599365234375
189,921,840,774144,0.0067937146,667.55,-0.0016626908458420076,-3.85623424,0.2,-1.5216982409358024,1.3375869989395142,1880,0.962155282497406,0.5280300378799438,0.0003,3.7007901042699816,0.0305419921875
190,924,841,778240,0.0052977335,668.61,-0.004906371384277008,-3.9371501399999995,0.2,-1.523081137239933,0.958968460559845,1890,0.9777181148529053,0.5287554264068604,0.0003,3.0879568070173264,0.049267578125
191,927,843,782336,0.005038659,693.76,-0.0049963213794399055,-10.9317698,0.2,-1.526141059398651,1.1447831392288208,1900,0.9670053720474243,0.5302956700325012,0.0003,3.470065987110138,0.0303466796875
192,931,844,786432,0.009595104,697.62,-0.0034966724342666566,-11.398535670000001,0.2,-1.5258688375353813,1.12855863571167,1910,0.9787419438362122,0.5290971994400024,0.0003,2.2783684149384498,0.0575927734375
193,934,845,790528,0.005784329,690.49,-0.0050141659448854625,-10.272526140000002,0.2,-1.5225551456212998,1.282313585281372,1920,0.9012425541877747,0.5293394327163696,0.0003,4.064403140544892,0.08310546875
194,937,847,794624,0.0055537643,694.56,-0.00459062572917901,-10.14393277,0.2,-1.5198170229792596,1.8794093132019043,1930,0.8757376074790955,0.5274264812469482,0.0003,5.136998960375786,0.0294677734375
195,941,848,798720,0.0068554357,712.12,-0.00016990639414871112,-12.711407209999997,0.2,-1.5095493972301484,0.816486120223999,1940,0.9497151374816895,0.5251579284667969,0.0003,2.655523407459259,0.1122314453125
196,861,932,802816,0.0062985625,716.72,-0.0028165597395855,-13.580022159999997,0.2,-1.5032477527856827,0.7443132400512695,1950,0.9404813051223755,0.5252227783203125,0.0003,2.401485915482044,0.0489501953125
197,864,933,806912,0.0054757567,695.31,-0.004643288455554284,-11.922569079999995,0.2,-1.5029498666524888,1.2847483158111572,1960,0.9629401564598083,0.525254487991333,0.0003,4.381630557775497,0.033984375
198,867,934,811008,0.0064227222,688.9,-0.0028444018273148684,-13.966339580000001,0.2,-1.5056884646415711,1.258207082748413,1970,0.9754464626312256,0.5270566940307617,0.0003,3.3806643009185793,0.05009765625
199,871,935,815104,0.0055068703,676.99,-0.0038764330369303935,-13.5693065,0.2,-1.5131545528769492,1.3894705772399902,1980,0.9694603681564331,0.5289214253425598,0.0003,4.285901969671249,0.038720703125
200,874,936,819200,0.0046836175,653.99,-0.0032018121215514838,-12.75935905,0.2,-1.5130982622504234,1.1711640357971191,1990,0.9749814867973328,0.5261105895042419,0.0003,3.628608411550522,0.0342041015625
201,877,938,823296,0.003776691,658.35,-0.0031186192616587506,-12.854106320000001,0.2,-1.4994712740182876,2.8887462615966797,2000,0.9059481024742126,0.5212950706481934,0.0003,5.917914220690728,0.0286865234375
202,880,939,827392,0.0035431585,662.27,-0.004358993214555085,-12.358918430000001,0.2,-1.482599700987339,1.9286617040634155,2010,0.9496588110923767,0.5169779658317566,0.0003,4.557984608411789,0.022705078125
203,884,940,831488,0.004728444,642.63,-0.00413945682666963,-10.43208149,0.2,-1.4689655870199203,1.1436024904251099,2020,0.9890185594558716,0.5144765377044678,0.0003,2.652671863138676,0.067626953125
204,887,941,835584,0.010069753,653.63,-0.002651451082783751,-13.8199893,0.2,-1.4614864736795425,1.2045109272003174,2030,0.9805887937545776,0.5125846862792969,0.0003,3.549656775593758,0.1013427734375
205,890,942,839680,0.00475167,667.33,-0.002433399192523211,-14.626461909999998,0.2,-1.45552928596735,1.199331521987915,2040,0.9816557765007019,0.5113646984100342,0.0003,2.9160891503095625,0.0464599609375
206,893,943,843776,0.006139929,648.29,-0.0034638337281649003,-11.784514820000004,0.2,-1.4513874486088754,1.2240296602249146,2050,0.9637033343315125,0.5109440088272095,0.0003,3.721727892756462,0.0601806640625
207,897,944,847872,0.006075673,635.58,-0.003951722239435185,-8.936846440000002,0.2,-1.4454130202531814,0.5989766120910645,2060,0.9667681455612183,0.5078076720237732,0.0003,1.9394025772809982,0.05400390625
208,900,946,851968,0.006448061,640.51,-0.0033673878147965296,-9.11017997,0.2,-1.4333992645144462,2.0693094730377197,2070,0.8243690729141235,0.5067897439002991,0.0003,6.211001279950142,0.0486328125
209,903,947,856064,0.008821456,632.04,-0.002035434225399513,-6.5534585000000005,0.2,-1.434383162856102,2.5973706245422363,2080,0.8184788227081299,0.507566511631012,0.0003,5.65313241481781,0.0533447265625
210,906,948,860160,0.005940307,624.59,-0.004191227213595994,-6.279863270000003,0.2,-1.4306720957159995,0.893275260925293,2090,0.9292581677436829,0.5039719939231873,0.0003,2.9013485088944435,0.082568359375
211,909,949,864256,0.00648371,629.05,-0.004508032031299081,-6.64690048,0.2,-1.4191308423876763,1.029081106185913,2100,0.9163355827331543,0.503680408000946,0.0003,3.2460994586348533,0.085693359375
212,912,951,868352,0.0064129075,632.01,-0.003493209424777888,-7.398350579999999,0.2,-1.41646978110075,0.8659789562225342,2110,0.9585118293762207,0.5018418431282043,0.0003,2.998950666189194,0.0582275390625
213,915,952,872448,0.006623528,635.43,-0.0007594866241561249,-6.380630569999999,0.2,-1.4035379409790039,1.2030917406082153,2120,0.9761344194412231,0.49915027618408203,0.0003,2.699119985103607,0.08701171875
214,918,954,876544,0.010449474,650.71,-0.0053058519115438685,-9.643066949999998,0.2,-1.3879950016736984,0.965916097164154,2130,0.9813213348388672,0.4947436451911926,0.0003,2.1071061164140703,0.0905029296875
215,921,955,880640,0.009563234,654.26,-0.004826996311021503,-8.994915270000002,0.2,-1.3725219249725342,1.2418090105056763,2140,0.9743629097938538,0.4932761788368225,0.0003,3.170383910834789,0.0699951171875
216,924,956,884736,0.0056840414,663.12,-0.002619052937370725,-7.820076650000001,0.2,-1.3630047887563705,0.9791720509529114,2150,0.9071763753890991,0.49043840169906616,0.0003,3.228485231101513,0.058251953125
217,927,958,888832,0.0064960285,677.36,-0.0035433259850833564,-10.20228968,0.2,-1.3511780455708504,1.4344844818115234,2160,0.9391981959342957,0.487405002117157,0.0003,3.1706666707992555,0.0490478515625
218,930,959,892928,0.006241852,672.76,-0.0034242737223394216,-10.276164249999995,0.2,-1.3389252960681914,0.9793554544448853,2170,0.9548364281654358,0.48535388708114624,0.0003,2.5988836869597436,0.05048828125
219,933,960,897024,0.008372499,667.48,-0.001976852520601824,-8.280825200000002,0.2,-1.3308219075202943,1.0693563222885132,2180,0.9201808571815491,0.4850574731826782,0.0003,3.5623429998755456,0.0574462890625
220,845,1065,901120,0.017072817,677.07,-0.0016299663780955597,-5.75331101,0.2,-1.3253224819898606,0.49770134687423706,2190,0.9666956663131714,0.48248448967933655,0.0003,2.056933470070362,0.072900390625
221,848,1067,905216,0.004686959,699.54,-0.0037667498661903666,-10.906200010000003,0.2,-1.3151198506355286,1.1551600694656372,2200,0.9537357091903687,0.4820726215839386,0.0003,3.6473409593105317,0.0486328125
222,850,1068,909312,0.007014126,686.45,-0.004183814617863391,-8.822488900000002,0.2,-1.313808198273182,0.7244395613670349,2210,0.9642629027366638,0.4817141890525818,0.0003,2.7127033904194833,0.067236328125
223,853,1070,913408,0.0058542877,691.88,-0.003986211714800447,-9.32699027,0.2,-1.3073519363999366,1.9477214813232422,2220,0.9453691840171814,0.4781847596168518,0.0003,4.702710604667663,0.0513916015625
224,855,1071,917504,0.005883257,719.43,-0.0034431025880621744,-13.46908707,0.2,-1.2941361039876937,1.4108684062957764,2230,0.9459989666938782,0.47713035345077515,0.0003,3.6059172466397285,0.076123046875
225,858,1073,921600,0.007836359,718.24,-0.005410930747166276,-12.90544903,0.2,-1.2854943811893462,0.8614220023155212,2240,0.9463911056518555,0.47499650716781616,0.0003,2.912923963367939,0.0786376953125
226,861,1074,925696,0.011702042,724.73,-0.0038371684175217526,-13.669854149999999,0.2,-1.2786078318953513,0.6095231175422668,2250,0.966907799243927,0.47531431913375854,0.0003,1.900061882287264,0.0938232421875
227,863,1076,929792,0.009640737,735.08,-0.0009994139894843102,-16.905675899999995,0.2,-1.2736995428800584,0.45123615860939026,2260,0.9660094976425171,0.47353172302246094,0.0003,2.3329210631549357,0.10224609375
228,866,1077,933888,0.0054527223,728.78,-0.005277400257182307,-17.46335842,0.2,-1.2662925630807877,0.6955826878547668,2270,0.970773458480835,0.47268521785736084,0.0003,2.4628249585628508,0.0568359375
229,869,1079,937984,0.007860041,740.27,-0.0035838694166159257,-18.987849729999997,0.2,-1.2621650397777557,0.39057716727256775,2280,0.9759582877159119,0.4706732928752899,0.0003,1.302112875878811,0.057568359375
230,871,1080,942080,0.0033116234,736.32,-0.002730029354279395,-16.86008137,0.2,-1.2543238639831542,1.7513114213943481,2290,0.8881384134292603,0.46924257278442383,0.0003,4.286104163527488,0.0574462890625
231,874,1081,946176,0.0073386193,740.27,-0.003059196993126534,-14.648189610000001,0.2,-1.250762401521206,1.8885866403579712,2300,0.6999562978744507,0.47039297223091125,0.0003,4.262377381324768,0.0476806640625
232,877,1082,950272,0.014414514,732.33,-0.0006531572493258863,-11.132156010000001,0.2,-1.251152165234089,0.820277750492096,2310,0.8798987865447998,0.47129130363464355,0.0003,3.5699194014072417,0.062255859375
233,880,1083,954368,0.0076547805,751.49,0.00018082626338582485,-14.06267339,0.2,-1.251828907430172,0.3474191129207611,2320,0.973035991191864,0.4716547131538391,0.0003,0.9570364385843277,0.13916015625
234,883,1084,958464,0.0069774687,744.94,-0.004748425880097784,-13.74925076,0.2,-1.2538239300251006,0.31064289808273315,2330,0.9469296932220459,0.47169142961502075,0.0003,0.9631484605371952,0.0796875
235,886,1086,962560,0.0072905123,776.45,-0.0035084024595562367,-14.830942849999996,0.2,-1.2577176913619041,1.4937485456466675,2340,0.6187094449996948,0.4725281596183777,0.0003,3.343987775593996,0.0800537109375
236,888,1087,966656,0.005704178,758.92,-0.006267815950559452,-12.248163350000002,0.2,-1.2576797157526016,0.3646453320980072,2350,0.9363247156143188,0.47150903940200806,0.0003,1.2024648889899254,0.064990234375
237,891,1088,970752,0.0032384982,773.64,-0.0023761351796565576,-14.746471949999995,0.2,-1.2514768585562706,1.5860458612442017,2360,0.9412140846252441,0.47115814685821533,0.0003,4.51827892512083,0.0327392578125
238,894,1090,974848,0.006774418,764.58,-0.003828473704197677,-15.714456479999997,0.2,-1.2448520913720131,0.5989896655082703,2370,0.9664607048034668,0.4689596891403198,0.0003,2.4533866852521897,0.0654541015625
239,897,1091,978944,0.0049067866,739.58,-0.00447003929366474,-10.837151380000002,0.2,-1.239556235074997,1.479023814201355,2380,0.9165228605270386,0.46965163946151733,0.0003,4.474266529083252,0.0619140625
240,899,1092,983040,0.0055079507,736.57,-0.0036916442812071184,-10.468875430000002,0.2,-1.2397395342588424,1.416452407836914,2390,0.9077751040458679,0.46918821334838867,0.0003,4.023901630938053,0.0549560546875
241,902,1094,987136,0.009496925,732.27,-0.0032316602606442756,-11.394857690000002,0.2,-1.23672763556242,0.8977338671684265,2400,0.9695162773132324,0.46994251012802124,0.0003,2.7871818035840987,0.0526611328125
242,904,1096,991232,0.005079832,726.99,-0.002234782837331295,-11.800164340000002,0.2,-1.237896019220352,0.8152489066123962,2410,0.9504079222679138,0.4709046483039856,0.0003,3.4790555030107497,0.0492431640625
243,906,1097,995328,0.0061211223,726.11,-0.0032883535692235454,-12.962358930000002,0.2,-1.233774197101593,0.9756478071212769,2420,0.9544727802276611,0.46858274936676025,0.0003,3.296469496190548,0.055126953125
244,909,1098,999424,0.0059987656,736.86,-0.0024777943646768106,-14.70684103,0.2,-1.2274796083569526,1.6203274726867676,2430,0.9502913355827332,0.4697270393371582,0.0003,4.647678706049919,0.0459228515625
245,834,1202,1003520,0.007112196,737.93,-0.002775290157296695,-14.67989812,0.2,-1.226749636232853,1.1171389818191528,2440,0.9771761894226074,0.467523455619812,0.0003,2.417800323665142,0.0564697265625
246,837,1203,1007616,0.00732712,730.41,0.00022102327493485064,-14.13177146,0.2,-1.2255443766713143,0.7457093000411987,2450,0.9613364934921265,0.4690851867198944,0.0003,2.390621517598629,0.0888427734375
247,839,1204,1011712,0.005371304,732.75,-0.0024421686219284313,-13.988522510000003,0.2,-1.231812784075737,0.48388850688934326,2460,0.9667961597442627,0.46879321336746216,0.0003,2.0583740293979647,0.070751953125
248,842,1206,1015808,0.007970111,736.43,-0.002914928153040819,-17.70963986,0.2,-1.2267942741513251,0.4405594766139984,2470,0.9872832894325256,0.46872949600219727,0.0003,1.177787884324789,0.09404296875
249,844,1207,1019904,0.007161226,736.06,-0.0025640363674028777,-18.65063946,0.2,-1.2256831035017968,0.3135424852371216,2480,0.9802899360656738,0.4689368009567261,0.0003,0.9646214954555035,0.0593994140625
250,847,1208,1024000,0.018403376,720.86,-0.0011575455166166649,-15.431479089999998,0.2,-1.220395864546299,1.061194658279419,2490,0.9167705774307251,0.4671727418899536,0.0003,3.1312628865242003,0.114501953125
251,850,1209,1028096,0.0059370315,713.67,-0.0019755393237574025,-15.355632669999999,0.2,-1.2172155320644378,0.7444173693656921,2500,0.8623819947242737,0.4651469886302948,0.0003,3.1122967272996904,0.0765869140625
252,852,1210,1032192,0.008504353,705.38,-0.004267362938844599,-15.86124728,0.2,-1.2140336900949478,0.7239542007446289,2510,0.9646247029304504,0.46544820070266724,0.0003,2.243534517288208,0.065966796875
253,855,1211,1036288,0.0075811297,701.36,-0.004361491327290423,-15.694187159999997,0.2,-1.2176582202315331,0.6206163763999939,2520,0.9126364588737488,0.46723711490631104,0.0003,2.405172775685787,0.0532470703125
254,857,1212,1040384,0.0056146686,716.08,-0.0027129070163937285,-17.49914167,0.2,-1.2254849523305893,0.6440932154655457,2530,0.8904010057449341,0.4726637303829193,0.0003,2.4669218182563784,0.060009765625
255,860,1214,1044480,0.005552549,709.25,-0.003320628294022754,-15.42906779,0.2,-1.2393271625041962,0.7317909002304077,2540,0.9348310232162476,0.4713905453681946,0.0003,2.2819631680846215,0.0416748046875
256,862,1215,1048576,0.006570306,728.95,-0.003966914105694741,-20.323209579999997,0.2,-1.2317736238241195,0.421825647354126,2550,0.9745659232139587,0.47181904315948486,0.0003,1.7003412045538426,0.074169921875
257,865,1216,1052672,0.0063819177,727.99,-0.0029102896456606685,-19.68355921,0.2,-1.2291566088795662,1.9953476190567017,2560,0.9554616212844849,0.4717908799648285,0.0003,4.077515488862991,0.060888671875
258,867,1218,1056768,0.005512773,747.67,-0.0037857760704355314,-21.660076829999998,0.2,-1.2229651987552643,0.8376553654670715,2570,0.9557287693023682,0.47084730863571167,0.0003,2.693908189237118,0.06201171875
259,869,1219,1060864,0.006056856,769.53,-0.002551946020685136,-25.057666790000006,0.2,-1.2157575488090515,0.4959547519683838,2580,0.9865440130233765,0.4683433771133423,0.0003,1.2549915410578252,0.0637451171875
260,872,1221,1064960,0.008786138,768.25,-0.0031920295470627023,-25.37180915,0.2,-1.2033076658844948,0.2673186957836151,2590,0.9879171252250671,0.46837514638900757,0.0003,0.9461166311055422,0.0766845703125
261,874,1222,1069056,0.0046700872,760.51,-0.00285771006019786,-24.011674050000007,0.2,-1.2005587264895439,1.8478494882583618,2600,0.9487095475196838,0.4674738645553589,0.0003,6.3796820670366285,0.059375
262,876,1223,1073152,0.008172974,775.26,-0.0038012206641724333,-27.65701091,0.2,-1.190278223156929,0.27964431047439575,2610,0.9818814396858215,0.4626792073249817,0.0003,1.135313368588686,0.05517578125
263,879,1224,1077248,0.007901924,786.22,-0.0007151613579480908,-30.994049139999998,0.2,-1.1745482191443444,0.4018329679965973,2620,0.9825736284255981,0.4638788104057312,0.0003,1.3768553614616394,0.0740478515625
264,881,1226,1081344,0.0070946724,776.31,-0.0045467105388524946,-27.698300630000002,0.2,-1.1786192521452903,0.29007473587989807,2630,0.9884352087974548,0.4642786383628845,0.0003,0.7205115154385566,0.0784912109375
265,884,1227,1085440,0.008305188,797.38,-0.0027594567713094876,-31.56703566,0.2,-1.1741655677556992,1.6144558191299438,2640,0.9643359184265137,0.4609124958515167,0.0003,3.3922068059444426,0.050634765625
266,886,1229,1089536,0.005211159,795.56,-0.0007787019945681095,-31.886672859999997,0.2,-1.166384969651699,0.3838728368282318,2650,0.984530508518219,0.46135586500167847,0.0003,1.2359546847641467,0.0853271484375
267,888,1230,1093632,0.0046546245,782.73,-0.001559462258592248,-29.760786210000003,0.2,-1.167487795650959,1.7659529447555542,2660,0.9709219336509705,0.46156126260757446,0.0003,4.027580714225769,0.0604736328125
268,890,1232,1097728,0.011602777,792.94,-0.004970559399225749,-30.97615336,0.2,-1.1649432644248008,0.46755197644233704,2670,0.9862031936645508,0.46147066354751587,0.0003,1.5811718598008155,0.0719482421875
269,820,1342,1101824,0.0067186323,816.65,-0.004193298736936413,-37.86813877,0.2,-1.1634187281131745,0.5119518041610718,2680,0.9751980900764465,0.46025019884109497,0.0003,2.4802506402134896,0.0569091796875
270,822,1343,1105920,0.005637935,807.83,-0.00606408228923101,-36.58975414,0.2,-1.1637918010354042,0.6780698299407959,2690,0.9666862487792969,0.4605397582054138,0.0003,2.461014212667942,0.0597412109375
271,825,1344,1110016,0.004308137,794.49,-0.0016490593494381755,-34.26584811,0.2,-1.1636197045445442,1.94809889793396,2700,0.940415620803833,0.4577414393424988,0.0003,5.022125370800495,0.04287109375
272,827,1346,1114112,0.005377403,786.41,-0.000629406442749314,-32.66993156,0.2,-1.1547014772892,1.6100343465805054,2710,0.9274089932441711,0.4589526057243347,0.0003,3.998500867187977,0.06298828125
273,829,1347,1118208,0.004973239,797.85,-0.0026717226806795224,-35.27399781,0.2,-1.1582559317350387,1.2259849309921265,2720,0.9728041291236877,0.4585167467594147,0.0003,3.383948715031147,0.0490234375
274,832,1348,1122304,0.008402247,780.05,-0.0027459317920147442,-34.13912931,0.2,-1.1572481244802475,0.5248904228210449,2730,0.9821272492408752,0.4594532251358032,0.0003,2.499977484345436,0.1064453125
275,834,1350,1126400,0.005070658,777.68,-0.0036337180383270605,-32.18674742,0.2,-1.1563954189419747,1.0954430103302002,2740,0.9685423374176025,0.4580521881580353,0.0003,3.632034216821194,0.0487548828125
276,836,1351,1130496,0.0039071348,776.83,-0.0012835450514103286,-31.36426523,0.2,-1.1490624681115151,0.8885238766670227,2750,0.9728899598121643,0.45717620849609375,0.0003,3.7893914878368378,0.0336181640625
277,838,1352,1134592,0.008477655,748.93,-0.0036436397560464682,-27.040209649999998,0.2,-1.144857482612133,0.6114885807037354,2760,0.9722559452056885,0.4548729658126831,0.0003,2.36299686729908,0.0575439453125
278,841,1353,1138688,0.006547025,743.73,-0.0033776931260945274,-23.89774293,0.2,-1.136958158016205,1.840409755706787,2770,0.7459571957588196,0.4541037082672119,0.0003,4.530166500806809,0.0595703125
279,843,1354,1142784,0.011201125,754.83,-0.0036370795860420913,-26.044321500000002,0.2,-1.1382385551929475,0.8441998958587646,2780,0.91704922914505,0.4555862843990326,0.0003,2.454224681854248,0.06787109375
280,845,1356,1146880,0.00669511,757.51,0.00031586638651788236,-23.47145577,0.2,-1.141932761669159,0.3812071681022644,2790,0.9622066020965576,0.45559459924697876,0.0003,1.6262382343411446,0.1019775390625
281,848,1357,1150976,0.0058784527,752.58,-0.0019389499713724945,-21.226774130000003,0.2,-1.1395041719079018,1.155764102935791,2800,0.9559525847434998,0.45722150802612305,0.0003,2.100956704467535,0.0851806640625
282,850,1358,1155072,0.0054942463,748.05,-0.0028848552756244317,-18.735836850000002,0.2,-1.1334260895848274,0.42027518153190613,2810,0.9136565923690796,0.4565771222114563,0.0003,1.4873446315526961,0.053857421875
283,852,1359,1159168,0.005211573,741.94,-0.0012119650316890329,-16.63888156,0.2,-1.12767413854599,0.46455755829811096,2820,0.9482113718986511,0.4579733610153198,0.0003,1.1333914309740067,0.0728515625
284,854,1360,1163264,0.0059245937,742.37,-0.0024060713069047777,-14.06271648,0.2,-1.1213768526911736,0.2529899775981903,2830,0.9824007749557495,0.454234778881073,0.0003,0.9823362722992897,0.0436767578125
285,857,1361,1167360,0.0049017463,743.98,-0.004679084685631096,-14.916438600000001,0.2,-1.1087476134300231,0.879954993724823,2840,0.9639429450035095,0.45368003845214844,0.0003,2.864575582742691,0.05595703125
286,859,1363,1171456,0.008242501,734.1,-0.0019681802339619027,-13.215127329999998,0.2,-1.106179563701153,0.8379383683204651,2850,0.9483816623687744,0.452661395072937,0.0003,3.4384931713342666,0.0754638671875
287,861,1364,1175552,0.004253103,725.72,-0.003547759787761606,-7.592350640000002,0.2,-1.102906422317028,0.3784749507904053,2860,0.9815226793289185,0.453987717628479,0.0003,1.454402042925358,0.0653564453125
288,863,1365,1179648,0.0054000337,735.94,-0.0036825485090957954,-8.26238996,0.2,-1.100857625901699,0.7066571712493896,2870,0.9375147819519043,0.451099693775177,0.0003,2.415459597110748,0.0634521484375
289,866,1366,1183744,0.010494738,762.01,-0.002736180915962905,-9.42841107,0.2,-1.0915424838662147,1.2164312601089478,2880,0.7768182158470154,0.4514133334159851,0.0003,3.9946791738271714,0.0805908203125
290,868,1367,1187840,0.009365801,761.44,-0.005268076063657645,-11.21116481,0.2,-1.0901046827435494,0.7538785338401794,2890,0.9706249237060547,0.4515572786331177,0.0003,2.1622651010751723,0.081689453125
291,870,1369,1191936,0.0063504875,770.28,-0.0016930904384935275,-12.39263913,0.2,-1.0909445762634278,2.3191354274749756,2900,0.9728730320930481,0.4538121819496155,0.0003,4.94703286588192,0.06767578125
292,871,1372,1196032,0.005849529,753.86,-0.003961980115855112,-8.61451089,0.2,-1.0955369621515274,0.37356680631637573,2910,0.9920091032981873,0.45374852418899536,0.0003,1.1465673752129077,0.067138671875
293,811,1479,1200128,0.007863569,776.08,-0.0019884943510987798,-14.30919108,0.2,-1.0893332973122596,1.2382891178131104,2920,0.9738571047782898,0.4516142010688782,0.0003,3.804735428094864,0.037451171875
294,813,1480,1204224,0.0057532815,792.89,-0.0028259268176043404,-16.780340210000002,0.2,-1.0814357534050942,1.3891096115112305,2930,0.9642853736877441,0.4523340165615082,0.0003,3.230074329674244,0.0887939453125
295,815,1481,1208320,0.007078997,798.23,-0.0030303060630103573,-20.236719,0.2,-1.0847671881318093,0.45065876841545105,2940,0.9843661189079285,0.45294883847236633,0.0003,1.6701043955981731,0.0695068359375
296,817,1482,1212416,0.0067664366,805.4,-0.004886712622828781,-24.99412937,0.2,-1.0840105801820754,0.6608344912528992,2950,0.9840258955955505,0.4531491696834564,0.0003,1.917785396426916,0.051318359375
297,819,1484,1216512,0.0047749327,802.37,-0.004587842351611471,-24.638445850000004,0.2,-1.0753584042191506,0.8380002975463867,2960,0.9832126498222351,0.4520159363746643,0.0003,1.8001663096249103,0.0630615234375
298,821,1485,1220608,0.007536633,803.89,-0.002881718879507389,-25.29845604,0.2,-1.0676029339432715,0.8628217577934265,2970,0.9626575708389282,0.452106237411499,0.0003,3.088841924071312,0.0512939453125
299,823,1486,1224704,0.007858839,795.2,-0.004009873123141006,-23.528217119999994,0.2,-1.0692990139126777,0.8458511829376221,2980,0.973988950252533,0.45418232679367065,0.0003,2.428177919983864,0.059033203125
300,825,1487,1228800,0.010129295,765.98,-0.0005075557099189609,-20.97810587,0.2,-1.0727800726890564,1.2250280380249023,2990,0.9492689967155457,0.4536030888557434,0.0003,2.8523186817765236,0.100341796875
301,827,1489,1232896,0.011865621,765.4,-0.004508909926516935,-23.52597398,0.2,-1.0683097749948502,1.8782787322998047,3000,0.9616730809211731,0.4539448916912079,0.0003,4.306544971466065,0.0720703125
302,829,1490,1236992,0.0073535843,774.86,-0.004286673612659797,-25.475742440000005,0.2,-1.0674398511648178,0.6918367147445679,3010,0.9602176547050476,0.45289015769958496,0.0003,3.201491132378578,0.076513671875
303,831,1492,1241088,0.0051428867,774.88,-0.003984720242442563,-25.066053939999996,0.2,-1.0618989124894143,0.46790024638175964,3020,0.9836908578872681,0.45217835903167725,0.0003,1.6094661965966224,0.0555419921875
304,833,1493,1245184,0.0077709886,784.85,-0.0025596478837542234,-29.000150079999997,0.2,-1.058234767615795,0.6765860915184021,3030,0.9786412715911865,0.45186641812324524,0.0003,2.2171285822987556,0.0909912109375
305,835,1495,1249280,0.01171816,779.87,-0.003996389117673971,-25.02822550000001,0.2,-1.0580097913742066,0.7107451558113098,3040,0.9672777652740479,0.45288100838661194,0.0003,2.112640471756458,0.0772705078125
306,837,1497,1253376,0.0054168743,782.01,-0.00205696186167188,-26.23713473,0.2,-1.052551093697548,0.4790411591529846,3050,0.9688335657119751,0.45023900270462036,0.0003,1.6759798169136046,0.0697998046875
307,838,1499,1257472,0.006377754,787.25,-0.005433618834649679,-30.94312102,0.2,-1.045942060649395,0.8878678679466248,3060,0.9588572382926941,0.45037585496902466,0.0003,3.250979097187519,0.0606689453125
308,840,1500,1261568,0.013769728,770.95,-0.0030967297876486554,-31.89893535,0.2,-1.047396856546402,0.38044488430023193,3070,0.9882419109344482,0.4509621262550354,0.0003,1.0460409298539162,0.0791748046875
309,842,1502,1265664,0.0055115893,763.37,-0.003537629937636666,-29.696016559999997,0.2,-1.047848902642727,1.3864721059799194,3080,0.9669756889343262,0.4508562684059143,0.0003,3.8269502252340315,0.0630859375
310,844,1503,1269760,0.012935113,764.13,-0.0046670739451656115,-31.430203229999993,0.2,-1.0485851123929024,0.7048038840293884,3090,0.9855472445487976,0.45190390944480896,0.0003,1.8204237923026085,0.073876953125
311,846,1504,1273856,0.006400736,755.7,-0.003252847095427569,-29.25056975,0.2,-1.051263201236725,0.6124323010444641,3100,0.9787333607673645,0.4525131583213806,0.0003,1.9076651096343995,0.0667724609375
312,848,1506,1277952,0.009075831,741.05,-0.004550470667891204,-25.25984262,0.2,-1.0503767728805542,1.7686407566070557,3110,0.944729208946228,0.4545779228210449,0.0003,3.8156852245330812,0.07138671875
313,850,1507,1282048,0.008161748,749.27,-0.0034070760913891716,-25.794637350000002,0.2,-1.0530055895447732,1.2762454748153687,3120,0.963857889175415,0.4537871479988098,0.0003,3.4207419753074646,0.096533203125
314,852,1508,1286144,0.005643242,734.95,-0.003952970920363441,-20.446817839999998,0.2,-1.0487542316317557,0.37804654240608215,3130,0.9787660241127014,0.45226964354515076,0.0003,1.3266998842358588,0.0550048828125
315,854,1509,1290240,0.004524716,721.67,-0.0032288888833136298,-18.90411598,0.2,-1.0339872375130654,1.5256239175796509,3140,0.9492613673210144,0.4484061002731323,0.0003,4.4649995267391205,0.0836669921875
316,856,1510,1294336,0.003491686,705.07,-0.003914949131285539,-15.403141070000002,0.2,-1.019100011885166,1.1099481582641602,3150,0.9145978689193726,0.4468608498573303,0.0003,4.1605621233582495,0.0401611328125
317,859,1511,1298432,0.014689669,708.52,-0.0033224390441318973,-15.155129860000002,0.2,-1.0118037283420562,0.9771041870117188,3160,0.8875150680541992,0.4455113410949707,0.0003,3.278859706223011,0.0680908203125
318,823,1582,1302528,0.018430945,738.98,-0.002571169042494148,-17.283000790000003,0.2,-1.0000432752072812,0.41847333312034607,3170,0.927069902420044,0.4429367184638977,0.0003,1.0665413089096547,0.1060302734375
319,825,1583,1306624,0.013729885,743.04,-0.004956347262486815,-14.712644179999998,0.2,-0.982431311160326,0.26384642720222473,3180,0.9788716435432434,0.43941348791122437,0.0003,0.8933826122432947,0.0926513671875
320,827,1584,1310720,0.0063952636,723.91,-0.004036778392037377,-15.351622530000004,0.2,-0.9663514539599418,0.6738768815994263,3190,0.9747130870819092,0.4380722641944885,0.0003,2.211976496875286,0.088037109375
321,829,1585,1314816,0.006574317,712.6,-0.0006221882562385872,-12.234317979999998,0.2,-0.9637615017592907,0.9715538024902344,3200,0.9579872488975525,0.43797534704208374,0.0003,3.0146257668733596,0.0728271484375
322,831,1586,1318912,0.010055848,717.88,-0.004840758428326808,-12.36150583,0.2,-0.9613361798226834,0.4948475956916809,3210,0.9731462001800537,0.4398255944252014,0.0003,1.6567490376532077,0.09375
323,833,1587,1323008,0.0059149507,730.05,-0.0020276199997169898,-16.40456692,0.2,-0.9609840147197246,1.200154185295105,3220,0.9774301052093506,0.43956202268600464,0.0003,2.2107254385948183,0.091015625
324,835,1588,1327104,0.0109809395,731.85,-0.0076495802291901786,-13.181626329999997,0.2,-0.9591107167303562,0.30948808789253235,3230,0.9720791578292847,0.4422568082809448,0.0003,0.9870140589773655,0.1018798828125
325,837,1589,1331200,0.009599758,731.7,-0.0029812216555001212,-12.04979798,0.2,-0.9616777449846268,0.20858827233314514,3240,0.9628850221633911,0.44117116928100586,0.0003,0.8070735234767199,0.0750244140625
326,839,1590,1335296,0.008186093,720.85,-0.0023552749771624804,-10.890042639999999,0.2,-0.9588912136852741,1.2345750331878662,3250,0.9422935247421265,0.4393870234489441,0.0003,3.166823869943619,0.0808837890625
327,841,1591,1339392,0.005357789,736.78,-0.0036163020180538298,-14.421804350000002,0.2,-0.9556863166391849,0.2977540194988251,3260,0.9723243713378906,0.4383365511894226,0.0003,1.316690059006214,0.067431640625
328,843,1592,1343488,0.0052332394,729.27,-0.005088259626063518,-8.355650480000001,0.2,-0.9509004190564155,1.1310102939605713,3270,0.9327166080474854,0.43766629695892334,0.0003,2.7883131459355353,0.04560546875
329,845,1593,1347584,0.01079285,713.95,-0.004267824385897257,-4.428072350000001,0.2,-0.9489372037351131,2.0344841480255127,3280,0.7789381146430969,0.43730437755584717,0.0003,4.6719498738646505,0.0840087890625
330,847,1594,1351680,0.005985625,702.72,-0.0003020259930053726,-2.5018527699999997,0.2,-0.9461962088942528,1.391459345817566,3290,0.9196649193763733,0.43679100275039673,0.0003,5.576838114857674,0.0820068359375
331,850,1594,1355776,0.0068021966,711.0,-0.005982011373271234,-5.08891631,0.2,-0.9440122894942761,0.5355993509292603,3300,0.9803768992424011,0.4383821189403534,0.0003,1.9109510958194733,0.0757080078125
332,852,1595,1359872,0.011008038,714.19,-0.002867081464501098,-4.43852812,0.2,-0.9410034932196141,0.5197904706001282,3310,0.9593828320503235,0.43582630157470703,0.0003,1.6185480758547783,0.0751708984375
333,854,1596,1363968,0.0057204934,725.65,-0.0023877906147390603,-5.72736351,0.2,-0.9352457538247109,1.3841203451156616,3320,0.9701085090637207,0.437906950712204,0.0003,3.0498427182435988,0.07841796875
334,856,1597,1368064,0.008346913,736.48,-0.0028749024771968835,-8.734286080000002,0.2,-0.9425696268677711,1.4723899364471436,3330,0.9263228178024292,0.4388728439807892,0.0003,4.335070510208607,0.07177734375
335,858,1598,1372160,0.0056701167,710.91,-0.002381456916918978,-8.440009580000002,0.2,-0.9445860430598259,0.3790236711502075,3340,0.9460151195526123,0.4391222596168518,0.0003,1.5234609581530094,0.0848388671875
336,860,1599,1376256,0.009866005,721.38,-0.0020481526269577445,-8.1692382,0.2,-0.9434330694377422,0.36526232957839966,3350,0.9480792880058289,0.4366038739681244,0.0003,1.0560416586697101,0.11357421875
337,862,1599,1380352,0.008951725,725.2,-0.002321182534797117,-7.139286930000001,0.2,-0.938203153014183,0.48135167360305786,3360,0.9490445256233215,0.4362727701663971,0.0003,1.5432245083153249,0.0746337890625
338,864,1600,1384448,0.006172407,727.78,-0.0016450908122351393,-4.40994499,0.2,-0.9366440914571286,0.9717347025871277,3370,0.8997319936752319,0.4359343647956848,0.0003,2.859300883859396,0.0628662109375
339,866,1601,1388544,0.004738323,728.55,-0.0020482274994719774,-5.359458750000001,0.2,-0.9367667108774185,0.9019261598587036,3380,0.9284313917160034,0.4363655745983124,0.0003,3.3552709013223647,0.0708740234375
340,869,1602,1392640,0.00897854,733.74,-0.003604301280574873,-4.704925049999999,0.2,-0.9406188547611236,0.3210860788822174,3390,0.970220148563385,0.4377266466617584,0.0003,1.1746199034154414,0.0774169921875
341,871,1603,1396736,0.0094120875,721.85,-0.0025288332952186467,-3.21705487,0.2,-0.9459545701742172,1.1892280578613281,3400,0.8814010620117188,0.43956291675567627,0.0003,3.933211140334606,0.082373046875
342,837,1672,1400832,0.0047163134,712.22,-0.0006081751693272963,-3.1818466,0.2,-0.9472676448523998,0.5608072876930237,3410,0.9535402059555054,0.43887317180633545,0.0003,2.5507636964321136,0.064453125
343,839,1672,1404928,0.007750145,720.06,-0.005156853754306212,-5.30587367,0.2,-0.9432720199227334,0.3460840582847595,3420,0.9820199608802795,0.43989408016204834,0.0003,1.2759664304554463,0.0707275390625
344,841,1673,1409024,0.005948022,746.49,-0.0035112170182401313,-5.521532130000001,0.2,-0.9323765583336353,0.7492170333862305,3430,0.9284791946411133,0.43623030185699463,0.0003,2.815135818719864,0.0597900390625
345,843,1674,1413120,0.0068805153,717.26,-0.004088394742575474,-1.3704136900000004,0.2,-0.9195723950862884,1.7647409439086914,3440,0.8571357727050781,0.4360201954841614,0.0003,3.1865847617387772,0.0757080078125
346,845,1675,1417216,0.0096900575,723.06,-0.003754152335022809,-3.956757280000001,0.2,-0.9198404081165791,0.675880491733551,3450,0.9290122389793396,0.4363902509212494,0.0003,2.58928614705801,0.053173828125
347,847,1676,1421312,0.0074992785,722.65,-0.0029928243646281773,-4.449341070000001,0.2,-0.9123486161231995,1.8209164142608643,3460,0.9571622610092163,0.4327259063720703,0.0003,3.162568747997284,0.0603271484375
348,849,1677,1425408,0.0046970076,717.81,-0.0033007515332428737,-3.1564973700000007,0.2,-0.8991606965661049,0.7529253959655762,3470,0.9283109903335571,0.42909812927246094,0.0003,2.6225690826773644,0.077294921875
349,851,1678,1429504,0.0050637326,714.61,-0.003389697344391607,-1.07235293,0.2,-0.8932211749255657,0.584530234336853,3480,0.9289032816886902,0.4310670793056488,0.0003,2.8168494001030924,0.0502685546875
350,853,1679,1433600,0.014824064,731.47,-0.0007491937692975625,-4.36270471,0.2,-0.8938787326216697,0.5174332857131958,3490,0.965044379234314,0.42815613746643066,0.0003,2.4120135381817818,0.0841064453125
351,855,1679,1437696,0.006339332,737.42,-0.005258857199805789,-4.3244211,0.2,-0.8807999290525913,0.508165180683136,3500,0.9697439670562744,0.42490532994270325,0.0003,2.0765622667968273,0.07392578125
352,857,1680,1441792,0.0065322053,750.8,-0.003395749270566739,-7.015196249999998,0.2,-0.8696535572409629,0.8005111217498779,3510,0.9567605257034302,0.42443838715553284,0.0003,3.1160787403583527,0.0648193359375
353,859,1681,1445888,0.018690873,759.17,-0.002991145761916414,-6.7171194100000005,0.2,-0.8698080942034722,0.8653869032859802,3520,0.9664929509162903,0.42385977506637573,0.0003,2.3216552153229713,0.0988037109375
354,861,1682,1449984,0.0056170323,739.84,-0.003434716726769693,-5.1791487599999995,0.2,-0.8698298215866089,1.449582576751709,3530,0.9134219288825989,0.4243389666080475,0.0003,5.155534306168557,0.0951416015625
355,863,1683,1454080,0.006283379,747.76,-0.004720529139740392,-6.037810370000001,0.2,-0.8704068124294281,1.0137566328048706,3540,0.8762917518615723,0.423985093832016,0.0003,3.6133683949708937,0.0509033203125
356,865,1684,1458176,0.0071814014,732.8,-0.004243734102055896,-6.119106849999998,0.2,-0.8734375022351741,1.0617098808288574,3550,0.8427945375442505,0.42483532428741455,0.0003,3.1129708275198937,0.063427734375
357,867,1685,1462272,0.008682655,732.97,-0.0035327759687788785,-5.32983943,0.2,-0.8754645705223083,2.892341375350952,3560,0.8334662914276123,0.4243030548095703,0.0003,8.02341987490654,0.0607177734375
358,869,1686,1466368,0.010567166,727.93,-0.003094096141285263,-3.6346752900000006,0.2,-0.8729585103690625,1.3880019187927246,3570,0.9369227290153503,0.4234912395477295,0.0003,4.090589870512486,0.0842041015625
359,871,1686,1470464,0.008064893,722.74,-0.0044661543099209665,-5.887620690000001,0.2,-0.8727165915071964,0.34645769000053406,3580,0.9639604091644287,0.4250948131084442,0.0003,1.607983799278736,0.076513671875
360,873,1687,1474560,0.011567028,706.34,-0.002631694305455312,-1.6389586799999998,0.2,-0.8763324193656444,1.552560567855835,3590,0.9333596229553223,0.4279049336910248,0.0003,2.833656431734562,0.1162353515625
361,875,1688,1478656,0.01040259,697.4,-0.003675369662232697,-1.3521390299999978,0.2,-0.8798313841223717,1.888211965560913,3600,0.9015402793884277,0.4271535575389862,0.0003,4.037930116057396,0.113818359375
362,877,1689,1482752,0.008583445,716.94,-0.0038684860308421777,-4.133763229999998,0.2,-0.872316426038742,1.1419228315353394,3610,0.9164456129074097,0.4234830439090729,0.0003,3.2426359355449677,0.07314453125
363,879,1690,1486848,0.009631958,732.63,-0.005885819558170624,-8.67419933,0.2,-0.8653359584510326,0.4142255485057831,3620,0.9454345107078552,0.4225543141365051,0.0003,1.6274386651813983,0.0970947265625
364,881,1691,1490944,0.012789149,729.17,-0.002795573839102872,-6.14704406,0.2,-0.8600502841174602,0.19745275378227234,3630,0.9726541042327881,0.42006993293762207,0.0003,0.7788679230958223,0.1421875
365,883,1692,1495040,0.0062302365,734.71,-0.0036865550791844726,-6.891387719999998,0.2,-0.8483595311641693,2.8048207759857178,3640,0.5903242230415344,0.4178285598754883,0.0003,7.218716970086097,0.0657470703125
366,885,1692,1499136,0.01388259,736.53,-0.0014124873414402828,-5.80687559,0.2,-0.8369546741247177,0.6771901845932007,3650,0.8444827795028687,0.41608336567878723,0.0003,1.6492793582379819,0.1158935546875
367,853,1760,1503232,0.00452778,713.43,-0.003969185294408817,-1.2135562599999992,0.2,-0.8270362034440041,0.8451268672943115,3660,0.8195149898529053,0.4139971435070038,0.0003,3.742649546265602,0.0635986328125
368,855,1761,1507328,0.005968922,706.88,-0.0029577391003840605,-0.689117400000001,0.2,-0.8129740625619888,0.9418933987617493,3670,0.9514116644859314,0.4116627871990204,0.0003,2.630412881076336,0.0406982421875
369,857,1762,1511424,0.008999986,708.2,-0.0059105729771545155,1.8335314299999999,0.2,-0.8053825363516808,0.8290759325027466,3680,0.9209250807762146,0.41023704409599304,0.0003,2.542933788150549,0.0801513671875
370,859,1762,1515520,0.009833652,702.12,-0.0008843220275593922,3.7334338299999996,0.2,-0.8030858255922795,0.297530859708786,3690,0.9574271440505981,0.408546507358551,0.0003,0.8933273449540138,0.091259765625
371,861,1763,1519616,0.006907207,729.26,-0.003297862221370451,-0.4504250800000017,0.2,-0.790134135633707,0.2700745165348053,3700,0.9374142289161682,0.40591132640838623,0.0003,1.7841857075691223,0.0846923828125
372,863,1764,1523712,0.008107204,712.73,-0.0027068890718510374,1.9583238699999987,0.2,-0.7770413480699062,0.3643847703933716,3710,0.9549829363822937,0.40732651948928833,0.0003,1.007870588451624,0.1118896484375
373,865,1765,1527808,0.0050005363,698.39,-0.0026340797354350797,2.4154018199999983,0.2,-0.7759761929512023,2.205646514892578,3720,0.8810254335403442,0.40571722388267517,0.0003,5.489485569298267,0.05087890625
374,867,1766,1531904,0.0067393943,719.78,-0.002941463390015997,0.4008719999999995,0.2,-0.768389531224966,0.9756749868392944,3730,0.9633755683898926,0.4055924415588379,0.0003,2.646699196100235,0.0988525390625
375,869,1767,1536000,0.0060407086,702.27,-0.004158408203511499,1.0583668399999993,0.2,-0.7663600958883763,1.0127384662628174,3740,0.9388523101806641,0.404069185256958,0.0003,1.7493047736585141,0.084130859375
376,871,1768,1540096,0.004946314,705.17,-0.004033257000264712,2.7778085599999995,0.2,-0.762909297645092,0.9126840233802795,3750,0.9232457280158997,0.40224602818489075,0.0003,2.72658284753561,0.0454833984375
377,872,1768,1544192,0.0059586694,708.06,-0.003719580252072774,0.6347489099999994,0.2,-0.7529589459300041,0.7612110376358032,3760,0.975727915763855,0.4013420641422272,0.0003,2.876566269993782,0.0526611328125
378,874,1769,1548288,0.004837557,697.2,-0.0032199888592003845,-0.47272397999999954,0.2,-0.7432651899755001,0.34271517395973206,3770,0.9838035702705383,0.39928990602493286,0.0003,1.1147581063210965,0.0594970703125
379,876,1770,1552384,0.009884969,690.4,-0.0036426450475119053,1.20089874,0.2,-0.7330598309636116,0.9335184693336487,3780,0.9770069718360901,0.39936962723731995,0.0003,2.6865607112646104,0.065625
380,878,1771,1556480,0.012857538,687.65,-0.0016011419720598496,1.4463658300000004,0.2,-0.7305826865136623,0.2751326560974121,3790,0.9789828062057495,0.39697790145874023,0.0003,1.2971169620752334,0.093701171875
381,880,1772,1560576,0.008338965,707.41,0.001988956826971844,-1.9923498099999997,0.2,-0.7280630759894848,0.7868653535842896,3800,0.9642576575279236,0.3973522186279297,0.0003,3.408012269437313,0.1196533203125
382,882,1773,1564672,0.01347445,693.96,-0.0029396871075732635,-1.1760211600000006,0.2,-0.732159323990345,1.5683788061141968,3810,0.9695995450019836,0.39896509051322937,0.0003,3.3429185420274736,0.08974609375
383,884,1774,1568768,0.004394239,689.56,-0.0007666969162528403,-4.5642102300000005,0.2,-0.7386624366044998,2.0731887817382812,3820,0.9413937330245972,0.3999004662036896,0.0003,6.557060441374778,0.090087890625
384,886,1775,1572864,0.0060721966,695.11,-0.004521197971189395,-5.944889920000001,0.2,-0.7411327555775642,0.45056459307670593,3830,0.971123456954956,0.40173864364624023,0.0003,2.2291325852274895,0.069775390625
385,887,1776,1576960,0.007319629,723.18,-0.0022351366525981574,-11.68374917,0.2,-0.7479405418038368,0.5223335027694702,3840,0.9646310210227966,0.40340059995651245,0.0003,1.612056103348732,0.0839599609375
386,889,1776,1581056,0.005888672,712.11,-0.003575024644669611,-12.33581428,0.2,-0.752923383563757,1.4902886152267456,3850,0.9383369088172913,0.4045226275920868,0.0003,3.9083948165178297,0.04697265625
387,891,1777,1585152,0.005740264,712.53,-0.003830932156415656,-13.524512660000001,0.2,-0.7469713017344475,0.7974361181259155,3860,0.9687460660934448,0.4015524387359619,0.0003,2.7941703140735625,0.0635498046875
388,893,1778,1589248,0.015585093,707.82,-0.004130667985009495,-13.344354509999999,0.2,-0.7267002634704113,0.43676918745040894,3870,0.9792075157165527,0.39892861247062683,0.0003,2.0549951396882533,0.0962158203125
389,895,1779,1593344,0.01653077,709.21,-0.001063541418989189,-14.90750828,0.2,-0.716671022772789,1.1162853240966797,3880,0.9750621914863586,0.3988786041736603,0.0003,1.9891093470156194,0.1060791015625
390,897,1780,1597440,0.006785172,720.78,-0.0014644168404629454,-15.944583849999999,0.2,-0.7142083995044232,0.4889327585697174,3890,0.9728740453720093,0.39816465973854065,0.0003,2.588383322954178,0.1154296875
391,865,1849,1601536,0.0073386095,749.93,-0.003827935378649272,-21.628217130000003,0.2,-0.7126574672758579,0.4686022102832794,3900,0.9761821627616882,0.3982676863670349,0.0003,1.9119806818664074,0.0716552734375
392,867,1850,1605632,0.008798661,742.16,-0.007879373576724902,-17.84337984,0.2,-0.7180530376732349,0.40271204710006714,3910,0.9816767573356628,0.40108782052993774,0.0003,1.4048842012882232,0.0862060546875
393,869,1851,1609728,0.0075774095,748.53,-0.002428414818132296,-19.88403649,0.2,-0.7262753427028656,1.4115582704544067,3920,0.93996262550354,0.3998500108718872,0.0003,4.721659398078918,0.0874267578125
394,871,1852,1613824,0.008913371,761.72,-0.0034979173011379316,-22.371599850000003,0.2,-0.7205022245645523,1.2979563474655151,3930,0.969480037689209,0.39902907609939575,0.0003,2.5707018159329893,0.0952392578125
395,872,1853,1617920,0.008136188,748.78,-0.0056028263352345675,-20.01262981,0.2,-0.7165951959788799,1.407644510269165,3940,0.9548001885414124,0.3988416790962219,0.0003,4.174074855446816,0.0759521484375
396,874,1854,1622016,0.00711563,745.83,-0.002736152405850589,-19.21061572,0.2,-0.7160688243806362,1.5281777381896973,3950,0.9581623077392578,0.3975086510181427,0.0003,4.652742569148541,0.0686279296875
397,876,1855,1626112,0.004494402,733.44,-0.001465929277765099,-20.111843909999997,0.2,-0.7123477756977081,1.1787025928497314,3960,0.9527027606964111,0.3966124653816223,0.0003,3.888806276023388,0.055908203125
398,878,1856,1630208,0.00906975,714.62,-0.0028650513719185255,-16.484923209999998,0.2,-0.7040728010237217,0.8620330691337585,3970,0.9705517888069153,0.3965250849723816,0.0003,2.974164853990078,0.0779541015625
399,879,1857,1634304,0.0064574312,715.17,-0.0020922838361002506,-17.50408074,0.2,-0.6949031732976436,1.3428916931152344,3980,0.9402132630348206,0.39583820104599,0.0003,4.6693550303578375,0.0810791015625
400,881,1858,1638400,0.008548662,701.5,-0.004177598081878386,-12.66494909,0.2,-0.6894881278276443,1.0661418437957764,3990,0.9230962991714478,0.3951360285282135,0.0003,4.4853178560733795,0.087060546875
401,883,1859,1642496,0.007026903,692.83,-0.0017539127205964179,-12.58001942,0.2,-0.6880419887602329,0.8126562237739563,4000,0.9799270629882812,0.3953405022621155,0.0003,2.7221330001950266,0.089892578125
402,884,1861,1646592,0.0068709888,685.38,-0.0035960476532636678,-10.000780039999999,0.2,-0.6899460643529892,0.7793481945991516,4010,0.9686110019683838,0.39658766984939575,0.0003,3.884599694609642,0.06279296875
403,886,1862,1650688,0.0072613093,689.02,-0.0043939216004218904,-11.410360500000001,0.2,-0.6934936933219433,0.3114267885684967,4020,0.9806424975395203,0.3972664475440979,0.0003,1.797214849293232,0.0795654296875
404,887,1863,1654784,0.013655506,680.71,-0.0020966404626960866,-8.897454629999999,0.2,-0.6926482491195202,0.199321910738945,4030,0.9931185841560364,0.3982824385166168,0.0003,0.8111681085079908,0.0969482421875
405,889,1864,1658880,0.0053419964,670.87,-0.002909252938115969,-7.2119067999999995,0.2,-0.688976838439703,1.6474100351333618,4040,0.9438014030456543,0.3978051543235779,0.0003,4.094688034057617,0.064794921875
406,891,1865,1662976,0.0070582405,660.34,-0.0034699230949627236,-4.85746561,0.2,-0.6799218185245991,0.4531134068965912,4050,0.9729270935058594,0.3948618173599243,0.0003,1.4578968860208987,0.0761474609375
407,893,1866,1667072,0.010049954,646.26,-0.003949135504080914,-0.9853603299999992,0.2,-0.6708096206188202,0.8111562132835388,4060,0.9236011505126953,0.39534708857536316,0.0003,3.040080042183399,0.0667236328125
408,894,1867,1671168,0.005069864,652.7,-0.002591063512954861,-3.2727432499999995,0.2,-0.6691699162125587,1.0512465238571167,4070,0.9618408679962158,0.39597365260124207,0.0003,3.84040025472641,0.0497314453125
409,896,1868,1675264,0.022839788,655.08,-0.005367707365076057,-4.183267269999999,0.2,-0.6743932850658894,0.15388986468315125,4080,0.9909634590148926,0.39864686131477356,0.0003,0.7989286031574011,0.10498046875
410,898,1869,1679360,0.00679436,649.7,-0.004057080685743131,-4.541718939999998,0.2,-0.6846594132483006,0.9551926255226135,4090,0.9652183055877686,0.399324506521225,0.0003,2.9017623625695705,0.0955810546875
411,899,1870,1683456,0.008167066,670.28,-0.0029814658570103346,-6.334620139999999,0.2,-0.6846573017537594,0.9306633472442627,4100,0.9523284435272217,0.3995789885520935,0.0003,2.55003315359354,0.081005859375
412,901,1871,1687552,0.005520152,669.26,-0.001657434762455523,-6.114896689999999,0.2,-0.6811665408313274,0.9966281652450562,4110,0.9603700637817383,0.39913851022720337,0.0003,2.4767449676990507,0.0943115234375
413,903,1872,1691648,0.0064682206,670.66,-0.002280383702600375,-4.20596663,0.2,-0.6796477265655995,0.6407443881034851,4120,0.9461358785629272,0.39961862564086914,0.0003,2.4770670026540755,0.0830322265625
414,904,1873,1695744,0.007617531,681.22,-0.004243505571503192,-6.32137686,0.2,-0.6732482574880123,0.5262270569801331,4130,0.9638097882270813,0.3974182605743408,0.0003,2.5218371354043483,0.0779296875
415,906,1874,1699840,0.012484512,703.37,-0.002670901399687864,-7.66849339,0.2,-0.6588016435503959,0.25456804037094116,4140,0.9800054430961609,0.3957332372665405,0.0003,1.2553211774677038,0.077392578125
416,876,1943,1703936,0.009129034,713.21,-0.0027636908052954823,-8.151851,0.2,-0.6512455016374588,0.3957206606864929,4150,0.9714171290397644,0.3946073055267334,0.0003,1.7364978082478046,0.0842529296875
417,878,1944,1708032,0.014387237,730.94,-0.005430341575993225,-10.45792213,0.2,-0.6354551628232002,0.17557117342948914,4160,0.9889745116233826,0.38824087381362915,0.0003,0.6859735861420632,0.12431640625
418,880,1945,1712128,0.0150647685,747.09,-0.0006126533466158435,-12.231510740000003,0.2,-0.6144981123507023,0.37931540608406067,4170,0.9547510743141174,0.3884504437446594,0.0003,2.0533803209662436,0.1289794921875
419,881,1946,1716224,0.006497206,744.94,-0.00036465328303165735,-10.953471819999999,0.2,-0.6147258184850216,0.5779834389686584,4180,0.970236599445343,0.3883388936519623,0.0003,2.804880955815315,0.11220703125
420,883,1947,1720320,0.0057049533,742.0,-0.004192835977301001,-10.57731928,0.2,-0.6112801611423493,0.6358346343040466,4190,0.9758164882659912,0.38811981678009033,0.0003,2.5694461673498155,0.0783935546875
421,885,1948,1724416,0.0067207366,732.66,-0.0027880510286195205,-7.423471879999999,0.2,-0.6063478752970696,2.0581634044647217,4200,0.970250129699707,0.38715630769729614,0.0003,3.770631605386734,0.0935546875
422,886,1949,1728512,0.014431111,734.29,-0.004207302516442723,-8.115976319999998,0.2,-0.5982702262699604,0.8388640284538269,4210,0.9618908166885376,0.38709282875061035,0.0003,4.005308200418949,0.08916015625
423,888,1950,1732608,0.00740196,743.49,-0.0026439383829711003,-10.209435350000001,0.2,-0.5952711142599583,0.7925705313682556,4220,0.9497572779655457,0.3848576843738556,0.0003,3.1403866320848466,0.0606689453125
424,890,1951,1736704,0.0083181225,736.7,-0.00203964835673105,-12.234347600000001,0.2,-0.5904855333268643,0.2890637516975403,4230,0.9815739393234253,0.38469064235687256,0.0003,1.5464090988039971,0.064208984375
425,891,1951,1740800,0.0040695453,745.93,-0.003720797534333542,-13.241250790000002,0.2,-0.5885853081941604,1.5269204378128052,4240,0.9461629986763,0.38546812534332275,0.0003,5.596254047751427,0.0671630859375
426,893,1952,1744896,0.007587062,734.2,-0.004991990728012752,-8.254085620000001,0.2,-0.5901336953043937,0.5954117774963379,4250,0.9373403787612915,0.3849795460700989,0.0003,1.6688325092196465,0.1043701171875
427,895,1953,1748992,0.009030408,733.99,-0.005137126470799558,-7.3978965200000015,0.2,-0.5861898228526116,0.5166440606117249,4260,0.9455411434173584,0.384783536195755,0.0003,2.265935280919075,0.0704345703125
428,896,1954,1753088,0.007483351,728.02,-0.002529953554039821,-3.9388241300000004,0.2,-0.5829847529530525,0.6881903409957886,4270,0.9249839782714844,0.38419052958488464,0.0003,2.4945398047566414,0.0504150390625
429,898,1955,1757184,0.004374475,718.92,-0.0035255776281701403,-1.4479834899999997,0.2,-0.5802455082535743,0.5971736907958984,4280,0.971056342124939,0.3843644857406616,0.0003,1.8762107595801354,0.0701171875
430,900,1956,1761280,0.011951764,713.87,-0.0017545748269185424,-3.2827807699999987,0.2,-0.5782810382544994,1.3092949390411377,4290,0.9464653134346008,0.3817334473133087,0.0003,4.28700937628746,0.0796875
431,902,1957,1765376,0.005205051,689.49,-0.003376242012018338,0.17882192000000038,0.2,-0.5748416870832443,1.9772768020629883,4300,0.8474379777908325,0.3817651867866516,0.0003,6.15548697412014,0.04599609375
432,903,1957,1769472,0.0052624466,698.84,-0.002232534030918032,-0.8068212799999992,0.2,-0.5708211071789264,0.6756290793418884,4310,0.9535405039787292,0.38097938895225525,0.0003,2.558490331470966,0.0664794921875
433,905,1958,1773568,0.009578261,686.46,-0.0010199855591054075,-0.09925628000000074,0.2,-0.5726891934871674,0.5750399231910706,4320,0.9648492932319641,0.38427528738975525,0.0003,1.9677000269293785,0.1281005859375
434,907,1959,1777664,0.008449201,680.45,-0.0043174784252187235,-0.10611229999999967,0.2,-0.5806305587291718,0.46438854932785034,4330,0.9667932987213135,0.385387659072876,0.0003,2.1653511568903925,0.0814697265625
435,908,1960,1781760,0.009420218,678.69,-0.00719761990767438,1.4497912799999997,0.2,-0.5731751240789891,0.5328767895698547,4340,0.942565381526947,0.38566285371780396,0.0003,2.0535542763769628,0.0868408203125
436,910,1961,1785856,0.006947169,692.46,-0.004810611021821387,0.28724779999999983,0.2,-0.5759492725133896,0.7201491594314575,4350,0.9557301998138428,0.3864941895008087,0.0003,2.624748497456312,0.0860107421875
437,912,1962,1789952,0.016061885,699.66,-0.004290619463426992,-0.41635881000000013,0.2,-0.5728911675512791,0.4740927219390869,4360,0.9779775738716125,0.38260436058044434,0.0003,1.536493407189846,0.1043212890625
438,913,1963,1794048,0.007338063,699.11,-0.0040911189455073325,-0.3639950500000007,0.2,-0.5637478649616241,0.9132576584815979,4370,0.9693071246147156,0.38377878069877625,0.0003,2.3859539583325384,0.07138671875
439,915,1964,1798144,0.009577525,712.41,-0.0038467539998237044,-1.768842600000001,0.2,-0.5686178438365459,0.39542099833488464,4380,0.9526270627975464,0.3842936158180237,0.0003,1.8178871996700763,0.0848388671875
440,887,2031,1802240,0.008092165,710.63,-0.0036161015304969624,-0.824613129999999,0.2,-0.5631527096033097,0.29542335867881775,4390,0.9599180817604065,0.38215768337249756,0.0003,1.0854070082306861,0.080126953125
441,888,2032,1806336,0.0053920303,714.08,-0.002203570332494564,0.37333802000000027,0.2,-0.5549633637070656,0.6447375416755676,4400,0.9309849143028259,0.3825581669807434,0.0003,2.077016171067953,0.063232421875
442,890,2033,1810432,0.011416504,718.01,-0.0025550572638167067,1.3855586800000004,0.2,-0.555799700319767,0.8022404909133911,4410,0.8719640970230103,0.38333094120025635,0.0003,2.7430501207709312,0.0862060546875
443,892,2033,1814528,0.006244489,721.45,-0.0032667304039932787,1.01332734,0.2,-0.5541279301047325,0.6727962493896484,4420,0.8754705786705017,0.3824250400066376,0.0003,2.2270798549056052,0.06103515625
444,893,2034,1818624,0.0110525675,728.18,-0.004219473453122191,-0.702780800000001,0.2,-0.5486798040568829,0.607468843460083,4430,0.7551969885826111,0.3816409707069397,0.0003,3.420506754517555,0.0763427734375
445,895,2035,1822720,0.022466108,703.08,-0.0037319489230867474,0.5585141099999995,0.2,-0.5395187772810459,0.9326773285865784,4440,0.8760662078857422,0.3790109157562256,0.0003,2.3201096005737782,0.11396484375
446,897,2036,1826816,0.007618439,710.82,-0.003537471717572771,-1.4195962300000005,0.2,-0.5352652832865715,0.8105114102363586,4450,0.9321015477180481,0.38182753324508667,0.0003,2.7615088507533074,0.080810546875
447,898,2037,1830912,0.0060847825,711.96,-0.005255914403824136,-1.786787750000001,0.2,-0.5379015915095806,1.2389347553253174,4460,0.9101625680923462,0.3799457848072052,0.0003,2.479404892772436,0.0687255859375
448,900,2038,1835008,0.007890236,731.26,0.00047168402816168966,-0.15046433999999992,0.2,-0.5246881976723671,0.853873610496521,4470,0.8794863820075989,0.3787902891635895,0.0003,2.9069735586643217,0.1167724609375
449,901,2039,1839104,0.009003742,756.47,-0.0010422752573504112,-5.918420229999999,0.2,-0.5213480040431022,0.880266547203064,4480,0.9348421692848206,0.38002675771713257,0.0003,3.3034621819853784,0.1269775390625
450,903,2040,1843200,0.009847525,767.41,-0.0024135798652423547,-8.852068109999998,0.2,-0.5278114914894104,1.464860200881958,4490,0.9441202282905579,0.37995195388793945,0.0003,2.991221167892218,0.0998291015625
451,905,2041,1847296,0.007003417,743.57,-0.0023909658804768695,-6.71769357,0.2,-0.5158096976578236,0.4099962115287781,4500,0.9689307808876038,0.3762625753879547,0.0003,1.2433747686445713,0.080615234375
452,906,2041,1851392,0.012320568,740.35,-0.0019015875906916336,-3.5259296400000006,0.2,-0.4986353624612093,0.3320870101451874,4510,0.9660701155662537,0.37228870391845703,0.0003,1.208875922113657,0.089794921875
453,908,2042,1855488,0.0048928875,743.68,-0.003073978780594189,-5.79772471,0.2,-0.4892036247998476,1.0986982583999634,4520,0.8574742078781128,0.37218809127807617,0.0003,4.4809559509158134,0.04150390625
454,910,2043,1859584,0.00840098,728.93,-0.004324341512983665,-4.154373909999999,0.2,-0.48222196511924265,0.3187573552131653,4530,0.9460961222648621,0.3689749538898468,0.0003,1.91318489164114,0.0835693359375
455,911,2044,1863680,0.009861052,726.65,-0.004813967850350309,-3.5522046699999987,0.2,-0.46859353631734846,0.41043299436569214,4540,0.9366810321807861,0.36783507466316223,0.0003,1.7257467061281204,0.088623046875
456,913,2045,1867776,0.007717326,721.25,-0.0034756240231217815,-1.9446735100000003,0.2,-0.4640101335942745,1.194357991218567,4550,0.9615501761436462,0.3673175573348999,0.0003,2.5352243021130563,0.088720703125
457,914,2046,1871872,0.013383012,725.54,-0.0026946594152832404,-4.565110350000001,0.2,-0.46282249726355074,0.9670263528823853,4560,0.9551145434379578,0.3683621883392334,0.0003,2.427445674687624,0.085302734375
458,916,2047,1875968,0.0072425744,728.29,-0.004966847467585467,-4.343392099999999,0.2,-0.47253086864948274,0.7151461243629456,4570,0.9541090726852417,0.3683522045612335,0.0003,2.128515988588333,0.0687255859375
459,917,2048,1880064,0.014965089,722.91,-0.0016232852620305493,-4.877637160000001,0.2,-0.4732091847807169,0.5697053670883179,4580,0.9617044925689697,0.3687412142753601,0.0003,3.5015615835785865,0.108349609375
460,919,2049,1884160,0.014281378,722.8,-0.0028752276804880237,-7.47443131,0.2,-0.46344128623604774,0.47841876745224,4590,0.9769121408462524,0.36553680896759033,0.0003,1.8531566955149175,0.0931884765625
461,921,2050,1888256,0.009587693,735.88,0.00015879704878898337,-11.43408995,0.2,-0.45362633727490903,0.2930294871330261,4600,0.9831891059875488,0.36547258496284485,0.0003,1.1115774255245925,0.088427734375
462,922,2050,1892352,0.004768423,732.48,-0.0013956940267235041,-12.10725205,0.2,-0.4521387405693531,1.233962893486023,4610,0.9299456477165222,0.3664399981498718,0.0003,3.102424497902393,0.052197265625
463,924,2051,1896448,0.0065065417,746.6,-0.0015064069913933054,-12.769566690000001,0.2,-0.45877609103918077,1.7786248922348022,4620,0.9366171956062317,0.3676847815513611,0.0003,3.30617348998785,0.064599609375
464,896,2120,1900544,0.009020687,741.8,0.00020455175545066595,-12.15158178,0.2,-0.45855601094663145,1.3033618927001953,4630,0.898789644241333,0.3659123480319977,0.0003,2.6513208761811256,0.118115234375
465,897,2121,1904640,0.008031497,751.68,-0.004008907519164495,-12.035113549999997,0.2,-0.4449929542839527,0.28263431787490845,4640,0.9748518466949463,0.3625265955924988,0.0003,1.2404349073767662,0.0799560546875
466,899,2121,1908736,0.0069939555,734.12,-0.0023918973485706372,-11.415108689999997,0.2,-0.4266388524323702,0.2089395374059677,4650,0.980780839920044,0.36009371280670166,0.0003,1.148631814494729,0.087841796875
467,901,2122,1912832,0.010734629,712.89,-0.0023129493987653405,-6.577623589999999,0.2,-0.4189190473407507,1.570312738418579,4660,0.9428066611289978,0.35957446694374084,0.0003,4.235304868221283,0.0818359375
468,902,2123,1916928,0.0037259744,716.67,-0.0005917175498325377,-6.913975380000002,0.2,-0.4132625225931406,2.3533902168273926,4670,0.9141736030578613,0.3588128089904785,0.0003,6.961641907691956,0.064306640625
469,904,2124,1921024,0.012121839,721.19,-0.0007439921959303319,-8.980238610000002,0.2,-0.4048451140522957,0.32870134711265564,4680,0.969565212726593,0.3589543104171753,0.0003,1.6317874267697334,0.1300048828125
470,905,2125,1925120,0.00652293,700.57,-0.0018789630237733945,-6.665909889999999,0.2,-0.4025756400078535,0.956088125705719,4690,0.9521192312240601,0.35856249928474426,0.0003,3.344139364361763,0.076513671875
471,907,2126,1929216,0.011214772,690.8,-0.003034613638010342,-7.086727550000002,0.2,-0.40042082481086255,0.7260677814483643,4700,0.9562028646469116,0.3589652180671692,0.0003,2.990761235356331,0.087939453125
472,908,2126,1933312,0.0067299176,697.31,-0.003994250841788016,-9.092055260000002,0.2,-0.3981016807258129,0.5731702446937561,4710,0.9692819118499756,0.3577709197998047,0.0003,2.871204528212547,0.0896728515625
473,910,2127,1937408,0.021843111,694.85,0.00037780200509587305,-7.20836475,0.2,-0.3950090903788805,0.4958556890487671,4720,0.9803218245506287,0.3599255084991455,0.0003,1.6654185190796853,0.113916015625
474,912,2128,1941504,0.012782267,691.74,-0.002235404640669003,-5.95378427,0.2,-0.3975018296390772,0.7701626420021057,4730,0.9531235098838806,0.36078959703445435,0.0003,3.518693132698536,0.1184326171875
475,913,2129,1945600,0.009064969,690.99,-0.004469872663321439,-9.15302293,0.2,-0.3919730193912983,0.6999319195747375,4740,0.9758702516555786,0.3596118092536926,0.0003,2.3335391081869603,0.09169921875
476,915,2130,1949696,0.0071752085,691.47,-0.004692088693263941,-6.714352080000001,0.2,-0.38570921756327153,1.3170205354690552,4750,0.9669297337532043,0.3609926700592041,0.0003,3.5360135421156884,0.102197265625
477,916,2131,1953792,0.008034712,698.98,-0.001772745285416022,-7.507786020000001,0.2,-0.383991289883852,0.4676874876022339,4760,0.9767104387283325,0.3606327176094055,0.0003,2.4782450184226037,0.105126953125
478,918,2132,1957888,0.008287184,689.81,-0.005534764649928548,-4.877677,0.2,-0.3756950840353966,0.38004130125045776,4770,0.988818883895874,0.3601982593536377,0.0003,0.8428434506058693,0.0927490234375
479,919,2133,1961984,0.0065462803,687.67,-0.003467354830354452,-4.69175106,0.2,-0.37017124630510806,1.7934740781784058,4780,0.9616327285766602,0.36046096682548523,0.0003,4.66180035173893,0.065087890625
480,921,2133,1966080,0.008111365,692.67,-0.0029770764522254467,-5.029595789999999,0.2,-0.3777504861354828,1.6125720739364624,4790,0.9788457155227661,0.36541518568992615,0.0003,2.475670671463013,0.10166015625
481,922,2134,1970176,0.011143849,682.8,-0.005603554476692807,-3.46535364,0.2,-0.3874444756656885,0.4578597843647003,4800,0.978848934173584,0.3636395335197449,0.0003,1.757940261811018,0.0951416015625
482,924,2135,1974272,0.008841909,709.26,-0.0020912678999593483,-10.298729070000002,0.2,-0.3823802888393402,0.5080181956291199,4810,0.985443115234375,0.36487895250320435,0.0003,1.8212878167629243,0.0894775390625
483,925,2136,1978368,0.011466205,705.89,-0.002695203619077802,-9.8926471,0.2,-0.38531274236738683,0.1593809574842453,4820,0.9891496300697327,0.36509907245635986,0.0003,0.566784679889679,0.1038818359375
484,927,2137,1982464,0.012446415,719.76,-0.002567132586409571,-11.823976629999999,0.2,-0.38925595991313455,0.2567991018295288,4830,0.9695413112640381,0.3655030131340027,0.0003,1.1339854069054127,0.125146484375
485,928,2138,1986560,0.011124244,733.02,-0.002750411062152125,-11.113324810000002,0.2,-0.38484327085316183,0.35331082344055176,4840,0.9751967787742615,0.3655972182750702,0.0003,1.890826315432787,0.098046875
486,930,2139,1990656,0.013101718,731.14,-0.0032751522783655675,-10.68273392,0.2,-0.38389184735715387,1.0081974267959595,4850,0.9780981540679932,0.36792147159576416,0.0003,2.2783428564667703,0.0982421875
487,931,2140,1994752,0.006945232,747.5,-0.0023885682137915866,-12.108418429999997,0.2,-0.3812533974647522,0.8293823003768921,4860,0.9803683757781982,0.36693722009658813,0.0003,1.8556077059358358,0.0983154296875
488,933,2141,1998848,0.008158739,758.68,-0.002495652997458819,-11.310982070000001,0.2,-0.38061164803802966,0.19725388288497925,4870,0.9809572696685791,0.36852818727493286,0.0003,0.6728494066745043,0.0857421875
489,904,2213,2002944,0.0066526434,764.78,-0.00224585187388584,-11.598687019999998,0.2,-0.3871976759284735,0.33020666241645813,4880,0.9191340208053589,0.36867135763168335,0.0003,1.4639091201126575,0.0923583984375
490,906,2214,2007040,0.00825776,769.94,-0.006631311317323707,-11.386904909999997,0.2,-0.3889860477298498,0.3574245572090149,4890,0.9730504751205444,0.37053167819976807,0.0003,2.0971323192119598,0.079736328125
491,907,2215,2011136,0.015297645,802.88,-0.00279054534912575,-17.17416338,0.2,-0.3957882527261972,0.14323554933071136,4900,0.9889744520187378,0.37168818712234497,0.0003,0.7064665593206882,0.167041015625
492,909,2216,2015232,0.0070101433,801.28,-0.005226544637116604,-15.169235539999999,0.2,-0.3997973304241896,0.25005725026130676,4910,0.9796780943870544,0.3700498640537262,0.0003,0.8128260217607022,0.102783203125
493,910,2217,2019328,0.0069333618,804.35,-0.002867703844094649,-18.24270549,0.2,-0.3957314483821392,0.5665866732597351,4920,0.9688509702682495,0.3694819211959839,0.0003,2.7896262273192405,0.0664794921875
494,911,2218,2023424,0.007223109,800.1,-0.0014196490141330288,-17.53931091,0.2,-0.39277695678174496,0.30164870619773865,4930,0.9756242632865906,0.369777649641037,0.0003,2.8460725620388985,0.0830810546875
495,913,2219,2027520,0.008902972,788.97,-0.003611991887737531,-16.49336587,0.2,-0.39469888173043727,0.19228056073188782,4940,0.9836555123329163,0.3700958490371704,0.0003,0.9171480253338814,0.0954833984375
496,914,2220,2031616,0.006616191,775.71,-0.004091627441812307,-15.851575639999997,0.2,-0.3916862182319164,1.09906804561615,4950,0.9265899658203125,0.37063878774642944,0.0003,4.262927475571632,0.0748779296875
497,916,2221,2035712,0.0070994194,786.16,-0.0029374713980359957,-17.2013601,0.2,-0.38886530660092833,0.16570483148097992,4960,0.9799246788024902,0.37249085307121277,0.0003,0.7811894237995147,0.0895263671875
498,917,2222,2039808,0.01412406,796.68,-0.008438753793598153,-17.23587142,0.2,-0.39038544073700904,0.3065708577632904,4970,0.9753058552742004,0.37165552377700806,0.0003,0.9987782362848521,0.13681640625
499,919,2223,2043904,0.013149401,813.29,-0.0044886889692861585,-19.550617530000004,0.2,-0.38856650330126286,0.14962472021579742,4980,0.9844433665275574,0.37136220932006836,0.0003,0.4988965976983309,0.1404541015625
500,920,2224,2048000,0.0052327067,802.54,-0.005407879446283914,-18.868430050000004,0.2,-0.3805678736418486,0.8339344263076782,4990,0.9488217830657959,0.36973533034324646,0.0003,2.596642054617405,0.0598388671875
501,922,2225,2052096,0.005910887,773.61,-0.003388856700621545,-14.33493115,0.2,-0.37484137453138827,1.4897050857543945,5000,0.8889594674110413,0.36879318952560425,0.0003,3.843174532055855,0.08310546875
502,923,2226,2056192,0.011751395,771.82,-0.0014084348396863789,-12.999119820000002,0.2,-0.3698657151311636,0.3167688548564911,5010,0.9314508438110352,0.3679768443107605,0.0003,1.0224214524030686,0.123681640625
503,925,2227,2060288,0.013278101,769.1,-0.0027623661153484136,-10.241178390000002,0.2,-0.3812010075896978,0.11065486073493958,5020,0.8457489609718323,0.3734860122203827,0.0003,0.4366833187639713,0.152001953125
504,926,2228,2064384,0.009994996,777.59,-0.002073720283806324,-11.14941188,0.2,-0.39165369383990767,0.6070008277893066,5030,0.8611182570457458,0.3701852858066559,0.0003,1.98779552616179,0.105126953125
505,927,2229,2068480,0.0068524904,739.07,-0.002377662835351657,-6.623879250000001,0.2,-0.37853904217481615,0.9983113408088684,5040,0.7963331937789917,0.3684251308441162,0.0003,2.5644146636128426,0.0969482421875
506,929,2230,2072576,0.008604263,740.62,-0.0037459203056641856,-6.999685159999999,0.2,-0.37440114058554175,1.6445930004119873,5050,0.9517028331756592,0.3703637719154358,0.0003,3.0291033565998076,0.0734130859375
507,930,2231,2076672,0.009167618,753.61,-0.004309512241161428,-11.34860474,0.2,-0.37372887805104255,0.34286874532699585,5060,0.9853774905204773,0.36816543340682983,0.0003,1.229462793469429,0.10791015625
508,932,2232,2080768,0.013326689,759.12,-0.0020222048391588033,-15.41765355,0.2,-0.36343407928943633,0.22464077174663544,5070,0.9849475026130676,0.3688669800758362,0.0003,0.9055483613163233,0.11806640625
509,933,2233,2084864,0.010008798,745.8,-0.0030146111035719513,-11.842850970000002,0.2,-0.3583790063858032,0.07586592435836792,5080,0.9959921836853027,0.3675524890422821,0.0003,0.2491293614730239,0.1128173828125
510,934,2234,2088960,0.0075131953,741.48,-0.00479709280480165,-12.774738100000002,0.2,-0.3525957718491554,0.39386653900146484,5090,0.9657279253005981,0.367681086063385,0.0003,1.6056808158755302,0.0974609375
511,935,2236,2093056,0.008091792,766.05,-0.0013415514993539545,-17.805459650000003,0.2,-0.3516758881509304,1.259605050086975,5100,0.9699657559394836,0.36910688877105713,0.0003,2.8608065374195575,0.0535888671875
512,937,2237,2097152,0.009294342,768.2,-0.004504655476193875,-18.260317620000002,0.2,-0.35059621185064316,0.3470577597618103,5110,0.978057324886322,0.36681392788887024,0.0003,1.26129155382514,0.070703125
513,911,2305,2101248,0.0043799668,783.05,-0.0027289081961498598,-19.951980849999998,0.2,-0.34200818203389644,0.34756800532341003,5120,0.9692513346672058,0.3643447756767273,0.0003,1.305668803304434,0.06591796875
514,912,2306,2105344,0.00643357,793.08,-0.0033286322723142803,-21.60503685,0.2,-0.3365984108299017,0.31449729204177856,5130,0.9750837683677673,0.3651961386203766,0.0003,1.5688977919518947,0.0831298828125
515,914,2307,2109440,0.010291816,803.98,-0.0026243604399496688,-20.103808060000002,0.2,-0.33952389694750307,0.1262400597333908,5140,0.9910677075386047,0.3663623332977295,0.0003,0.4321818970143795,0.13251953125
516,915,2308,2113536,0.010624947,824.3,-0.004014870576793328,-18.997241010000003,0.2,-0.3388088371604681,0.19027981162071228,5150,0.9787110090255737,0.3657557964324951,0.0003,0.7550574913620949,0.1063720703125
517,917,2308,2117632,0.005746499,810.57,-0.00307478922768496,-18.13644451,0.2,-0.3324366506189108,1.1526352167129517,5160,0.9676110744476318,0.36361974477767944,0.0003,1.8925740770995616,0.0827392578125
518,918,2309,2121728,0.010583544,789.99,-0.004799700329022017,-16.031745600000004,0.2,-0.32420045174658296,2.156796455383301,5170,0.8895050287246704,0.3625379800796509,0.0003,4.7187481567263605,0.09287109375
519,919,2310,2125824,0.005319332,783.54,-0.004600299679441378,-14.38218205,0.2,-0.3158080782741308,0.8306182026863098,5180,0.9539265036582947,0.36213141679763794,0.0003,3.04502544850111,0.0603515625
520,921,2311,2129920,0.011572521,799.68,-0.0024544447747757657,-17.595128730000003,0.2,-0.3108708832412958,0.9325048923492432,5190,0.9581032991409302,0.3638097643852234,0.0003,4.139322681725025,0.07060546875
521,922,2312,2134016,0.0101694735,813.49,-0.0028596617397852243,-18.11619964,0.2,-0.31535434275865554,0.5575224161148071,5200,0.9619198441505432,0.36512628197669983,0.0003,2.520347963273525,0.064453125
522,924,2313,2138112,0.009394397,800.48,-0.00385291998682078,-16.83572303,0.2,-0.3146989028900862,0.41490378975868225,5210,0.9031718969345093,0.3633171319961548,0.0003,2.0891245692968368,0.1068603515625
523,925,2314,2142208,0.006300741,798.67,-0.0026782447064761074,-17.978292279999998,0.2,-0.3058456923812628,0.5097023844718933,5220,0.9349251985549927,0.36395150423049927,0.0003,2.416642186045647,0.0714599609375
524,927,2315,2146304,0.008128827,806.76,-0.004290748665516731,-17.914765660000004,0.2,-0.30796837620437145,0.3657166659832001,5230,0.9643428325653076,0.36316943168640137,0.0003,1.2538251511752605,0.08515625
525,928,2316,2150400,0.013574075,805.66,-0.0025877279520500453,-19.759172510000003,0.2,-0.30340557880699637,0.29037266969680786,5240,0.9850612282752991,0.36375051736831665,0.0003,0.828492808714509,0.138037109375
526,929,2316,2154496,0.0066950154,800.24,-0.0014285916840890422,-19.9567661,0.2,-0.3092185012996197,1.5539398193359375,5250,0.9313836097717285,0.3662525713443756,0.0003,4.7446359395980835,0.070361328125
527,931,2317,2158592,0.008661187,796.26,-0.006490413198480383,-14.46480479,0.2,-0.3155433632433414,0.9650729894638062,5260,0.9367933869361877,0.3660234212875366,0.0003,3.5435272857546805,0.0812744140625
528,932,2318,2162688,0.009548416,788.17,-0.004316805407870561,-10.741172780000001,0.2,-0.312522704154253,0.6701692342758179,5270,0.9413757920265198,0.3643176257610321,0.0003,2.4403811931610107,0.09580078125
529,934,2319,2166784,0.006229589,791.33,-0.0037125241229659877,-11.964827610000002,0.2,-0.30804535299539565,0.8200757503509521,5280,0.9623806476593018,0.36580735445022583,0.0003,2.6630252726376056,0.0859375
530,935,2320,2170880,0.006714505,762.04,-0.004467534899595194,-3.6169693100000018,0.2,-0.30609983056783674,0.7202094793319702,5290,0.9704040288925171,0.3631744980812073,0.0003,2.001767075061798,0.075634765625
531,936,2321,2174976,0.013676166,760.14,-0.0008893677382729948,-3.11276057,0.2,-0.28462740145623683,0.6407891511917114,5300,0.9546442627906799,0.3583908677101135,0.0003,2.5925002947449682,0.12451171875
532,938,2322,2179072,0.009311092,736.95,-0.0012207297404529527,-2.34260262,0.2,-0.2638875789940357,0.6469252705574036,5310,0.9743478298187256,0.3563229441642761,0.0003,2.0406835660338403,0.1213623046875
533,939,2323,2183168,0.0077529172,733.62,-0.003212393747526221,-1.6171980799999992,0.2,-0.24407992213964463,0.3458491563796997,5320,0.9837872982025146,0.35398295521736145,0.0003,1.2223351798951625,0.1195068359375
534,941,2324,2187264,0.011524156,753.09,-0.00469752791832434,-5.57170486,0.2,-0.23575259037315846,0.6310800909996033,5330,0.9657126665115356,0.3527515232563019,0.0003,2.5945318326354028,0.1070068359375
535,942,2325,2191360,0.009160085,751.41,-0.002985709969652817,-5.21246408,0.2,-0.2359040480107069,0.42096495628356934,5340,0.9554252624511719,0.35377663373947144,0.0003,1.8257362984120846,0.0901123046875
536,943,2326,2195456,0.026240492,757.42,-0.0018479420832591131,-10.56767583,0.2,-0.23634727634489536,0.2780260145664215,5350,0.9831182956695557,0.35497453808784485,0.0003,0.9713903825730086,0.10439453125
537,945,2327,2199552,0.012116998,759.13,-0.0032624962594127284,-11.720469749999998,0.2,-0.23063084576278925,0.6387102007865906,5360,0.9703055620193481,0.35441166162490845,0.0003,2.5000638104975224,0.118896484375
538,919,2396,2203648,0.009540186,746.2,-0.0029513892441173084,-9.134218009999998,0.2,-0.21948543693870307,0.3684388995170593,5370,0.9846355319023132,0.35198360681533813,0.0003,1.0823356714099646,0.1057861328125
539,920,2397,2207744,0.007058613,736.81,-0.0045474303915398195,-9.05268043,0.2,-0.20111527293920517,0.8456144332885742,5380,0.9822266697883606,0.34677594900131226,0.0003,2.7365013159811498,0.091455078125
540,922,2398,2211840,0.011362294,741.04,-0.005189097989932634,-8.83959478,0.2,-0.19328673854470252,0.398357093334198,5390,0.9800845980644226,0.3502046763896942,0.0003,1.5335036411881446,0.0879638671875
541,923,2399,2215936,0.009816408,749.99,-0.0010443095379741862,-10.41023897,0.2,-0.1963631795719266,0.41540300846099854,5400,0.9595958590507507,0.3474021553993225,0.0003,1.6915989570319652,0.0987548828125
542,924,2400,2220032,0.01070412,720.37,-0.002495067473500967,-8.818519689999999,0.2,-0.18003883939236404,0.2917548716068268,5410,0.9858726263046265,0.3485231399536133,0.0003,1.0154014140367509,0.1207275390625
543,926,2401,2224128,0.008186275,741.21,-0.0038086501881480217,-9.40793567,0.2,-0.17428780756890774,1.2415930032730103,5420,0.9718366861343384,0.3460463881492615,0.0003,3.2263482809066772,0.0793701171875
544,927,2402,2228224,0.011391954,746.35,-0.004516751709161326,-9.77184786,0.2,-0.16692687179893256,0.363412469625473,5430,0.9859919548034668,0.34606197476387024,0.0003,1.2595618195831775,0.1207275390625
545,928,2402,2232320,0.020513166,731.97,-0.0021390622336184607,-9.066129060000002,0.2,-0.16185341812670231,0.23358285427093506,5440,0.9852166771888733,0.3449997901916504,0.0003,0.9184353649616241,0.1372802734375
546,930,2403,2236416,0.0060292957,739.42,-0.001845899983891286,-11.198728780000001,0.2,-0.1496146023273468,0.4177524447441101,5450,0.9818894267082214,0.34379369020462036,0.0003,1.5308960109949112,0.11064453125
547,931,2404,2240512,0.008062508,724.46,-0.0021782083436846732,-7.9534896800000014,0.2,-0.14033467266708613,0.4590243101119995,5460,0.9711877703666687,0.34274396300315857,0.0003,1.7084234945476056,0.095654296875
548,933,2405,2244608,0.008814352,714.06,-0.0012760246914695016,-6.572055189999999,0.2,-0.13085660990327597,0.6532858610153198,5470,0.951789379119873,0.34184420108795166,0.0003,2.4936412915587427,0.1113525390625
549,934,2406,2248704,0.008129493,720.35,-0.004817457233730238,-5.1417232,0.2,-0.12632478754967452,0.3419315814971924,5480,0.9804030060768127,0.34311023354530334,0.0003,1.315292377024889,0.0772705078125
550,935,2407,2252800,0.010872951,710.45,-0.002818893175572157,-3.22591856,0.2,-0.12440069671720266,0.501872181892395,5490,0.9519249796867371,0.3409228026866913,0.0003,1.8377806961536407,0.0904052734375
551,937,2408,2256896,0.0108771995,712.3,-0.003255662303126883,-3.2186695200000006,0.2,-0.11277466844767332,0.32868465781211853,5500,0.9713554382324219,0.3391437530517578,0.0003,1.0974341474473477,0.1187744140625
552,938,2409,2260992,0.011330796,691.04,-0.0035916438617277892,-0.543138540000001,0.2,-0.10851337648928165,0.29296478629112244,5510,0.9513903856277466,0.33651918172836304,0.0003,1.2778761714696885,0.1279296875
553,939,2410,2265088,0.007892791,694.95,-0.0012084130488801748,0.56596942,0.2,-0.10359626775607467,0.9125155210494995,5520,0.9375633001327515,0.33472734689712524,0.0003,3.917001849412918,0.0507568359375
554,940,2411,2269184,0.0092007555,693.14,-0.0021415857976535336,0.25237048,0.2,-0.10074410680681467,1.0034631490707397,5530,0.974162220954895,0.33500248193740845,0.0003,2.224799332767725,0.0950927734375
555,941,2413,2273280,0.010111881,706.25,-0.002459634587285109,-2.45106406,0.2,-0.09914665939286352,0.2082613706588745,5540,0.9906271696090698,0.3356478810310364,0.0003,1.0113400984555483,0.0928466796875
556,943,2414,2277376,0.01043022,717.07,-0.0015574486533296295,-4.05893009,0.2,-0.09815636528655887,0.2902432084083557,5550,0.9870862364768982,0.3361748456954956,0.0003,0.8646553158760071,0.1135009765625
557,944,2415,2281472,0.007474296,707.44,-0.004372940595203545,-3.9646311200000004,0.2,-0.09828064665198326,0.7660720944404602,5560,0.9585734009742737,0.3352968394756317,0.0003,2.777561426907778,0.078759765625
558,945,2416,2285568,0.00757159,724.29,-0.0014442570391111076,-7.313623940000001,0.2,-0.09106118548661471,0.5967934727668762,5570,0.9558218717575073,0.33429843187332153,0.0003,2.222849379479885,0.063525390625
559,947,2417,2289664,0.009036725,734.63,-0.0021689998378860765,-8.44118306,0.2,-0.08650825396180153,0.23969151079654694,5580,0.9829911589622498,0.33466511964797974,0.0003,1.1112027563154698,0.1026123046875
560,948,2418,2293760,0.0071120434,737.59,-0.002473496018501464,-9.81914306,0.2,-0.08702276004478335,0.6413566470146179,5590,0.967653751373291,0.3343711495399475,0.0003,2.9139981418848038,0.0981201171875
561,949,2419,2297856,0.019974895,722.29,-0.004035025369375944,-9.40220264,0.2,-0.08910406455397606,0.3073750436306,5600,0.9839433431625366,0.33684712648391724,0.0003,1.1276078596711159,0.131591796875
562,926,2485,2301952,0.010701962,714.32,-0.0020834711147472264,-5.95772343,0.2,-0.08987125949934124,0.4807725250720978,5610,0.9757146239280701,0.33458563685417175,0.0003,1.4013444185256958,0.10478515625
563,927,2486,2306048,0.012028549,739.13,-0.003450467123184353,-7.635302810000001,0.2,-0.07992087667807937,0.4473542273044586,5620,0.9629311561584473,0.3350714147090912,0.0003,2.84200925976038,0.1322021484375
564,928,2487,2310144,0.0053551514,725.6,-0.0009167864103801548,-6.25041007,0.2,-0.08037522602826357,0.6086807250976562,5630,0.9636561870574951,0.33458054065704346,0.0003,2.21329730078578,0.114892578125
565,930,2488,2314240,0.009228788,718.96,-0.0034140548639697956,-6.183382099999999,0.2,-0.08062112210318446,1.276535153388977,5640,0.9610028862953186,0.33595824241638184,0.0003,2.6242641672492026,0.0806640625
566,931,2488,2318336,0.005495689,729.22,-0.006567715940764174,-9.09247091,0.2,-0.08431732635945081,0.9206564426422119,5650,0.9632141590118408,0.33522868156433105,0.0003,2.993468576669693,0.073193359375
567,932,2489,2322432,0.008119534,718.66,-0.0025750230764970184,-8.56974341,0.2,-0.0740567646920681,1.1233727931976318,5660,0.970382571220398,0.33538663387298584,0.0003,2.50818602219224,0.0951416015625
568,934,2490,2326528,0.006374772,693.21,-0.003996791786630638,-6.368708429999999,0.2,-0.07277913689613343,0.8654486536979675,5670,0.9712274670600891,0.3367292284965515,0.0003,2.9736643880605698,0.0543212890625
569,935,2491,2330624,0.00873936,706.63,-0.004349333391292021,-10.069951709999998,0.2,-0.0777995128184557,0.4786839485168457,5680,0.9841040372848511,0.3386099338531494,0.0003,1.5746709942817687,0.082470703125
570,936,2492,2334720,0.013408726,691.75,-7.676154491491616e-05,-4.55451971,0.2,-0.07241205424070359,0.9798970222473145,5690,0.954789400100708,0.3372851014137268,0.0003,2.736494740843773,0.0828369140625
571,938,2493,2338816,0.012073604,699.3,-0.00439136671484448,-6.621269139999999,0.2,-0.059797117859125136,0.7746286988258362,5700,0.9679749011993408,0.3345972001552582,0.0003,2.205943289399147,0.0884033203125
572,939,2494,2342912,0.010512,668.22,0.00023274017439689487,1.7036412100000007,0.2,-0.05620359256863594,0.5741006135940552,5710,0.9777184128761292,0.33660587668418884,0.0003,2.0986262805759908,0.1443359375
573,940,2494,2347008,0.011053439,677.94,-0.0022932171123102307,-2.975031669999999,0.2,-0.0629068098962307,0.5414421558380127,5720,0.983882486820221,0.3366702198982239,0.0003,1.9353827692568302,0.080517578125
574,941,2495,2351104,0.011970162,677.91,-0.0023284146620426325,-1.419240919999999,0.2,-0.062494448572397235,0.6176549196243286,5730,0.9768293499946594,0.3377491533756256,0.0003,2.001280329376459,0.0709716796875
575,943,2496,2355200,0.012841092,671.12,0.002953401763807051,-0.9323438900000005,0.2,-0.0618945486843586,0.5673967003822327,5740,0.9781621694564819,0.3371817171573639,0.0003,2.4824203863739966,0.147900390625
576,944,2497,2359296,0.0055863895,658.3,-0.0004779839509865269,-0.4592245899999985,0.2,-0.05104243606328964,0.6646052598953247,5750,0.9817560911178589,0.33456170558929443,0.0003,2.019622331112623,0.0855224609375
577,945,2498,2363392,0.012875204,640.48,-0.00587148511694977,2.837413740000001,0.2,-0.045402363687753675,1.2120552062988281,5760,0.9514804482460022,0.33526915311813354,0.0003,3.7129784718155863,0.1092529296875
578,947,2499,2367488,0.021109205,634.42,-0.0019196798515622505,-0.08152217000000002,0.2,-0.047829551994800566,0.6662029027938843,5770,0.9865443706512451,0.3354765772819519,0.0003,2.185515062510967,0.1126220703125
579,948,2500,2371584,0.007797396,626.04,-0.0015925720246741549,0.9195881200000009,0.2,-0.047543208301067355,0.688654363155365,5780,0.9795432686805725,0.33639654517173767,0.0003,2.4854651667177676,0.13681640625
580,949,2501,2375680,0.009358609,636.49,0.0005167734125279821,-0.15219988999999898,0.2,-0.05292964205145836,0.8684473633766174,5790,0.9797952175140381,0.3373595178127289,0.0003,2.5538166031241416,0.10654296875
581,950,2503,2379776,0.008407751,642.97,-0.0042571743222652005,-1.6205598700000003,0.2,-0.055576492100954056,0.5147754549980164,5800,0.988427460193634,0.3391839265823364,0.0003,1.958891623467207,0.0702392578125
582,951,2504,2383872,0.008839575,641.59,-0.004781901376554742,-0.3094656099999994,0.2,-0.04835441559553146,0.5992221832275391,5810,0.9807748794555664,0.33801475167274475,0.0003,2.7148508578538895,0.076318359375
583,953,2505,2387968,0.007497606,643.54,-0.0034257272287504747,-0.2782632100000005,0.2,-0.03401839286088944,1.4512301683425903,5820,0.973961591720581,0.3361271619796753,0.0003,3.6129693046212195,0.10419921875
584,954,2506,2392064,0.009615193,637.81,-0.005679773885640315,0.5301330899999998,0.2,-0.030022578686475752,0.35959622263908386,5830,0.989262044429779,0.33709239959716797,0.0003,1.2051939360797406,0.0916015625
585,955,2507,2396160,0.01131344,654.87,-0.005889454399584793,-1.3921554800000002,0.2,-0.03606944531202316,0.879228949546814,5840,0.9858952760696411,0.33813440799713135,0.0003,2.5342534467577935,0.1228515625
586,931,2575,2400256,0.008629708,654.92,-0.0004006595278042369,-4.33947818,0.2,-0.043422252684831616,0.3792312741279602,5850,0.9811851978302002,0.33998987078666687,0.0003,2.045347949117422,0.1052734375
587,933,2576,2404352,0.007629604,684.37,-0.0025780567957554013,-11.17454826,0.2,-0.044799353927373886,0.22925855219364166,5860,0.9902687072753906,0.33920761942863464,0.0003,0.8386356819421052,0.103369140625
588,934,2577,2408448,0.0069430815,685.7,-0.003511128047830425,-9.035494079999998,0.2,-0.03034805804491043,0.7940973043441772,5870,0.9821938872337341,0.33588504791259766,0.0003,1.9213747195899487,0.08212890625
589,935,2578,2412544,0.0074574673,683.82,-0.0034164407581556587,-8.124275220000001,0.2,-0.014443156868219375,0.9479448795318604,5880,0.9705114960670471,0.33552634716033936,0.0003,2.5210492998361587,0.0919677734375
590,936,2579,2416640,0.007461915,678.02,-0.0044448286149417985,-6.612127739999998,0.2,-0.007425104081630707,1.8460105657577515,5890,0.9601043462753296,0.33291947841644287,0.0003,4.474159051477909,0.0654541015625
591,938,2580,2420736,0.015413521,656.24,-0.004486248389002867,-4.261398939999999,0.2,0.001031433790922165,1.037467122077942,5900,0.9797990322113037,0.3333958089351654,0.0003,2.6305165961384773,0.105908203125
592,939,2581,2424832,0.005719613,666.27,-0.0005805052744108253,-4.995189960000001,0.2,0.007919232547283172,1.5265709161758423,5910,0.9565522074699402,0.3301428258419037,0.0003,5.6937043279409405,0.076611328125
593,940,2582,2428928,0.015145412,659.32,-0.002078239670663606,-4.474647809999999,0.2,0.022084103524684907,0.9967667460441589,5920,0.9764750599861145,0.3285008668899536,0.0003,2.645982098579407,0.10478515625
594,941,2583,2433024,0.011122362,681.31,-0.0011744928429834544,-7.977451599999999,0.2,0.023859799653291703,0.6551350951194763,5930,0.9807916879653931,0.33044707775115967,0.0003,2.4634330034255982,0.112109375
595,942,2584,2437120,0.007924212,676.38,-0.004453865493997,-7.374516540000001,0.2,0.017544564604759217,0.4329665005207062,5940,0.9850859045982361,0.33088088035583496,0.0003,1.9623878225684166,0.1141357421875
596,944,2585,2441216,0.0069534294,694.09,-0.003588725283043459,-15.276497839999998,0.2,0.02457505017518997,0.3016628921031952,5950,0.9852895736694336,0.326459676027298,0.0003,1.6183364875614643,0.0925537109375
597,945,2586,2445312,0.01174498,680.77,-0.006668485241243615,-14.736974739999999,0.2,0.03972789496183395,0.6551840305328369,5960,0.976654589176178,0.32708123326301575,0.0003,2.5510633900761603,0.1213623046875
598,946,2588,2449408,0.01132834,680.98,-0.002314114203909412,-12.355024899999998,0.2,0.041512617468833925,0.5531904101371765,5970,0.9820952415466309,0.326135516166687,0.0003,1.8223251156508922,0.0802490234375
599,947,2589,2453504,0.011167141,681.49,-0.0024908025923650714,-13.56465276,0.2,0.04402064308524132,1.4104889631271362,5980,0.9781391024589539,0.3275590240955353,0.0003,2.4121902279555796,0.105615234375
600,948,2590,2457600,0.008931842,692.16,-0.004295105946948752,-15.097997889999997,0.2,0.039003248512744906,1.0998774766921997,5990,0.9791717529296875,0.3296816945075989,0.0003,3.2249873697757723,0.10615234375
601,949,2591,2461696,0.010572254,712.96,-0.0038534856052137912,-15.900788350000003,0.2,0.032146883010864255,0.5839682817459106,6000,0.9829081296920776,0.32929369807243347,0.0003,1.8302666045725346,0.0845947265625
602,951,2592,2465792,0.009945353,690.79,-0.0003428601601626724,-13.346693400000001,0.2,0.03997385501861572,0.3618466258049011,6010,0.9820591807365417,0.32797157764434814,0.0003,1.4479024782776833,0.085888671875
603,952,2593,2469888,0.0053804605,651.14,-0.00414138454652857,-4.34844963,0.2,0.04348553195595741,0.890943169593811,6020,0.982050359249115,0.331729531288147,0.0003,2.726229673624039,0.06416015625
604,953,2594,2473984,0.007703997,653.59,-0.004051365026680287,-9.316525,0.2,0.03822697550058365,0.8538365364074707,6030,0.9830819368362427,0.33066093921661377,0.0003,3.3469576835632324,0.0619873046875
605,954,2595,2478080,0.010487841,646.69,-0.005469165032263845,-8.996296790000004,0.2,0.03503985181450844,0.38349607586860657,6040,0.9869116544723511,0.3337550461292267,0.0003,1.7990206211805344,0.0935546875
606,956,2596,2482176,0.006417114,649.38,-0.00593330250994768,-10.262389890000001,0.2,0.023898234218358995,2.0084469318389893,6050,0.9628757834434509,0.3350642919540405,0.0003,4.992911550402641,0.071142578125
607,957,2597,2486272,0.011274864,637.93,-0.0026234212302369995,-7.397851230000002,0.2,0.030082076042890548,1.0962929725646973,6060,0.942254364490509,0.33436331152915955,0.0003,2.981283296644688,0.1002685546875
608,958,2598,2490368,0.0068666525,622.96,-0.0029660175714525394,-4.469715089999999,0.2,0.03438272923231125,0.9366616606712341,6070,0.9456040263175964,0.33578139543533325,0.0003,3.5579893842339514,0.073681640625
609,959,2599,2494464,0.012265082,626.96,-0.004397150927979964,-4.707829700000001,0.2,0.025367148220539093,0.6968821883201599,6080,0.9821908473968506,0.336647093296051,0.0003,1.7385295681655406,0.0913330078125
610,960,2600,2498560,0.0080896905,637.84,-0.0003516513461363502,-3.5891375300000004,0.2,0.020912034809589385,0.3625546097755432,6090,0.9858222603797913,0.33584699034690857,0.0003,1.3199939243495464,0.1148193359375
611,940,2662,2502656,0.010363447,614.64,0.000387724643223919,3.0054742899999995,0.2,0.03233387172222137,0.3653891384601593,6100,0.9889675974845886,0.332318514585495,0.0003,1.0920957479625941,0.11728515625
612,941,2662,2506752,0.006646545,603.14,-0.0019834725811961108,7.62149622,0.2,0.03841956704854965,1.037598967552185,6110,0.9474802613258362,0.3307381868362427,0.0003,2.7669892266392706,0.040673828125
613,942,2664,2510848,0.008995213,619.88,-0.005000765039585531,4.417088809999999,0.2,0.04334467053413391,1.190750002861023,6120,0.9647837281227112,0.33080434799194336,0.0003,3.2890166088938715,0.0901611328125
614,943,2665,2514944,0.00917442,623.76,-0.004337129215127788,5.07916086,0.2,0.04730886593461037,0.4181057810783386,6130,0.974565327167511,0.33036577701568604,0.0003,1.9106748230755328,0.110986328125
615,944,2666,2519040,0.012354244,596.28,-0.003168781695421785,6.99421207,0.2,0.05289845243096351,0.4108722507953644,6140,0.9885318875312805,0.3311537504196167,0.0003,1.2894081391394139,0.11123046875
616,945,2667,2523136,0.010000565,596.38,-0.002202632022090256,9.246272480000002,0.2,0.06131445020437241,0.5393356680870056,6150,0.9652384519577026,0.3318445682525635,0.0003,1.5847347006201744,0.1181640625
617,947,2668,2527232,0.0055645443,596.75,-0.002489785468787886,9.04938889,0.2,0.061387679725885394,0.9035259485244751,6160,0.9577949643135071,0.33267536759376526,0.0003,3.397161343693733,0.06767578125
618,948,2669,2531328,0.01030822,601.68,-0.0030104977719020098,8.16079656,0.2,0.06635891124606133,0.43556728959083557,6170,0.9731193780899048,0.3305070400238037,0.0003,1.9095024831593037,0.0810791015625
619,949,2670,2535424,0.010232847,593.05,-0.002138697981717996,11.846964750000001,0.2,0.07659151973202824,0.628537654876709,6180,0.9751434922218323,0.3293943703174591,0.0003,2.1395686492323875,0.1071044921875
620,950,2671,2539520,0.0064240647,602.36,-0.0007101906143361702,14.948999960000002,0.2,0.07991402624174952,0.5398316383361816,6190,0.9395958185195923,0.32852548360824585,0.0003,2.2326604232192038,0.1157958984375
621,951,2672,2543616,0.005904154,594.42,-0.002559868441312574,15.401430920000001,0.2,0.08680629814043642,0.4071989357471466,6200,0.9576889276504517,0.32616540789604187,0.0003,1.4951394103467464,0.078955078125
622,953,2673,2547712,0.011690827,633.3,-0.0014617016073316335,9.09551608,0.2,0.10264058634638787,0.27301186323165894,6210,0.9673120379447937,0.32276472449302673,0.0003,1.3218486547470092,0.1017333984375
623,954,2674,2551808,0.005582249,620.58,0.00017282947374042124,9.67459198,0.2,0.1157276900485158,0.24917569756507874,6220,0.9748866558074951,0.3223327398300171,0.0003,0.8879110503941774,0.127392578125
624,955,2674,2555904,0.011394482,575.09,-0.003805268389987759,15.778655210000002,0.2,0.12115927468985319,0.434735506772995,6230,0.9538596272468567,0.32224541902542114,0.0003,1.455851934105158,0.070751953125
625,956,2675,2560000,0.013742731,576.93,-0.006471713591599837,18.093108689999998,0.2,0.1261206202208996,0.5491119623184204,6240,0.9581555128097534,0.32268795371055603,0.0003,1.6733656018972396,0.1304443359375
626,957,2676,2564096,0.007239364,597.56,-0.0004525561060290784,15.685242320000002,0.2,0.12545873560011386,0.3473953306674957,6250,0.9757881760597229,0.32405900955200195,0.0003,1.2580503031611443,0.0884033203125
627,959,2677,2568192,0.0062862206,581.05,-0.00319635636114981,18.74279056,0.2,0.12565166875720024,0.9942118525505066,6260,0.9371184706687927,0.3218940198421478,0.0003,3.562928818166256,0.0529541015625
628,960,2678,2572288,0.013260218,567.27,-0.002676330436952412,19.328397700000004,0.2,0.1335265699774027,0.4654567837715149,6270,0.9771243929862976,0.3225659728050232,0.0003,1.4419129990041255,0.108154296875
629,961,2679,2576384,0.007963593,571.98,-0.0018914234693511388,19.788017880000005,0.2,0.13716280590742827,0.6923263669013977,6280,0.9551630020141602,0.32141923904418945,0.0003,2.3074503630399703,0.0802978515625
630,962,2680,2580480,0.006896536,586.41,-0.0010399010294349863,15.36679097,0.2,0.13881679344922304,0.3745275139808655,6290,0.9835070371627808,0.32260656356811523,0.0003,1.424257504194975,0.10625
631,963,2681,2584576,0.012289109,587.88,-0.0031667792645748705,14.643694129999998,0.2,0.13601599149405957,0.522271454334259,6300,0.9833241701126099,0.32152968645095825,0.0003,1.9668845020234584,0.0887451171875
632,965,2682,2588672,0.009018671,605.55,-0.003003603417892009,12.28249071,0.2,0.13765701241791248,0.9280274510383606,6310,0.9607558846473694,0.32225415110588074,0.0003,3.2553271487355233,0.07197265625
633,966,2683,2592768,0.008824254,595.17,-0.002788359031546861,12.79816095,0.2,0.1384880643337965,0.44090723991394043,6320,0.9810327887535095,0.32233431935310364,0.0003,1.621129174530506,0.084765625
634,967,2684,2596864,0.01016704,599.51,-0.00164075797656551,8.67290544,0.2,0.1491419967263937,0.6030745506286621,6330,0.9849063754081726,0.32324114441871643,0.0003,1.9359331615269184,0.099951171875
635,946,2748,2600960,0.02739562,608.41,-0.004663590391282923,3.9881180100000004,0.2,0.15583653189241886,0.5045955181121826,6340,0.9814873933792114,0.3221415579319,0.0003,1.8383546881377697,0.1388427734375
636,947,2749,2605056,0.007000593,602.17,0.00015643383376300334,6.11266708,0.2,0.16130700334906578,0.5092678666114807,6350,0.9834627509117126,0.3220190703868866,0.0003,1.50590610653162,0.10966796875
637,948,2750,2609152,0.009215994,589.29,-0.003143020019342657,8.07573071,0.2,0.17329876404255629,0.6546944975852966,6360,0.9841699004173279,0.3193482458591461,0.0003,1.6853518582880498,0.092529296875
638,949,2751,2613248,0.006908384,613.33,-0.001891489641275257,4.67283681,0.2,0.18267387188971043,0.5954775214195251,6370,0.9793238043785095,0.3196548819541931,0.0003,1.9933104336261749,0.08583984375
639,951,2752,2617344,0.011784077,626.85,-0.0034593191172461956,4.0301139,0.2,0.18341244477778673,0.5000900626182556,6380,0.9855355620384216,0.3202126622200012,0.0003,1.5741201721131801,0.1139892578125
640,952,2753,2621440,0.008264627,647.95,-0.004117988242069259,2.2422986299999996,0.2,0.18423970229923725,0.4718872606754303,6390,0.9911499619483948,0.3190896809101105,0.0003,1.3605208106338977,0.1156982421875
641,953,2753,2625536,0.01370226,647.19,0.0004897077917121351,1.4013744999999984,0.2,0.19348219484090806,0.3028293550014496,6400,0.9855779409408569,0.3192816972732544,0.0003,1.2472883708775044,0.125927734375
642,954,2754,2629632,0.019675087,661.5,-0.0012424849293893204,-3.228054990000002,0.2,0.19724938068538905,0.8412714600563049,6410,0.9773221015930176,0.3221701681613922,0.0003,2.4207108184695243,0.1060302734375
643,955,2755,2633728,0.006864849,664.97,-0.003398880330496468,-3.29885033,0.2,0.19570937063544988,0.3257107138633728,6420,0.9876959919929504,0.31968849897384644,0.0003,1.1267083570361138,0.1109130859375
644,956,2756,2637824,0.0058585983,682.2,-0.002220641792519018,-3.7455495700000005,0.2,0.20090898871421814,0.8286929726600647,6430,0.9529358148574829,0.3207567632198334,0.0003,3.0373799577355385,0.085888671875
645,958,2757,2641920,0.0077923276,694.03,-0.004190232932160143,-6.457738460000002,0.2,0.194879387319088,0.3245302736759186,6440,0.9819371700286865,0.3218573033809662,0.0003,1.4168253719806672,0.10927734375
646,959,2758,2646016,0.012152057,690.31,-0.002896074377349578,-5.889534480000002,0.2,0.19361356515437364,0.6656935214996338,6450,0.9691594243049622,0.3210350573062897,0.0003,2.3645774468779566,0.09052734375
647,960,2759,2650112,0.006176674,687.94,-0.004619865916902199,-5.16521962,0.2,0.19163973554968833,0.4507105350494385,6460,0.986850917339325,0.323321133852005,0.0003,1.3104016654193402,0.11455078125
648,961,2760,2654208,0.01790125,673.52,-0.0024805158260278403,-1.0960295400000009,0.2,0.1868769371882081,0.36278605461120605,6470,0.9890689253807068,0.32446011900901794,0.0003,1.2735428407788276,0.123876953125
649,962,2761,2658304,0.010291204,681.26,-0.0021177108646952547,-0.8337314800000024,0.2,0.18813426569104194,0.2500838339328766,6480,0.9894476532936096,0.32491934299468994,0.0003,0.9467343274503947,0.1223876953125
650,963,2762,2662400,0.0075751515,690.33,-0.003424535742669832,-0.1905518200000017,0.2,0.1919646507129073,0.7002686262130737,6490,0.9757384061813354,0.3241872191429138,0.0003,2.8618884555995465,0.092578125
651,965,2763,2666496,0.012468613,679.86,-0.0014755823925952428,1.1042033099999975,0.2,0.1901933468878269,0.29602769017219543,6500,0.9860410690307617,0.32794979214668274,0.0003,1.3896179139614104,0.1247802734375
652,966,2764,2670592,0.015064653,696.65,-0.0015215570427244529,3.31728857,0.2,0.18577134143561125,0.3962833285331726,6510,0.9677097201347351,0.3291040360927582,0.0003,1.536629505455494,0.116064453125
653,967,2764,2674688,0.013957633,707.16,-0.0016643732407828793,0.9040019699999994,0.2,0.1784622274339199,0.24514183402061462,6520,0.9864345788955688,0.3315184712409973,0.0003,0.8042307801544666,0.1308837890625
654,968,2765,2678784,0.00801426,723.19,-0.0017219692424987442,-0.24521352000000093,0.2,0.1758315121755004,0.6822109222412109,6530,0.9725086092948914,0.3315954804420471,0.0003,2.4685325592756273,0.0844482421875
655,969,2766,2682880,0.009348198,728.5,-0.002611190450261347,0.5168544399999988,0.2,0.1784712366759777,0.4767341613769531,6540,0.9793734550476074,0.3329530358314514,0.0003,1.3162683837115765,0.141455078125
656,970,2767,2686976,0.008292789,723.11,-0.001949567042174749,1.1102478699999987,0.2,0.1830546896904707,0.5113490223884583,6550,0.9747011065483093,0.3296874761581421,0.0003,1.66675189062953,0.09814453125
657,972,2768,2691072,0.0114421705,701.62,-0.0030924223799956964,1.4219205200000011,0.2,0.20062136389315127,0.3291887640953064,6560,0.9897141456604004,0.32920029759407043,0.0003,1.11303348839283,0.0791748046875
658,973,2769,2695168,0.008707457,695.27,-0.001586833264445886,2.21566271,0.2,0.21038953438401223,0.3291475474834442,6570,0.9868666529655457,0.3277775049209595,0.0003,1.3453816398978233,0.0789794921875
659,974,2770,2699264,0.01123197,687.33,-0.005829090993211139,1.87337742,0.2,0.22009408101439476,0.7694692015647888,6580,0.9894375801086426,0.33053940534591675,0.0003,1.4934037029743195,0.091748046875
660,952,2838,2703360,0.011257177,699.01,-0.003908731695264578,1.92954541,0.2,0.21754715871065855,0.3402937948703766,6590,0.9816573858261108,0.3319515287876129,0.0003,1.6313319131731987,0.1124267578125
661,953,2839,2707456,0.007132935,683.92,-0.0018374245468294249,2.3816000000000015,0.2,0.2168195890262723,0.48105138540267944,6600,0.9841465950012207,0.33296847343444824,0.0003,1.6671020343899727,0.0748779296875
662,954,2839,2711552,0.010725091,692.91,-0.004494808538584039,1.7617343999999995,0.2,0.21440854482352734,0.3598923981189728,6610,0.9598889946937561,0.33057060837745667,0.0003,1.9200025819242001,0.095703125
663,955,2840,2715648,0.009764262,703.14,-0.0038761762421927414,2.541880999999999,0.2,0.21485907454043626,0.4711012542247772,6620,0.9285828471183777,0.33152490854263306,0.0003,1.489904996752739,0.12490234375
664,957,2841,2719744,0.007202891,694.24,-0.004706589781562798,4.087342189999998,0.2,0.21920173559337855,0.3157661259174347,6630,0.9724811315536499,0.32937702536582947,0.0003,1.0607469394803046,0.1010009765625
665,958,2842,2723840,0.009816134,704.37,-0.007443293571122922,5.170833310000001,0.2,0.23151673059910535,0.47232258319854736,6640,0.9383051991462708,0.3292061388492584,0.0003,2.00009456127882,0.07890625
666,959,2843,2727936,0.007951164,690.31,-0.005585939084994607,8.142882290000001,0.2,0.24098061192780734,1.2380999326705933,6650,0.9492822289466858,0.32671114802360535,0.0003,2.244909067451954,0.079248046875
667,960,2844,2732032,0.01312441,658.09,-0.0025060578918782994,12.332033050000001,0.2,0.25686677284538745,0.5702816247940063,6660,0.9572938680648804,0.3265267610549927,0.0003,2.2508089035749435,0.1156005859375
668,961,2844,2736128,0.0067531373,630.82,9.698959474917501e-05,15.061408860000002,0.2,0.25944241546094415,0.4769013822078705,6670,0.957564115524292,0.3254217803478241,0.0003,1.792030631005764,0.108447265625
669,962,2845,2740224,0.008539487,605.1,-0.001422447041841224,18.199201260000002,0.2,0.26799573823809625,0.5069149136543274,6680,0.9556591510772705,0.3225424289703369,0.0003,1.4095513746142387,0.070849609375
670,964,2846,2744320,0.01171465,594.58,-0.0024839653342496604,18.028156560000003,0.2,0.28753571063280103,0.7587551474571228,6690,0.9496454000473022,0.32265448570251465,0.0003,2.636277385056019,0.116357421875
671,965,2847,2748416,0.011994829,589.72,-0.0029697005811613053,19.60792949,0.2,0.29672831036150454,0.9089445471763611,6700,0.9560797810554504,0.31931978464126587,0.0003,2.4613720074296,0.1145263671875
672,966,2848,2752512,0.008105488,600.07,0.0018612653511809185,17.682305200000002,0.2,0.30397392958402636,0.4886413812637329,6710,0.9769707918167114,0.32031792402267456,0.0003,1.8583849631249905,0.143017578125
673,967,2849,2756608,0.00587474,581.95,-0.0032234628743026406,20.06897401,0.2,0.2982215881347656,0.4288802146911621,6720,0.9813281297683716,0.32123932242393494,0.0003,1.7301016658544541,0.08349609375
674,968,2850,2760704,0.012660047,574.75,-0.0024255993601400407,23.042214910000002,0.2,0.2924342196434736,0.7878375053405762,6730,0.9606804251670837,0.3227408230304718,0.0003,2.2879701524972917,0.1364501953125
675,969,2850,2764800,0.021466041,557.09,0.0003198418591637164,27.70195366,0.2,0.2955976646393538,0.48852410912513733,6740,0.9607030153274536,0.3219308853149414,0.0003,1.7316560842096806,0.158740234375
676,970,2851,2768896,0.013839081,548.49,-0.0020754831377416847,26.26270829,0.2,0.2981299370527267,0.628528356552124,6750,0.9752809405326843,0.3224227726459503,0.0003,1.84037344455719,0.1178466796875
677,972,2852,2772992,0.01529367,541.57,0.0005569046756136231,27.06571127999999,0.2,0.29848309233784676,0.8433901071548462,6760,0.9735320210456848,0.3214106857776642,0.0003,2.6823240369558334,0.143896484375
678,973,2853,2777088,0.014952427,563.43,-0.002366192976478487,21.451459050000004,0.2,0.298544280230999,0.19780750572681427,6770,0.9901922345161438,0.3222014009952545,0.0003,1.094850378483534,0.1119873046875
679,974,2854,2781184,0.009891622,562.29,-0.0031778225442394615,21.92957883,0.2,0.29737376160919665,0.39031070470809937,6780,0.9874204993247986,0.32053661346435547,0.0003,1.2978719614446164,0.1036376953125
680,975,2855,2785280,0.011410017,573.19,-0.001365214548422955,17.6831035,0.2,0.3052305895835161,0.46560972929000854,6790,0.9812854528427124,0.31945091485977173,0.0003,1.5551599018275737,0.140478515625
681,976,2856,2789376,0.014700598,605.56,-0.002015014988137409,13.333882619999997,0.2,0.3074326831847429,0.4739406108856201,6800,0.9817695021629333,0.32123863697052,0.0003,1.5036499880254268,0.1076416015625
682,977,2857,2793472,0.019447893,617.0,-0.0035700257460121064,12.989742589999999,0.2,0.308479592949152,0.8786160945892334,6810,0.9701874256134033,0.3210688829421997,0.0003,1.7336237274110318,0.123095703125
683,978,2858,2797568,0.010995302,622.71,-0.002619105692429002,12.527895929999998,0.2,0.30848320126533507,0.5484811663627625,6820,0.9277424812316895,0.32155799865722656,0.0003,2.1172020815312864,0.094140625
684,958,2923,2801664,0.011070063,634.09,-0.0003186890244251117,13.407754340000002,0.2,0.31009799614548683,0.4875313639640808,6830,0.9765002131462097,0.3233676850795746,0.0003,1.3227528795599937,0.1438720703125
685,959,2924,2805760,0.005554016,671.62,-0.0003609468250942882,8.25426913,0.2,0.31149637810885905,1.3188860416412354,6840,0.9603708386421204,0.3232719600200653,0.0003,3.6707429021596907,0.0997802734375
686,960,2925,2809856,0.00879987,666.93,-0.0015030797861982138,8.71385577,0.2,0.30956936739385127,0.31845036149024963,6850,0.9913547039031982,0.3247256875038147,0.0003,1.07939570248127,0.1181396484375
687,961,2925,2813952,0.0070559373,690.24,0.0003309794177766889,7.493047459999998,0.2,0.31229040361940863,0.6085402369499207,6860,0.9434947967529297,0.32598957419395447,0.0003,2.3760947838425635,0.1134033203125
688,962,2926,2818048,0.011567235,687.4,-0.005432679824298248,7.60572348,0.2,0.31607447303831576,1.1446938514709473,6870,0.9065407514572144,0.3254021108150482,0.0003,2.459023390710354,0.135791015625
689,963,2927,2822144,0.0076216087,684.65,-0.0029446195912896655,8.759513929999999,0.2,0.3164129938930273,1.119629144668579,6880,0.9154717326164246,0.32631298899650574,0.0003,3.5290748536586762,0.04833984375
690,965,2928,2826240,0.020261038,704.7,-0.004111573487170972,5.136313200000001,0.2,0.3130704939365387,0.8189460039138794,6890,0.9748166799545288,0.3278922736644745,0.0003,2.6466937735676765,0.102880859375
691,966,2929,2830336,0.00868494,702.77,0.0002341554732993245,3.0403831499999994,0.2,0.3045024763792753,0.32469215989112854,6900,0.9856327176094055,0.32850003242492676,0.0003,1.145485521107912,0.120068359375
692,967,2930,2834432,0.017256329,708.6,-0.0022366213088389486,2.7275307899999994,0.2,0.301162264496088,0.8721104860305786,6910,0.9365744590759277,0.33159559965133667,0.0003,2.4456827253103257,0.0929931640625
693,968,2931,2838528,0.008119984,714.25,-0.004072411810921039,2.448609109999999,0.2,0.29352099895477296,0.7060813903808594,6920,0.9485849738121033,0.33013081550598145,0.0003,2.4989657193422317,0.091845703125
694,969,2931,2842624,0.010430718,715.86,-0.004713616547815036,1.4060048500000002,0.2,0.2972442451864481,0.5648708343505859,6930,0.9705782532691956,0.32863155007362366,0.0003,1.8806067734956742,0.0833740234375
695,970,2932,2846720,0.007877002,701.68,0.0006928563991095871,5.03127667,0.2,0.30344037599861623,0.3008645176887512,6940,0.9594842195510864,0.32792606949806213,0.0003,1.0842319674789906,0.1192138671875
696,971,2933,2850816,0.006457939,687.86,-0.0027803034230601043,9.36523384,0.2,0.30606527999043465,0.3297117352485657,6950,0.9642528891563416,0.32797935605049133,0.0003,1.0298094756901264,0.103759765625
697,972,2934,2854912,0.013674295,662.83,-0.0020451098360354083,13.856018029999998,0.2,0.311206528544426,0.5958412885665894,6960,0.9542461633682251,0.32483193278312683,0.0003,1.9302480146288872,0.1238037109375
698,974,2935,2859008,0.01754317,657.9,-0.00037708583113271743,11.854938089999997,0.2,0.3154866073280573,0.4510308802127838,6970,0.976634681224823,0.32635697722435,0.0003,1.9401574283838272,0.164404296875
699,975,2936,2863104,0.008763831,640.09,-0.004343992186477408,11.131601959999998,0.2,0.31117511838674544,0.3391859531402588,6980,0.9797368049621582,0.32713809609413147,0.0003,1.2072960801422596,0.1119873046875
700,976,2937,2867200,0.008407077,625.89,-0.0011235335652600043,9.21913543,0.2,0.3102602753788233,0.6384888887405396,6990,0.9783139228820801,0.32743632793426514,0.0003,2.1968466989696025,0.0893310546875
701,977,2937,2871296,0.0074410364,613.73,-0.0016000619885744526,12.894468900000001,0.2,0.3105024017393589,0.4372292459011078,7000,0.9782412648200989,0.3267282545566559,0.0003,1.666078767180443,0.1402099609375
702,978,2938,2875392,0.014015927,601.76,-0.0011007426568539814,11.55622193,0.2,0.3133413828909397,0.6171921491622925,7010,0.9794831275939941,0.327714741230011,0.0003,2.448237065970898,0.10107421875
703,979,2939,2879488,0.010043543,607.65,-0.002957068680552766,9.621207159999997,0.2,0.3115740273147821,0.41381290555000305,7020,0.9865855574607849,0.32980042695999146,0.0003,1.6663734920322895,0.1050537109375
704,980,2940,2883584,0.014814465,627.72,-0.0024553177267080174,5.194012379999999,0.2,0.30396041087806225,0.49523547291755676,7030,0.9846975803375244,0.3300177752971649,0.0003,1.9646764904260636,0.10966796875
705,981,2941,2887680,0.013345848,617.12,-0.002165606775088236,6.58963949,0.2,0.3013070121407509,0.3137715458869934,7040,0.9883326292037964,0.32864660024642944,0.0003,1.3999731697142124,0.0992431640625
706,982,2942,2891776,0.0127097145,621.86,-0.00233437227725517,6.54059476,0.2,0.30262787230312826,0.522765576839447,7050,0.9868947863578796,0.3281427025794983,0.0003,1.6852909371256828,0.106005859375
707,983,2944,2895872,0.015798375,632.42,-0.0007672703446587548,4.91749292,0.2,0.30392816886305807,0.4896352291107178,7060,0.984659731388092,0.32916730642318726,0.0003,1.7892236113548279,0.1272705078125
708,984,2945,2899968,0.006334951,630.94,-0.0013320869446033611,4.9911723299999995,0.2,0.3010575506836176,0.3081772029399872,7070,0.9879871606826782,0.3293958008289337,0.0003,1.1875431850552558,0.0932861328125
709,964,3010,2904064,0.01253563,626.98,0.0001225637533934787,4.994016109999999,0.2,0.3021465759724379,0.4303273558616638,7080,0.9876235127449036,0.3278799057006836,0.0003,1.1607749588787555,0.1439208984375
710,965,3011,2908160,0.005796055,612.32,-0.00023096695949789136,6.46021353,0.2,0.309519561752677,0.5157662630081177,7090,0.9869450330734253,0.3259364068508148,0.0003,1.2745874375104904,0.1122314453125
711,966,3012,2912256,0.013423423,617.98,-0.0016168310103239492,4.02729445,0.2,0.3174405116587877,0.4405350685119629,7100,0.9705829620361328,0.3257672190666199,0.0003,1.8847791738808155,0.1150390625
712,967,3013,2916352,0.01111056,640.39,-0.002504835884610657,3.1658477900000004,0.2,0.3098138950765133,0.6108987331390381,7110,0.9317228198051453,0.3259579539299011,0.0003,2.049972628802061,0.1278564453125
713,968,3014,2920448,0.011927747,626.91,-0.006060005564359016,5.442720399999998,0.2,0.3064319923520088,1.3719907999038696,7120,0.9168907999992371,0.3268839418888092,0.0003,4.023064821958542,0.0967041015625
714,969,3015,2924544,0.011686211,627.17,-0.000911853217985481,3.9244306100000004,0.2,0.30173777490854264,0.38596829771995544,7130,0.988820493221283,0.3288114666938782,0.0003,1.0090203255414962,0.10029296875
715,970,3016,2928640,0.011544457,639.84,-0.0019955465919338166,2.722642630000001,0.2,0.2968555759638548,0.1978856474161148,7140,0.9794313311576843,0.32832902669906616,0.0003,1.0470524471253158,0.141943359375
716,972,3017,2932736,0.013472038,662.8,-0.0010183147838688455,4.87982312,0.2,0.3111018627882004,0.18604406714439392,7150,0.9832839965820312,0.3217948079109192,0.0003,0.6001282360404729,0.145068359375
717,973,3018,2936832,0.019438239,661.35,-0.0014366911724209785,4.146472910000001,0.2,0.33149499222636225,0.37016168236732483,7160,0.899238109588623,0.32044199109077454,0.0003,1.104601139575243,0.162451171875
718,974,3018,2940928,0.01256619,664.39,-0.002111464538029395,6.12923552,0.2,0.3509170789271593,0.3617269992828369,7170,0.9410969614982605,0.31562548875808716,0.0003,1.1740011923015117,0.1147216796875
719,975,3019,2945024,0.011881107,659.11,-0.00099400884937495,7.6337123799999995,0.2,0.37072887159883977,0.5322363376617432,7180,0.9520759582519531,0.31336817145347595,0.0003,2.1463503941893576,0.0900390625
720,976,3020,2949120,0.01916251,636.73,-0.0022614405563217586,12.739728829999999,0.2,0.3752607349306345,0.4570194184780121,7190,0.9806897044181824,0.31305497884750366,0.0003,1.2414381489157678,0.114990234375
721,977,3021,2953216,0.012927858,612.82,-0.004353420354891569,16.89952221,0.2,0.3694623254239559,0.35106322169303894,7200,0.9607107639312744,0.31483808159828186,0.0003,1.1411372303962708,0.132958984375
722,978,3022,2957312,0.012316188,607.56,-0.002366988779976964,18.195083529999998,0.2,0.36645035073161125,0.6172446608543396,7210,0.9392526745796204,0.3151974380016327,0.0003,1.7015226624906064,0.0749755859375
723,979,3023,2961408,0.027640104,624.52,-0.0010904556169407443,16.03714006,0.2,0.3706875879317522,0.4086378812789917,7220,0.9498058557510376,0.31514644622802734,0.0003,1.762703613191843,0.1128173828125
724,980,3024,2965504,0.014141278,618.13,-0.0019758016656851395,16.47130892,0.2,0.36884269714355467,0.3731975555419922,7230,0.9600059390068054,0.3165358006954193,0.0003,1.131777387857437,0.1486083984375
725,981,3025,2969600,0.009032613,641.54,-0.001921995093289297,12.931613509999998,0.2,0.3682431697845459,0.47863203287124634,7240,0.9743725657463074,0.3177586495876312,0.0003,1.6760089106857776,0.093798828125
726,982,3027,2973696,0.007047645,652.09,-0.0028523986402433366,12.962834030000002,0.2,0.363430580496788,0.27360039949417114,7250,0.9845476150512695,0.3218404948711395,0.0003,0.8867387011647224,0.100341796875
727,983,3028,2977792,0.008656925,646.95,-0.0020738712948514147,12.65887901,0.2,0.35187677294015884,0.27342361211776733,7260,0.9737932085990906,0.3207106590270996,0.0003,1.282771997898817,0.102099609375
728,984,3028,2981888,0.006835998,654.66,-0.002586517126474064,9.653855700000001,0.2,0.35809487886726854,0.5785017609596252,7270,0.972143292427063,0.32035031914711,0.0003,1.9589116111397744,0.06796875
729,985,3029,2985984,0.018510226,673.26,-0.00048286805977113543,8.72578826,0.2,0.3583743818104267,0.47629213333129883,7280,0.9540246725082397,0.3223875164985657,0.0003,1.3711349941790103,0.1458740234375
730,986,3031,2990080,0.011496202,677.09,-0.003055068032699637,8.0888382,0.2,0.36297268606722355,0.9871720671653748,7290,0.9322587847709656,0.31903499364852905,0.0003,2.738892209529877,0.1099365234375
731,987,3032,2994176,0.012148043,674.57,-0.0011564589047338813,10.468371609999998,0.2,0.380283484980464,0.5818644762039185,7300,0.9695035219192505,0.31909218430519104,0.0003,2.020215541124344,0.12275390625
732,988,3033,2998272,0.011221322,653.75,-0.004314998720656149,12.163309060000001,0.2,0.38224363327026367,0.5300413370132446,7310,0.9561846256256104,0.31890028715133667,0.0003,1.8141749016940594,0.1110107421875
733,969,3096,3002368,0.004909262,654.17,-0.0014516435854602604,12.667851610000003,0.2,0.3907640136778355,0.45931118726730347,7320,0.9536842107772827,0.3167545199394226,0.0003,1.488621336966753,0.0716064453125
734,970,3097,3006464,0.010119053,656.99,-0.0023123045219108464,10.952306859999998,0.2,0.4033977407962084,0.4511374235153198,7330,0.9811812043190002,0.31603699922561646,0.0003,1.4718182601034642,0.0847412109375
735,971,3098,3010560,0.009943203,674.16,-0.00033862627460621295,8.543139459999999,0.2,0.41355986669659617,0.4280795156955719,7340,0.9687044620513916,0.31570762395858765,0.0003,1.6416366323828697,0.1117431640625
736,972,3099,3014656,0.00963469,674.97,-0.0020936273387633262,7.807497539999999,0.2,0.4216894619166851,0.5157515406608582,7350,0.9611642360687256,0.31528133153915405,0.0003,1.830998670309782,0.0955322265625
737,973,3100,3018752,0.0085181855,692.63,0.0004469915700610727,2.2307360799999993,0.2,0.42460811138153076,0.4204920828342438,7360,0.9779459834098816,0.31574952602386475,0.0003,1.6190331883728504,0.1203369140625
738,974,3101,3022848,0.012902489,697.24,-0.0010691964940633624,3.1700013199999977,0.2,0.4296282812952995,0.273467481136322,7370,0.9858816862106323,0.3163747489452362,0.0003,0.9801694508641958,0.1129150390625
739,975,3102,3026944,0.010531336,689.55,-0.0010411318769911304,2.20039428,0.2,0.4434946723282337,0.45030325651168823,7380,0.9650070667266846,0.31436532735824585,0.0003,1.7784811407327652,0.113720703125
740,976,3103,3031040,0.011733589,689.15,-0.0034370810055406762,3.8411520500000007,0.2,0.4527245778590441,0.6038053631782532,7390,0.972544252872467,0.3143927752971649,0.0003,2.1401847511529923,0.116064453125
741,977,3104,3035136,0.008028878,694.66,-0.0018096531217452138,2.1405193599999994,0.2,0.45724755749106405,0.6436314582824707,7400,0.9516327381134033,0.31572216749191284,0.0003,2.0735583662986756,0.1079833984375
742,978,3105,3039232,0.015771132,696.57,0.0012186169245978818,4.4727118500000005,0.2,0.4620416633784771,1.149835228919983,7410,0.9681563973426819,0.3156425952911377,0.0003,2.4592872723937034,0.166162109375
743,979,3106,3043328,0.019158952,692.33,0.00020282301265979187,7.900087429999998,0.2,0.47098464518785477,0.31088903546333313,7420,0.9847279787063599,0.3127860724925995,0.0003,1.3805756017565727,0.19287109375
744,980,3107,3047424,0.013693953,666.88,-0.00037878299772273747,10.916665850000001,0.2,0.4789683651179075,0.3355880379676819,7430,0.9715517163276672,0.3118916153907776,0.0003,1.1048341393470764,0.119091796875
745,981,3108,3051520,0.011743614,651.21,-0.0023515214314102197,8.840656880000001,0.2,0.48682085834443567,0.833303689956665,7440,0.9269421100616455,0.31159117817878723,0.0003,3.106645677983761,0.0882080078125
746,982,3109,3055616,0.009055637,645.37,0.004288361093495041,11.366115050000003,0.2,0.4898144196718931,0.4622225761413574,7450,0.9683631658554077,0.3107760548591614,0.0003,1.457368616759777,0.1720947265625
747,983,3110,3059712,0.011307381,651.69,-0.0001098097738577053,10.70285236,0.2,0.48881497532129287,0.46573126316070557,7460,0.9681941270828247,0.31039464473724365,0.0003,1.4078248471021653,0.092333984375
748,984,3111,3063808,0.012470311,655.25,-0.0031570068036671727,5.665150430000001,0.2,0.4836711507290602,0.5297526121139526,7470,0.965269148349762,0.31127142906188965,0.0003,2.2024469137191773,0.0919677734375
749,985,3112,3067904,0.01569695,656.08,-0.002916178203304298,5.91199397,0.2,0.48593541570007803,0.3888120949268341,7480,0.9696032404899597,0.3112136721611023,0.0003,1.4895036935806274,0.1275146484375
750,986,3113,3072000,0.0065973117,638.5,-0.002289294492220506,10.642687429999999,0.2,0.49373922273516657,0.42123180627822876,7490,0.9751638770103455,0.31084683537483215,0.0003,1.4052253991365433,0.0905029296875
751,987,3114,3076096,0.0060982974,642.91,-0.003221420926274732,9.359930880000004,0.2,0.5014034312218427,0.30770614743232727,7500,0.9839050769805908,0.30928531289100647,0.0003,1.2823839962482453,0.0541748046875
752,988,3115,3080192,0.0092638405,642.43,-0.0022112836770247666,7.770949930000001,0.2,0.5044902466237545,0.28327676653862,7510,0.9815831780433655,0.3127305805683136,0.0003,1.1622214019298553,0.0931396484375
753,989,3116,3084288,0.021033261,631.04,0.0019413002562941983,11.713878080000002,0.2,0.49506719000637534,0.3121161460876465,7520,0.9798654913902283,0.312073290348053,0.0003,1.4070942290127277,0.141650390625
754,990,3116,3088384,0.0133427875,632.67,-0.002346011777990498,9.988259860000001,0.2,0.4932089887559414,0.472360759973526,7530,0.9885447025299072,0.3130556344985962,0.0003,1.717320081591606,0.1033203125
755,991,3117,3092480,0.009681418,646.72,-0.004799948111758568,6.570302849999999,0.2,0.48260220885276794,0.4823801517486572,7540,0.9834607839584351,0.31662750244140625,0.0003,1.7201281309127807,0.139990234375
756,992,3118,3096576,0.02086667,648.75,-0.0049979067844105884,6.01504495,0.2,0.4732074812054634,0.3965121805667877,7550,0.9812412261962891,0.3178519308567047,0.0003,1.3184608198702334,0.125830078125
757,973,3183,3100672,0.008397338,634.13,-0.0011803159781266005,5.876579949999999,0.2,0.4640131700783968,0.4719754457473755,7560,0.9761786460876465,0.3194461762905121,0.0003,1.4381912499666214,0.1322265625
758,974,3184,3104768,0.0071927183,630.56,-0.0015328315959777683,5.074593340000002,0.2,0.45484701357781887,0.43754804134368896,7570,0.9848239421844482,0.3199121356010437,0.0003,1.532838862389326,0.1068359375
759,975,3185,3108864,0.022665584,649.99,0.006821156202931888,0.8831284200000004,0.2,0.4563495837152004,0.25945964455604553,7580,0.9899713397026062,0.32013240456581116,0.0003,0.70629663169384,0.1890625
760,976,3186,3112960,0.010217374,643.3,-0.0004072396637639031,2.09105692,0.2,0.4613064557313919,0.508097767829895,7590,0.9681144952774048,0.32065528631210327,0.0003,1.6017403639853,0.1213623046875
761,977,3187,3117056,0.028456101,633.55,-0.00027360447857063266,3.9727504899999984,0.2,0.4608418043702841,0.6772801876068115,7600,0.957175612449646,0.3211705684661865,0.0003,1.7638099536299705,0.091259765625
762,978,3188,3121152,0.011796158,626.22,-0.0013258579856483266,5.447030739999997,0.2,0.46312280409038065,0.39874058961868286,7610,0.9853631258010864,0.3205709457397461,0.0003,0.982786975055933,0.1223388671875
763,979,3189,3125248,0.0070793894,603.95,-0.00416212975687813,9.11899991,0.2,0.4702795546501875,0.3200620710849762,7620,0.9806395769119263,0.3191531300544739,0.0003,1.2521889626979827,0.10517578125
764,980,3190,3129344,0.0073749195,603.24,-0.0022194994759047403,8.891560099999998,0.2,0.4772602118551731,0.49964848160743713,7630,0.9627810120582581,0.31823357939720154,0.0003,1.7427120350301266,0.080859375
765,982,3190,3133440,0.016503885,613.45,-0.0008965330809587613,8.002175759999998,0.2,0.4848742537200451,0.3385079503059387,7640,0.9690966606140137,0.3155686855316162,0.0003,1.4405113585293292,0.12353515625
766,983,3191,3137536,0.014712383,596.92,0.0009689861151855439,11.400623909999997,0.2,0.48447948805987834,0.24477525055408478,7650,0.9784383177757263,0.31697314977645874,0.0003,0.7959514427930117,0.1286376953125
767,984,3192,3141632,0.011241314,595.39,-0.007044741787831299,14.150326479999997,0.2,0.4843944519758224,0.5725730657577515,7660,0.9273646473884583,0.31622299551963806,0.0003,2.046780662238598,0.0962646484375
768,984,3193,3145728,0.012586034,602.85,-0.002809663984226063,15.25334723,0.2,0.49613346457481383,0.7227863073348999,7670,0.9197619557380676,0.31472739577293396,0.0003,1.9147652074694634,0.112548828125
769,985,3194,3149824,0.010136563,596.1,-0.0031411924588610417,16.51117914,0.2,0.49609700255095956,1.0049515962600708,7680,0.9660632014274597,0.31582775712013245,0.0003,2.727318398654461,0.099951171875
770,986,3195,3153920,0.011396552,594.62,0.0010147043562028558,16.900878069999997,0.2,0.49406652972102166,0.5230424404144287,7690,0.9719988107681274,0.3153916597366333,0.0003,2.0645154997706414,0.130810546875
771,987,3196,3158016,0.0077779265,601.71,-0.0019825696625048296,15.96567971,0.2,0.49742270149290563,0.3873787522315979,7700,0.9662901759147644,0.3146628737449646,0.0003,1.7928263761103154,0.07451171875
772,988,3197,3162112,0.009651116,581.94,0.0005585290346061811,19.065205369999997,0.2,0.5031568314880133,0.3592778444290161,7710,0.9810280203819275,0.313659131526947,0.0003,1.0332023847848177,0.1090087890625
773,989,3198,3166208,0.020353321,560.88,-0.0033379023836459963,22.649175629999995,0.2,0.5123228654265404,0.7332214117050171,7720,0.9650107622146606,0.3123874068260193,0.0003,2.9997109517455103,0.146337890625
774,990,3199,3170304,0.018347265,572.95,-0.0008691034585353918,19.773482749999996,0.2,0.5129256494343281,0.44223207235336304,7730,0.989587128162384,0.31340208649635315,0.0003,1.247464434057474,0.17705078125
775,991,3200,3174400,0.0065456983,593.09,-0.004104691024986095,17.04202293,0.2,0.5132459558546543,0.3240683972835541,7740,0.9843952059745789,0.3133317530155182,0.0003,1.3368746213614942,0.1074462890625
776,992,3201,3178496,0.019107565,592.5,-0.0025169155778712593,15.924153890000003,0.2,0.5149426020681858,0.5821865797042847,7750,0.9668811559677124,0.3140212595462799,0.0003,2.2162726536393165,0.1358154296875
777,993,3202,3182592,0.012087289,604.27,-0.00014774820010643452,14.942979950000002,0.2,0.5117561899125576,0.7936521172523499,7760,0.8954553604125977,0.31477198004722595,0.0003,2.376679338514805,0.1585693359375
778,994,3203,3186688,0.010446971,609.07,-0.0019833919082884676,14.867473189999998,0.2,0.5145001970231533,0.5179800391197205,7770,0.9654022455215454,0.31402331590652466,0.0003,1.726486873626709,0.1378173828125
779,995,3203,3190784,0.011723008,616.91,0.0014451451686909422,13.080038309999999,0.2,0.5149893291294575,0.5482377409934998,7780,0.9856714010238647,0.31595897674560547,0.0003,1.2895850881934166,0.1502197265625
780,996,3204,3194880,0.014034362,605.97,-0.00021276241750456393,13.694000719999998,0.2,0.514183197915554,0.5408414006233215,7790,0.964000940322876,0.31541579961776733,0.0003,1.810845886915922,0.1094482421875
781,997,3205,3198976,0.008142748,597.71,-0.0007991196704097092,12.810603139999998,0.2,0.518426863849163,0.9203504323959351,7800,0.9457013010978699,0.31487369537353516,0.0003,2.956581772863865,0.0780029296875
782,979,3270,3203072,0.013669325,604.56,-0.002541077046771534,11.189839119999998,0.2,0.52862583771348,0.48832613229751587,7810,0.96495521068573,0.3106478154659271,0.0003,1.697414780408144,0.1003173828125
783,980,3271,3207168,0.009158281,595.36,0.0007946490906761028,11.03147463,0.2,0.5420155391097069,0.3856867253780365,7820,0.9808726906776428,0.3104107081890106,0.0003,1.235381630063057,0.1414306640625
784,981,3272,3211264,0.012359943,597.33,-0.0004373997653601691,12.021473640000002,0.2,0.5503554686903953,0.7606384754180908,7830,0.9634565711021423,0.3079788088798523,0.0003,2.971446006000042,0.1521240234375
785,982,3273,3215360,0.023020025,604.23,-0.0004923110158415511,9.199340170000001,0.2,0.5593191877007484,0.6428152918815613,7840,0.9831368923187256,0.30751511454582214,0.0003,1.8243855834007263,0.126171875
786,983,3274,3219456,0.009967145,592.92,0.000961176204145886,10.81414082,0.2,0.5584876954555511,0.3939773440361023,7850,0.985161304473877,0.3093374967575073,0.0003,1.5035895429551602,0.1170654296875
787,984,3275,3223552,0.010469655,598.69,-0.0035467151959892363,10.20078788,0.2,0.5526321716606617,0.9851774573326111,7860,0.9541589021682739,0.3093016445636749,0.0003,2.5681709237396717,0.1190185546875
788,985,3276,3227648,0.011158027,594.49,-0.0021693825707188807,9.781840960000002,0.2,0.5626679755747318,0.6744086146354675,7870,0.9585838317871094,0.3077167272567749,0.0003,2.5015395686030386,0.13515625
789,986,3277,3231744,0.024170194,597.3,0.010328779701376333,9.02276346,0.2,0.5695050328969955,0.32600241899490356,7880,0.9788780808448792,0.3073141574859619,0.0003,1.7790748707950115,0.2477783203125
790,987,3277,3235840,0.017151548,587.98,0.0005212666990701109,11.37805643,0.2,0.5713607758283615,0.34877315163612366,7890,0.9767438173294067,0.305873304605484,0.0003,1.1756669580936432,0.1484130859375
791,988,3278,3239936,0.009168243,594.01,-0.0037110292454599404,10.284367409999998,0.2,0.5754293672740459,0.8016858100891113,7900,0.9519980549812317,0.3088292181491852,0.0003,2.349321173131466,0.1135498046875
792,989,3279,3244032,0.0064563043,591.07,0.0028254876466235145,10.291058630000002,0.2,0.5768994487822056,0.47245368361473083,7910,0.9784456491470337,0.3081532418727875,0.0003,1.2941055685281753,0.167431640625
793,990,3280,3248128,0.009008309,570.96,-0.0036778128647711127,13.915198549999998,0.2,0.5856561705470085,0.32944247126579285,7920,0.9721044898033142,0.3091505467891693,0.0003,1.4441006518900394,0.1115234375
794,991,3281,3252224,0.011589298,585.47,-0.001354235113831237,12.23793987,0.2,0.5838926069438457,0.39192038774490356,7930,0.9850205183029175,0.3102014660835266,0.0003,1.4979041762650014,0.143310546875
795,992,3282,3256320,0.030977871,598.39,0.00010860981128644199,10.81032755,0.2,0.5801067307591439,0.3986930251121521,7940,0.9860196113586426,0.3125826120376587,0.0003,1.3473392367362975,0.166064453125
796,993,3282,3260416,0.010982273,606.87,-0.0031304983189329506,9.456257749999999,0.2,0.571956580132246,0.4027042090892792,7950,0.9876552820205688,0.3153030574321747,0.0003,1.2649746552109717,0.1343505859375
797,994,3283,3264512,0.015284614,616.05,-0.002141660757479258,8.795807759999999,0.2,0.5634847030043602,0.31888383626937866,7960,0.9891140460968018,0.3181038498878479,0.0003,1.0214375957846642,0.14287109375
798,995,3284,3268608,0.010699261,635.5,-0.0012207929394207895,7.137735520000002,0.2,0.561772457510233,0.33360427618026733,7970,0.988805890083313,0.3179168105125427,0.0003,1.1400864817202092,0.125
799,996,3285,3272704,0.008730528,621.87,-0.0024758361279964445,8.96711719,0.2,0.570612920075655,0.424365371465683,7980,0.9853664636611938,0.3153383433818817,0.0003,1.348735900223255,0.11494140625
800,996,3286,3276800,0.034436483,615.01,0.002810152972233482,10.75573382,0.2,0.5762646093964576,0.5857534408569336,7990,0.9417084455490112,0.31639668345451355,0.0003,1.6296470388770103,0.146142578125
801,997,3287,3280896,0.01842166,619.56,0.0003834758710581809,10.4869463,0.2,0.5740247167646885,0.49608030915260315,8000,0.9726147651672363,0.3178398311138153,0.0003,2.006881880015135,0.1291015625
802,998,3288,3284992,0.012788886,607.57,0.005241190633387305,11.682947890000001,0.2,0.5731091246008873,0.7673941254615784,8010,0.9710850119590759,0.31684762239456177,0.0003,1.8988194733858108,0.186474609375
803,999,3289,3289088,0.00826282,607.79,-0.0030246441514464096,11.864405470000001,0.2,0.576416227221489,0.8278810381889343,8020,0.951684296131134,0.3170647621154785,0.0003,2.696491728723049,0.0990966796875
804,1000,3290,3293184,0.017074488,604.4,0.001836169594025705,12.991960879999999,0.2,0.5784239582717419,0.4484100937843323,8030,0.9836922287940979,0.31575602293014526,0.0003,1.268827361613512,0.12958984375
805,1001,3291,3297280,0.01109616,592.5,0.0027375276578823103,13.67860477,0.2,0.5901491843163967,0.2432546615600586,8040,0.9862025380134583,0.31324487924575806,0.0003,0.7671102702617645,0.1735107421875
806,984,3353,3301376,0.0096767,589.42,-0.0001281052245758474,15.180641520000002,0.2,0.6012649089097977,0.6525382399559021,8050,0.9556635618209839,0.3110429346561432,0.0003,2.0612665876746177,0.1405029296875
807,985,3354,3305472,0.011865789,603.02,0.0007319707103306428,13.469305020000002,0.2,0.609673011302948,0.5068522095680237,8060,0.9857046008110046,0.31107285618782043,0.0003,1.541388100385666,0.160888671875
808,986,3355,3309568,0.022085913,605.85,-0.0004239188885549083,13.193725070000001,0.2,0.6189213827252388,0.5421612858772278,8070,0.9573415517807007,0.3095588982105255,0.0003,2.262016177177429,0.132275390625
809,987,3355,3313664,0.02918438,600.58,0.00947004566551186,12.772743860000002,0.2,0.6315334253013134,0.6354374289512634,8080,0.9548120498657227,0.30875512957572937,0.0003,1.2625877231359481,0.234521484375
810,988,3356,3317760,0.012739964,605.66,-0.0007162187161156907,16.221088390000002,0.2,0.6366914562880993,0.7761659622192383,8090,0.9537050127983093,0.3094485402107239,0.0003,1.9932490155100822,0.138818359375
811,989,3357,3321856,0.0058316146,595.93,0.002633556944783777,15.88376021,0.2,0.6442082673311234,0.5598570704460144,8100,0.9670862555503845,0.3089015483856201,0.0003,1.8038968019187451,0.1597900390625
812,990,3358,3325952,0.011441829,574.96,0.0006355676596285775,16.62037336,0.2,0.6472516506910324,0.5969268083572388,8110,0.984389066696167,0.3115193843841553,0.0003,1.8068416893482209,0.12109375
813,991,3359,3330048,0.0094553735,568.36,-0.000872722094936762,16.76146102,0.2,0.631183597445488,1.4717388153076172,8120,0.9568408727645874,0.31289708614349365,0.0003,6.3819552034139635,0.10439453125
814,992,3360,3334144,0.014450054,580.33,0.0007515496719861404,13.205333959999997,0.2,0.6162239760160446,0.46326744556427,8130,0.9851392507553101,0.31500035524368286,0.0003,1.7727617301046847,0.1886962890625
815,992,3362,3338240,0.017250925,582.61,-0.004735907804570161,10.873385210000002,0.2,0.6026125609874725,0.3341357409954071,8140,0.9913123250007629,0.31698164343833923,0.0003,0.8973469436168671,0.1061279296875
816,993,3362,3342336,0.010302208,581.99,-0.0010604755079839379,11.289685510000002,0.2,0.5965461954474449,0.3960927426815033,8150,0.9903919100761414,0.3177378475666046,0.0003,1.2935604460537433,0.1005859375
817,994,3363,3346432,0.021233436,586.3,-0.003172244250890799,12.29316684,0.2,0.5979997359216214,1.1062654256820679,8160,0.8997671604156494,0.3166072964668274,0.0003,3.79855692088604,0.114111328125
818,995,3364,3350528,0.013365848,582.89,-0.0006413385301129893,12.68840557,0.2,0.6026236161589622,1.0842185020446777,8170,0.8796969056129456,0.317486047744751,0.0003,3.292929048836231,0.131494140625
819,996,3365,3354624,0.007066244,582.54,-0.0026211036543827503,14.215676849999998,0.2,0.6021101474761963,0.6438610553741455,8180,0.9459012150764465,0.31785815954208374,0.0003,2.4367789566516875,0.1026123046875
820,997,3366,3358720,0.009719958,604.51,-4.0575690218247476e-05,10.943765200000003,0.2,0.6038315385580063,0.7266406416893005,8190,0.9644622802734375,0.31786423921585083,0.0003,2.480701410770416,0.1299072265625
821,998,3367,3362816,0.008942832,606.77,-0.001295352083980106,10.96412664,0.2,0.6069440066814422,0.3858185410499573,8200,0.9883409142494202,0.31655439734458923,0.0003,1.2530033886432648,0.0983154296875
822,999,3368,3366912,0.006716699,589.22,-0.0033503396232845263,12.402302310000003,0.2,0.6102875657379627,0.6166303157806396,8210,0.985634446144104,0.31616079807281494,0.0003,1.5556761868298055,0.10263671875
823,1000,3369,3371008,0.011307883,583.04,-0.003245019089081325,10.329097829999998,0.2,0.6192684747278691,0.6319835186004639,8220,0.980567455291748,0.31543588638305664,0.0003,1.96078906878829,0.086669921875
824,1001,3369,3375104,0.008057334,585.47,-0.0021461194875882937,8.081425900000001,0.2,0.6366584278643131,0.9410097002983093,8230,0.9780454039573669,0.31262123584747314,0.0003,2.8907685443758964,0.101806640625
825,1002,3370,3379200,0.01002791,593.66,-0.0026569765861495396,6.634456320000002,0.2,0.6482066713273525,0.357553094625473,8240,0.9899417757987976,0.31440168619155884,0.0003,1.124022214859724,0.1147705078125
826,1003,3371,3383296,0.0111610815,604.73,-0.0054490221024025235,5.783898889999998,0.2,0.6441786170005799,0.796951949596405,8250,0.9634888172149658,0.31437310576438904,0.0003,2.707365308701992,0.13515625
827,1004,3372,3387392,0.013924642,601.79,-0.0037627659854479133,7.754448729999998,0.2,0.640926206856966,0.3865520656108856,8260,0.9895391464233398,0.3157932758331299,0.0003,1.0873304702341557,0.1026123046875
828,1005,3373,3391488,0.02303905,612.25,9.305817948188633e-05,4.118587800000003,0.2,0.6426225505769253,0.3495537042617798,8270,0.9878638386726379,0.3146543800830841,0.0003,1.3876493133604526,0.1203125
829,1006,3374,3395584,0.012554144,613.44,-0.0015882189763942733,6.9539060699999995,0.2,0.6410919316112995,0.46982890367507935,8280,0.9816679358482361,0.31481054425239563,0.0003,1.433374422043562,0.150341796875
830,1007,3375,3399680,0.024253074,603.88,0.0004940640370477922,10.43740684,0.2,0.6364956788718701,0.5884467959403992,8290,0.9595566391944885,0.316342294216156,0.0003,1.636756743490696,0.1160888671875
831,989,3440,3403776,0.0084043015,606.52,-0.0023365968198049815,10.068849149999998,0.2,0.6400986477732659,0.5418263673782349,8300,0.981968104839325,0.3154229521751404,0.0003,1.5849021643400192,0.0873046875
832,990,3441,3407872,0.009380559,631.87,-0.0033055965323001146,3.9559156399999984,0.2,0.6472576774656773,0.4651089608669281,8310,0.9766196608543396,0.31350815296173096,0.0003,1.7883019119501113,0.0877685546875
833,991,3442,3411968,0.015809499,630.1,-0.0009607878804672509,4.278158000000001,0.2,0.6600739315152169,0.512484073638916,8320,0.9757751226425171,0.31102508306503296,0.0003,1.6426589861512184,0.1718505859375
834,992,3443,3416064,0.009762822,646.22,-0.0009454864106373861,3.6661408700000004,0.2,0.6696722261607647,0.577373743057251,8330,0.9587883949279785,0.31218457221984863,0.0003,2.1493281960487365,0.1189453125
835,992,3444,3420160,0.018264107,651.81,-0.0007642524695256725,1.038615500000001,0.2,0.672952638566494,0.257510244846344,8340,0.9827457070350647,0.31054404377937317,0.0003,1.0885664589703083,0.13486328125
836,993,3445,3424256,0.00815325,639.47,-0.004538727048202418,2.9368280099999993,0.2,0.683858273178339,0.3043299913406372,8350,0.9780660271644592,0.3094707131385803,0.0003,1.1860354278236627,0.1119384765625
837,994,3446,3428352,0.017552605,630.83,-0.002038841199828312,4.996723319999999,0.2,0.6904739037156105,0.5305881500244141,8360,0.9497454166412354,0.31117910146713257,0.0003,2.073841218650341,0.122705078125
838,995,3447,3432448,0.019547198,632.68,0.001289946463657543,6.349155400000001,0.2,0.6881019227206707,0.7105998396873474,8370,0.9596772193908691,0.3130119740962982,0.0003,1.9110909171402455,0.152880859375
839,996,3447,3436544,0.011817158,632.63,-0.00034520481276558714,8.80910452,0.2,0.6875702634453773,0.44187575578689575,8380,0.9772003889083862,0.31154295802116394,0.0003,1.509674084931612,0.1440673828125
840,997,3448,3440640,0.011996336,634.95,0.002962561760796234,7.998986430000001,0.2,0.689052053540945,0.5620913505554199,8390,0.9744387865066528,0.3131553828716278,0.0003,1.7714018374681473,0.1890380859375
841,998,3449,3444736,0.011298209,629.9,-0.0014607938632252627,9.229723810000001,0.2,0.681098785996437,0.42847952246665955,8400,0.9733511209487915,0.3126865029335022,0.0003,1.4628358066082001,0.103857421875
842,999,3450,3448832,0.02695111,631.6,-0.00012721067178063096,11.509198020000001,0.2,0.6789638251066208,0.3579978048801422,8410,0.9744075536727905,0.3108903467655182,0.0003,1.2914607688784598,0.1571533203125
843,1000,3451,3452928,0.011886885,626.03,-0.0008672230353113264,14.6218771,0.2,0.6832574591040611,0.36680668592453003,8420,0.9683286547660828,0.3102806806564331,0.0003,1.2937344774603843,0.148388671875
844,1001,3452,3457024,0.011675309,620.38,-0.0016908158082515,14.19756834,0.2,0.6863283269107342,0.5189777612686157,8430,0.9740110635757446,0.3107287585735321,0.0003,1.670303151011467,0.1137451171875
845,1002,3452,3461120,0.00935738,626.52,0.0005527426270418801,11.471621199999998,0.2,0.6903608471155167,0.8512828946113586,8440,0.9678370952606201,0.30908334255218506,0.0003,2.8511683896183966,0.12099609375
846,1003,3453,3465216,0.013096733,632.58,-0.0012008682126179338,10.5115353,0.2,0.694432233273983,0.3136133551597595,8450,0.9818653464317322,0.3102203607559204,0.0003,1.0729074627161026,0.1278076171875
847,1004,3454,3469312,0.007980722,606.79,0.001562281048973091,16.05742144,0.2,0.6977887228131294,0.651500403881073,8460,0.9298334717750549,0.3088136613368988,0.0003,2.849428828060627,0.13701171875
848,1005,3455,3473408,0.015350113,606.62,-0.0009333989029983059,16.45154059,0.2,0.7059935860335826,0.38183164596557617,8470,0.9612748622894287,0.30640938878059387,0.0003,1.195817918330431,0.132568359375
849,1005,3456,3477504,0.029125817,606.88,-6.374735676217824e-06,12.949803429999998,0.2,0.7051089860498905,0.6697139143943787,8480,0.962949812412262,0.30759549140930176,0.0003,2.4956412985920906,0.1694091796875
850,1006,3457,3481600,0.015452473,600.0,-0.0006822360708611086,14.61370975,0.2,0.700701117515564,0.34816598892211914,8490,0.9821352958679199,0.3076493740081787,0.0003,1.2816901192069055,0.1323486328125
851,1007,3458,3485696,0.039175786,603.97,0.0031948477640980854,12.651633409999999,0.2,0.7019967466592789,1.0211379528045654,8500,0.9702664017677307,0.30941611528396606,0.0003,2.8271394580602647,0.189599609375
852,1008,3459,3489792,0.007757012,620.91,-0.002317613086779602,10.11319284,0.2,0.7007256142795086,0.2704780697822571,8510,0.9891253709793091,0.30648061633110046,0.0003,0.934539706632495,0.115673828125
853,1009,3460,3493888,0.013431439,620.14,-0.0037016104033682495,9.39831497,0.2,0.7118790507316589,0.45055463910102844,8520,0.9337092638015747,0.3062024414539337,0.0003,2.082936175912619,0.1156005859375
854,1010,3460,3497984,0.009624581,632.11,-0.004604010398907121,9.8616303,0.2,0.7119966797530651,0.6510693430900574,8530,0.9236491918563843,0.3074532151222229,0.0003,1.8980740018188953,0.1274169921875
855,994,3522,3502080,0.015667008,629.73,0.0004020851440145634,10.2912148,0.2,0.7126692965626716,0.44883352518081665,8540,0.9074591994285583,0.30717864632606506,0.0003,1.4911114260554315,0.141162109375
856,995,3523,3506176,0.010191634,625.27,-0.002512837847461924,9.617334610000002,0.2,0.7182636998593808,0.632693350315094,8550,0.9609869122505188,0.30632027983665466,0.0003,2.274683301150799,0.09912109375
857,996,3524,3510272,0.0072948793,617.57,-0.000805778727226425,9.49927451,0.2,0.7230285942554474,0.44289788603782654,8560,0.9721431732177734,0.30683720111846924,0.0003,1.5488938100636005,0.1474853515625
858,997,3524,3514368,0.011242002,633.89,-0.00509998563939007,8.560729900000002,0.2,0.7272579111158848,0.5764294266700745,8570,0.9598311185836792,0.3043508231639862,0.0003,1.7541725732386113,0.1428955078125
859,997,3525,3518464,0.0138500985,638.52,0.0003130797311314382,8.24511465,0.2,0.7395513765513897,0.3484683334827423,8580,0.9685414433479309,0.3032556474208832,0.0003,1.1706158615648747,0.1240478515625
860,998,3526,3522560,0.009896958,627.76,-0.0045097052468918266,10.04752832,0.2,0.7521639049053193,0.32393765449523926,8590,0.9781454205513,0.30275657773017883,0.0003,1.2757503226399423,0.1255615234375
861,999,3527,3526656,0.011949455,612.79,-0.003969915887864772,13.11218942,0.2,0.7490655161440373,0.7318984270095825,8600,0.9746623039245605,0.3044452965259552,0.0003,1.9103667795658112,0.086328125
862,1000,3528,3530752,0.013405461,618.44,-0.0025707299122586847,11.790223970000001,0.2,0.7482896812260151,0.7118322253227234,8610,0.9717494249343872,0.3044411838054657,0.0003,2.031807613372803,0.1458984375
863,1001,3529,3534848,0.013905458,624.02,0.004008904923102819,8.86940931,0.2,0.7496267117559909,0.4574097990989685,8620,0.9789403080940247,0.3039604425430298,0.0003,1.5624603480100632,0.1444091796875
864,1002,3529,3538944,0.01725987,605.59,0.0016479082871228457,15.24531529,0.2,0.7512207381427288,0.43018588423728943,8630,0.9664455652236938,0.3040747046470642,0.0003,1.280517353862524,0.1532470703125
865,1003,3530,3543040,0.0062775337,600.0,-0.003509445275994949,16.99680707,0.2,0.7569725856184959,0.4047662019729614,8640,0.9749293923377991,0.3040276765823364,0.0003,1.726689700782299,0.09423828125
866,1004,3531,3547136,0.012311208,582.66,-0.00206503949011676,19.54430441,0.2,0.7626875922083854,0.6862764954566956,8650,0.9773497581481934,0.3029817044734955,0.0003,2.084608029574156,0.109033203125
867,1005,3532,3551232,0.009932345,590.72,-0.0018895753135439008,18.676946739999998,0.2,0.7634921215474606,0.2560065686702728,8660,0.9875041246414185,0.3061663806438446,0.0003,0.8062064319849014,0.1241943359375
868,1006,3533,3555328,0.014895905,579.06,-0.0018564725469332188,18.12229738,0.2,0.7635800510644912,0.579154372215271,8670,0.9833069443702698,0.30611005425453186,0.0003,1.8062760055065155,0.1396240234375
869,1007,3533,3559424,0.03934592,564.16,0.00248083753103856,19.09465482,0.2,0.7626333795487881,0.5967838764190674,8680,0.975379467010498,0.30757954716682434,0.0003,1.5394342049956322,0.16875
870,1008,3534,3563520,0.011048764,563.19,0.0007380763505352661,19.66573572,0.2,0.7549310460686683,0.680587887763977,8690,0.9695949554443359,0.30945172905921936,0.0003,1.863826011121273,0.1154052734375
871,1009,3535,3567616,0.02579141,570.0,-0.0028987167752347887,17.054234820000005,0.2,0.7522864677011967,0.396049827337265,8700,0.9777063131332397,0.30838072299957275,0.0003,1.6659938171505928,0.128515625
872,1009,3536,3571712,0.008102014,562.89,-0.003584907087497413,17.25789908,0.2,0.7511573061347008,1.6646623611450195,8710,0.968580961227417,0.3075472414493561,0.0003,3.50156092941761,0.1472412109375
873,1010,3537,3575808,0.02781106,570.29,-0.0010897585438215175,16.99391639,0.2,0.7555386506021022,0.5200852155685425,8720,0.9851961135864258,0.30449360609054565,0.0003,1.443954622745514,0.1548583984375
874,1011,3538,3579904,0.01374735,577.21,-0.0007769929652567953,17.84063532,0.2,0.7568376876413823,0.45256829261779785,8730,0.9844452142715454,0.3072507083415985,0.0003,1.4032629288733005,0.1353271484375
875,1012,3539,3584000,0.008880359,580.55,-0.0011510797834489495,15.79074505,0.2,0.7475695736706257,0.6447311043739319,8740,0.9843307137489319,0.30739909410476685,0.0003,2.032942569255829,0.12822265625
876,1013,3540,3588096,0.0062475675,591.95,-0.0023069106391631067,12.91202501,0.2,0.7455382011830807,0.2221125364303589,8750,0.9881312251091003,0.3076667785644531,0.0003,1.0223535422235728,0.1636474609375
877,1014,3541,3592192,0.015720662,581.16,0.005295098180067725,15.60632199,0.2,0.7408239915966988,0.4177805483341217,8760,0.9849963188171387,0.30868953466415405,0.0003,1.3778367802500724,0.21328125
878,1015,3542,3596288,0.008471982,584.59,-0.0016835409071063623,15.621651929999999,0.2,0.7415767677128315,0.6854681372642517,8770,0.9834718704223633,0.30804136395454407,0.0003,1.9113212563097477,0.0995849609375
879,998,3604,3600384,0.021717876,597.95,0.00094591703673359,11.964343079999999,0.2,0.7424870952963829,0.45757487416267395,8780,0.9853836894035339,0.30915552377700806,0.0003,1.2835562437772752,0.1855224609375
880,999,3605,3604480,0.011326897,592.09,-0.003921848890604452,13.966806420000003,0.2,0.7444106750190258,0.44569072127342224,8790,0.9882822036743164,0.30708959698677063,0.0003,1.4402064584195613,0.152099609375
881,1000,3606,3608576,0.003866475,595.36,-0.0006352016003802419,11.90898461,0.2,0.7552591614425183,0.7029042840003967,8800,0.972406268119812,0.30718880891799927,0.0003,2.787520222365856,0.1001708984375
882,1001,3607,3612672,0.012721943,600.25,0.0010789075458887964,9.601108909999999,0.2,0.7616205550730228,0.25252023339271545,8810,0.9938117861747742,0.3075845539569855,0.0003,0.9105884753167629,0.1570556640625
883,1002,3608,3616768,0.024804503,617.81,0.004406548829865642,5.748964320000002,0.2,0.7638934157788754,0.3876504898071289,8820,0.9932212829589844,0.3070959746837616,0.0003,1.1615579947829247,0.18046875
884,1003,3609,3620864,0.009718378,621.22,-0.0039279301679925995,4.619245520000001,0.2,0.7627184398472309,0.389667272567749,8830,0.986225962638855,0.30823761224746704,0.0003,1.685529525578022,0.11416015625
885,1004,3610,3624960,0.015067575,628.59,-0.002571047394303605,3.886579159999998,0.2,0.761640115827322,0.5103374719619751,8840,0.9816736578941345,0.30832892656326294,0.0003,1.5590598337352275,0.1329833984375
886,1004,3611,3629056,0.009265987,618.68,-0.0004043687484227121,6.32191113,0.2,0.7639949716627598,0.688264787197113,8850,0.9569882154464722,0.30800652503967285,0.0003,1.816169848293066,0.103125
887,1005,3611,3633152,0.016211294,599.42,1.942611997947097e-05,7.041584849999997,0.2,0.7660822376608849,0.5157371759414673,8860,0.9810821413993835,0.3077024817466736,0.0003,1.4915365859866143,0.162548828125
888,1006,3612,3637248,0.0103753535,592.62,0.002179748126945924,9.43233069,0.2,0.7566467896103859,0.635833203792572,8870,0.9752172231674194,0.30934882164001465,0.0003,1.3561511032283307,0.1224853515625
889,1007,3613,3641344,0.020901792,583.72,-0.003416458168067038,10.379617650000002,0.2,0.7533803254365921,0.42690980434417725,8880,0.9777873158454895,0.30775219202041626,0.0003,1.317526275664568,0.11904296875
890,1008,3614,3645440,0.01020778,571.04,0.00032929950393736365,16.213523109999997,0.2,0.7528706319630146,0.40145745873451233,8890,0.9880611300468445,0.30741724371910095,0.0003,0.9813276313245296,0.117919921875
891,1009,3615,3649536,0.022193551,576.95,0.007371388413594105,15.833569840000003,0.2,0.7582818776369095,0.3692622780799866,8900,0.9787880778312683,0.3062458336353302,0.0003,1.0037541128695011,0.1710205078125
892,1010,3616,3653632,0.014137019,588.94,-0.00372608957986813,12.19134757,0.2,0.7659538678824902,0.4114111065864563,8910,0.988610029220581,0.3061333894729614,0.0003,1.246835532039404,0.120849609375
893,1011,3617,3657728,0.01408354,577.25,0.00046512820408679546,13.28311844,0.2,0.7696435987949372,0.351189523935318,8920,0.9881064891815186,0.307870477437973,0.0003,1.0307684637606145,0.129541015625
894,1012,3617,3661824,0.009039197,584.1,-0.0025974258896894753,13.068137410000004,0.2,0.7655817054212093,0.3633650541305542,8930,0.9752925038337708,0.3077976107597351,0.0003,1.2961332313716412,0.123193359375
895,1013,3618,3665920,0.01682568,588.56,0.00045703492069151255,13.844744870000001,0.2,0.7721598505973816,0.3180069029331207,8940,0.9792670607566833,0.3059677481651306,0.0003,0.9389132343232631,0.1326171875
896,1013,3619,3670016,0.008289648,575.98,0.001135222299490124,18.46044134,0.2,0.7832781866192817,0.5916778445243835,8950,0.9703834056854248,0.30593013763427734,0.0003,2.304112945497036,0.137451171875
897,1014,3620,3674112,0.010377251,559.04,-0.003174243267858401,21.4847433,0.2,0.7820397436618804,0.47438064217567444,8960,0.980955183506012,0.30827897787094116,0.0003,1.9036960273981094,0.1142578125
898,1015,3621,3678208,0.016815636,553.2,0.004170279315439984,22.45736986,0.2,0.7762199163436889,0.8686031103134155,8970,0.9781363010406494,0.30804041028022766,0.0003,2.52191853672266,0.171044921875
899,1016,3622,3682304,0.008541083,558.16,-0.005384498980129137,20.734997390000004,0.2,0.7801957577466965,0.7970534563064575,8980,0.9549276828765869,0.30673444271087646,0.0003,3.179447039961815,0.0917236328125
900,1017,3623,3686400,0.011283116,545.32,-0.0034513508435338736,20.94662653,0.2,0.7849016442894936,0.6723490357398987,8990,0.969731867313385,0.3072713017463684,0.0003,2.3222206369042397,0.0768798828125
901,1018,3624,3690496,0.008368598,553.12,-0.0024358282797038557,18.61379547,0.2,0.7854742258787155,0.5872093439102173,9000,0.9753503203392029,0.3066149055957794,0.0003,1.8407049186527729,0.1002685546875
902,1019,3624,3694592,0.016307812,546.21,-0.003022260245052166,19.11284062,0.2,0.7829081453382969,0.5346454381942749,9010,0.9634352922439575,0.30832985043525696,0.0003,2.0419757142663,0.1013671875
903,1020,3625,3698688,0.025005938,546.06,-0.002246206399286166,16.51995652,0.2,0.7829848527908325,0.8136596083641052,9020,0.9641410708427429,0.3048487603664398,0.0003,2.4708111941814423,0.143310546875
904,1005,3682,3702784,0.016018845,556.88,-0.0029774308495689183,15.75711528,0.2,0.7929405890405178,0.42842966318130493,9030,0.9590137004852295,0.3050578236579895,0.0003,1.4527841985225678,0.1292236328125
905,1006,3683,3706880,0.014519092,551.19,-0.0010636620194418357,18.871293709999996,0.2,0.792964381724596,0.6159732937812805,9040,0.9284642934799194,0.30529889464378357,0.0003,1.730788940936327,0.1408203125
906,1007,3684,3710976,0.017319057,546.03,-0.0006633261655224487,20.28302383,0.2,0.7949690230190753,0.521195113658905,9050,0.9233436584472656,0.3046109080314636,0.0003,2.504612822830677,0.13642578125
907,1008,3684,3715072,0.010623084,548.45,4.8636714927852155e-05,20.110464589999996,0.2,0.7934809759259224,0.24359026551246643,9060,0.9756073355674744,0.3041573464870453,0.0003,0.99902761913836,0.1369384765625
908,1009,3685,3719168,0.010569347,545.94,-0.0022541409416589886,20.39955084,0.2,0.7923139788210392,0.4838539958000183,9070,0.9829450249671936,0.30431124567985535,0.0003,1.1306438595056534,0.1329833984375
909,1009,3686,3723264,0.0115618985,565.69,-0.003601424489170313,19.72322068,0.2,0.7920737095177174,0.739082932472229,9080,0.9530806541442871,0.30228951573371887,0.0003,2.134762495011091,0.1278564453125
910,1010,3687,3727360,0.014684416,557.61,-0.0020034812623634934,20.56929638,0.2,0.7917616993188858,0.22103223204612732,9090,0.9833530187606812,0.3027147948741913,0.0003,0.8319025274366141,0.122900390625
911,1011,3688,3731456,0.0093913935,546.59,0.001777292854967527,22.829290560000004,0.2,0.7947090722620487,0.5409733653068542,9100,0.942661702632904,0.298539936542511,0.0003,2.3562243446707725,0.1619140625
912,1012,3689,3735552,0.010117371,545.51,0.0027448802211438306,23.703499830000002,0.2,0.8008250273764134,0.5518105030059814,9110,0.9760173559188843,0.29841262102127075,0.0003,1.4035868436098098,0.145458984375
913,1013,3690,3739648,0.009070883,568.87,8.422416867688298e-05,20.672771980000004,0.2,0.8032869003713131,0.4013761878013611,9120,0.9653006792068481,0.2988646626472473,0.0003,1.451959563791752,0.137841796875
914,1014,3690,3743744,0.032827377,566.04,0.0032769250698038376,23.244829979999995,0.2,0.8075299873948097,0.3510798215866089,9130,0.9785692095756531,0.298598051071167,0.0003,1.0297673113644124,0.1479736328125
915,1015,3691,3747840,0.0103753675,584.98,-0.0015607661742251366,21.527566209999996,0.2,0.817753704637289,0.42868727445602417,9140,0.9677727222442627,0.2960262894630432,0.0003,1.9894596815109253,0.0802490234375
916,1016,3692,3751936,0.015275037,607.31,0.0023077890451531856,16.42079876,0.2,0.8300359718501568,0.2754742503166199,9150,0.985981822013855,0.29581767320632935,0.0003,1.1626653209328652,0.1631591796875
917,1016,3693,3756032,0.01326092,607.99,-0.002506115440337453,16.62108196,0.2,0.8349915027618409,0.8548175096511841,9160,0.9746937155723572,0.2933594882488251,0.0003,2.34458429440856,0.1421630859375
918,1017,3694,3760128,0.009276802,592.72,-0.0059963114763377234,18.197562379999997,0.2,0.8388810165226459,0.8540088534355164,9170,0.9528182148933411,0.2943542003631592,0.0003,2.532506710290909,0.0873291015625
919,1018,3695,3764224,0.008892671,596.79,-0.0024889537395210936,17.39329693,0.2,0.8381378583610057,0.17304137349128723,9180,0.9843822121620178,0.2912931442260742,0.0003,1.0342798992991447,0.128076171875
920,1019,3695,3768320,0.009363729,613.44,-0.0012541595860966481,13.822094730000002,0.2,0.8444786123931408,0.3270914852619171,9190,0.9851346611976624,0.29058632254600525,0.0003,0.9366716094315052,0.113623046875
921,1020,3696,3772416,0.013888296,605.73,-0.007606300064071547,13.150215520000001,0.2,0.8415974408388138,0.4257254898548126,9200,0.9727870225906372,0.2906498312950134,0.0003,1.7045277990400791,0.1579345703125
922,1021,3697,3776512,0.014323714,625.7,-0.00013770967489108444,11.03911362,0.2,0.8409646645188331,0.30241239070892334,9210,0.9888947606086731,0.2900003492832184,0.0003,1.1898268431425094,0.1556640625
923,1022,3698,3780608,0.00874184,617.67,-0.001430361687380355,11.32335226,0.2,0.8450956828892231,0.4593270719051361,9220,0.977049708366394,0.2911357581615448,0.0003,1.6600587338209152,0.128857421875
924,1023,3699,3784704,0.00998116,613.63,-0.0016458631434943527,10.46565433,0.2,0.8467483416199684,0.4412350654602051,9230,0.9845958352088928,0.2917789816856384,0.0003,1.3592449612915516,0.0970703125
925,1023,3700,3788800,0.019042257,619.06,-0.0019618803111370654,10.725641299999998,0.2,0.8494250163435936,0.20198726654052734,9240,0.9937165379524231,0.2916368246078491,0.0003,0.6545851368457078,0.1181884765625
926,1024,3701,3792896,0.019278746,639.07,0.0008203076140489429,6.581087919999999,0.2,0.8468683183193206,0.40691640973091125,9250,0.9889612197875977,0.29464060068130493,0.0003,1.1624533511698245,0.1078369140625
927,1025,3702,3796992,0.015597079,653.45,-0.0017204967341967858,3.7346722999999984,0.2,0.8460791654884815,0.6821314692497253,9260,0.9789429306983948,0.2938176095485687,0.0003,2.2638148702681065,0.1259033203125
928,1010,3760,3801088,0.017275447,652.87,0.0035298092669108884,3.816575039999998,0.2,0.8534220218658447,0.5449739098548889,9270,0.9823090434074402,0.2931705117225647,0.0003,1.6272405140101909,0.1591064453125
929,1011,3761,3805184,0.014130734,659.1,-0.0029995375211001375,1.1076302199999997,0.2,0.8596075356006623,0.2157687246799469,9280,0.9887526035308838,0.2928311824798584,0.0003,0.9957185830920935,0.117236328125
930,1012,3762,3809280,0.02468273,640.73,0.001491729574627243,2.0888823199999997,0.2,0.8634447611868381,0.5145140886306763,9290,0.9843294620513916,0.29093509912490845,0.0003,1.3932995699346065,0.1878173828125
931,1013,3763,3813376,0.021281028,638.04,-0.00041741173481568694,3.0514454700000004,0.2,0.8733891405165195,0.4819573163986206,9300,0.9819597601890564,0.2922365665435791,0.0003,2.1815522775053977,0.1705810546875
932,1014,3764,3817472,0.01625725,638.1,-0.001614627793605905,3.9055855000000004,0.2,0.8700358316302299,0.49169445037841797,9310,0.9857519268989563,0.2923627495765686,0.0003,1.609821654856205,0.141455078125
933,1014,3765,3821568,0.015644597,665.7,-0.0034427768347086384,-0.040705319999999434,0.2,0.8681937828660011,0.46972647309303284,9320,0.9887642860412598,0.2919309437274933,0.0003,1.3665745593607426,0.1429931640625
934,1015,3765,3825664,0.033499178,671.34,0.0038977891446847933,0.8887959700000004,0.2,0.8598248451948166,0.7271997928619385,9330,0.974996030330658,0.2938985526561737,0.0003,1.7187180884182454,0.202294921875
935,1016,3766,3829760,0.012198471,650.9,-0.001847383612766862,3.64336589,0.2,0.8560832962393761,0.6746571063995361,9340,0.9694371819496155,0.293777734041214,0.0003,2.053697295486927,0.1250732421875
936,1017,3767,3833856,0.012139989,642.21,0.00031033460691105575,1.23026099,0.2,0.8659239269793033,0.6118524670600891,9350,0.9866989850997925,0.29072272777557373,0.0003,2.01632100045681,0.139599609375
937,1018,3768,3837952,0.011176434,642.23,-0.004504889508825727,1.1049411399999995,0.2,0.8828013315796852,0.7020928263664246,9360,0.9845379590988159,0.2877580523490906,0.0003,1.926178228855133,0.1046630859375
938,1019,3769,3842048,0.011389532,638.9,-0.003017560136504471,3.19929891,0.2,0.8836159773170948,0.5634956359863281,9370,0.9734542965888977,0.2897615134716034,0.0003,2.488496293127537,0.1175537109375
939,1020,3770,3846144,0.010422373,621.96,-0.00014638276188634337,5.722772939999998,0.2,0.8743652455508709,0.583059549331665,9380,0.9569623470306396,0.29004335403442383,0.0003,1.9222842574119567,0.129541015625
940,1020,3771,3850240,0.013604959,621.09,-0.0004627520131180063,2.44113414,0.2,0.8759152851998806,0.5731764435768127,9390,0.9879323840141296,0.2898736894130707,0.0003,1.6660248458385467,0.115234375
941,1021,3771,3854336,0.00936545,592.92,0.001996262703323737,11.40594314,0.2,0.8768805243074894,0.5065078139305115,9400,0.9803961515426636,0.29155048727989197,0.0003,1.558381439745426,0.154248046875
942,1022,3772,3858432,0.01464937,565.3,-0.0038770129380282015,15.406914480000003,0.2,0.8728611208498478,0.47386571764945984,9410,0.976597785949707,0.2917129099369049,0.0003,1.358399721980095,0.1311279296875
943,1023,3773,3862528,0.02588929,560.69,0.0011232982797082514,14.434832160000001,0.2,0.874255508184433,1.0654128789901733,9420,0.9780644774436951,0.29112300276756287,0.0003,2.3305886685848236,0.17431640625
944,1024,3774,3866624,0.021926487,554.2,-0.004856082203332335,15.06466692,0.2,0.8645610585808754,0.5612460970878601,9430,0.9826002717018127,0.292957067489624,0.0003,1.8389905542135239,0.12734375
945,1025,3775,3870720,0.006830225,543.05,0.0009209357929648831,15.843564119999998,0.2,0.8437479749321938,0.5300081968307495,9440,0.9880117774009705,0.29590633511543274,0.0003,1.3489176727831365,0.1232666015625
946,1026,3776,3874816,0.00959767,521.74,-0.003067564703815151,19.522734040000003,0.2,0.8319150045514107,0.4490955173969269,9450,0.980169951915741,0.2992478013038635,0.0003,1.5606146477162839,0.0934326171875
947,1026,3777,3878912,0.011932665,522.45,-0.0031224246762576514,18.984544650000004,0.2,0.8184322364628315,0.7739871144294739,9460,0.9640036225318909,0.30067014694213867,0.0003,2.3788257107138633,0.09638671875
948,1027,3778,3883008,0.015347842,519.31,-0.000282296008663252,19.93578827,0.2,0.8168129563331604,0.6463907957077026,9470,0.9789553284645081,0.29981812834739685,0.0003,1.888963797688484,0.105615234375
949,1028,3779,3887104,0.005785208,521.12,-0.0020501831706496885,20.02225776,0.2,0.8259998835623265,0.5057324767112732,9480,0.9885205030441284,0.2984982132911682,0.0003,1.564754982292652,0.0866455078125
950,1029,3779,3891200,0.0096828425,522.4,-0.0031936967119690963,20.29725419,0.2,0.82570880651474,0.6743991374969482,9490,0.9391454458236694,0.2976136803627014,0.0003,2.728763070702553,0.1114501953125
951,1030,3780,3895296,0.009506065,523.84,-0.0024468200543196874,20.205285770000003,0.2,0.823781768232584,0.44033297896385193,9500,0.9385170340538025,0.2992590069770813,0.0003,1.599303962290287,0.14091796875
952,1031,3781,3899392,0.022025095,537.55,0.0015596266253851353,18.172127080000003,0.2,0.820228959619999,0.49022233486175537,9510,0.9802421927452087,0.30037355422973633,0.0003,1.3327251650393008,0.160302734375
953,1016,3839,3903488,0.017324962,535.82,-0.001946992290322669,19.44582751,0.2,0.8169129304587841,0.4915009140968323,9520,0.9817074537277222,0.3007888197898865,0.0003,1.73384241014719,0.1449951171875
954,1017,3840,3907584,0.009397353,538.25,-0.0013858702513971366,17.42119743,0.2,0.8240555763244629,0.26948282122612,9530,0.9949119687080383,0.30002090334892273,0.0003,0.7649758081883192,0.1106201171875
955,1018,3841,3911680,0.0067892834,545.53,1.766700588632375e-05,17.77667155,0.2,0.834371418505907,0.2683306336402893,9540,0.9829985499382019,0.30108925700187683,0.0003,0.7558858271688222,0.1263916015625
956,1019,3842,3915776,0.01592793,548.75,-0.001883106934837997,18.57284232,0.2,0.8297213971614837,0.37115535140037537,9550,0.9799490571022034,0.3028623163700104,0.0003,1.1506807304918767,0.128662109375
957,1019,3843,3919872,0.017485619,542.55,-0.0012272862921236082,20.6922434,0.2,0.8281405821442605,0.819599449634552,9560,0.9819324612617493,0.3015483617782593,0.0003,1.9565000101923942,0.150244140625
958,1020,3844,3923968,0.015876709,539.07,-0.0022410719568142666,19.9470812,0.2,0.8272446885704994,0.7079342603683472,9570,0.9505668878555298,0.3034769594669342,0.0003,2.2209018364548685,0.0925537109375
959,1021,3845,3928064,0.015381718,548.15,-0.0005482719410792924,19.22441536,0.2,0.8258465245366097,0.5429901480674744,9580,0.9867185950279236,0.30214446783065796,0.0003,1.572567565739155,0.1465576171875
960,1022,3846,3932160,0.0135403145,554.07,-0.0025142383616184815,17.017646099999997,0.2,0.8426910251379013,0.5328983664512634,9590,0.9855132699012756,0.30004462599754333,0.0003,1.8634221419692039,0.1269287109375
961,1023,3846,3936256,0.007366687,551.92,0.0020080537637113594,16.761569049999995,0.2,0.8615159519016743,0.32466113567352295,9600,0.9841169118881226,0.30026134848594666,0.0003,1.4008575432002544,0.1192626953125
962,1024,3847,3940352,0.026621405,534.39,-0.003712769050616771,21.396804030000002,0.2,0.8701665729284287,0.6054744720458984,9610,0.9786245226860046,0.2995615601539612,0.0003,2.0051730021834375,0.135009765625
963,1024,3848,3944448,0.016044678,539.87,-0.0013863192143617198,17.7728577,0.2,0.8731629595160484,0.4672677218914032,9620,0.985382616519928,0.30022865533828735,0.0003,1.6034787639975547,0.1463623046875
964,1025,3849,3948544,0.032488223,536.97,0.002765302002080716,16.668036330000003,0.2,0.8677625484764576,0.6036595702171326,9630,0.9847850203514099,0.3004259467124939,0.0003,1.519805958122015,0.187646484375
965,1026,3850,3952640,0.014111318,522.04,-0.0020034215704072267,18.977393470000003,0.2,0.8588225819170475,0.4654999375343323,9640,0.9692960977554321,0.29983893036842346,0.0003,1.6937962606549264,0.1124267578125
966,1027,3851,3956736,0.024534684,516.7,0.0013322653889190406,18.91242484,0.2,0.8579874604940414,0.786930501461029,9650,0.9679328799247742,0.2981289029121399,0.0003,2.2057117030024527,0.1429931640625
967,1028,3852,3960832,0.011618328,504.0,-0.0006629237221204675,20.117076730000004,0.2,0.8581906236708164,0.43614858388900757,9660,0.9698213338851929,0.2991258502006531,0.0003,1.5726802229881287,0.112890625
968,1029,3852,3964928,0.00909213,506.57,-0.000902812225103844,18.059320959999997,0.2,0.8519432216882705,0.4169306755065918,9670,0.9817101955413818,0.2989107370376587,0.0003,1.453626450151205,0.132275390625
969,1029,3853,3969024,0.02520027,509.66,-0.0011565219581825658,19.55594566,0.2,0.8555802382528782,0.3755427300930023,9680,0.9730765223503113,0.2983168959617615,0.0003,1.417449264973402,0.145556640625
970,1030,3854,3973120,0.0143716475,517.63,0.0024191528209485114,19.21952187,0.2,0.8616259962320327,0.48476195335388184,9690,0.9839308261871338,0.29807454347610474,0.0003,1.4204766198992729,0.199072265625
971,1031,3855,3977216,0.014139861,510.14,0.000572659564204514,20.69214007,0.2,0.8632943220436573,0.42244455218315125,9700,0.9882398843765259,0.2987012267112732,0.0003,1.237459771335125,0.1833251953125
972,1032,3856,3981312,0.015969802,517.13,0.003086590612656437,20.84835779,0.2,0.8625051788985729,0.47033023834228516,9710,0.9792163372039795,0.2984045743942261,0.0003,1.4831965006887913,0.19912109375
973,1033,3857,3985408,0.0244897,500.6,0.0031013399333460257,25.174241050000006,0.2,0.8621160000562668,0.4452739953994751,9720,0.9841070175170898,0.29807960987091064,0.0003,1.0570984929800034,0.1761962890625
974,1034,3857,3989504,0.0130224,508.53,0.003764129348564893,24.090116480000002,0.2,0.8585713438689708,0.30336859822273254,9730,0.9637474417686462,0.3004526197910309,0.0003,0.9472656212747097,0.1632080078125
975,1034,3858,3993600,0.008474005,489.52,-0.002610761672258377,29.90484636,0.2,0.8496492199599743,0.2998417913913727,9740,0.9725549817085266,0.30055177211761475,0.0003,0.891774469614029,0.1442138671875
976,1035,3859,3997696,0.0127578,513.59,-0.0017202016635565088,29.533929979999996,0.2,0.8418269567191601,0.2063940167427063,9750,0.9913438558578491,0.29893162846565247,0.0003,0.5954096749424934,0.12734375
977,1023,3910,4001792,0.017656589,508.38,0.0018968983757076785,30.88577987,0.2,0.8333848565816879,0.44782260060310364,9760,0.9817691445350647,0.30031657218933105,0.0003,1.3240655653178692,0.2095458984375
