time/total_timesteps,rollout/ep_len_mean,time/fps,time/iterations,time/time_elapsed,rollout/ep_rew_mean,train/value_loss,train/entropy_loss,train/learning_rate,train/approx_kl,train/explained_variance,train/clip_range,train/n_updates,train/std,train/clip_fraction,train/policy_gradient_loss,train/loss
4096,233.625,6206,1,0,-76.04750874999999,,,,,,,,,,,
8192,351.6875,5666,2,1,-72.01069418750001,44.55561189651489,-2.8429631888866425,0.0003,0.0034426418,0.004342317581176758,0.2,10,1.003913402557373,0.0114013671875,-0.0020408155978657305,12.574823379516602
12288,397.54545454545456,5489,3,2,-72.08116336363636,16.38880282640457,-2.845228040218353,0.0003,0.0051894025,0.10036343336105347,0.2,20,1.0035011768341064,0.024658203125,-0.0028593422161065974,9.598368644714355
16384,459.41379310344826,5368,4,3,-67.78524779310345,9.877704843878746,-2.8470020592212677,0.0003,0.004489622,0.29907023906707764,0.2,30,1.0053882598876953,0.0230712890625,-0.003093174811510835,6.525833606719971
20480,472.8157894736842,5302,5,3,-62.7377064736842,0.5989401325583458,-2.8421318560838698,0.0003,0.007250841,0.6485631465911865,0.2,40,0.9963358640670776,0.0667236328125,-0.008912359448731876,0.21959316730499268
24576,492.2888888888889,5248,6,4,-60.55240455555555,11.294132310152055,-2.8266722321510316,0.0003,0.0049992236,0.1885160207748413,0.2,50,0.9919523000717163,0.0333251953125,-0.002265862058993662,6.618417263031006
28672,510.96078431372547,5229,7,5,-60.007841568627455,4.456861632317304,-2.8218994081020354,0.0003,0.0053675687,0.4819352626800537,0.2,60,0.99336838722229,0.02001953125,-0.002600918398820795,1.1392241716384888
32768,526.5172413793103,5225,8,6,-57.21308220689655,3.8652202151715755,-2.8202008306980133,0.0003,0.005815743,0.41498345136642456,0.2,70,0.9891446828842163,0.0399658203125,-0.0035903543306631037,2.8586323261260986
36864,538.2153846153847,5129,9,7,-54.56694584615385,3.321317482739687,-2.805307412147522,0.0003,0.0075315693,0.5422194600105286,0.2,80,0.9776513576507568,0.0447021484375,-0.0034152200780226847,0.4918493330478668
40960,541.4166666666666,5062,10,8,-53.607147319444444,3.8447783760726453,-2.783898484706879,0.0003,0.005119501,0.35816341638565063,0.2,90,0.9695534706115723,0.0349853515625,-0.003042259569338057,1.9236996173858643
45056,543.2727272727273,5005,11,9,-50.95521779220779,11.654332393407822,-2.771910899877548,0.0003,0.002958836,0.19689685106277466,0.2,100,0.9662961959838867,0.016015625,-0.0023029044808936306,6.501015663146973
49152,556.5853658536586,4966,12,9,-51.348145707317066,6.275436018407345,-2.7664746433496474,0.0003,0.00339907,0.38614052534103394,0.2,110,0.963695764541626,0.024072265625,-0.002429665724048391,1.9660857915878296
53248,568.1666666666666,4917,13,10,-50.32278714444445,4.1748795211315155,-2.762766906619072,0.0003,0.004144206,0.4243599772453308,0.2,120,0.9637538194656372,0.0321044921875,-0.0032689903913706076,2.3015658855438232
57344,567.3854166666666,4883,14,11,-47.71970280208334,2.8097106140106916,-2.7629322528839113,0.0003,0.006835549,0.5344931483268738,0.2,130,0.9641163945198059,0.0529052734375,-0.007296924329421017,1.6438854932785034
61440,585.24,4856,15,12,-43.898718900000006,9.963963279128075,-2.7636185556650164,0.0003,0.0040712063,0.0937604308128357,0.2,140,0.9631030559539795,0.0311767578125,-0.0015642586833564565,2.912446975708008
65536,600.39,4827,16,13,-39.661943820000005,10.133736151456834,-2.7610237836837768,0.0003,0.0057593104,0.11247026920318604,0.2,150,0.9626017808914185,0.046337890625,-0.0031342731468612327,6.799203395843506
69632,597.27,4809,17,14,-35.70125383,6.501544843614101,-2.7604008078575135,0.0003,0.009389721,0.3374326825141907,0.2,160,0.9620619416236877,0.065234375,-0.004858479811809957,3.8514275550842285
73728,601.12,4780,18,15,-33.3751,17.206480062007905,-2.759142854809761,0.0003,0.0048265276,0.006119906902313232,0.2,170,0.9618493318557739,0.02763671875,-0.0034760033202474007,7.513000011444092
77824,604.38,4758,19,16,-30.509601370000006,10.21715202331543,-2.75679797232151,0.0003,0.0054609803,0.23861032724380493,0.2,180,0.9589227437973022,0.0322265625,-0.002465622022282332,6.810590744018555
81920,602.55,4740,20,17,-28.35774239,10.893811810016633,-2.7509613960981367,0.0003,0.0033693807,0.29675543308258057,0.2,190,0.9570608139038086,0.011865234375,-0.0016382475354475901,3.6711440086364746
86016,593.51,4721,21,18,-23.75971017,18.948165023326872,-2.748993617296219,0.0003,0.004745977,0.22558414936065674,0.2,200,0.9566885232925415,0.0411376953125,-0.0025371822222950867,6.300443649291992
90112,587.74,4705,22,19,-21.14673874,11.243905359506607,-2.7457932829856873,0.0003,0.005233287,0.44832003116607666,0.2,210,0.9534323215484619,0.035205078125,-0.0024285996390972287,6.387292861938477
94208,580.52,4684,23,20,-18.77732993,12.3816614985466,-2.741059881448746,0.0003,0.0033307588,0.2747947573661804,0.2,220,0.9533140659332275,0.0173828125,-0.002592518455639947,6.183840274810791
98304,567.83,4671,24,21,-15.28363968,13.741287392377853,-2.7399857461452486,0.0003,0.008443312,0.3591906428337097,0.2,230,0.9511382579803467,0.0663818359375,-0.005580015701707452,11.383418083190918
102400,554.61,1875,25,54,-12.5364791,14.954647159576416,-2.735498830676079,0.0003,0.0023084711,0.40588176250457764,0.2,240,0.9504069685935974,0.0147705078125,-0.0021354004973545672,8.228996276855469
106496,533.25,1914,26,55,-9.420600170000002,14.090370321273804,-2.732703763246536,0.0003,0.0034442083,0.4609113335609436,0.2,250,0.9477225542068481,0.0181640625,-0.0019814471626887096,10.104126930236816
110592,522.35,1951,27,56,-8.90472131,16.59690218567848,-2.7275906443595885,0.0003,0.0039954456,0.43961119651794434,0.2,260,0.9461641311645508,0.019873046875,-0.0029608192475279794,11.109170913696289
114688,511.11,1989,28,57,-6.9106995399999995,21.320665848255157,-2.7261313647031784,0.0003,0.003256682,0.4191875457763672,0.2,270,0.9461419582366943,0.0516357421875,-0.003300948880496435,7.428280830383301
118784,501.28,2024,29,58,-7.12372523,10.01260166168213,-2.724703109264374,0.0003,0.0051898933,0.5867986679077148,0.2,280,0.9452203512191772,0.0300048828125,-0.0038510122714797033,3.708475351333618
122880,483.75,2059,30,59,-5.44112914,27.10410282611847,-2.722823992371559,0.0003,0.0039186403,0.22011739015579224,0.2,290,0.9440196752548218,0.029052734375,-0.002858568765805103,16.164216995239258
126976,458.64,2090,31,60,-3.2004051900000006,19.50195461511612,-2.7203850001096725,0.0003,0.0048893397,0.29353493452072144,0.2,300,0.9435468912124634,0.0431640625,-0.004713898090994917,10.87370491027832
131072,447.15,2122,32,61,-4.502536630000001,27.720599436759947,-2.7192168474197387,0.0003,0.006424088,0.4260823726654053,0.2,310,0.9421385526657104,0.045263671875,-0.0038361131853889676,13.303406715393066
135168,430.69,2153,33,62,-4.2712191100000005,24.535450446605683,-2.7148336440324785,0.0003,0.003513645,0.44884759187698364,0.2,320,0.9393935799598694,0.0169921875,-0.0031188730121357367,9.38083553314209
139264,425.25,2182,34,63,-2.4194253200000007,17.09522551894188,-2.7106263071298597,0.0003,0.0047972547,0.5673153400421143,0.2,330,0.9384505748748779,0.021875,-0.003087867653812282,7.003533363342285
143360,420.26,2211,35,64,-1.8176144600000006,14.43361269235611,-2.711428689956665,0.0003,0.002633884,0.5612846612930298,0.2,340,0.9405549168586731,0.018896484375,-0.002293887395353522,7.31205415725708
147456,426.11,2240,36,65,0.38710558999999944,12.360505402088165,-2.7125855892896653,0.0003,0.0075607738,0.602617621421814,0.2,350,0.9384676218032837,0.0535400390625,-0.004479632378206588,5.026566982269287
151552,430.78,2265,37,66,0.6904151599999996,6.409930115938186,-2.706042951345444,0.0003,0.0056066536,0.5093464851379395,0.2,360,0.9342780113220215,0.055029296875,-0.004684107011416927,2.266152858734131
155648,433.34,2292,38,67,0.5345932900000004,15.751479697227477,-2.6950824856758118,0.0003,0.0045105773,0.5585122108459473,0.2,370,0.9281306862831116,0.03447265625,-0.004353672239813022,6.337668418884277
159744,419.1,2316,39,68,3.3630325400000003,20.035473227500916,-2.6831944435834885,0.0003,0.005224119,0.4818407893180847,0.2,380,0.9243443608283997,0.0292236328125,-0.0031482071775826626,5.66394567489624
163840,410.57,2340,40,70,6.344611669999999,25.0408145904541,-2.6765990018844605,0.0003,0.0027079731,0.5542957186698914,0.2,390,0.9217332601547241,0.0199462890625,-0.0036772452294826508,8.147587776184082
167936,417.18,2362,41,71,5.57688763,15.196705102920532,-2.672705626487732,0.0003,0.0048300875,0.5891073942184448,0.2,400,0.9203228950500488,0.02373046875,-0.002849864267045632,7.1577558517456055
172032,396.56,2383,42,72,7.31691422,21.960387349128723,-2.669113150238991,0.0003,0.0038574191,0.5253840684890747,0.2,410,0.9190046787261963,0.0318603515625,-0.0029187968248152174,9.30781078338623
176128,385.83,2406,43,73,7.4806410900000015,37.009057021141054,-2.665368190407753,0.0003,0.002712415,0.5374857187271118,0.2,420,0.9169567823410034,0.007373046875,-0.0018841583194443956,13.614418029785156
180224,383.53,2428,44,74,7.38911364,19.630818045139314,-2.663429805636406,0.0003,0.0035874194,0.7051742076873779,0.2,430,0.9172391891479492,0.0268310546875,-0.003824734281806741,6.928646087646484
184320,353.93,2450,45,75,6.392836399999998,19.83266429901123,-2.6653201431035995,0.0003,0.00335686,0.5148988962173462,0.2,440,0.9185444712638855,0.02412109375,-0.0021679792960640045,9.396839141845703
188416,329.95,2469,46,76,2.969935580000002,26.56242048740387,-2.670065611600876,0.0003,0.0038336655,0.5481115579605103,0.2,450,0.9218219518661499,0.0197265625,-0.002909345040097833,8.267557144165039
192512,317.89,2489,47,77,5.466152040000001,33.86690039634705,-2.6741218835115435,0.0003,0.0023944457,0.6695457696914673,0.2,460,0.921654999256134,0.010693359375,-0.0021294730526278728,12.158102035522461
196608,317.44,2509,48,78,4.500542169999999,12.213548803329468,-2.6721657156944274,0.0003,0.008295665,0.6837218999862671,0.2,470,0.9196209907531738,0.0662841796875,-0.004318116931244731,4.9705891609191895
200704,330.2,1821,49,110,5.907976649999998,15.829792642593384,-2.6682256042957304,0.0003,0.004847888,0.7129436135292053,0.2,480,0.9180875420570374,0.0349609375,-0.003145892432803521,8.516531944274902
204800,335.15,1841,50,111,6.86477696,11.551016837358475,-2.6666755199432375,0.0003,0.006893941,0.7037373781204224,0.2,490,0.9189735651016235,0.04306640625,-0.004783896579465363,4.3865227699279785
208896,352.77,1860,51,112,9.26478755,14.257460397481918,-2.663377955555916,0.0003,0.004272679,0.7281227111816406,0.2,500,0.9145265817642212,0.029443359375,-0.002919929462950677,7.602609634399414
212992,355.8,1879,52,113,8.48059308,7.6184330642223355,-2.6562553882598876,0.0003,0.0059243473,0.7701160907745361,0.2,510,0.9138268828392029,0.03115234375,-0.0036283947847550735,3.1818912029266357
217088,364.06,1898,53,114,9.33174382,14.699989783763886,-2.6559006810188293,0.0003,0.0053972667,0.5707471370697021,0.2,520,0.9136701822280884,0.047216796875,-0.004740920301992446,6.060363292694092
221184,370.08,1916,54,115,9.584848820000001,7.795617532730103,-2.6520040422677993,0.0003,0.0047363113,0.576976478099823,0.2,530,0.9087176322937012,0.0289794921875,-0.003150924411147571,3.0569562911987305
225280,377.6,1933,55,116,14.115133430000004,23.468283975124358,-2.6429443418979646,0.0003,0.003660391,0.5888844728469849,0.2,540,0.9069898128509521,0.0459228515625,-0.0030361238605109975,10.258111000061035
229376,387.18,1951,56,117,16.11242194,6.9795042991638185,-2.639073833823204,0.0003,0.0053805653,0.7551213502883911,0.2,550,0.9037998914718628,0.055224609375,-0.004899010717053898,3.0148699283599854
233472,394.99,1968,57,118,17.58358094,15.116010510921479,-2.6305356681346894,0.0003,0.0039907126,0.6444975137710571,0.2,560,0.8995110392570496,0.0279541015625,-0.002903244018671103,6.367081642150879
237568,384.05,1986,58,119,16.46690496,6.843952488899231,-2.619241949915886,0.0003,0.0052436832,0.7942711710929871,0.2,570,0.8927994966506958,0.0321044921875,-0.004215726122492924,2.5949318408966064
241664,370.14,2004,59,120,18.496353740000004,10.377321571111679,-2.607494184374809,0.0003,0.0060149236,0.7907413244247437,0.2,580,0.891349732875824,0.040625,-0.0037389938472188076,5.2238593101501465
245760,364.02,2022,60,121,16.5728718,11.919379210472107,-2.6062790989875793,0.0003,0.0029294258,0.7512291669845581,0.2,590,0.8907457590103149,0.0107421875,-0.0015446170044015161,3.390418291091919
249856,352.21,2040,61,122,19.25458016,19.856306636333464,-2.6053938031196595,0.0003,0.004154639,0.7610814571380615,0.2,600,0.8906769752502441,0.0171875,-0.0043599047523457555,7.355655670166016
253952,342.97,2057,62,123,19.76651365,12.316760057210923,-2.6013772040605545,0.0003,0.004307695,0.7527064681053162,0.2,610,0.886894166469574,0.05400390625,-0.0049632808222668245,6.627309799194336
258048,341.4,2075,63,124,20.205637019999998,11.817791539430619,-2.596317398548126,0.0003,0.0023751887,0.7570649981498718,0.2,620,0.8870136737823486,0.0248779296875,-0.0028777620813343675,3.9693989753723145
262144,340.76,2091,64,125,17.98948449,8.476242470741273,-2.596109265089035,0.0003,0.0056184568,0.8052814602851868,0.2,630,0.8861930966377258,0.035888671875,-0.002941315376665443,3.9027116298675537
266240,335.4,2107,65,126,18.742969879999997,28.108572363853455,-2.5949582934379576,0.0003,0.0026812467,0.5570908784866333,0.2,640,0.8859992027282715,0.0052734375,-0.0010109557057148776,9.431825637817383
270336,335.35,2123,66,127,18.24688451,6.7946814596652985,-2.59570235311985,0.0003,0.0032642751,0.7251254916191101,0.2,650,0.8873515129089355,0.0377685546875,-0.0012928181880852208,2.838193893432617
274432,334.58,2139,67,128,18.98445256,19.75694803595543,-2.595752292871475,0.0003,0.0030956874,0.6994502544403076,0.2,660,0.8849297761917114,0.0497802734375,-0.0038040278610424138,8.565760612487793
278528,334.71,2154,68,129,15.45483728,13.10334097146988,-2.5866756230592727,0.0003,0.0047118533,0.6916139125823975,0.2,670,0.8798105716705322,0.0262451171875,-0.002735252503771335,5.082639217376709
282624,340.6,2170,69,130,18.61848501,22.133399963378906,-2.57832410633564,0.0003,0.0033774157,0.617588996887207,0.2,680,0.8782863616943359,0.037060546875,-0.0014255016547394916,5.234184265136719
286720,352.68,2185,70,131,19.28219575,6.087233710289001,-2.5723008126020432,0.0003,0.01185392,0.7401696443557739,0.2,690,0.8731757402420044,0.06572265625,-0.000676748844125541,3.1558098793029785
290816,353.74,2201,71,132,16.99179787,7.087968724966049,-2.5616837471723555,0.0003,0.0060891416,0.7402697205543518,0.2,700,0.8703154921531677,0.08193359375,-0.003118943942536134,2.605836868286133
294912,365.37,2216,72,133,14.454069519999997,13.347476994991302,-2.5568667232990263,0.0003,0.004569193,0.7195544242858887,0.2,710,0.8678126335144043,0.031103515625,-0.00389797555108089,3.9889984130859375
299008,374.66,2231,73,134,16.186759600000002,14.756652194261552,-2.554087242484093,0.0003,0.0050529228,0.5977230668067932,0.2,720,0.8683575987815857,0.0431640625,-0.003055780287832022,5.503966808319092
303104,373.43,1857,74,163,13.189306610000003,9.085502403974534,-2.552446687221527,0.0003,0.0060852664,0.8201248049736023,0.2,730,0.8648524284362793,0.0459228515625,-0.005556701438035816,4.563298225402832
307200,375.29,1871,75,164,13.48467653,22.18003408908844,-2.5470973044633864,0.0003,0.0051388657,0.6258155107498169,0.2,740,0.8654699325561523,0.0397216796875,-0.0022875955211929975,8.493437767028809
311296,379.45,1885,76,165,12.09103477,19.22921143770218,-2.549923080205917,0.0003,0.0033978825,0.5963659286499023,0.2,750,0.8667150139808655,0.021044921875,-0.002703599435335491,7.650770664215088
315392,382.01,1899,77,166,13.363213989999998,8.656309151649475,-2.551376834511757,0.0003,0.008220645,0.7649179697036743,0.2,760,0.8663506507873535,0.0618408203125,-0.0035752572075580247,3.488412857055664
319488,385.08,1913,78,166,14.320353110000001,17.019753336906433,-2.5489725351333616,0.0003,0.0035560278,0.5840101838111877,0.2,770,0.8661189079284668,0.0333251953125,-0.003768013312947005,11.06750774383545
323584,386.88,1925,79,168,11.209400980000003,5.995908561348915,-2.5382938742637635,0.0003,0.0077280635,0.7217538356781006,0.2,780,0.8549712300300598,0.055712890625,-0.0028685390716418624,2.664508819580078
327680,383.65,1938,80,168,10.75467837,18.567110925912857,-2.5218286752700805,0.0003,0.004398937,0.7105506658554077,0.2,790,0.8545477986335754,0.074609375,-0.003739817618043162,11.391239166259766
331776,369.48,1952,81,169,14.78091187,24.61522240638733,-2.5248366594314575,0.0003,0.0033726625,0.6214317083358765,0.2,800,0.8569639921188354,0.0218994140625,-0.0033804522186983376,8.051149368286133
335872,381.91,1965,82,170,13.312611499999996,8.096409189701081,-2.5216072291135787,0.0003,0.0030806884,0.8113528490066528,0.2,810,0.8494337797164917,0.0460693359375,-0.0021862913214135914,4.125239849090576
339968,387.64,1978,83,171,12.543668859999999,6.650891649723053,-2.504068410396576,0.0003,0.0060498435,0.8275901675224304,0.2,820,0.8436915278434753,0.0515625,-0.004585463207331486,2.7890625
344064,377.64,1991,84,172,12.179847870000001,13.648339653015137,-2.4951362550258636,0.0003,0.003508523,0.6185948252677917,0.2,830,0.8428540825843811,0.0302978515625,-0.0023217416208353827,4.478206634521484
348160,393.39,2004,85,173,11.14236132,8.52376070022583,-2.4952807068824767,0.0003,0.004301789,0.8676629662513733,0.2,840,0.8436479568481445,0.040087890625,-0.003435812413226813,3.095278024673462
352256,372.62,2016,86,174,12.347970029999997,15.4238110601902,-2.498144823312759,0.0003,0.0044511203,0.6340145468711853,0.2,850,0.844387412071228,0.02744140625,-0.002966992162691895,4.936281681060791
356352,346.38,2028,87,175,11.757114800000002,18.969714272022248,-2.496252903342247,0.0003,0.003529108,0.7846853733062744,0.2,860,0.8419915437698364,0.020751953125,-0.0039052039035595955,6.6949310302734375
360448,347.24,2040,88,176,12.559323430000001,17.259637570381166,-2.4916552186012266,0.0003,0.0049567088,0.7953073978424072,0.2,870,0.8402010202407837,0.0300048828125,-0.003781460746540688,7.316181659698486
364544,358.03,2052,89,177,9.98232095,10.487643253803252,-2.4840411126613615,0.0003,0.0035379436,0.802901029586792,0.2,880,0.8355284929275513,0.0396240234375,-0.0029376669524936007,3.9119389057159424
368640,354.04,2064,90,178,11.378897849999998,14.25301285982132,-2.478148525953293,0.0003,0.003898844,0.7905969023704529,0.2,890,0.8368817567825317,0.0377685546875,-0.0031744574720505626,3.809101104736328
372736,345.53,2076,91,179,11.989609690000002,12.388140338659287,-2.484056460857391,0.0003,0.0034498079,0.6832638382911682,0.2,900,0.8398092985153198,0.022802734375,-0.0028716378641547636,5.930656909942627
376832,346.08,2087,92,180,13.24690098,14.028081560134888,-2.488069388270378,0.0003,0.004200536,0.8047992587089539,0.2,910,0.8395320177078247,0.0322265625,-0.004791354603366926,5.3184027671813965
380928,327.54,2098,93,181,14.099668500000002,7.287701368331909,-2.47662233710289,0.0003,0.0069155665,0.8352846503257751,0.2,920,0.828362226486206,0.0773193359375,-0.0037809603119967504,3.6000142097473145
385024,329.28,2110,94,182,16.09170483,20.160837829113007,-2.459637975692749,0.0003,0.0053338986,0.6852767467498779,0.2,930,0.8296298384666443,0.035205078125,-0.004998577728110831,6.262115001678467
389120,344.61,2121,95,183,17.390078210000002,12.706736886501313,-2.465537095069885,0.0003,0.0049139867,0.720574140548706,0.2,940,0.831095814704895,0.0423095703125,-0.002888969428022392,4.768549919128418
393216,350.88,2132,96,184,18.085897120000002,15.42901703119278,-2.465730553865433,0.0003,0.0023816174,0.7494722604751587,0.2,950,0.8303613662719727,0.0318603515625,-0.0021928709480562246,6.704769134521484
397312,345.41,2143,97,185,19.55420329,24.58168113231659,-2.461233288049698,0.0003,0.008780863,0.6810600757598877,0.2,960,0.8265288472175598,0.0646728515625,-0.006484167287999299,10.395933151245117
401408,347.32,1874,98,214,22.079185399999997,7.086345100402832,-2.454363539814949,0.0003,0.0037462623,0.8989565968513489,0.2,970,0.8259468078613281,0.0505615234375,-0.003422885025793221,2.548189640045166
405504,350.48,1884,99,215,21.549833749999998,7.293378639221191,-2.4546838879585264,0.0003,0.011094062,0.865180492401123,0.2,980,0.8261790871620178,0.0734130859375,-0.005627888938761316,2.8407647609710693
409600,344.71,1895,100,216,20.208388440000004,15.436724144220353,-2.457271847128868,0.0003,0.0047916854,0.7208657264709473,0.2,990,0.8271400928497314,0.036083984375,-0.003417551182792522,3.140674114227295
413696,347.19,1905,101,217,20.987846200000003,18.260538852214815,-2.4591353446245194,0.0003,0.0054279137,0.828261137008667,0.2,1000,0.8283423781394958,0.0435791015625,-0.0026287121610948814,7.657561302185059
417792,346.26,1916,102,218,18.81853682,16.388123786449434,-2.46020128428936,0.0003,0.003912856,0.8262913227081299,0.2,1010,0.8272005319595337,0.0282470703125,-0.002866216527763754,5.490309715270996
421888,344.98,1926,103,219,19.882438629999996,15.604202592372895,-2.4572625130414965,0.0003,0.0032714629,0.7000150680541992,0.2,1020,0.8261942863464355,0.0341552734375,-0.002624506413121708,5.333426475524902
425984,338.08,1936,104,219,21.27060374,8.777027708292007,-2.452468627691269,0.0003,0.0046860166,0.8926806449890137,0.2,1030,0.822514533996582,0.0244140625,-0.0046674168668687345,3.0204265117645264
430080,335.17,1946,105,220,21.490593499999996,5.674956175684929,-2.4471789419651033,0.0003,0.0049645966,0.914172887802124,0.2,1040,0.822991132736206,0.050732421875,-0.002335183092509396,2.3756799697875977
434176,320.47,1955,106,222,19.688101910000004,11.99273556470871,-2.447018411755562,0.0003,0.006413034,0.9114928245544434,0.2,1050,0.8216757774353027,0.03994140625,-0.002315346451359801,4.807926177978516
438272,307.97,1965,107,222,20.00978954,15.497397980093956,-2.4471835821866987,0.0003,0.007846017,0.8310757875442505,0.2,1060,0.8244186639785767,0.0941162109375,-0.0034483033668948337,3.156081438064575
442368,313.36,1975,108,223,21.964112590000003,13.479567408561707,-2.453431236743927,0.0003,0.0051064217,0.8559763431549072,0.2,1070,0.8263093829154968,0.0551513671875,-0.004542140569901676,5.164872646331787
446464,303.92,1985,109,224,20.98631362,14.1664579808712,-2.4540894001722338,0.0003,0.007333132,0.7721922397613525,0.2,1080,0.8237334489822388,0.055029296875,-0.0037656829255865885,5.060830593109131
450560,311.31,1994,110,225,20.886042909999997,18.82524456977844,-2.4507384836673736,0.0003,0.005323859,0.8518401384353638,0.2,1090,0.8244644403457642,0.0376708984375,-0.003551056639116723,6.70156717300415
454656,309.04,2002,111,226,20.873454230000004,10.285836201906204,-2.4504246950149535,0.0003,0.0070121707,0.8998732566833496,0.2,1100,0.8237162828445435,0.0629638671875,-0.007381469791289419,2.764470338821411
458752,308.97,2010,112,228,19.240086700000003,6.345912206172943,-2.447833204269409,0.0003,0.005372258,0.9115062952041626,0.2,1110,0.8222045302391052,0.074853515625,-0.004821671920944936,2.653103828430176
462848,311.97,2019,113,229,21.332935089999996,10.883340603113174,-2.449279326200485,0.0003,0.006671205,0.7304959893226624,0.2,1120,0.8258870244026184,0.059716796875,-0.0023644877917831765,3.8046908378601074
466944,318.94,2029,114,230,21.310351089999997,10.9246255338192,-2.455861431360245,0.0003,0.0033135805,0.8768378496170044,0.2,1130,0.8260847330093384,0.049560546875,-0.003169599670218304,4.177277088165283
471040,321.7,2038,115,231,22.003094849999997,9.538732010126115,-2.4572809994220735,0.0003,0.0037231501,0.8290830850601196,0.2,1140,0.8284597396850586,0.06005859375,-0.004731438594171777,4.36145544052124
475136,330.43,2045,116,232,23.563005370000006,13.39918919801712,-2.4573224514722822,0.0003,0.009657422,0.7308682203292847,0.2,1150,0.8233959674835205,0.06298828125,-0.003548475983552635,2.5100648403167725
479232,328.25,2054,117,233,24.707490420000003,6.509459131956101,-2.4485301673412323,0.0003,0.008353893,0.9213881492614746,0.2,1160,0.8230871558189392,0.0915771484375,-0.00681822746846592,2.7221271991729736
483328,325.82,2063,118,234,27.104921679999997,9.336431568861007,-2.446791711449623,0.0003,0.0034602818,0.8870328664779663,0.2,1170,0.8220762610435486,0.029833984375,-0.0023581294575706125,3.122910499572754
487424,322.85,2072,119,235,24.05013602,12.032459610700608,-2.4370280534029005,0.0003,0.0062075183,0.8475675582885742,0.2,1180,0.8143113851547241,0.0481689453125,-0.0027837530855322258,6.0763020515441895
491520,311.04,2081,120,236,24.228888669999996,22.20154333114624,-2.4198266357183456,0.0003,0.006394776,0.725046694278717,0.2,1190,0.8094109296798706,0.0869873046875,-0.004063956200843677,8.576812744140625
495616,313.15,2090,121,237,22.334684900000003,14.542816072702408,-2.4118484199047088,0.0003,0.0057083955,0.771982729434967,0.2,1200,0.8071103096008301,0.0414794921875,-0.0031132100877584888,5.154322147369385
499712,304.14,2099,122,238,21.71337649,19.92627694606781,-2.405867674946785,0.0003,0.006976568,0.7720896005630493,0.2,1210,0.8050193786621094,0.0668701171875,-0.005668903011246585,5.888299465179443
503808,298.56,1890,123,266,19.98720959,12.632899677753448,-2.3983018904924394,0.0003,0.0057269055,0.809294581413269,0.2,1220,0.8002395033836365,0.0492919921875,-0.004461456494755112,5.8346333503723145
507904,292.73,1898,124,267,21.54066685,20.96075310707092,-2.3897732138633727,0.0003,0.0038113946,0.6767549514770508,0.2,1230,0.7989431619644165,0.0306884765625,-0.0032453935855301097,6.792421340942383
512000,288.25,1906,125,268,21.007217949999998,9.464186388254166,-2.383632954955101,0.0003,0.0036091,0.8585996627807617,0.2,1240,0.7946810722351074,0.0295166015625,-0.004348230047617108,3.060167074203491
516096,295.8,1915,126,269,24.461014060000004,9.24920051395893,-2.377589765191078,0.0003,0.009544689,0.8708797097206116,0.2,1250,0.7950271368026733,0.072607421875,-0.00422927019681083,7.023242950439453
520192,290.64,1923,127,270,23.37899334,9.18922392129898,-2.3713341116905213,0.0003,0.005812792,0.9123784899711609,0.2,1260,0.7879585027694702,0.0760986328125,-0.004251435717742424,3.2306628227233887
524288,289.52,1931,128,271,25.78401801,14.708001852035522,-2.358493447303772,0.0003,0.005316009,0.87627112865448,0.2,1270,0.7868043184280396,0.037060546875,-0.0033707967842929063,4.933300971984863
528384,301.46,1940,129,272,22.768015560000002,10.853212088346481,-2.3580527722835543,0.0003,0.00847117,0.7720414400100708,0.2,1280,0.7869441509246826,0.07431640625,-0.0028370893662213346,3.4682466983795166
532480,294.5,1948,130,273,21.146536720000004,18.989380764961243,-2.3562539249658583,0.0003,0.0050925603,0.8087221384048462,0.2,1290,0.7855778336524963,0.0404541015625,-0.0019136227914714255,10.147936820983887
536576,304.78,1956,131,274,23.223760970000004,9.327360600233078,-2.3489788353443144,0.0003,0.0063836984,0.7981865406036377,0.2,1300,0.7809697389602661,0.050048828125,-0.0034458913520211353,2.974179267883301
540672,319.01,1964,132,275,22.905200190000006,9.510652101039886,-2.336599054932594,0.0003,0.0039780196,0.7985087633132935,0.2,1310,0.7755708694458008,0.0497314453125,-0.002727478447195608,4.040349006652832
544768,319.63,1972,133,276,22.50726101,4.478131288290024,-2.3271014034748077,0.0003,0.013008391,0.8590461611747742,0.2,1320,0.7771152257919312,0.116796875,-0.00803313790820539,1.6533541679382324
548864,325.26,1980,134,277,20.618921909999997,8.450343143939971,-2.3350637525320055,0.0003,0.004191214,0.8602797389030457,0.2,1330,0.7790453433990479,0.0764892578125,-0.0008667724760016426,2.494943857192993
552960,334.69,1988,135,278,22.00034029,5.835809102654457,-2.33334781229496,0.0003,0.0073805396,0.8981785774230957,0.2,1340,0.7753909826278687,0.0309814453125,-0.0034576909340103155,1.9650110006332397
557056,351.99,1996,136,279,22.181515280000003,8.119591042399406,-2.3242256879806518,0.0003,0.008562516,0.8014569282531738,0.2,1350,0.7739591598510742,0.096044921875,-0.00600965378107503,3.045736312866211
561152,348.47,2004,137,279,22.846028150000002,8.004072573781013,-2.3221045255661013,0.0003,0.0031670416,0.8210726380348206,0.2,1360,0.7720625400543213,0.028515625,-0.003669689246453345,3.500640869140625
565248,367.39,2012,138,280,23.3522689,7.312769860029221,-2.3175557136535643,0.0003,0.0061159832,0.6087547540664673,0.2,1370,0.7704766988754272,0.0505126953125,-0.0061408870853483675,2.6990668773651123
569344,374.87,2018,139,282,24.805461250000004,4.062069809436798,-2.3031957507133485,0.0003,0.008883484,0.8173067569732666,0.2,1380,0.7614453434944153,0.0974365234375,-0.0055642588529735805,1.1554594039916992
573440,385.24,2026,140,282,24.01842225,7.348990944027901,-2.2898715406656267,0.0003,0.005081839,0.7817555665969849,0.2,1390,0.7613499760627747,0.080810546875,-0.0020718501080409625,1.554979920387268
577536,393.95,2034,141,283,21.223493040000008,4.146012432873249,-2.295529380440712,0.0003,0.005919992,0.8698632717132568,0.2,1400,0.7657086849212646,0.0718505859375,-0.003453354581142776,1.253450870513916
581632,384.96,2041,142,284,22.4009188,16.254443365335465,-2.3034105986356734,0.0003,0.0051292125,0.7150042057037354,0.2,1410,0.7671648263931274,0.0318359375,-0.0027285259362543,5.237464427947998
585728,369.05,2049,143,285,22.464117109999997,10.483936566114426,-2.3045931279659273,0.0003,0.0034909158,0.7586745023727417,0.2,1420,0.7665442228317261,0.0389404296875,-0.003555837701424025,4.451749324798584
589824,359.71,2056,144,286,20.260808259999997,6.7088839411735535,-2.3028334379196167,0.0003,0.0046730805,0.9288215637207031,0.2,1430,0.765980064868927,0.0358154296875,-0.00418554119678447,2.668534755706787
593920,343.23,2063,145,287,17.559212360000004,26.901120805740355,-2.2989984482526777,0.0003,0.0047323625,0.7441532611846924,0.2,1440,0.76490318775177,0.0421142578125,-0.004228311026236042,22.3175048828125
598016,319.14,2071,146,288,16.67135627,31.636257243156432,-2.2982432574033735,0.0003,0.0045875134,0.6445045471191406,0.2,1450,0.7650721669197083,0.0161865234375,-0.002554556977702305,11.555608749389648
602112,313.04,1901,147,316,13.650942770000002,16.626577585935593,-2.301323953270912,0.0003,0.0064112777,0.7782169580459595,0.2,1460,0.7680330872535706,0.0350830078125,-0.002923432867100928,5.91151237487793
606208,284.55,1907,148,317,14.5887225,13.791392624378204,-2.306717652082443,0.0003,0.003874525,0.8853829503059387,0.2,1470,0.7677127718925476,0.0278564453125,-0.002993174424045719,6.972042560577393
610304,287.11,1914,149,318,13.91527341,17.6527153134346,-2.3044667810201647,0.0003,0.0054337513,0.9051020741462708,0.2,1480,0.7670838832855225,0.0430908203125,-0.004936422157334164,8.196468353271484
614400,292.35,1920,150,319,13.54588809,14.25364077091217,-2.3022819638252257,0.0003,0.01880332,0.7932584285736084,0.2,1490,0.7659225463867188,0.08134765625,-0.004339706717291847,7.263773441314697
618496,299.06,1928,151,320,14.931675980000001,16.44393206834793,-2.3020130157470704,0.0003,0.0055561196,0.7945441007614136,0.2,1500,0.7664318084716797,0.052685546875,-0.0035861416326952167,6.661535739898682
622592,304.07,1935,152,321,16.736900090000002,7.229537063837052,-2.3017587304115295,0.0003,0.006577879,0.8361407518386841,0.2,1510,0.7663395404815674,0.0692138671875,-0.0021425277253001697,2.2335503101348877
626688,297.2,1941,153,322,17.998587509999997,7.580592077970505,-2.2999621272087096,0.0003,0.008415167,0.8891605734825134,0.2,1520,0.7650755047798157,0.0557861328125,-0.002534559098421596,3.179576873779297
630784,296.49,1948,154,323,18.03804845,12.502418494224548,-2.297301170229912,0.0003,0.0049531925,0.8794345855712891,0.2,1530,0.7642052173614502,0.064404296875,-0.004603763108025305,4.074063777923584
634880,298.75,1955,155,324,17.557827709999998,27.779258441925048,-2.2938377439975737,0.0003,0.0033222795,0.786383867263794,0.2,1540,0.762012243270874,0.026708984375,-0.0028809175448259337,9.028345108032227
638976,318.9,1962,156,325,20.36166068,15.414589416980743,-2.288414639234543,0.0003,0.0066494793,0.7899155616760254,0.2,1550,0.7601441144943237,0.0508056640625,-0.004811522769159637,5.322037696838379
643072,315.68,1968,157,326,16.21359599,8.942846304178238,-2.281370520591736,0.0003,0.012381004,0.8575025200843811,0.2,1560,0.7569369673728943,0.073681640625,-0.004405980928277131,2.9980008602142334
647168,314.8,1975,158,327,17.04873781,21.02383006811142,-2.2781653732061384,0.0003,0.0035375934,0.8028525114059448,0.2,1570,0.7595301270484924,0.066943359375,-0.004564840672537684,5.608079433441162
651264,303.87,1982,159,328,15.966618409999999,19.780800926685334,-2.2831968694925306,0.0003,0.0051161246,0.8135617971420288,0.2,1580,0.7601327300071716,0.053125,-0.0012654614940402098,11.161705017089844
655360,300.43,1988,160,329,14.761124990000003,14.316391360759734,-2.2814265549182893,0.0003,0.0066706883,0.8760703206062317,0.2,1590,0.7576006054878235,0.0560791015625,-0.003605036802764516,6.065694808959961
659456,326.35,1995,161,330,15.860364390000003,13.475031769275665,-2.2761253088712694,0.0003,0.00433518,0.806172251701355,0.2,1600,0.7574530839920044,0.041796875,-0.004198362446913961,4.694537162780762
663552,324.04,2002,162,331,15.687931310000003,5.182145422697067,-2.2718362480401995,0.0003,0.007747798,0.9279083609580994,0.2,1610,0.7536910772323608,0.093505859375,-0.004220767912920564,1.2575310468673706
667648,331.91,2008,163,332,17.83869856,9.325998437404632,-2.261517694592476,0.0003,0.0047608335,0.8099464178085327,0.2,1620,0.7495958805084229,0.0648681640625,-0.0004332685115514323,2.903777837753296
671744,309.69,2015,164,333,16.1462597,11.108102148771286,-2.2524871468544005,0.0003,0.0044577857,0.877346396446228,0.2,1630,0.7481000423431396,0.0234130859375,-0.002948322499287315,4.330361366271973
675840,321.6,2021,165,334,15.93536891,18.786759436130524,-2.2539395302534104,0.0003,0.00753648,0.8151258826255798,0.2,1640,0.7497749328613281,0.0522705078125,-0.0038952082017203794,5.500619888305664
679936,334.8,2028,166,335,15.687931109999997,17.21096626520157,-2.2593234956264494,0.0003,0.0062046116,0.7459096908569336,0.2,1650,0.7523107528686523,0.0699462890625,-0.0022488156231702306,2.850520372390747
684032,324.23,2034,167,336,17.197025019999998,5.4103297084569935,-2.2629885524511337,0.0003,0.0055349926,0.928763747215271,0.2,1660,0.7522863149642944,0.0563720703125,-0.004205096024088561,2.5343234539031982
688128,351.25,2041,168,337,18.27968048,8.561030644178391,-2.2610239148139955,0.0003,0.009067008,0.9053290486335754,0.2,1670,0.7519508600234985,0.07734375,-0.001968508664867841,2.667825698852539
692224,334.08,2047,169,338,18.27907061,6.38249463737011,-2.2627972632646562,0.0003,0.0062228786,0.8582140207290649,0.2,1680,0.7529993057250977,0.0665771484375,-0.0033871009829454122,2.437321662902832
696320,338.94,2053,170,339,16.476289700000002,11.109219580888748,-2.2591510742902754,0.0003,0.0074418476,0.8821569681167603,0.2,1690,0.7481527328491211,0.0546875,-0.004916658566799015,5.042370319366455
700416,331.02,1907,171,367,13.928845089999998,8.606294053792954,-2.249711900949478,0.0003,0.0044543003,0.9167212843894958,0.2,1700,0.7471816539764404,0.0445556640625,-0.0009298712364397943,2.842007637023926
704512,338.51,1913,172,368,13.44960124,18.14846279621124,-2.253110480308533,0.0003,0.0045688245,0.8267248272895813,0.2,1710,0.751633882522583,0.0294677734375,-0.004010426547029056,7.701953411102295
708608,329.83,1919,173,369,15.395324259999997,10.06444925069809,-2.2588641703128816,0.0003,0.0050507793,0.9117136597633362,0.2,1720,0.7493101358413696,0.056494140625,-0.0037708321324316785,4.00569486618042
712704,319.67,1924,174,370,13.56412575,14.629160994291306,-2.251127740740776,0.0003,0.0039690956,0.7916149497032166,0.2,1730,0.7467353940010071,0.025830078125,-0.0018957065141876229,5.892019748687744
716800,303.28,1930,175,371,11.527919650000001,18.59662367105484,-2.244490686058998,0.0003,0.0068063373,0.838206946849823,0.2,1740,0.7444570064544678,0.0624755859375,-0.003760748854256235,7.033753871917725
720896,290.65,1936,176,372,11.05970871,27.33388022184372,-2.236914962530136,0.0003,0.00676648,0.7923994064331055,0.2,1750,0.7412995100021362,0.0447509765625,-0.0028237602600711398,9.74685001373291
724992,302.64,1942,177,373,11.625608189999998,17.89201225042343,-2.2326007306575777,0.0003,0.005435584,0.8280967473983765,0.2,1760,0.7423341870307922,0.04375,-0.003188352378492709,6.737926006317139
729088,306.13,1948,178,374,11.66096152,4.55043523311615,-2.228226548433304,0.0003,0.02624629,0.8642566800117493,0.2,1770,0.7367690205574036,0.11484375,-0.0013238778978120536,1.5784207582473755
733184,317.04,1954,179,375,13.01209824,5.248810577392578,-2.219717490673065,0.0003,0.0053445436,0.9230248928070068,0.2,1780,0.7368254661560059,0.061376953125,-0.004048760727164336,1.5090515613555908
737280,333.39,1960,180,376,14.622929180000002,8.381845366954803,-2.209659293293953,0.0003,0.00925006,0.845950186252594,0.2,1790,0.7286050915718079,0.07294921875,-0.004512173433613498,2.7521932125091553
741376,325.31,1966,181,377,15.699018029999998,8.774111825227738,-2.1934308439493178,0.0003,0.007242578,0.8421128988265991,0.2,1800,0.7261812686920166,0.0544921875,-0.004388929603737779,3.0345778465270996
745472,342.03,1972,182,377,16.873610590000002,6.384899160265922,-2.181618356704712,0.0003,0.008411198,0.9193545579910278,0.2,1810,0.7187647819519043,0.0970703125,-0.002911544148810208,2.88649582862854
749568,343.41,1978,183,378,18.191242279999997,9.335971176624298,-2.168762692809105,0.0003,0.0058009964,0.8804857134819031,0.2,1820,0.7184491157531738,0.0685302734375,-0.005283340826281346,4.281517505645752
753664,357.42,1983,184,379,19.30724985,10.060025614500045,-2.170816385746002,0.0003,0.014651594,0.8237290382385254,0.2,1830,0.7206771373748779,0.088525390625,-0.00208819052495528,4.640976428985596
757760,362.95,1989,185,380,20.53179876,8.89042562842369,-2.173393902182579,0.0003,0.0045432416,0.8479500412940979,0.2,1840,0.7206799387931824,0.0580810546875,-0.002069915001629852,2.823312759399414
761856,354.6,1995,186,381,21.37399035,15.293715083599091,-2.1728526830673216,0.0003,0.005062014,0.8250141143798828,0.2,1850,0.7194132804870605,0.032177734375,-0.002421569119906053,6.710436820983887
765952,357.86,2000,187,382,22.79638498,3.990069626271725,-2.1672526031732557,0.0003,0.0060309838,0.9112197160720825,0.2,1860,0.7177326679229736,0.0493408203125,-0.003917415300384164,1.2024706602096558
770048,347.91,2006,188,383,21.560914149999995,4.7595498114824295,-2.1632174968719484,0.0003,0.008501426,0.9102158546447754,0.2,1870,0.7178107500076294,0.057470703125,-0.0026045725331641733,1.9611306190490723
774144,351.88,2012,189,384,21.3031451,18.30884783267975,-2.164118912816048,0.0003,0.0072297323,0.8303442597389221,0.2,1880,0.7195014953613281,0.0965087890625,-0.0007097027817508205,6.11772346496582
778240,361.01,2017,190,385,21.514418759999998,7.495328098535538,-2.1712919414043426,0.0003,0.008863784,0.8608891367912292,0.2,1890,0.7219786047935486,0.073828125,-0.00329897172487108,3.0853159427642822
782336,357.8,2023,191,386,22.052045699999997,3.9251598596572874,-2.1740302801132203,0.0003,0.0055137165,0.9433678984642029,0.2,1900,0.7211857438087463,0.0767578125,-0.00592944850504864,1.7842708826065063
786432,366.62,2029,192,387,21.95300317,6.943945294618606,-2.1681001752614977,0.0003,0.008061483,0.9132488369941711,0.2,1910,0.7187870740890503,0.07080078125,-0.004807227152923588,3.250319719314575
790528,364.71,2034,193,388,21.23431078,5.579057431221008,-2.153891995549202,0.0003,0.007810781,0.8998529314994812,0.2,1920,0.7117476463317871,0.0959228515625,-0.005942641850560903,2.540498971939087
794624,363.1,2039,194,389,24.135700269999994,9.611730694770813,-2.14163299202919,0.0003,0.003937288,0.8627641201019287,0.2,1930,0.7114378213882446,0.030712890625,-0.00251660774811171,3.4788098335266113
798720,347.2,2045,195,390,23.539195019999998,4.358971551060677,-2.141260927915573,0.0003,0.006903207,0.8314077854156494,0.2,1940,0.7123154401779175,0.038916015625,-0.0039677889930317175,1.4261107444763184
802816,340.08,1919,196,418,22.553437069999994,11.468041396141052,-2.140040746331215,0.0003,0.0053730872,0.817983090877533,0.2,1950,0.7103281021118164,0.037451171875,-0.003051972421235405,5.654261589050293
806912,333.82,1924,197,419,26.347776809999996,11.989107966423035,-2.134923505783081,0.0003,0.0023924755,0.8500399589538574,0.2,1960,0.7092556953430176,0.0242919921875,-0.0025984820516896435,4.644021034240723
811008,337.27,1929,198,420,25.154074209999997,8.065284544229508,-2.1255907356739043,0.0003,0.0060291504,0.8606311082839966,0.2,1970,0.7032216787338257,0.0487548828125,-0.005573679218650795,2.877364158630371
815104,334.2,1934,199,421,24.330704230000002,5.862424808740616,-2.1104760974645616,0.0003,0.016727269,0.9053489565849304,0.2,1980,0.6992643475532532,0.0958740234375,-0.0035788560526270885,2.243907928466797
819200,312.9,1940,200,422,25.53531088,13.902589249610902,-2.1020879060029984,0.0003,0.0024967021,0.8131527304649353,0.2,1990,0.6958234310150146,0.0371826171875,-0.001875401262077503,3.135281801223755
823296,311.46,1945,201,423,25.252746359999996,9.877098232507706,-2.0962838172912597,0.0003,0.007160375,0.8059931993484497,0.2,2000,0.696221113204956,0.055712890625,-0.0027959542494500056,1.7368800640106201
827392,326.31,1950,202,424,21.751572999999997,16.153834903240202,-2.101242724061012,0.0003,0.00418805,0.7289618253707886,0.2,2010,0.6986253261566162,0.0650634765625,-0.003287574343266897,4.717013835906982
831488,322.04,1955,203,425,22.643502939999994,8.888237899541855,-2.107882499694824,0.0003,0.0100511145,0.8399072289466858,0.2,2020,0.7012677192687988,0.052490234375,-0.002153180437016999,2.602189779281616
835584,325.63,1961,204,426,23.436296809999998,10.450811123847961,-2.108662924170494,0.0003,0.0034759955,0.8016971349716187,0.2,2030,0.6984286308288574,0.0350341796875,-0.0033225949213374407,4.319345951080322
839680,335.87,1966,205,427,22.28602781,13.185208415985107,-2.1026137709617614,0.0003,0.005564035,0.7661420702934265,0.2,2040,0.6980531811714172,0.0461181640625,-0.004618050978751853,3.6257824897766113
843776,321.5,1971,206,427,19.894318889999997,7.043515232205391,-2.102222830057144,0.0003,0.00725115,0.821684718132019,0.2,2050,0.6975881457328796,0.0501220703125,-0.003454173737554811,2.2147529125213623
847872,325.51,1976,207,428,20.66608633,10.680163413286209,-2.096866264939308,0.0003,0.004744174,0.8969963192939758,0.2,2060,0.6947879791259766,0.055078125,-0.0043988872377667574,3.5331408977508545
851968,336.97,1981,208,429,19.830400689999998,6.480922567844391,-2.094084918498993,0.0003,0.006614787,0.9060463309288025,0.2,2070,0.6969801783561707,0.0623291015625,-0.0046777977491728965,2.9150102138519287
856064,341.72,1987,209,430,17.233463799999996,10.437648105621339,-2.0923238545656204,0.0003,0.006007514,0.883211612701416,0.2,2080,0.6945271492004395,0.0563232421875,-0.004908195561438333,4.447401523590088
860160,338.12,1990,210,432,16.058717180000002,8.966528677940369,-2.093154376745224,0.0003,0.00500838,0.9018130898475647,0.2,2090,0.6990885734558105,0.067529296875,-0.005215339027927257,2.3958280086517334
864256,328.11,1995,211,433,16.28831064,15.02661943435669,-2.1038208812475205,0.0003,0.0042134323,0.8679408431053162,0.2,2100,0.699591875076294,0.0572509765625,-0.0021981947938911617,5.14815092086792
868352,333.95,2000,212,434,16.7554611,19.339639014005662,-2.100241646170616,0.0003,0.004361457,0.687710165977478,0.2,2110,0.6985865831375122,0.0434814453125,-0.0037837973271962256,4.954960823059082
872448,315.5,2005,213,434,18.30627733,9.799827462434768,-2.0946671456098556,0.0003,0.0068532107,0.8531361818313599,0.2,2120,0.6947407126426697,0.0302001953125,-0.0016886946890736,2.028350591659546
876544,323.68,2010,214,435,22.143376149999995,5.109703874588012,-2.082014712691307,0.0003,0.007629981,0.923404335975647,0.2,2130,0.6907205581665039,0.1065185546875,-0.0015724169112218077,1.7493329048156738
880640,316.32,2015,215,436,22.668278590000003,7.272527793049813,-2.0753629595041274,0.0003,0.0062205545,0.810884416103363,0.2,2140,0.6891021728515625,0.07197265625,-0.004596404373296536,1.92457914352417
884736,312.27,2019,216,438,24.159257079999996,11.719383674860001,-2.0731413811445236,0.0003,0.010317039,0.8357822895050049,0.2,2150,0.6909710168838501,0.04765625,-0.0016613830288406462,3.423801898956299
888832,298.71,2024,217,438,26.45165907,4.4731972992420195,-2.0755338072776794,0.0003,0.016992819,0.896344006061554,0.2,2160,0.6895400285720825,0.079443359375,-0.0011923127342015505,1.663794755935669
892928,300.88,2029,218,439,25.947735460000008,9.836323916912079,-2.073042431473732,0.0003,0.00380422,0.8589738607406616,0.2,2170,0.6888558864593506,0.1576171875,0.0015389298889203929,2.8964669704437256
897024,301.69,2034,219,440,25.56298045,24.810840332508086,-2.0737661898136137,0.0003,0.003711904,0.7782765030860901,0.2,2180,0.6902103424072266,0.044921875,-0.0028871714588603937,10.771014213562012
901120,305.83,1925,220,467,25.42143974,6.363581877946854,-2.082281360030174,0.0003,0.004820035,0.9102915525436401,0.2,2190,0.6945950388908386,0.0497314453125,-0.005060238766600378,2.39202880859375
905216,295.89,1930,221,468,23.511422149999994,8.507354724407197,-2.0952361673116684,0.0003,0.0052131717,0.902717649936676,0.2,2200,0.6994998455047607,0.043603515625,-0.0033668658084934576,2.4868340492248535
909312,294.46,1934,222,469,20.79698819,18.62610068321228,-2.1017724692821504,0.0003,0.006963401,0.8369461297988892,0.2,2210,0.6973832845687866,0.06943359375,-0.006496971996966749,10.684215545654297
913408,300.47,1939,223,470,22.507798150000006,15.718662613630295,-2.0989001601934434,0.0003,0.0047928207,0.7229782342910767,0.2,2220,0.6984916925430298,0.047265625,-0.004185767707531341,6.915863513946533
917504,308.26,1944,224,471,22.066802769999995,7.83221687078476,-2.101405867934227,0.0003,0.008749351,0.853111982345581,0.2,2230,0.6991884708404541,0.0473388671875,-0.0019314753240905701,2.5589730739593506
921600,301.85,1948,225,472,23.00466672,20.71905516386032,-2.103105071187019,0.0003,0.003514424,0.7939614653587341,0.2,2240,0.7011879682540894,0.0255615234375,-0.002133635024074465,13.760366439819336
925696,304.6,1953,226,473,24.506244579999994,10.547971522808075,-2.1062957257032395,0.0003,0.009680701,0.8056594729423523,0.2,2250,0.7019244432449341,0.09384765625,-0.0014182738232193515,5.261837005615234
929792,306.4,1958,227,474,23.322019889999996,5.132441429793834,-2.1096730440855027,0.0003,0.0064768456,0.9223448634147644,0.2,2260,0.7032676935195923,0.08515625,-0.004000827053096146,1.7887154817581177
933888,297.32,1962,228,475,25.52027666,9.445974427461625,-2.1097174286842346,0.0003,0.006194359,0.8819458484649658,0.2,2270,0.7012614607810974,0.0748779296875,-0.002069232944631949,3.3247971534729004
937984,306.84,1967,229,476,26.35315054,8.439061483740806,-2.111072674393654,0.0003,0.004823405,0.9051260352134705,0.2,2280,0.7067381143569946,0.0474853515625,-0.0045507655915571375,3.3374061584472656
942080,315.91,1972,230,477,26.240282070000003,4.0535583108663555,-2.121255987882614,0.0003,0.01035964,0.9400883913040161,0.2,2290,0.709947943687439,0.08349609375,-0.00496556349680759,1.5874484777450562
946176,308.16,1976,231,478,25.143244629999998,4.400153690576554,-2.113897719979286,0.0003,0.020236675,0.9487262964248657,0.2,2300,0.6992965936660767,0.1109130859375,-0.0023177478433353826,1.719929814338684
950272,312.45,1981,232,479,26.747842650000003,6.26977276802063,-2.0919963836669924,0.0003,0.0058508785,0.9182942509651184,0.2,2310,0.6974661946296692,0.0533447265625,-0.0012929259799420833,2.317819595336914
954368,318.0,1985,233,480,24.558088890000004,4.429110416769982,-2.0857672452926637,0.0003,0.006317146,0.9505331516265869,0.2,2320,0.6942167282104492,0.0495849609375,-0.002494747572927736,1.4467058181762695
958464,321.79,1990,234,481,23.549478330000007,9.269455659389497,-2.0798083275556563,0.0003,0.0037027756,0.8924320340156555,0.2,2330,0.695399284362793,0.0296142578125,-0.0035337239765794947,3.2362492084503174
962560,314.96,1994,235,482,22.818292779999997,6.272723603248596,-2.0810318648815156,0.0003,0.009337981,0.9444247484207153,0.2,2340,0.6946176290512085,0.0754150390625,-0.0031873400090262293,1.828450322151184
966656,320.42,1999,236,483,21.83267926,8.732394295930863,-2.0779732346534727,0.0003,0.0056775096,0.9272031784057617,0.2,2350,0.6950415968894958,0.1074462890625,-0.0031774708040757105,2.6710543632507324
970752,307.83,2003,237,484,21.08733741,17.2616490483284,-2.0777476221323012,0.0003,0.004917429,0.796985924243927,0.2,2360,0.6935633420944214,0.0248779296875,-0.004064687588834204,9.186074256896973
974848,298.02,2008,238,485,18.3853413,16.774590420722962,-2.0724962055683136,0.0003,0.0037564524,0.8321593999862671,0.2,2370,0.6930758953094482,0.0210693359375,-0.0027659437007969247,5.82526969909668
978944,293.28,2012,239,486,19.93028839,13.172521382570267,-2.0716011106967924,0.0003,0.008152445,0.8427823781967163,0.2,2380,0.693547248840332,0.05537109375,-0.003997709749091883,4.268239498138428
983040,302.74,2017,240,487,21.926762299999996,7.164721339941025,-2.0704663008451463,0.0003,0.005888941,0.9169221520423889,0.2,2390,0.6915173530578613,0.0617919921875,-0.0016261099401162938,2.269862651824951
987136,307.26,2021,241,488,20.878434249999994,7.263028502464294,-2.0592271357774736,0.0003,0.0035592434,0.8704804182052612,0.2,2400,0.6872296333312988,0.02783203125,-0.002577472903067246,2.1616501808166504
991232,306.81,2026,242,489,20.90044384,13.34568830728531,-2.0493885457515715,0.0003,0.008495845,0.8325141072273254,0.2,2410,0.6855002641677856,0.0655029296875,-0.003521531066508032,4.479483604431152
995328,319.55,2030,243,490,21.92544932,17.83409572839737,-2.047719031572342,0.0003,0.0047858255,0.8547582626342773,0.2,2420,0.6861110925674438,0.0576416015625,-0.0035350355625269002,8.08349609375
999424,314.79,2034,244,491,22.703383630000005,5.5890947610139845,-2.048896723985672,0.0003,0.00817715,0.862176239490509,0.2,2430,0.6854575872421265,0.0546630859375,-0.0030073403133428654,1.922884464263916
1003520,328.39,1936,245,518,22.782265929999998,6.322959470748901,-2.0473112732172014,0.0003,0.007312859,0.9035687446594238,0.2,2440,0.6854605674743652,0.0525390625,-0.0022508026799187065,1.836804747581482
1007616,329.61,1940,246,519,25.00758073,5.615503463149071,-2.0396391689777373,0.0003,0.0046440703,0.9150479435920715,0.2,2450,0.6817277669906616,0.06025390625,-0.0018087014817865566,1.466176986694336
1011712,328.53,1944,247,520,26.76690141,9.083304637670517,-2.0326389253139494,0.0003,0.0049542496,0.9057400226593018,0.2,2460,0.6820068359375,0.0389892578125,-0.0023013477417407557,3.1019551753997803
1015808,327.95,1949,248,521,26.28642271999999,10.828789591789246,-2.0293943136930466,0.0003,0.005506998,0.835928738117218,0.2,2470,0.6804331541061401,0.054052734375,-0.002755202277330682,3.657240390777588
1019904,330.19,1953,249,522,25.830513150000005,3.9501308366656303,-2.023783928155899,0.0003,0.010876082,0.9215468168258667,0.2,2480,0.6772223114967346,0.0762939453125,-0.00223068495397456,1.58469557762146
1024000,347.03,1957,250,523,26.21545002,8.230049562454223,-2.0132149696350097,0.0003,0.009102477,0.9128037691116333,0.2,2490,0.6721833944320679,0.085400390625,-0.007472766685532406,3.0938894748687744
1028096,336.78,1961,251,524,26.806882779999995,9.949431037902832,-1.9987456664443015,0.0003,0.0049703587,0.8707550764083862,0.2,2500,0.6656970977783203,0.0351318359375,-0.002524956368142739,2.8456735610961914
1032192,340.38,1966,252,524,25.995114430000005,16.387188142538072,-1.9870458528399468,0.0003,0.004606479,0.6849651336669922,0.2,2510,0.6647379398345947,0.0503662109375,-0.0019208462777896783,3.1893975734710693
1036288,341.98,1970,253,525,25.168929250000005,7.511315101385117,-1.980041840672493,0.0003,0.0055607604,0.8982300162315369,0.2,2520,0.6612932682037354,0.0526123046875,-0.002800588766695,4.485803604125977
1040384,334.61,1974,254,526,24.453553539999998,8.743689423799514,-1.975604122877121,0.0003,0.0070831245,0.8693608045578003,0.2,2530,0.6648681163787842,0.0549560546875,-0.0038851738208904862,3.8383333683013916
1044480,329.6,1978,255,527,25.194132380000006,7.591467541456223,-1.986983986198902,0.0003,0.006331337,0.9039032459259033,0.2,2540,0.668140172958374,0.03818359375,-0.0020382548682391644,2.3299527168273926
1048576,325.77,1982,256,528,25.982046720000003,2.898565113544464,-1.9818397030234336,0.0003,0.0069310404,0.9211671352386475,0.2,2550,0.6627461314201355,0.0832763671875,-0.001547435179236345,0.9086402654647827
1052672,329.9,1987,257,529,27.596738300000002,3.435740885138512,-1.9637126684188844,0.0003,0.00617483,0.9321410655975342,0.2,2560,0.6560893654823303,0.1075439453125,-0.0022564615006558596,0.8570064306259155
1056768,333.68,1991,258,530,27.91408178,2.710649687051773,-1.9499694362282753,0.0003,0.015125344,0.9540789127349854,0.2,2570,0.6545051336288452,0.0896484375,-0.002594535970274592,0.8855388164520264
1060864,330.62,1995,259,531,28.501692310000003,5.06250638961792,-1.953374294936657,0.0003,0.0064185197,0.9294403791427612,0.2,2580,0.6547152996063232,0.1039794921875,-0.0012775549388607033,1.0380988121032715
1064960,322.39,1999,260,532,28.37194724,17.540778517723083,-1.9558655574917794,0.0003,0.004465555,0.8136515021324158,0.2,2590,0.6551858186721802,0.019775390625,-0.002622247816179879,5.887847900390625
1069056,318.52,2003,261,533,28.507693680000003,7.52739737033844,-1.95518629103899,0.0003,0.006463379,0.9088383913040161,0.2,2600,0.6553404331207275,0.042333984375,-0.004025544188334606,2.473020076751709
1073152,322.03,2007,262,534,28.64999753,6.768180391192436,-1.9480956509709357,0.0003,0.008623853,0.8922329545021057,0.2,2610,0.6512211561203003,0.073876953125,-0.003622443501080852,3.4118030071258545
1077248,326.34,2011,263,535,26.976616150000005,9.823777428269386,-1.9398573726415633,0.0003,0.005611239,0.8862719535827637,0.2,2620,0.6532386541366577,0.0800048828125,-0.0022611698193941267,2.131227731704712
1081344,322.32,2015,264,536,25.018900780000003,12.049140924215317,-1.9461616471409797,0.0003,0.0071130097,0.7903540134429932,0.2,2630,0.6552632451057434,0.052490234375,-0.003759534041455481,4.306483745574951
1085440,299.12,2019,265,537,26.0634058,11.304076784849167,-1.9476859480142594,0.0003,0.005032668,0.8778842091560364,0.2,2640,0.6547204256057739,0.0412109375,-0.0037432062439620496,3.093377113342285
1089536,289.7,2023,266,538,26.601638719999993,12.381989359855652,-1.9438857957720757,0.0003,0.0044426317,0.873589277267456,0.2,2650,0.653427243232727,0.040185546875,-0.002551373535243329,5.199087619781494
1093632,279.63,2027,267,539,26.959468139999995,6.7255298644304276,-1.93493449985981,0.0003,0.0068597356,0.9005441069602966,0.2,2660,0.6492164134979248,0.04912109375,-0.0033014637127052994,2.0053200721740723
1097728,267.06,2031,268,540,27.65930436,7.8428885489702225,-1.9265159264206886,0.0003,0.0065440293,0.9239554405212402,0.2,2670,0.6496310830116272,0.066259765625,-0.002648752003733534,1.9792121648788452
1101824,266.07,1942,269,567,27.09067459,5.204760211706161,-1.924736724793911,0.0003,0.0056214696,0.9263670444488525,0.2,2680,0.6475215554237366,0.0484375,-0.003948440749081783,1.5978318452835083
1105920,269.04,1946,270,568,27.178993779999995,6.671003538370132,-1.9157932251691818,0.0003,0.006772208,0.9245890378952026,0.2,2690,0.6453399658203125,0.0450927734375,-0.0045802587512298485,1.734572172164917
1110016,271.75,1950,271,569,26.987018909999993,11.22114007472992,-1.9109688326716423,0.0003,0.004066333,0.8734211921691895,0.2,2700,0.6452668309211731,0.031591796875,-0.0025832682353211568,6.357609748840332
1114112,291.23,1954,272,569,25.468376529999997,11.917579704523087,-1.9120726779103279,0.0003,0.006658642,0.8885934352874756,0.2,2710,0.647618293762207,0.0524658203125,-0.0038751754065742714,3.858759880065918
1118208,289.69,1958,273,570,25.448698339999996,6.1021854937076565,-1.9167120531201363,0.0003,0.0033629534,0.9346600770950317,0.2,2720,0.6481060981750488,0.072021484375,-0.00016988281277008355,2.5162744522094727
1122304,286.23,1962,274,571,20.11763542,17.211770498752593,-1.9153787210583686,0.0003,0.0026909232,0.8060490489006042,0.2,2730,0.6472777128219604,0.022998046875,-0.002092765898851212,7.448911190032959
1126400,294.58,1965,275,572,20.09019934,21.577239322662354,-1.9193511426448822,0.0003,0.005853609,0.8881928324699402,0.2,2740,0.651117205619812,0.031103515625,-0.002650244502001442,9.71498966217041
1130496,300.88,1969,276,573,19.756161889999998,9.075634908676147,-1.9259122163057327,0.0003,0.00432299,0.9212203025817871,0.2,2750,0.6517124176025391,0.0330078125,-0.0033321452952804974,3.865786552429199
1134592,299.37,1973,277,574,23.035426009999995,4.698447915911674,-1.9256754606962203,0.0003,0.006566233,0.9127271175384521,0.2,2760,0.6528089642524719,0.05263671875,-0.0027460740617243572,1.2608312368392944
1138688,299.19,1977,278,575,25.361157669999997,2.363414230942726,-1.9180680423974992,0.0003,0.008359895,0.9410607218742371,0.2,2770,0.6469469666481018,0.0696044921875,-0.0029140995640773324,0.8076920509338379
1142784,292.84,1981,279,576,25.786980069999995,4.248688670992851,-1.9005348950624465,0.0003,0.00604181,0.9211146831512451,0.2,2780,0.6440074443817139,0.09716796875,-0.0032489995210198686,1.2407431602478027
1146880,291.28,1985,280,577,25.355231049999997,4.531607389450073,-1.8988375291228294,0.0003,0.004106946,0.9271769523620605,0.2,2790,0.6460425853729248,0.071728515625,-0.0022864626836962996,1.427949070930481
1150976,296.77,1989,281,578,29.593699029999996,21.83430351614952,-1.9059181481599807,0.0003,0.006664079,0.7551833391189575,0.2,2800,0.6499994993209839,0.0635498046875,-0.0027638402942102404,4.127028942108154
1155072,314.66,1992,282,579,27.063722809999998,6.740018564462662,-1.9112347811460495,0.0003,0.0063837655,0.9244729280471802,0.2,2810,0.6479810476303101,0.0696044921875,-0.005019655369687825,2.0990006923675537
1159168,300.22,1996,283,580,26.06910438000001,10.939259147644043,-1.9084804743528365,0.0003,0.0047580246,0.8939166069030762,0.2,2820,0.6487255096435547,0.0406494140625,-0.0037017438240582123,2.9587230682373047
1163264,290.55,2000,284,581,25.156043559999997,17.055969959497453,-1.908318282663822,0.0003,0.0061071776,0.8658387660980225,0.2,2830,0.647948682308197,0.049853515625,-0.002551011819014093,4.63181734085083
1167360,284.97,2003,285,582,23.42002027,6.3875145554542545,-1.9045848831534387,0.0003,0.0067761075,0.929776668548584,0.2,2840,0.6448915004730225,0.0735107421875,-0.004930301883723587,1.6500128507614136
1171456,279.01,2007,286,583,24.608797,13.223909997940064,-1.8982569351792336,0.0003,0.0040293797,0.8586642146110535,0.2,2850,0.6434579491615295,0.109228515625,-0.002793660564930178,5.50073766708374
1175552,277.45,2011,287,584,23.40172454,10.762606900930404,-1.882471740245819,0.0003,0.004269921,0.8884354829788208,0.2,2860,0.6345472931861877,0.042041015625,-0.0031543868462904356,4.141373157501221
1179648,283.26,2014,288,585,26.47979197,8.922202235460281,-1.8640880942344666,0.0003,0.0050949417,0.902957022190094,0.2,2870,0.631813645362854,0.054541015625,-0.0026291166024748234,2.524545192718506
1183744,275.38,2018,289,586,28.616632260000006,6.9064990162849424,-1.8581014543771743,0.0003,0.004954216,0.8915715217590332,0.2,2880,0.6311858296394348,0.069287109375,-0.0032127122496603986,1.9839891195297241
1187840,291.44,2022,290,587,30.054012740000005,14.091037958860397,-1.8575273722410202,0.0003,0.004368035,0.8422991037368774,0.2,2890,0.6337418556213379,0.054248046875,-0.0015461266157217324,5.315750598907471
1191936,279.78,2025,291,588,27.524778539999996,11.336743453145028,-1.8660260438919067,0.0003,0.011387418,0.8582391738891602,0.2,2900,0.6357665657997131,0.0510498046875,-0.0024640000599902125,2.347973108291626
1196032,283.04,2029,292,589,26.100763690000004,16.237765896320344,-1.8721011608839035,0.0003,0.0056792665,0.8383686542510986,0.2,2910,0.6368184685707092,0.0607177734375,-0.0036297065642429517,3.061166763305664
1200128,286.65,1950,293,615,24.240284759999994,5.490175944566727,-1.8766227558255195,0.0003,0.012732236,0.9015117287635803,0.2,2920,0.6369702816009521,0.0673095703125,-0.0014292537642177194,1.6354339122772217
1204224,299.35,1953,294,616,24.13359647,10.725430536270142,-1.8790531679987907,0.0003,0.0073101027,0.912919282913208,0.2,2930,0.6379318237304688,0.0908935546875,-0.004702333934255875,2.9056406021118164
1208320,297.83,1957,295,617,22.618984249999993,17.615821009874345,-1.8784987062215805,0.0003,0.0046356535,0.8950560092926025,0.2,2940,0.6354947090148926,0.0514892578125,-0.00412215541000478,7.287353038787842
1212416,293.07,1961,296,618,20.136100329999998,12.070279437303544,-1.8694992125034333,0.0003,0.005660034,0.861293613910675,0.2,2950,0.6348839998245239,0.0413818359375,-0.004174316165153869,4.43216609954834
1216512,292.33,1964,297,619,21.82116794,12.100084751844406,-1.8692946806550026,0.0003,0.00598387,0.8943008184432983,0.2,2960,0.6359443664550781,0.0453857421875,-0.0047009903675643725,3.3332631587982178
1220608,297.15,1967,298,620,22.897017610000002,5.789115139842034,-1.8723195925354958,0.0003,0.0049782293,0.9325995445251465,0.2,2970,0.6362961530685425,0.05830078125,-0.0052442231448367235,1.969260811805725
1224704,285.72,1971,299,621,23.064787239999998,13.87684782743454,-1.8682903677225113,0.0003,0.00738346,0.8671923279762268,0.2,2980,0.6352198123931885,0.0854248046875,-0.0059744743746705355,5.524707317352295
1228800,279.15,1974,300,622,25.291130899999995,11.436189693212508,-1.8660245299339295,0.0003,0.0040752366,0.8547324538230896,0.2,2990,0.6352209448814392,0.02919921875,-0.003080813874839805,3.1939151287078857
1232896,277.67,1978,301,623,27.597341000000007,9.29363648891449,-1.8702407047152518,0.0003,0.0054841326,0.8796464204788208,0.2,3000,0.636991024017334,0.035498046875,-0.0027923061366891488,3.0755786895751953
1236992,274.86,1982,302,624,27.56954608,10.69394257068634,-1.870883771777153,0.0003,0.007453485,0.8602348566055298,0.2,3010,0.6355509161949158,0.0791015625,-0.0022876705799717454,2.590407371520996
1241088,293.31,1985,303,625,28.853720249999995,4.23303247988224,-1.865813310444355,0.0003,0.009463403,0.9585608839988708,0.2,3020,0.6332192420959473,0.1254150390625,-0.002581735892454162,1.2548279762268066
1245184,280.41,1988,304,626,27.718991059999997,13.388346642255783,-1.8586013466119766,0.0003,0.0024983555,0.8212286829948425,0.2,3030,0.6312117576599121,0.055712890625,-0.0013437642133794724,4.035213470458984
1249280,291.31,1992,305,627,28.90739527,13.619505405426025,-1.8490403801202775,0.0003,0.0057831286,0.8804774880409241,0.2,3040,0.625495970249176,0.0231201171875,-0.002391398658801336,6.658384323120117
1253376,298.55,1995,306,627,28.267859489999996,10.045706689357758,-1.8382711127400397,0.0003,0.0055687097,0.8767545223236084,0.2,3050,0.6261494159698486,0.063525390625,-0.0027637312916340305,3.2484710216522217
1257472,292.81,1999,307,628,26.451387209999996,6.206118258833885,-1.8391641616821288,0.0003,0.008496074,0.9104294776916504,0.2,3060,0.625540018081665,0.064990234375,-0.00416017315001227,1.648758888244629
1261568,305.95,2002,308,629,26.400687050000002,6.811358466744423,-1.8394942954182625,0.0003,0.00620565,0.9093506336212158,0.2,3070,0.6270169019699097,0.0689453125,-0.0019484391494188457,2.131906270980835
1265664,317.99,2006,309,630,27.029952520000002,8.146247428655624,-1.8434017568826675,0.0003,0.007118671,0.8844314217567444,0.2,3080,0.6300367116928101,0.069091796875,-0.0037381483285571448,2.1339926719665527
1269760,301.66,2009,310,631,29.069913969999998,5.0489843636751175,-1.853856173157692,0.0003,0.006826788,0.9029805064201355,0.2,3090,0.6332569122314453,0.0534912109375,-0.002498828890384175,1.8088939189910889
1273856,305.93,2013,311,632,29.29176901,9.708887642621994,-1.8612923964858055,0.0003,0.007603092,0.9011567831039429,0.2,3100,0.6337982416152954,0.0763916015625,-0.0029565789591288194,3.8453450202941895
1277952,303.56,2016,312,633,30.21449826,5.110025164484978,-1.8640287786722183,0.0003,0.0047465963,0.883617103099823,0.2,3110,0.6369462013244629,0.0359130859375,-0.003648373216856271,1.801547646522522
1282048,296.75,2019,313,634,29.078342129999996,19.25912137031555,-1.8697400271892548,0.0003,0.005317161,0.7134526968002319,0.2,3120,0.6377868056297302,0.042822265625,-0.0021173076260311064,9.0572509765625
1286144,300.7,2023,314,635,29.910741020000003,13.986165672540665,-1.8690749168395997,0.0003,0.0034922964,0.8677345514297485,0.2,3130,0.6372836232185364,0.029296875,-0.0025278638902818786,4.87233829498291
1290240,310.09,2026,315,636,30.139394359999997,9.06124170422554,-1.863755850493908,0.0003,0.005028443,0.8557721376419067,0.2,3140,0.6354077458381653,0.0607421875,-0.0044224753743037585,1.8814878463745117
1294336,302.93,2030,316,637,28.753627299999994,4.302025225758553,-1.8598274439573288,0.0003,0.0048369784,0.9331312775611877,0.2,3150,0.6354286670684814,0.0576416015625,-0.004707396184676327,1.4962395429611206
1298432,296.8,2033,317,638,29.344891570000005,4.895294544100762,-1.8602717056870461,0.0003,0.006289591,0.9216448664665222,0.2,3160,0.6351550817489624,0.084228515625,-0.00455799839401152,1.641486644744873
1302528,287.7,1958,318,665,27.30468578,9.696234792470932,-1.858518160879612,0.0003,0.0064277425,0.8500581979751587,0.2,3170,0.6328129172325134,0.08466796875,-0.0038417851086705924,2.227109670639038
1306624,302.39,1961,319,666,26.782947269999994,14.451884973049165,-1.8506931871175767,0.0003,0.0058877086,0.8718382716178894,0.2,3180,0.6326508522033691,0.0727294921875,-0.003766785134212114,5.381270885467529
1310720,316.56,1965,320,667,24.096024359999998,6.400344088673592,-1.849633365869522,0.0003,0.009617877,0.9085084199905396,0.2,3190,0.6318953037261963,0.057373046875,-0.003115518920822069,1.5777283906936646
1314816,321.97,1968,321,667,28.08944323,6.233302584290504,-1.8479254409670829,0.0003,0.0056478316,0.9342401027679443,0.2,3200,0.6311798095703125,0.0509033203125,-0.004475253057898953,2.6085357666015625
1318912,305.08,1971,322,668,27.079620010000003,7.108209428191185,-1.847873032093048,0.0003,0.0057360167,0.9113280773162842,0.2,3210,0.6317421197891235,0.032421875,-0.003372607083292678,2.2546701431274414
1323008,313.64,1974,323,669,23.043804550000004,8.88035682439804,-1.8429180458188057,0.0003,0.004718655,0.891367495059967,0.2,3220,0.628644585609436,0.0414306640625,-0.002810762765147956,2.2679128646850586
1327104,316.76,1978,324,670,21.067767359999998,25.459535253047942,-1.8315453365445138,0.0003,0.0061100023,0.793622612953186,0.2,3230,0.6261119842529297,0.05810546875,-0.003724054261329002,8.105799674987793
1331200,320.49,1981,325,671,21.441242789999997,12.38120768070221,-1.8269325166940689,0.0003,0.0056045502,0.89133620262146,0.2,3240,0.6251662373542786,0.0419677734375,-0.0026373712957138197,4.473770618438721
1335296,332.54,1984,326,672,22.330960599999994,5.063527509570122,-1.8164089515805244,0.0003,0.010029824,0.8933579921722412,0.2,3250,0.6185368299484253,0.075146484375,-0.002579805752611719,1.6283413171768188
1339392,329.7,1988,327,673,22.396244610000004,11.227057367563248,-1.7981547236442565,0.0003,0.0064894427,0.917464017868042,0.2,3260,0.6163022518157959,0.072216796875,-0.004086271391133778,4.468567371368408
1343488,318.14,1991,328,674,22.01538428,5.964319711923599,-1.790901964902878,0.0003,0.0059158634,0.8993954658508301,0.2,3270,0.6112722158432007,0.04267578125,-0.0030272317948401906,1.9684993028640747
1347584,332.92,1994,329,675,21.54108453,12.444643121957778,-1.777893842756748,0.0003,0.005931439,0.8895975947380066,0.2,3280,0.6102695465087891,0.070263671875,-0.003825059247901663,6.0588555335998535
1351680,342.05,1997,330,676,24.633298669999995,6.681524389982224,-1.7857000201940536,0.0003,0.023092,0.8973866701126099,0.2,3290,0.6169151067733765,0.1077880859375,-0.002657043453655206,1.636331558227539
1355776,323.75,2000,331,677,26.885817480000004,2.8505936041474342,-1.7938241064548492,0.0003,0.017982548,0.8969577550888062,0.2,3300,0.6140649318695068,0.114404296875,-0.0016722255692002363,0.8993812203407288
1359872,315.21,2003,332,678,27.94513084,9.7461607336998,-1.7800512090325356,0.0003,0.0059336196,0.6505595445632935,0.2,3310,0.6128664612770081,0.1930419921875,0.002862634547636844,0.9553697109222412
1363968,310.76,2007,333,679,25.204507639999996,12.744439840316772,-1.7781757026910783,0.0003,0.005462568,0.8291265964508057,0.2,3320,0.6135982871055603,0.0619384765625,-0.00436657035315875,3.062504768371582
1368064,318.35,2010,334,680,22.84342384000001,6.938127401471138,-1.7829696968197823,0.0003,0.005716635,0.9269137382507324,0.2,3330,0.6164283752441406,0.0559326171875,-0.004625728921382688,2.3220818042755127
1372160,323.37,2013,335,681,23.221161519999995,5.0200981259346005,-1.7848795503377914,0.0003,0.005646321,0.9512527585029602,0.2,3340,0.6142785549163818,0.0600830078125,-0.0027623273635981604,2.0262207984924316
1376256,311.07,2016,336,682,23.14633374,8.420979195833207,-1.7786426603794099,0.0003,0.0041562724,0.8893646597862244,0.2,3350,0.6137692332267761,0.0421630859375,-0.002635792129149195,3.55192494392395
1380352,294.47,2019,337,683,25.03782036,7.753172323107719,-1.7792799174785614,0.0003,0.0046207597,0.9185124635696411,0.2,3360,0.6128899455070496,0.0574951171875,-0.004461455994169227,3.129426956176758
1384448,292.98,2022,338,684,24.14122296,8.663266915082932,-1.779389277100563,0.0003,0.0075728605,0.8490344285964966,0.2,3370,0.6130318641662598,0.0461669921875,-0.003101724505540915,2.708073139190674
1388544,309.44,2026,339,685,24.18390467,10.675881311297417,-1.7805621013045312,0.0003,0.015074218,0.8397128582000732,0.2,3380,0.6128349900245667,0.122119140625,-0.005387641314882785,4.984171390533447
1392640,310.91,2029,340,686,24.22209436,13.925085490942001,-1.780393150448799,0.0003,0.0110009285,0.8367922902107239,0.2,3390,0.6109835505485535,0.0903076171875,-0.0016376881176256575,10.053459167480469
1396736,311.8,2032,341,687,26.009328990000004,17.67878801226616,-1.7737431213259698,0.0003,0.0072979983,0.7791230082511902,0.2,3400,0.6103771924972534,0.0514404296875,-0.005013359599979594,5.406955242156982
1400832,302.45,1963,342,713,28.078225390000004,4.4273628234863285,-1.7722135573625564,0.0003,0.00803981,0.9252766370773315,0.2,3410,0.6090317368507385,0.0759765625,-0.003126851451816037,1.0963963270187378
1404928,305.43,1966,343,714,28.106312239999994,15.498713147640228,-1.7659931659698487,0.0003,0.008625351,0.8142350912094116,0.2,3420,0.6054838299751282,0.1006591796875,0.0008962649910245091,2.848327875137329
1409024,326.36,1969,344,715,26.642731359999992,10.393069404363633,-1.7585194766521455,0.0003,0.006839703,0.8697452545166016,0.2,3430,0.6048595309257507,0.071875,-0.0034215207648230716,2.8379552364349365
1413120,316.53,1972,345,716,24.177736040000003,6.563053959608078,-1.763602577149868,0.0003,0.0070373695,0.918443500995636,0.2,3440,0.6070603132247925,0.071435546875,-0.0032152928557479753,2.5412793159484863
1417216,313.22,1975,346,717,25.293365929999997,19.708215594291687,-1.7709486976265907,0.0003,0.0059700534,0.7174906730651855,0.2,3450,0.6080957055091858,0.0414794921875,-0.002537397031846922,6.646557807922363
1421312,310.97,1978,347,718,23.13044735,7.615221744775772,-1.7741089209914207,0.0003,0.0074747913,0.9198135137557983,0.2,3460,0.607508659362793,0.0721435546875,-0.0040528188605094325,1.6569246053695679
1425408,314.25,1981,348,719,26.295281340000003,14.581824314594268,-1.7764312461018563,0.0003,0.006301806,0.8903648853302002,0.2,3470,0.6104687452316284,0.034033203125,-0.0029596416541608052,4.797743320465088
1429504,308.49,1984,349,720,25.824187690000002,5.3603718161582945,-1.7873900026082992,0.0003,0.009024616,0.9200165271759033,0.2,3480,0.6133277416229248,0.0754150390625,-0.003395695463404991,2.4642281532287598
1433600,298.73,1987,350,721,26.64340738,10.657561111450196,-1.7900771826505661,0.0003,0.0044543706,0.8667588829994202,0.2,3490,0.613449215888977,0.10595703125,0.0009293441951740533,2.9484333992004395
1437696,302.19,1990,351,722,28.94704977,13.234420174360276,-1.782155093550682,0.0003,0.005616923,0.849597692489624,0.2,3500,0.6068235635757446,0.071044921875,-0.0034569900919450445,4.0217695236206055
1441792,297.79,1993,352,723,30.800098380000005,7.2706282377243046,-1.7706268370151519,0.0003,0.006356068,0.8772979974746704,0.2,3510,0.6077962517738342,0.051318359375,-0.002557249114033766,2.4986777305603027
1445888,307.64,1996,353,724,30.044996450000003,4.358098924160004,-1.7694244414567948,0.0003,0.015925923,0.938843846321106,0.2,3520,0.6073289513587952,0.1025390625,-0.0030463217437500132,1.3105456829071045
1449984,307.32,1999,354,725,31.760899499999997,3.468358065187931,-1.7577258840203285,0.0003,0.008558832,0.8775177001953125,0.2,3530,0.599758505821228,0.0859375,-0.0034795210369338745,0.8933926820755005
1454080,304.15,2002,355,726,31.55217841,7.047113943099975,-1.7374374821782113,0.0003,0.0073991157,0.883298933506012,0.2,3540,0.5993326902389526,0.068115234375,-0.005367470934288576,2.317404270172119
1458176,315.49,2005,356,727,30.809824419999998,4.801640099287033,-1.7372599795460701,0.0003,0.0075827986,0.920011043548584,0.2,3550,0.6023969650268555,0.0824462890625,-0.004979881554027088,1.1562517881393433
1462272,316.18,2008,357,728,31.149611469999996,2.183927018940449,-1.7314407542347907,0.0003,0.022411179,0.9603682160377502,0.2,3560,0.597596287727356,0.1358154296875,-0.0009724403586005792,0.6282052993774414
1466368,306.78,2010,358,729,31.049229390000004,7.399979814887047,-1.7150368809700012,0.0003,0.006504379,0.885611891746521,0.2,3570,0.5948709845542908,0.056591796875,-0.0040957639110274615,4.343778610229492
1470464,298.47,2013,359,730,32.298202120000006,4.709736604988575,-1.7066788330674172,0.0003,0.011983058,0.8095859289169312,0.2,3580,0.5907461643218994,0.087451171875,-0.0025232719373889266,0.9343332648277283
1474560,291.85,2016,360,731,30.19128286,4.622165448963642,-1.7049255654215814,0.0003,0.008235022,0.8302627801895142,0.2,3590,0.5958794951438904,0.0935546875,-0.004009793198201805,0.786620020866394
1478656,299.22,2019,361,732,28.505243909999994,14.18240053653717,-1.7188525393605232,0.0003,0.004869193,0.8355950117111206,0.2,3600,0.5983201265335083,0.10224609375,-0.0016015667555620895,3.3015501499176025
1482752,302.37,2022,362,733,26.014129779999998,7.193793708086014,-1.7255004823207856,0.0003,0.008981228,0.9129857420921326,0.2,3610,0.5992062091827393,0.0594970703125,-0.003184652035997715,1.8698725700378418
1486848,302.16,2025,363,734,25.829980019999997,7.457037431001663,-1.7226875633001328,0.0003,0.007842319,0.9285277128219604,0.2,3620,0.5957269072532654,0.066064453125,-0.0031361931236460806,2.402540683746338
1490944,283.89,2028,364,735,25.164377010000003,3.039284233748913,-1.7092798680067063,0.0003,0.007974665,0.9354474544525146,0.2,3630,0.5903711318969727,0.110546875,-0.002446738595608622,0.7351582646369934
1495040,285.47,2031,365,735,23.705628100000002,20.803256005048752,-1.6970605432987214,0.0003,0.0060621863,0.7280828356742859,0.2,3640,0.5879563093185425,0.0752685546875,-0.002580123851657845,8.446127891540527
1499136,297.56,2034,366,736,23.256574660000002,16.834646570682526,-1.6932655170559883,0.0003,0.0029931313,0.8351277709007263,0.2,3650,0.58802729845047,0.043603515625,-0.0030270984541857617,5.668216228485107
1503232,299.73,1969,367,763,23.364155880000002,9.387167203426362,-1.688595113158226,0.0003,0.0038823648,0.8316138386726379,0.2,3660,0.5836570858955383,0.039208984375,-0.002619760265224613,2.479952335357666
1507328,296.29,1972,368,764,25.253697900000002,3.651075355708599,-1.6795949310064315,0.0003,0.0067841876,0.9489871859550476,0.2,3670,0.5851662755012512,0.1006103515625,-0.002364040684187785,0.9663919806480408
1511424,292.04,1975,369,764,24.95800683,7.573095804452896,-1.6814695000648499,0.0003,0.008211782,0.8767179846763611,0.2,3680,0.5866056680679321,0.1005859375,-0.0013835255726007746,1.5913671255111694
1515520,311.59,1978,370,765,24.2122278,6.934665569663048,-1.6887881010770798,0.0003,0.01161371,0.9226914644241333,0.2,3690,0.589830756187439,0.090380859375,-0.0013442373936413787,2.8488452434539795
1519616,306.45,1981,371,766,23.756193929999995,12.892551457881927,-1.6919403538107871,0.0003,0.0032990621,0.8764461278915405,0.2,3700,0.5888680219650269,0.0602294921875,-0.0025526830257149415,3.639991044998169
1523712,318.84,1984,372,767,26.93346634,4.0044478386640545,-1.6953192129731178,0.0003,0.007046324,0.949209988117218,0.2,3710,0.593055784702301,0.098095703125,-0.004395801981445402,1.2908415794372559
1527808,309.08,1987,373,768,27.788832030000002,7.537448632717132,-1.705641233921051,0.0003,0.006083575,0.9085043668746948,0.2,3720,0.5945311188697815,0.0493896484375,-0.001601614968967624,2.095057487487793
1531904,306.09,1989,374,769,24.756435239999995,9.321141883730888,-1.7077674984931945,0.0003,0.008311205,0.8614083528518677,0.2,3730,0.5958893895149231,0.09501953125,-0.003614571505750064,2.3740532398223877
1536000,324.0,1992,375,770,24.47402618,17.802059215307235,-1.7098509907722472,0.0003,0.0072106468,0.8343138694763184,0.2,3740,0.597482442855835,0.0488525390625,-0.0029674549703486265,4.891623497009277
1540096,312.91,1995,376,771,25.63365521,6.973112815618515,-1.7097321063280106,0.0003,0.010420224,0.8985682725906372,0.2,3750,0.5956875085830688,0.0741943359375,-0.002660042920615524,2.430936098098755
1544192,296.21,1998,377,772,24.819385829999998,8.96549654006958,-1.705810795724392,0.0003,0.0067636613,0.8880516290664673,0.2,3760,0.5959700345993042,0.075927734375,-0.0029375048907240853,2.7022435665130615
1548288,279.92,2001,378,773,25.054844129999996,11.496829289197922,-1.7067770466208458,0.0003,0.0036442773,0.888432502746582,0.2,3770,0.5970242619514465,0.07333984375,-0.0023574174105306157,3.1374571323394775
1552384,284.49,2003,379,774,22.15331406,7.843405106663704,-1.7096903547644615,0.0003,0.0071881497,0.9064419269561768,0.2,3780,0.6002185344696045,0.068310546875,-0.0037517363409278913,2.376195192337036
1556480,284.82,2006,380,775,20.729446650000003,15.900884139537812,-1.7194011956453323,0.0003,0.007380996,0.8753702640533447,0.2,3790,0.6031368970870972,0.0502197265625,-0.0040858127787942065,6.315887451171875
1560576,298.2,2009,381,776,23.59181332,8.522085309028625,-1.7258464857935905,0.0003,0.0076426044,0.9095328450202942,0.2,3800,0.6035124063491821,0.057666015625,-0.0032213135826168584,3.796417713165283
1564672,285.76,2012,382,777,20.99713774,10.72110550403595,-1.7202405035495758,0.0003,0.0058111446,0.933963418006897,0.2,3810,0.6011378169059753,0.0406494140625,-0.003384774969890714,2.8491358757019043
1568768,284.6,2014,383,778,21.55180507,15.473984724283218,-1.7128261372447013,0.0003,0.0064015994,0.8544109463691711,0.2,3820,0.6012211441993713,0.0498779296875,-0.0019868157687596977,4.178658962249756
1572864,296.88,2017,384,779,22.37897729,6.728725025057793,-1.7092039927840232,0.0003,0.0052319127,0.9212892055511475,0.2,3830,0.6005462408065796,0.060302734375,-0.004503832937916741,2.2662816047668457
1576960,302.84,2020,385,780,19.679608830000003,12.046740931272506,-1.7085401982069015,0.0003,0.006186222,0.8907291293144226,0.2,3840,0.6017360091209412,0.0561279296875,-0.0036571708507835863,3.7221808433532715
1581056,293.21,2022,386,781,21.33262812,16.204726207256318,-1.714982169866562,0.0003,0.0059705516,0.8825041055679321,0.2,3850,0.6033111810684204,0.04296875,-0.005614388341200538,6.8746232986450195
1585152,269.27,2025,387,782,13.48070388,15.067287313938142,-1.7184429913759232,0.0003,0.0072298646,0.8640844821929932,0.2,3860,0.6035845279693604,0.041796875,-0.0026900474869762546,6.2226881980896
1589248,266.53,2028,388,783,11.667646560000001,32.6930951833725,-1.7168332263827324,0.0003,0.0033523766,0.8620105981826782,0.2,3870,0.601991593837738,0.03203125,-0.0025307820003945382,11.324328422546387
1593344,273.52,2030,389,784,14.647238960000003,13.387169176340104,-1.7126658409833908,0.0003,0.0062374393,0.9145029187202454,0.2,3880,0.6002853512763977,0.0401123046875,-0.0029635411468916573,4.116873264312744
1597440,279.02,2033,390,785,12.57210392,7.485497939586639,-1.703382235765457,0.0003,0.007115787,0.9256378412246704,0.2,3890,0.5971535444259644,0.086669921875,-0.0043699510890292,3.822436571121216
1601536,269.47,1972,391,811,15.090094710000002,11.899504417181015,-1.6950437694787979,0.0003,0.0074091177,0.8909298777580261,0.2,3900,0.5954017639160156,0.0980224609375,-0.0020970811805455015,2.8512895107269287
1605632,276.16,1975,392,812,17.740607230000002,10.09127447605133,-1.694185084104538,0.0003,0.00879556,0.9106367826461792,0.2,3910,0.5970050096511841,0.067578125,-0.004403542265936267,4.460855960845947
1609728,280.87,1978,393,813,21.79606698,9.977116167545319,-1.6984089851379394,0.0003,0.004518208,0.8670715093612671,0.2,3920,0.5992507338523865,0.070068359375,-0.004032886456116103,2.760610818862915
1613824,284.32,1981,394,814,25.447860650000003,5.45955511033535,-1.7072095185518266,0.0003,0.0060285926,0.9144222736358643,0.2,3930,0.603284478187561,0.0540283203125,-0.00550186138425488,1.9527134895324707
1617920,299.0,1983,395,815,27.78883628,12.367713421583176,-1.7128386199474335,0.0003,0.0075391983,0.8580853939056396,0.2,3940,0.6014246940612793,0.0822509765625,-0.0055453569046221675,3.357694387435913
1622016,294.46,1986,396,816,27.43613105,13.349634099006654,-1.7098776176571846,0.0003,0.004580754,0.8374066948890686,0.2,3950,0.6019338965415955,0.052783203125,-0.002864617966406513,3.4452364444732666
1626112,288.58,1989,397,817,26.939496710000007,5.1493516772985455,-1.7126178741455078,0.0003,0.0077963187,0.9259912967681885,0.2,3960,0.6030163168907166,0.1043701171875,-0.004826084736851044,1.1812621355056763
1630208,288.54,1991,398,818,28.143971650000005,12.52049388885498,-1.7165717348456382,0.0003,0.0074333665,0.9154514074325562,0.2,3970,0.6059843897819519,0.1141357421875,-0.0026306370782549493,5.036102294921875
1634304,276.94,1994,399,819,24.984917539999998,8.303924342989921,-1.723659209907055,0.0003,0.010747996,0.7634530067443848,0.2,3980,0.6072652339935303,0.0808349609375,-0.004261024881270714,2.6221282482147217
1638400,283.37,1996,400,820,21.37934931,16.761297565698623,-1.724631804227829,0.0003,0.0036143856,0.8867785334587097,0.2,3990,0.6068110466003418,0.040966796875,-0.002060222384170629,4.878803730010986
1642496,297.33,1999,401,821,20.4519101,4.241869029402733,-1.7237723082304002,0.0003,0.0161402,0.9252814054489136,0.2,4000,0.6048990488052368,0.0731201171875,-0.0037484401545953006,1.0445330142974854
1646592,303.76,2002,402,822,22.73549848,9.194679033756255,-1.7197280526161194,0.0003,0.011047419,0.8844640254974365,0.2,4010,0.6056166291236877,0.12392578125,-0.004445118972216733,2.093604803085327
1650688,319.48,2005,403,823,22.603657079999998,4.065798605978489,-1.717759145796299,0.0003,0.01365072,0.9474990367889404,0.2,4020,0.6030756235122681,0.0757568359375,-0.0031520763703156264,1.687120795249939
1654784,308.18,2007,404,824,25.135370700000003,5.330567842721939,-1.7132192999124527,0.0003,0.007087197,0.9231590032577515,0.2,4030,0.6028658747673035,0.1315673828125,-0.003978229846688918,1.6516633033752441
1658880,314.77,2010,405,825,24.940121440000006,6.380261868238449,-1.7198741257190704,0.0003,0.014421337,0.8976165056228638,0.2,4040,0.6069527864456177,0.1123046875,-0.003150230017490685,1.6289796829223633
1662976,311.07,2012,406,826,24.15702527,4.655766221880913,-1.7275073036551476,0.0003,0.006968287,0.9218453168869019,0.2,4050,0.607415497303009,0.099853515625,7.63824355090037e-05,1.8319292068481445
1667072,326.84,2015,407,827,28.142752650000006,10.32377856373787,-1.7263766318559646,0.0003,0.008438362,0.8312457799911499,0.2,4060,0.607119619846344,0.0614990234375,-0.004670714883832261,3.433537244796753
1671168,310.19,2017,408,828,28.806172529999998,5.680043828487396,-1.7209181040525436,0.0003,0.0054512587,0.9036357402801514,0.2,4070,0.6049764156341553,0.079931640625,-0.0025128139270236714,1.4188519716262817
1675264,302.55,2020,409,829,30.920165299999997,4.441099357604981,-1.7266079172492028,0.0003,0.0077428604,0.9401438236236572,0.2,4080,0.6113068461418152,0.09111328125,-0.0024131039332132786,1.5907140970230103
1679360,298.2,2022,410,830,32.47236401,1.5836090289056302,-1.7225683480501175,0.0003,0.010077564,0.9758312106132507,0.2,4090,0.6016207337379456,0.1225830078125,-0.006525297916959971,0.506339967250824
1683456,303.29,2025,411,831,31.48583523,4.033582124114036,-1.696199882030487,0.0003,0.0065813074,0.8925396800041199,0.2,4100,0.5980125069618225,0.120947265625,-0.0026327362604206426,1.3394880294799805
1687552,294.95,2028,412,832,29.11608308,6.860781896114349,-1.6851674363017082,0.0003,0.0042681554,0.8591219782829285,0.2,4110,0.5975351333618164,0.0474853515625,-0.002249568892875686,2.304133415222168
1691648,305.32,2030,413,833,28.8550893,17.894559276103973,-1.6867523655295371,0.0003,0.007974896,0.8013775944709778,0.2,4120,0.5976545810699463,0.0677001953125,-0.0034980558077222666,3.671834707260132
1695744,306.26,2033,414,834,27.891449849999994,6.553840652108192,-1.6877403929829597,0.0003,0.003909112,0.9161728024482727,0.2,4130,0.5976473689079285,0.0399169921875,-0.004086386501148809,2.1560957431793213
1699840,303.04,2035,415,835,27.210915349999997,7.043202823400497,-1.6938774660229683,0.0003,0.006920924,0.8836004734039307,0.2,4140,0.6010316014289856,0.0653564453125,-0.0033565840567462146,1.9571760892868042
1703936,294.74,1980,416,860,25.1181011,14.777182030677796,-1.699910269677639,0.0003,0.0049923863,0.8226692080497742,0.2,4150,0.5993866920471191,0.0438232421875,-0.003918281060759909,2.8634371757507324
1708032,286.66,1983,417,861,23.702800960000005,7.9467105031013485,-1.702002391219139,0.0003,0.0066361213,0.9171934723854065,0.2,4160,0.6029337048530579,0.057080078125,-0.003589328279485926,2.344186782836914
1712128,280.62,1985,418,862,22.026081160000004,10.68350155353546,-1.715835876762867,0.0003,0.007708304,0.892285168170929,0.2,4170,0.6059710383415222,0.073388671875,-0.005043105254299007,3.833611011505127
1716224,290.28,1988,419,863,21.494791650000003,9.320525413751602,-1.726915791630745,0.0003,0.0074421903,0.923761248588562,0.2,4180,0.6103187203407288,0.0544189453125,-0.0027681841689627617,3.0385475158691406
1720320,274.96,1990,420,864,21.985249370000002,10.153819847106934,-1.7345143884420395,0.0003,0.007990086,0.9157027006149292,0.2,4190,0.6112943887710571,0.054345703125,-0.002183305978542194,4.375467300415039
1724416,278.86,1993,421,865,21.68375492,11.493225890398026,-1.7292666494846345,0.0003,0.007545053,0.9203104972839355,0.2,4200,0.6091280579566956,0.07177734375,-0.003096407859993633,3.5331645011901855
1728512,281.8,1995,422,866,23.517518019999997,14.601145929098129,-1.7189415737986564,0.0003,0.0060526617,0.8870802521705627,0.2,4210,0.6052558422088623,0.0662109375,-0.005354247242212296,3.2430148124694824
1732608,283.88,1998,423,867,23.414593849999996,12.584033280611038,-1.7081130400300026,0.0003,0.004943452,0.8212355375289917,0.2,4220,0.6034694910049438,0.0502685546875,-0.0025976533943321556,2.2881414890289307
1736704,286.87,2000,424,868,18.17058474,17.787335067987442,-1.7014889597892762,0.0003,0.005021184,0.8298909068107605,0.2,4230,0.6019637584686279,0.0445068359375,-0.004464721842668951,4.466114521026611
1740800,285.84,2003,425,868,20.38519394,21.65177744626999,-1.6985336124897004,0.0003,0.004850368,0.880202054977417,0.2,4240,0.602317214012146,0.0449951171875,-0.0034581954998429863,7.330117225646973
1744896,281.53,2005,426,869,21.374298429999996,12.395733380317688,-1.6987099200487137,0.0003,0.0052772393,0.8826082348823547,0.2,4250,0.6033567190170288,0.0551025390625,-0.00625939313613344,4.895130634307861
1748992,287.76,2008,427,870,23.227482189999996,16.458360850811005,-1.6967950940132142,0.0003,0.0049101114,0.8609005212783813,0.2,4260,0.6018977761268616,0.060009765625,-0.0036346500433865002,4.4084320068359375
1753088,292.81,2010,428,871,23.011540420000003,5.652989542484283,-1.6873469218611716,0.0003,0.0067990627,0.8891714215278625,0.2,4270,0.5948456525802612,0.0927978515625,-0.001635853823972866,1.6352719068527222
1757184,289.89,2013,429,872,23.417981490000006,7.87576350569725,-1.673535619676113,0.0003,0.010762183,0.9244674444198608,0.2,4280,0.5932963490486145,0.0930419921875,-0.004096274010953494,2.6121420860290527
1761280,286.96,2015,430,873,26.280046889999998,9.880155175924301,-1.6679553732275962,0.0003,0.0050181774,0.8362240791320801,0.2,4290,0.5919206142425537,0.051123046875,-0.0015114732217625716,2.8747074604034424
1765376,285.01,2018,431,874,29.597780460000003,8.536130094528199,-1.659642894566059,0.0003,0.015580602,0.7989591360092163,0.2,4300,0.5906968116760254,0.108935546875,-0.002719841178623028,3.020678758621216
1769472,280.51,2020,432,875,27.424765859999997,13.37830866575241,-1.6526848137378694,0.0003,0.010281589,0.8267360329627991,0.2,4310,0.5877920985221863,0.1704833984375,0.004902937027509324,5.846368789672852
1773568,280.18,2022,433,876,28.530606309999992,15.368836683034896,-1.6515924096107484,0.0003,0.004538439,0.8487135171890259,0.2,4320,0.5910694599151611,0.0702392578125,-0.00027165189676452427,11.751993179321289
1777664,264.33,2025,434,877,27.14588797,7.7944756805896755,-1.6558313071727753,0.0003,0.00773631,0.915340781211853,0.2,4330,0.5887334942817688,0.0533447265625,-0.002853480698831845,3.9327914714813232
1781760,270.18,2027,435,878,27.776441069999997,11.753012442588807,-1.647192019224167,0.0003,0.005762888,0.9104384779930115,0.2,4340,0.5865774154663086,0.07509765625,-0.0047013048912049275,2.722668170928955
1785856,262.05,2030,436,879,25.00994816,7.629547262191773,-1.6452378362417222,0.0003,0.0074908575,0.8778225183486938,0.2,4350,0.5867685079574585,0.0602783203125,-0.005223967098572757,2.2834744453430176
1789952,269.06,2032,437,880,24.639628440000006,9.36259805560112,-1.6476669698953628,0.0003,0.007964464,0.918214738368988,0.2,4360,0.5875564813613892,0.06337890625,-0.003903853127849288,2.1712896823883057
1794048,263.97,2034,438,881,24.885789089999992,14.986327797174454,-1.6543215408921241,0.0003,0.008576771,0.8480165004730225,0.2,4370,0.5921226143836975,0.0512451171875,-0.002600569315836765,3.5178074836730957
1798144,264.84,2037,439,882,25.16510339,10.866654694080353,-1.6676996886730193,0.0003,0.003366182,0.9161313772201538,0.2,4380,0.5958102345466614,0.07548828125,-0.0037739959108876063,3.432209014892578
1802240,267.58,1982,440,909,22.854459439999996,4.037059861421585,-1.6699480310082435,0.0003,0.008238589,0.9558060765266418,0.2,4390,0.594368040561676,0.06943359375,-0.003872971620876342,0.8855791687965393
1806336,265.02,1985,441,909,20.11841665,25.36274186372757,-1.659932205080986,0.0003,0.009006297,0.8277291655540466,0.2,4400,0.5926918983459473,0.156982421875,0.0030804598121903838,6.2921977043151855
1810432,268.35,1987,442,910,19.462957459999995,16.438487505912782,-1.6594292894005775,0.0003,0.0041733924,0.9121254682540894,0.2,4410,0.5947539210319519,0.0278564453125,-0.0034606463421368973,6.810155868530273
1814528,267.11,1989,443,911,20.00775519,16.75989689230919,-1.664497247338295,0.0003,0.02254291,0.8361916542053223,0.2,4420,0.594861626625061,0.1156494140625,-0.005761628894833848,2.817446231842041
1818624,266.17,1992,444,912,20.987621349999998,9.023547300696373,-1.6683240368962289,0.0003,0.00910935,0.8865104913711548,0.2,4430,0.5972707271575928,0.0787353515625,-0.0028788403258658947,5.171481132507324
1822720,272.91,1994,445,913,21.704778799999996,9.767001315951347,-1.6716756775975228,0.0003,0.0060822964,0.8570197224617004,0.2,4440,0.5938614010810852,0.0843994140625,-0.0037980306035024112,1.579745888710022
1826816,272.95,1996,446,914,22.56233132,6.3127943009138106,-1.6589084163308143,0.0003,0.010122042,0.9177778959274292,0.2,4450,0.5896323919296265,0.081298828125,-0.003217614501772914,1.680601716041565
1830912,297.59,1999,447,915,23.671228069999998,7.842202341556549,-1.6521858006715775,0.0003,0.0066578453,0.9105381369590759,0.2,4460,0.5892758369445801,0.083349609375,-0.0025263828109018506,2.1782009601593018
1835008,297.12,2001,448,916,28.51542504,2.608195002377033,-1.6588109835982323,0.0003,0.051873676,0.9403477907180786,0.2,4470,0.5922992825508118,0.204736328125,0.00143631995015312,0.9968137145042419
1839104,295.78,2003,449,917,29.355430860000002,7.655855745077133,-1.6629595145583154,0.0003,0.0046186503,0.9132567644119263,0.2,4480,0.5927920341491699,0.0425048828125,-0.005264543549856171,2.3344151973724365
1843200,298.09,2006,450,918,28.488789850000003,6.470080736279487,-1.657245123386383,0.0003,0.004975798,0.9121533036231995,0.2,4490,0.5897170305252075,0.06787109375,-0.001811202196404338,1.4452074766159058
1847296,307.1,2008,451,919,28.635211289999997,25.828104937076567,-1.6465443521738052,0.0003,0.0053271097,0.7902419567108154,0.2,4500,0.5870680212974548,0.0597900390625,-0.005210247443756089,6.422567367553711
1851392,301.28,2010,452,920,23.785511650000004,10.557619678974152,-1.6384584128856658,0.0003,0.010343422,0.8539493083953857,0.2,4510,0.5861952304840088,0.0631103515625,-0.005214865641028155,5.984591007232666
1855488,296.23,2013,453,921,19.02591219,18.77204512357712,-1.6396363914012908,0.0003,0.0037355493,0.8689777255058289,0.2,4520,0.5874009132385254,0.024267578125,-0.002201970844180323,6.916610240936279
1859584,282.55,2015,454,922,19.55381654,20.351900160312653,-1.6431473910808563,0.0003,0.007258305,0.8689712285995483,0.2,4530,0.5867803692817688,0.0497802734375,-0.0035464471875457093,5.792486667633057
1863680,275.22,2017,455,923,20.77342272,7.331693071126938,-1.638445334136486,0.0003,0.007823406,0.8826624751091003,0.2,4540,0.5855083465576172,0.069189453125,-0.002900851157028228,1.914288878440857
1867776,276.39,2020,456,924,20.152844849999997,9.1611323595047,-1.6322793632745742,0.0003,0.006568224,0.867424488067627,0.2,4550,0.5865326523780823,0.0728271484375,-0.003987028166011442,3.514767646789551
1871872,262.75,2022,457,925,18.13819541,9.07851941883564,-1.6334953054785728,0.0003,0.0045962315,0.920560359954834,0.2,4560,0.5861396789550781,0.076904296875,-0.0038178513437742367,1.9775621891021729
1875968,262.93,2024,458,926,19.071517720000003,14.35874405503273,-1.6342328786849976,0.0003,0.005377083,0.9151637554168701,0.2,4570,0.5875518321990967,0.053857421875,-0.0038730869768187405,6.259998798370361
1880064,267.46,2026,459,927,24.469075000000007,11.967207473516464,-1.6380093693733215,0.0003,0.010677872,0.922863245010376,0.2,4580,0.5869640707969666,0.0754150390625,-0.0053535450075287375,3.2100813388824463
1884160,274.13,2029,460,928,26.701135510000004,6.698312285542488,-1.639784562587738,0.0003,0.006152069,0.8933191299438477,0.2,4590,0.5866873264312744,0.077978515625,-0.003398970242415089,1.7811627388000488
1888256,270.63,2031,461,929,26.488245190000008,5.065594163537026,-1.6453372702002524,0.0003,0.0068816864,0.8919603228569031,0.2,4600,0.5867670178413391,0.06357421875,-0.0037630022299708797,1.5313953161239624
1892352,277.38,2033,462,930,27.25320925,6.887937903404236,-1.6465746015310287,0.0003,0.0046362313,0.8656343221664429,0.2,4610,0.5884944200515747,0.0638916015625,-0.0041108400735538455,1.6651185750961304
1896448,282.99,2036,463,931,26.636054180000002,2.8429096326231957,-1.6483240574598312,0.0003,0.009546552,0.9434336423873901,0.2,4620,0.5853997468948364,0.08037109375,-0.005128736727056093,0.7650282979011536
1900544,291.13,1985,464,957,27.817122870000002,7.224908220767975,-1.6451561897993088,0.0003,0.009188114,0.8954185247421265,0.2,4630,0.5877633690834045,0.0879150390625,-0.005559973968775012,1.7599995136260986
1904640,289.75,1988,465,958,31.0302575,4.78666330575943,-1.6554054766893387,0.0003,0.020008067,0.9354480504989624,0.2,4640,0.5883139371871948,0.0777587890625,-0.0019388090950087644,1.5256015062332153
1908736,289.63,1990,466,958,27.608731390000003,9.641285693645477,-1.660999310016632,0.0003,0.005602694,0.9036595225334167,0.2,4650,0.5904910564422607,0.110205078125,-0.0026629223430063576,3.058171510696411
1912832,292.51,1992,467,959,27.81721745,8.46675963997841,-1.6608358547091484,0.0003,0.0034818605,0.9288020730018616,0.2,4660,0.5869739651679993,0.0648681640625,-0.0022717104031471534,2.780949831008911
1916928,302.34,1994,468,960,24.885044390000004,14.616779386997223,-1.6546313509345054,0.0003,0.006629412,0.8570760488510132,0.2,4670,0.5868124961853027,0.0650634765625,-0.0032280282539431937,5.0687150955200195
1921024,305.76,1997,469,961,24.145775799999996,16.308970713615416,-1.6540026038885116,0.0003,0.0046590045,0.8623828887939453,0.2,4680,0.5853554010391235,0.053857421875,-0.004303606619942002,5.98905086517334
1925120,288.67,1999,470,962,22.90511765,8.76108040213585,-1.6546808704733849,0.0003,0.004675512,0.876496434211731,0.2,4690,0.5883597731590271,0.03115234375,-0.0028470604185713453,3.244643211364746
1929216,283.99,2001,471,963,24.384608349999997,26.278725957870485,-1.661023034155369,0.0003,0.007965207,0.631317138671875,0.2,4700,0.5883076190948486,0.0414306640625,-0.004541402834001928,14.664198875427246
1933312,277.88,2003,472,964,22.222457690000002,7.187470272183418,-1.6614139959216119,0.0003,0.007571128,0.8676446080207825,0.2,4710,0.5903053283691406,0.0605712890625,-0.0036157335503958165,1.9855366945266724
1937408,269.84,2005,473,965,20.084404229999997,19.23045778274536,-1.6667297884821892,0.0003,0.004257558,0.8632620573043823,0.2,4720,0.590719997882843,0.111962890625,0.0008620469947345555,6.93178129196167
1941504,258.41,2008,474,966,20.870585860000002,13.142248272895813,-1.664310796558857,0.0003,0.0038490088,0.9218242168426514,0.2,4730,0.588102400302887,0.02275390625,-0.00264540049538482,3.1498165130615234
1945600,258.34,2010,475,967,20.4557784,11.014784091711045,-1.6579692468047142,0.0003,0.004149397,0.8806267976760864,0.2,4740,0.5880956053733826,0.0499755859375,-0.0031621497648302464,4.575603008270264
1949696,259.78,2012,476,968,20.606695119999998,12.051287961006164,-1.6547764599323274,0.0003,0.017544786,0.8751548528671265,0.2,4750,0.5865445733070374,0.1211669921875,-0.0010166600899538026,3.0414490699768066
1953792,271.71,2014,477,969,22.06762624,10.07923744916916,-1.64791396856308,0.0003,0.008320329,0.8524436950683594,0.2,4760,0.5840397477149963,0.081298828125,-0.0009393741813255474,3.135833978652954
1957888,272.79,2017,478,970,22.947926860000003,4.041586366295815,-1.6319863721728325,0.0003,0.012038223,0.9350870847702026,0.2,4770,0.5764142870903015,0.1320068359375,-0.004930962130310945,1.161512851715088
1961984,289.23,2019,479,971,26.25192754,3.745211759209633,-1.6164731085300446,0.0003,0.0056613125,0.9175388216972351,0.2,4780,0.5751086473464966,0.1240234375,-0.000704887107713148,1.093462347984314
1966080,299.92,2021,480,972,28.582041889999992,13.342104613780975,-1.6136115074157715,0.0003,0.0055672238,0.872524082660675,0.2,4790,0.5762296319007874,0.069921875,-0.005727830977411941,3.182188034057617
1970176,296.8,2023,481,973,27.700393289999997,19.011646741628645,-1.6211966753005982,0.0003,0.005215019,0.7952814102172852,0.2,4800,0.5785211324691772,0.0589599609375,-0.0037577357434201986,5.619138240814209
1974272,302.66,2025,482,974,29.42893939,10.098430198431014,-1.6283905729651451,0.0003,0.007377982,0.8805992603302002,0.2,4810,0.5803743600845337,0.054541015625,-0.004162213977542706,3.22375750541687
1978368,295.46,2028,483,975,30.421566420000005,8.855342611670494,-1.6385049566626548,0.0003,0.004410183,0.8604773879051208,0.2,4820,0.5841566324234009,0.0662841796875,-0.00311128536995966,2.217916250228882
1982464,295.97,2030,484,976,28.279241459999998,7.850223040580749,-1.6532633408904076,0.0003,0.0111385565,0.8688576817512512,0.2,4830,0.5880151987075806,0.071240234375,-0.003738121423521079,2.390265464782715
1986560,305.53,2032,485,977,26.79264705,8.026149952411652,-1.661406233906746,0.0003,0.007984683,0.881016731262207,0.2,4840,0.5884323120117188,0.0721435546875,-0.001432151130575221,2.409271717071533
1990656,303.31,2034,486,978,22.321589959999997,6.49186797440052,-1.6647164538502692,0.0003,0.0087394845,0.924364447593689,0.2,4850,0.5914139151573181,0.0826416015625,-0.0044413313298719,1.9828494787216187
1994752,287.24,2036,487,979,22.93210888,10.705969959497452,-1.6660023659467698,0.0003,0.004491267,0.8937128782272339,0.2,4860,0.5907731652259827,0.054150390625,-0.003955670050345361,2.9504990577697754
1998848,281.84,2038,488,980,23.743849179999998,16.503069311380386,-1.666992473602295,0.0003,0.0066186474,0.8225769996643066,0.2,4870,0.5920804142951965,0.0785400390625,-0.007768902354291641,2.8494679927825928
2002944,275.87,1990,489,1006,23.37813988,14.24239410161972,-1.6750712975859643,0.0003,0.007588427,0.8521005511283875,0.2,4880,0.5942884683609009,0.0444091796875,-0.0029712777759414166,5.939662456512451
2007040,290.46,1992,490,1007,21.792445309999998,8.657093060016631,-1.678161370754242,0.0003,0.006569534,0.8613210916519165,0.2,4890,0.5927199125289917,0.070849609375,-0.006422639593074564,3.7510437965393066
2011136,288.91,1995,491,1008,22.84762603,5.224274614453316,-1.673364382982254,0.0003,0.006764648,0.932624340057373,0.2,4900,0.5920516848564148,0.1119873046875,-0.0023726816245471126,2.1231465339660645
2015232,287.72,1997,492,1008,21.17432304,6.501872920989991,-1.669834890961647,0.0003,0.0077318903,0.8929569125175476,0.2,4910,0.5943249464035034,0.1041748046875,-0.003642855701036751,1.7453988790512085
2019328,279.79,1999,493,1009,25.23014128,14.13512447476387,-1.6714009538292884,0.0003,0.005286074,0.8935983180999756,0.2,4920,0.5911877751350403,0.0791748046875,-0.0038535610132385046,4.8740620613098145
2023424,292.61,2001,494,1010,28.555168249999998,13.267775911092759,-1.6605387836694718,0.0003,0.0050362176,0.857632040977478,0.2,4930,0.5894567966461182,0.0538330078125,-0.0038574275007704274,4.241086006164551
2027520,293.68,2003,495,1011,28.22650385,15.816809833049774,-1.6598895102739335,0.0003,0.007903146,0.8343554735183716,0.2,4940,0.5906194448471069,0.0652099609375,-0.004851776457508094,4.4202399253845215
2031616,284.42,2005,496,1012,26.20576749,3.965029799938202,-1.6573073387145996,0.0003,0.009193549,0.950169563293457,0.2,4950,0.590622067451477,0.075439453125,-0.00348083971766755,1.237054705619812
2035712,272.71,2007,497,1013,24.575743029999995,10.968313920497895,-1.65288452655077,0.0003,0.0071597374,0.935625433921814,0.2,4960,0.5908650755882263,0.0912353515625,-0.004522775285295211,3.383209466934204
2039808,289.72,2009,498,1014,23.873718329999996,16.153722620010377,-1.6524135053157807,0.0003,0.009458825,0.8891753554344177,0.2,4970,0.5904583930969238,0.09228515625,-0.007579258031910285,7.612142562866211
2043904,289.36,2011,499,1015,24.56057438,3.800298568606377,-1.6446198716759681,0.0003,0.013738677,0.9605443477630615,0.2,4980,0.5849965214729309,0.1283935546875,-0.003359668329358101,2.2717537879943848
2048000,290.01,2014,500,1016,25.641964669999993,6.418130028247833,-1.6327445939183236,0.0003,0.008606222,0.8873046636581421,0.2,4990,0.5837992429733276,0.091015625,-0.00347641321568517,1.1996979713439941
2052096,303.16,2016,501,1017,26.057257540000002,5.046244809031487,-1.628075648844242,0.0003,0.016853318,0.9203938841819763,0.2,5000,0.5794423222541809,0.120751953125,-0.004069174281903542,1.1000970602035522
2056192,306.37,2018,502,1018,27.13727768,4.957369804382324,-1.6116611123085023,0.0003,0.010123536,0.9154054522514343,0.2,5010,0.5740465521812439,0.11865234375,-0.005475898055010475,1.4406986236572266
2060288,296.09,2020,503,1019,23.24754457,2.587256647646427,-1.5930275544524193,0.0003,0.0069071255,0.950735330581665,0.2,5020,0.5694669485092163,0.0774658203125,-0.00562204500020016,0.6164888143539429
2064384,315.1,2022,504,1020,28.686753029999995,15.733818143606186,-1.5858249634504318,0.0003,0.0052775666,0.8580411076545715,0.2,5030,0.5695319175720215,0.0716796875,-0.0029381110216490924,4.427814960479736
2068480,317.18,2024,505,1021,29.588397529999998,4.801720988750458,-1.5798440486192704,0.0003,0.008841423,0.8993794918060303,0.2,5040,0.5646265149116516,0.0763916015625,-0.005089577716717031,1.8602895736694336
2072576,301.74,2026,506,1022,31.28264435,9.352585470676422,-1.566138131916523,0.0003,0.0060089864,0.8689352869987488,0.2,5050,0.562687337398529,0.0634033203125,-0.004665026336442679,2.251979351043701
2076672,299.39,2028,507,1023,28.58904401,12.342722028493881,-1.5614796444773673,0.0003,0.004004433,0.8560757637023926,0.2,5060,0.5607275366783142,0.058154296875,-0.003714816087449435,3.637037992477417
2080768,292.15,2030,508,1024,28.456656460000005,12.899246793985366,-1.5639383152127266,0.0003,0.006345873,0.855778694152832,0.2,5070,0.5626035332679749,0.0505126953125,-0.004658694419777021,2.9752426147460938
2084864,291.78,2032,509,1025,28.730079469999996,9.465229821205138,-1.5695098146796227,0.0003,0.0061434773,0.8758365511894226,0.2,5080,0.5647929906845093,0.0521728515625,-0.004505966368014924,4.337059020996094
2088960,310.13,2034,510,1026,32.057715990000005,6.507631161808968,-1.5713588118553161,0.0003,0.0059603783,0.9109501242637634,0.2,5090,0.5662251710891724,0.058251953125,-0.0042373594857053835,1.6120141744613647
2093056,302.89,2036,511,1027,32.86954725,3.4730072051286696,-1.5689144864678384,0.0003,0.013002833,0.904560387134552,0.2,5100,0.563177227973938,0.128564453125,-0.0007608975778566673,1.1166330575942993
2097152,304.06,2038,512,1028,30.928534990000003,9.829016324877738,-1.5585782125592231,0.0003,0.008338049,0.897951602935791,0.2,5110,0.5615125894546509,0.08369140625,-0.005949852155754343,4.210475444793701
2101248,308.64,1993,513,1053,29.746259300000002,8.112407079339027,-1.5576673611998557,0.0003,0.006186396,0.8918368816375732,0.2,5120,0.561244785785675,0.0604736328125,-0.0033788668966735712,3.3505868911743164
2105344,307.86,1995,514,1054,30.952838470000007,2.87495978474617,-1.5508072093129157,0.0003,0.009847658,0.9640604257583618,0.2,5130,0.5565780997276306,0.14130859375,-0.004201007686788216,1.1133530139923096
2109440,302.03,1998,515,1055,29.913145380000007,13.685631728172302,-1.540756270289421,0.0003,0.0059245406,0.8039581179618835,0.2,5140,0.555046558380127,0.1605224609375,0.0010934598394669592,3.4375858306884766
2113536,302.1,2000,516,1056,30.47009958,5.108127179741859,-1.541421253979206,0.0003,0.009643854,0.8375129699707031,0.2,5150,0.5572097897529602,0.079443359375,-0.004660741816041991,1.3342958688735962
2117632,300.27,2002,517,1057,28.618516080000003,9.636328321695327,-1.543525867164135,0.0003,0.008010907,0.8918066620826721,0.2,5160,0.5577252507209778,0.0768310546875,-0.0033772493188735098,4.200588703155518
2121728,294.96,2004,518,1058,26.062684460000003,8.877956140041352,-1.542050774395466,0.0003,0.008632571,0.8845314383506775,0.2,5170,0.5562965869903564,0.0739013671875,-0.002694839597097598,1.4268505573272705
2125824,291.88,2006,519,1059,27.55542825,18.189254355430602,-1.5404052123427392,0.0003,0.0043414007,0.8478312492370605,0.2,5180,0.5562340021133423,0.102880859375,-0.0009434325795155019,5.098234176635742
2129920,288.46,2008,520,1060,27.244484309999994,4.425002881884575,-1.5390031263232231,0.0003,0.012895404,0.9207488298416138,0.2,5190,0.5530837178230286,0.132763671875,-0.0025257683388190343,1.6935360431671143
2134016,284.96,2010,521,1061,27.259986940000005,13.642801356315612,-1.534538021683693,0.0003,0.0063271797,0.8745658993721008,0.2,5200,0.5543065071105957,0.071435546875,-0.004627908687689341,4.256174564361572
2138112,291.04,2012,522,1062,26.102967200000002,12.79437814950943,-1.5384844243526459,0.0003,0.009691997,0.8956580758094788,0.2,5210,0.5554102659225464,0.040478515625,-0.002333357426687144,6.833654403686523
2142208,280.19,2014,523,1063,26.50627879,4.094693289697171,-1.536169448494911,0.0003,0.0097219385,0.9195933938026428,0.2,5220,0.5515137314796448,0.0942626953125,-0.0017473125059041194,1.3307627439498901
2146304,278.8,2016,524,1064,25.56013065,10.457571667432784,-1.5311794251203537,0.0003,0.005284165,0.8358187079429626,0.2,5230,0.551552951335907,0.0968017578125,-0.002359210848226212,3.6402158737182617
2150400,275.94,2018,525,1065,26.96104899,16.970852613449097,-1.534805752336979,0.0003,0.0039389743,0.7687551975250244,0.2,5240,0.5523834228515625,0.0348876953125,-0.0038869167285156435,8.064821243286133
2154496,263.12,2020,526,1066,25.915013300000002,7.993858495354653,-1.538460409641266,0.0003,0.0077098873,0.925372838973999,0.2,5250,0.552742063999176,0.0421142578125,-0.0032408524508355185,2.0902786254882812
2158592,265.99,2022,527,1067,28.723420509999997,10.72980286180973,-1.5340554296970368,0.0003,0.0071370327,0.8623220920562744,0.2,5260,0.5508990287780762,0.0572021484375,-0.002337428345344961,5.058701038360596
2162688,268.28,2024,528,1068,30.010469849999996,3.854256998002529,-1.524197344481945,0.0003,0.0096171275,0.9571243524551392,0.2,5270,0.5498928427696228,0.1018798828125,-0.004534268099814653,0.9682298898696899
2166784,264.41,2026,529,1069,27.99076908,4.089192406833172,-1.518583309650421,0.0003,0.007746261,0.9541583061218262,0.2,5280,0.5525342226028442,0.0892333984375,-0.004673382037435658,1.0723882913589478
2170880,278.72,2028,530,1070,27.650196000000005,5.739608210325241,-1.5250310018658637,0.0003,0.008297641,0.8614393472671509,0.2,5290,0.556344747543335,0.0730712890625,-0.002588986768387258,1.3817861080169678
2174976,286.39,2030,531,1071,28.909076799999994,9.051744937896729,-1.5302679032087325,0.0003,0.0070933057,0.9094772934913635,0.2,5300,0.5547887086868286,0.06533203125,-0.0033023488824255763,2.78882098197937
2179072,292.81,2032,532,1072,28.75801846,4.035234077274799,-1.5176453426480294,0.0003,0.0124903675,0.926462709903717,0.2,5310,0.5485805869102478,0.1073486328125,-0.0029318427958060058,2.4929020404815674
2183168,303.3,2034,533,1073,30.37506347,7.993947979807854,-1.4977271467447282,0.0003,0.007674682,0.9045759439468384,0.2,5320,0.5463599562644958,0.06552734375,-0.0027045579452533277,2.4013431072235107
2187264,306.7,2036,534,1074,29.915379879999996,7.643193638324737,-1.4905583262443542,0.0003,0.0072716745,0.8701955676078796,0.2,5330,0.5446585416793823,0.0607421875,-0.003352758483379148,2.4669198989868164
2191360,311.96,2038,535,1075,30.04829453,14.903797483444214,-1.488448542356491,0.0003,0.0062391115,0.8146162033081055,0.2,5340,0.5423965454101562,0.0983154296875,-0.0026455657120095567,4.865286827087402
2195456,318.28,2039,536,1076,29.59513155,12.384553223848343,-1.4836648494005202,0.0003,0.006289829,0.8362275958061218,0.2,5350,0.5434114933013916,0.0731689453125,-0.002008422683866229,2.390172243118286
2199552,299.73,2041,537,1077,27.71350106,3.1534134268760683,-1.4969601184129715,0.0003,0.009711269,0.9199564456939697,0.2,5360,0.5499051213264465,0.0947509765625,-0.002669982853694819,0.9453809857368469
2203648,288.03,1998,538,1102,28.229843550000002,23.456360471248626,-1.5136323243379592,0.0003,0.0040179985,0.7961632609367371,0.2,5370,0.5514089465141296,0.10751953125,-0.0008350537260412239,10.447555541992188
2207744,280.66,2000,539,1103,29.050091359999996,9.555118298530578,-1.5190094828605651,0.0003,0.006425773,0.8645462989807129,0.2,5380,0.5540324449539185,0.06455078125,-0.004050311370519921,4.238607406616211
2211840,281.55,2002,540,1104,27.38751941,7.5281609266996385,-1.5212378546595573,0.0003,0.007564305,0.8856939077377319,0.2,5390,0.5511568188667297,0.071142578125,-0.0032662482757586987,2.687237501144409
2215936,283.74,2004,541,1105,28.61156784,15.251836851239204,-1.5118635043501853,0.0003,0.010085465,0.8481939435005188,0.2,5400,0.5505033731460571,0.067626953125,-0.0031779315148014577,6.474303245544434
2220032,285.22,2005,542,1106,26.512512580000003,10.930486676096915,-1.5085999965667725,0.0003,0.0034400136,0.8228929042816162,0.2,5410,0.5506235361099243,0.050537109375,-0.0027603675262071192,2.843090534210205
2224128,279.13,2007,543,1107,26.285148989999996,10.038141965866089,-1.5064556196331977,0.0003,0.0060407217,0.9141413569450378,0.2,5420,0.5471656322479248,0.0659912109375,-0.004075275588547811,1.9362677335739136
2228224,291.41,2009,544,1108,26.505541319999992,3.047435627877712,-1.4975275799632073,0.0003,0.008909656,0.9572710990905762,0.2,5430,0.5469471216201782,0.08154296875,-0.00747017050452996,1.209110975265503
2232320,304.1,2011,545,1109,26.83134992,9.272219726443291,-1.4905480667948723,0.0003,0.0070373323,0.903281569480896,0.2,5440,0.5445032119750977,0.0853759765625,-0.0038717058254405857,2.186715602874756
2236416,307.9,2013,546,1110,26.0530664,9.096675208210945,-1.4837578684091568,0.0003,0.009250186,0.8540025949478149,0.2,5450,0.5427971482276917,0.0594970703125,-0.000601026885851752,3.450651168823242
2240512,295.89,2015,547,1111,25.275084059999994,13.69544390141964,-1.482072751224041,0.0003,0.0060263122,0.8485987186431885,0.2,5460,0.5423842668533325,0.05595703125,-0.0054577623057411985,8.585479736328125
2244608,291.21,2017,548,1112,24.24156743,8.635370802879333,-1.4856639072299003,0.0003,0.00680791,0.9029948115348816,0.2,5470,0.5442812442779541,0.0720458984375,-0.004373399168252945,3.522883415222168
2248704,292.08,2019,549,1113,24.892011180000004,12.778507959842681,-1.4896178439259529,0.0003,0.0057181157,0.8658164143562317,0.2,5480,0.5466636419296265,0.0716064453125,-0.005691077577648684,3.6407177448272705
2252800,292.62,2021,550,1114,25.194312530000005,16.047024762630464,-1.4934730887413026,0.0003,0.008657704,0.8542019724845886,0.2,5490,0.5478937029838562,0.0625244140625,-0.0056139183187042365,4.496607303619385
2256896,267.72,2023,551,1115,23.20731767,9.421968162059784,-1.488171499967575,0.0003,0.005639698,0.8474541902542114,0.2,5500,0.5441521406173706,0.051171875,-0.004232554821646773,1.9031239748001099
2260992,268.05,2025,552,1116,26.607436389999997,20.76453140974045,-1.4816976681351661,0.0003,0.0050210934,0.8227280378341675,0.2,5510,0.5458903908729553,0.03388671875,-0.003647854752489366,3.7515921592712402
2265088,278.51,2026,553,1117,26.792259169999998,7.632477700710297,-1.484693492949009,0.0003,0.007327323,0.9075695276260376,0.2,5520,0.5442667603492737,0.059228515625,-0.0066475144063588235,2.434727430343628
2269184,285.83,2028,554,1118,25.90535069,7.540728834271431,-1.4733323827385902,0.0003,0.0076134903,0.9150480031967163,0.2,5530,0.5420063138008118,0.10234375,-0.0026936551148537546,1.6299887895584106
2273280,287.84,2030,555,1119,25.23776516,12.348976719379426,-1.473009704053402,0.0003,0.0052232216,0.8487322926521301,0.2,5540,0.5444403886795044,0.0719482421875,-0.0033594327163882554,2.849426746368408
2277376,285.53,2032,556,1120,28.151924860000005,16.24624510407448,-1.4761617228388786,0.0003,0.008290683,0.9045222997665405,0.2,5550,0.5417882204055786,0.120654296875,-0.002256630887859501,3.8300728797912598
2281472,279.31,2034,557,1121,26.752286799999997,4.599372547864914,-1.4690369620919228,0.0003,0.008301761,0.9341410994529724,0.2,5560,0.5420981645584106,0.068310546875,-0.005673424014821649,1.970720887184143
2285568,289.21,2036,558,1122,27.627646130000006,8.007083439826966,-1.4724755689501763,0.0003,0.009649618,0.921143651008606,0.2,5570,0.5441056489944458,0.0977294921875,-0.005236272292677313,1.5638978481292725
2289664,296.29,2038,559,1123,27.14225747,11.379303309321404,-1.478109347820282,0.0003,0.00449232,0.8844226002693176,0.2,5580,0.5443135499954224,0.08544921875,-0.0029815455665811895,3.451000928878784
2293760,285.04,2039,560,1124,24.665516189999998,10.440284329652787,-1.4780674323439598,0.0003,0.0043957345,0.893386960029602,0.2,5590,0.5434540510177612,0.0696533203125,-0.002179696396342479,2.0946314334869385
2297856,287.71,2041,561,1125,26.37177901,15.691566240787505,-1.4807053089141846,0.0003,0.0062613324,0.8676881790161133,0.2,5600,0.5446541905403137,0.0644287109375,-0.005450423996080644,4.056657314300537
2301952,293.23,1999,562,1151,26.87832078,5.92446194589138,-1.487499539554119,0.0003,0.008433373,0.9126030802726746,0.2,5610,0.5471383929252625,0.062939453125,-0.003980654978659004,2.180332660675049
2306048,295.89,2001,563,1152,27.083785620000004,5.385727599263191,-1.4928457856178283,0.0003,0.026287295,0.873475968837738,0.2,5620,0.5503702759742737,0.136767578125,-0.0017638978984905406,1.1933952569961548
2310144,294.91,2003,564,1153,26.939851150000003,7.239454913139343,-1.4926284939050674,0.0003,0.022807814,0.9157761335372925,0.2,5630,0.550195574760437,0.10986328125,-0.0007299685385078192,1.7053239345550537
2314240,298.47,2005,565,1154,24.22798077,15.706255096197129,-1.4856785595417024,0.0003,0.008405944,0.8835089802742004,0.2,5640,0.5485791563987732,0.0880126953125,-0.003567621771071572,9.223536491394043
2318336,299.07,2007,566,1155,25.727247820000002,6.240943419933319,-1.476611578464508,0.0003,0.007531577,0.9259885549545288,0.2,5650,0.5473916530609131,0.096826171875,-0.003940228678402491,2.172537326812744
2322432,318.4,2009,567,1155,26.171688279999998,6.214146435260773,-1.470098552107811,0.0003,0.0077239317,0.9326997399330139,0.2,5660,0.5446214079856873,0.08642578125,-0.0052372677739185745,2.3111698627471924
2326528,316.71,2010,568,1156,25.35300553999999,5.722692489624023,-1.4632292211055755,0.0003,0.0040110033,0.9257680773735046,0.2,5670,0.5415931940078735,0.1362060546875,0.00011787111288867891,1.6687943935394287
2330624,319.5,2012,569,1157,26.292999469999994,10.841134703159332,-1.4591307505965232,0.0003,0.0075511397,0.8933267593383789,0.2,5680,0.5442262291908264,0.06875,-0.005437645057099871,3.1494271755218506
2334720,319.6,2014,570,1158,25.458247059999998,2.4847938433289527,-1.4620277926325798,0.0003,0.029211849,0.9655673503875732,0.2,5690,0.5448346734046936,0.18896484375,0.0026259825273882596,0.6191421151161194
2338816,315.95,2016,571,1159,27.412688749999997,3.9332412824034693,-1.4549923077225686,0.0003,0.008487787,0.9321529269218445,0.2,5700,0.5419591069221497,0.1273193359375,-0.004316317255143076,2.821680784225464
2342912,318.1,2018,572,1160,29.017464000000004,5.082814009487629,-1.4529555082321166,0.0003,0.003947092,0.8334217071533203,0.2,5710,0.5471730828285217,0.0744873046875,7.899491174612194e-05,0.8252338767051697
2347008,315.68,2020,573,1161,29.30161109999999,6.651176278293133,-1.459850436449051,0.0003,0.011784804,0.908939778804779,0.2,5720,0.5461483001708984,0.10703125,-0.0027034896789700723,3.452181816101074
2351104,301.6,2022,574,1162,32.337639880000005,4.341700550913811,-1.4555057466030121,0.0003,0.008923566,0.9236040711402893,0.2,5730,0.547592282295227,0.0665771484375,-0.0047797705716220665,1.209714651107788
2355200,300.68,2023,575,1163,32.27195627,6.577978402376175,-1.4550113379955292,0.0003,0.006685278,0.8915519118309021,0.2,5740,0.5473191738128662,0.0681396484375,-0.004837199696339667,2.0214850902557373
2359296,293.38,2025,576,1164,29.761584949999996,7.36207049190998,-1.44919643253088,0.0003,0.0110456105,0.9101449847221375,0.2,5750,0.5461484789848328,0.0861328125,-0.003894714210764505,2.245880365371704
2363392,279.61,2027,577,1165,25.98429952,10.454200112819672,-1.442096084356308,0.0003,0.009291457,0.9236976504325867,0.2,5760,0.5424478650093079,0.052197265625,-0.0038375150441424923,2.2855818271636963
2367488,291.7,2029,578,1166,27.024639540000006,12.930362904071808,-1.433173543214798,0.0003,0.0041708015,0.9308673739433289,0.2,5770,0.5416105389595032,0.038134765625,-0.004332060132583138,3.635164260864258
2371584,298.72,2031,579,1167,28.70212391,3.322069761157036,-1.4357090771198273,0.0003,0.0077404073,0.9241064786911011,0.2,5780,0.5419819951057434,0.1037841796875,-0.0027830827340949325,0.9547471404075623
2375680,291.54,2033,580,1168,30.52896847,3.877848872542381,-1.4247390940785407,0.0003,0.007823337,0.9102180600166321,0.2,5790,0.53469318151474,0.1314208984375,-0.00292107673958526,1.1035579442977905
2379776,289.19,2034,581,1169,28.308825309999996,9.355905103683472,-1.4045200869441032,0.0003,0.009191529,0.7307426929473877,0.2,5800,0.5334200859069824,0.080029296875,-0.005368273294880055,2.361656427383423
2383872,287.21,2036,582,1170,29.44093438000001,3.962144596874714,-1.3976288080215453,0.0003,0.0054737437,0.9588803648948669,0.2,5810,0.5329804420471191,0.077392578125,-0.0036127157422015444,1.2918792963027954
2387968,288.9,2038,583,1171,32.15917864,9.364886242151261,-1.3959197834134103,0.0003,0.009175507,0.7721021175384521,0.2,5820,0.5309279561042786,0.0825439453125,-0.004425698675913736,3.4481003284454346
2392064,291.04,2040,584,1172,33.63597516,3.1773320585489273,-1.3863562524318696,0.0003,0.017959349,0.9359565377235413,0.2,5830,0.5287147760391235,0.094140625,-0.0025648589653428644,0.7761237025260925
2396160,298.47,2042,585,1173,34.22044449,12.768084192276001,-1.380020172894001,0.0003,0.0045602173,0.9139865040779114,0.2,5840,0.5280264019966125,0.06708984375,-0.004181952498038299,3.652094602584839
2400256,295.99,2002,586,1198,33.15872881,4.274509641528129,-1.3792883291840554,0.0003,0.008665832,0.9459689259529114,0.2,5850,0.5291991829872131,0.06220703125,-0.006155668932478875,1.112918734550476
2404352,290.74,2004,587,1199,31.423136419999995,7.625046715140343,-1.3817052304744721,0.0003,0.008795585,0.8465974926948547,0.2,5860,0.5304403901100159,0.086669921875,-0.0013754248051554897,1.9216718673706055
2408448,291.92,2006,588,1200,30.860935809999997,4.192657040059567,-1.38780435025692,0.0003,0.009156978,0.9382940530776978,0.2,5870,0.5345001220703125,0.0888427734375,-0.006608412557397969,1.3848077058792114
2412544,290.1,2008,589,1201,30.10258045,4.974607199430466,-1.3948530122637748,0.0003,0.0049467846,0.943941056728363,0.2,5880,0.5348725914955139,0.0830322265625,-0.0019780270537012256,1.39972722530365
2416640,291.7,2009,590,1202,30.0853522,7.780846130847931,-1.3923827424645423,0.0003,0.004217664,0.8580197691917419,0.2,5890,0.535586416721344,0.020849609375,-0.0021515863656532018,2.2409915924072266
2420736,291.42,2011,591,1203,30.68551056,4.037785364687442,-1.3892695397138595,0.0003,0.009533269,0.9389682412147522,0.2,5900,0.5330389142036438,0.06201171875,-0.0013512509089196102,1.208613395690918
2424832,279.67,2013,592,1204,30.7746451,16.43080033659935,-1.381637641787529,0.0003,0.0038215616,0.8723490238189697,0.2,5910,0.5338248014450073,0.033935546875,-0.003535080411529634,5.675973892211914
2428928,286.95,2015,593,1205,27.78638531,4.503756700456142,-1.3833231762051583,0.0003,0.0068161716,0.9406115412712097,0.2,5920,0.5319006443023682,0.0725341796875,-0.004283378188847564,1.7443253993988037
2433024,300.91,2017,594,1206,29.756586199999997,5.751975354552269,-1.3805514469742775,0.0003,0.00831331,0.932206928730011,0.2,5930,0.5307555794715881,0.091064453125,-0.004618102751555853,0.9794269800186157
2437120,296.42,2018,595,1207,29.361099669999998,3.071528950333595,-1.3737375065684319,0.0003,0.012400562,0.9436348080635071,0.2,5940,0.526867687702179,0.0931884765625,-0.006500271864933893,0.7151830196380615
2441216,296.13,2020,596,1208,30.775777379999994,5.243401268124581,-1.3649440735578537,0.0003,0.011119614,0.9259445071220398,0.2,5950,0.5290213823318481,0.1379638671875,-0.0024429723649518563,1.3317301273345947
2445312,311.14,2022,597,1209,31.24347296,7.477937459945679,-1.3653099060058593,0.0003,0.0072139055,0.8960277438163757,0.2,5960,0.5270942449569702,0.0901123046875,-0.0024354599561775105,2.044633388519287
2449408,304.06,2024,598,1210,32.33472085999999,10.051513767242431,-1.3618313789367675,0.0003,0.006058432,0.8747844099998474,0.2,5970,0.528174638748169,0.0545166015625,-0.0032643402024405076,4.680490016937256
2453504,303.05,2025,599,1211,32.13585594,6.630432794988155,-1.3610659152269364,0.0003,0.006346293,0.8761440515518188,0.2,5980,0.5293411016464233,0.0794921875,-0.004937390869599767,1.050443172454834
2457600,296.87,2027,600,1212,34.37281631,14.575029289722442,-1.3631265804171562,0.0003,0.0040044864,0.6716070175170898,0.2,5990,0.5323543548583984,0.0246337890625,-0.004179193181334995,3.7275075912475586
2461696,292.42,2029,601,1213,34.40120032,2.3765242978930474,-1.3671517014503478,0.0003,0.013457784,0.9191412925720215,0.2,6000,0.53284752368927,0.0896240234375,-0.0026695548775023782,0.7858777046203613
2465792,299.26,2031,602,1213,37.27032463,9.938287663459779,-1.3613575413823127,0.0003,0.00472424,0.8274620175361633,0.2,6010,0.5285120606422424,0.048046875,-0.0015838330044061876,2.7803409099578857
2469888,304.9,2033,603,1214,36.70178867,3.573486641049385,-1.3534123867750167,0.0003,0.005645591,0.8340189456939697,0.2,6020,0.5290212631225586,0.066455078125,-0.004670514112513046,1.1812772750854492
2473984,314.48,2034,604,1215,35.6756739,9.591215628385545,-1.356064996123314,0.0003,0.009070442,0.9017409682273865,0.2,6030,0.5296293497085571,0.0977783203125,-0.002648218657122925,1.5833683013916016
2478080,293.57,2036,605,1216,31.838457280000004,3.193838833272457,-1.3519863843917848,0.0003,0.0066866875,0.8897818326950073,0.2,6040,0.5266029834747314,0.08798828125,-0.0006895671933307313,0.7598776817321777
2482176,288.63,2038,606,1217,32.489628159999995,14.805370450019836,-1.3442240819334983,0.0003,0.0053279707,0.8660450577735901,0.2,6050,0.5266110897064209,0.050439453125,-0.0032597331926808694,6.819069862365723
2486272,296.43,2039,607,1218,29.99282649,3.2316400587558745,-1.3495725676417352,0.0003,0.011603086,0.9543149471282959,0.2,6060,0.5307461023330688,0.090234375,-0.0038662835926515982,0.6212369799613953
2490368,286.53,2041,608,1219,30.13095398,3.8566685631871223,-1.3637638062238693,0.0003,0.007275711,0.9290001392364502,0.2,6070,0.5312606692314148,0.1280517578125,-0.00309943983447738,0.7448469996452332
2494464,303.11,2043,609,1220,28.133329099999997,5.035560220479965,-1.3698980689048768,0.0003,0.0063000475,0.906224250793457,0.2,6080,0.5330867171287537,0.0607177734375,-0.004674538542167284,1.2996617555618286
2498560,295.83,2045,610,1221,26.175537149999997,5.061304661631584,-1.3708495408296586,0.0003,0.0070378324,0.9186728000640869,0.2,6090,0.5321428179740906,0.0666259765625,-0.004048447636887431,1.0713545083999634
2502656,295.1,2008,611,1246,26.859457009999996,5.082697464525699,-1.3651380717754364,0.0003,0.012071971,0.9375423192977905,0.2,6100,0.5329930782318115,0.09765625,-0.0025111094480962494,1.0121901035308838
2506752,300.52,2009,612,1247,29.310803289999996,11.998788613080979,-1.368515408039093,0.0003,0.008694831,0.8895291090011597,0.2,6110,0.5349705815315247,0.0683837890625,-0.004330489953281358,5.05251407623291
2510848,310.55,2011,613,1248,28.597970969999995,4.447433769702911,-1.369620081782341,0.0003,0.009117974,0.941618800163269,0.2,6120,0.5315096378326416,0.085888671875,-0.003043638321105391,1.1844655275344849
2514944,305.55,2013,614,1249,26.609914489999998,6.965305438637733,-1.361695897579193,0.0003,0.0080681015,0.9262121915817261,0.2,6130,0.5306152105331421,0.075146484375,-0.004537689167773351,1.9671611785888672
2519040,304.16,2014,615,1250,27.81674187,14.220276373624802,-1.3600253865122796,0.0003,0.007851526,0.8969417214393616,0.2,6140,0.5301190614700317,0.0703125,-0.0031291058287024496,8.758804321289062
2523136,289.78,2016,616,1251,27.329154589999998,7.773895874619484,-1.3603525415062905,0.0003,0.003653762,0.8984279632568359,0.2,6150,0.531110405921936,0.0329833984375,-0.0030436709319474177,2.1207175254821777
2527232,303.3,2018,617,1252,28.54384478,11.121366119384765,-1.3635369315743446,0.0003,0.0046840347,0.8790076971054077,0.2,6160,0.5332221984863281,0.0375,-0.0033168492882396095,4.3937907218933105
2531328,303.97,2020,618,1253,29.01964782,6.540873429179191,-1.359101878106594,0.0003,0.014841199,0.9215896725654602,0.2,6170,0.529350996017456,0.064990234375,-0.0031017992150736973,1.4584407806396484
2535424,294.01,2021,619,1254,26.242179979999996,3.14319386780262,-1.342528721690178,0.0003,0.015930418,0.9552499055862427,0.2,6180,0.5266798734664917,0.1078857421875,-0.002756969345500693,0.8111846446990967
2539520,284.05,2023,620,1255,29.03684423,10.450053036212921,-1.3368505120277405,0.0003,0.007774705,0.9039940237998962,0.2,6190,0.5269051194190979,0.0614990234375,-0.0031063362082932146,2.226736545562744
2543616,294.13,2025,621,1256,29.268437730000006,9.938751769065856,-1.3375940456986428,0.0003,0.009234272,0.8409016132354736,0.2,6200,0.5269570350646973,0.1029541015625,-0.004266176398959942,2.9916186332702637
2547712,305.82,2026,622,1257,28.567200209999996,12.00276545882225,-1.3343141734600068,0.0003,0.0060004815,0.8695201277732849,0.2,6210,0.5252189040184021,0.083447265625,-0.0029231740598334,1.568954348564148
2551808,310.62,2028,623,1258,28.743316489999994,15.158332896232604,-1.332056175172329,0.0003,0.0036704512,0.8168081641197205,0.2,6220,0.5274620056152344,0.043701171875,-0.0037538469186984003,3.9140007495880127
2555904,311.32,2030,624,1259,25.94933228,5.056088063120842,-1.3356836393475533,0.0003,0.008017903,0.9114243984222412,0.2,6230,0.5268121361732483,0.03544921875,-0.004224992849049159,0.9599390625953674
2560000,299.62,2031,625,1260,23.39195622,18.513476932048796,-1.3338946089148522,0.0003,0.003202374,0.8408902883529663,0.2,6240,0.5259819626808167,0.033251953125,-0.0018238444463349879,4.998594284057617
2564096,293.16,2033,626,1261,22.49294232,15.94935326576233,-1.3331434637308122,0.0003,0.0068566473,0.8897470831871033,0.2,6250,0.5270172953605652,0.0332763671875,-0.004156621784204617,7.59846305847168
2568192,307.89,2034,627,1262,23.53756196999999,9.984736156463622,-1.3351530268788339,0.0003,0.0051729535,0.9072783589363098,0.2,6260,0.5263863801956177,0.0549560546875,-0.0032963897712761535,2.8177435398101807
2572288,314.7,2036,628,1263,23.132730750000004,8.142279046773911,-1.334545974433422,0.0003,0.0056473184,0.9247159361839294,0.2,6270,0.5282166004180908,0.0598388671875,-0.004235725229955278,1.9298553466796875
2576384,304.91,2038,629,1264,22.80324411,4.268647953867912,-1.338585078716278,0.0003,0.0075387023,0.9450149536132812,0.2,6280,0.52964848279953,0.08017578125,-0.003732132469303906,1.043444275856018
2580480,294.96,2039,630,1265,21.2662021,8.056668657064439,-1.3388320341706277,0.0003,0.0040079327,0.9306636452674866,0.2,6290,0.52881920337677,0.049853515625,-0.001802555046742782,2.380397319793701
2584576,300.45,2041,631,1266,24.551701890000004,16.897692251205445,-1.337443147599697,0.0003,0.0054735607,0.836678147315979,0.2,6300,0.5279077291488647,0.0584716796875,-0.002578464092221111,7.625197887420654
2588672,291.88,2043,632,1267,26.323785229999995,9.728107744455338,-1.3322918504476546,0.0003,0.0065579214,0.8940597176551819,0.2,6310,0.5261136293411255,0.0492919921875,-0.0012975900957826526,3.2229740619659424
2592768,300.26,2044,633,1267,28.92862169,8.908094549179078,-1.3256334349513055,0.0003,0.0068128924,0.8872427940368652,0.2,6320,0.5246238708496094,0.0518310546875,-0.004805520577065181,2.0265588760375977
2596864,286.46,2046,634,1268,27.49456479,3.8866066694259644,-1.3173991188406944,0.0003,0.0071747964,0.9383386373519897,0.2,6330,0.5208703875541687,0.0642822265625,-0.004079182917485014,0.8797399401664734
2600960,280.16,2007,635,1295,26.50201501,18.55530091524124,-1.3119618132710458,0.0003,0.0047518844,0.8658056855201721,0.2,6340,0.5208852887153625,0.059423828125,-0.002122730508563109,6.201990127563477
2605056,279.83,2009,636,1296,26.879829470000004,8.738609373569489,-1.3125107690691948,0.0003,0.0055111954,0.9170805811882019,0.2,6350,0.5203986167907715,0.0584228515625,-0.005927193665411323,3.6332688331604004
2609152,284.06,2011,637,1297,27.298242819999995,9.95492280125618,-1.3106871530413629,0.0003,0.008818105,0.9233118295669556,0.2,6360,0.5198992490768433,0.0409423828125,-0.002389406906149816,3.0582706928253174
2613248,276.25,2012,638,1298,25.828898500000005,11.941656076908112,-1.304681034386158,0.0003,0.004554337,0.8806096315383911,0.2,6370,0.5181630253791809,0.0262451171875,-0.002241807055543177,3.3561296463012695
2617344,288.26,2014,639,1299,27.07008529,6.860260286927224,-1.2990240201354026,0.0003,0.004402235,0.9371790885925293,0.2,6380,0.5167248249053955,0.0359130859375,-0.0019520125177223235,2.1262383460998535
2621440,291.16,2016,640,1300,23.8494489,7.6055170327425,-1.2987175822257995,0.0003,0.008216903,0.8701656460762024,0.2,6390,0.517857551574707,0.0615234375,-0.0024521506609744394,1.7881680727005005
2625536,292.46,2017,641,1301,26.9319897,14.044447481632233,-1.2971321865916252,0.0003,0.0055063507,0.8348276615142822,0.2,6400,0.516597330570221,0.0784912109375,-0.0024422025540843605,3.461273670196533
2629632,296.86,2019,642,1302,27.213504810000003,7.068027833104134,-1.2916549026966095,0.0003,0.006570044,0.8678499460220337,0.2,6410,0.5140689611434937,0.0455322265625,-0.004400616566999816,1.78559148311615
2633728,292.48,2020,643,1303,28.516624750000005,3.28280331492424,-1.289232501387596,0.0003,0.036943387,0.9549081921577454,0.2,6420,0.5181078314781189,0.1327392578125,-0.0032072891714051365,0.8839167952537537
2637824,300.33,2022,644,1304,27.46394838,5.913171580433845,-1.2931348145008088,0.0003,0.00818164,0.9354082942008972,0.2,6430,0.5145736336708069,0.0689208984375,-0.0022013885609339923,1.9329020977020264
2641920,306.14,2024,645,1305,27.19435336,8.7753721088171,-1.2834315776824952,0.0003,0.006194993,0.9155529737472534,0.2,6440,0.5151962041854858,0.104345703125,-0.003953949292190373,2.5772316455841064
2646016,311.09,2025,646,1306,29.99225127,4.139122159779072,-1.2825158402323722,0.0003,0.0074476665,0.9486628174781799,0.2,6450,0.5159186124801636,0.083544921875,-0.005211554709239863,1.2740627527236938
2650112,305.18,2027,647,1307,31.681360509999994,2.946572609245777,-1.2787642508745194,0.0003,0.025781848,0.9270272254943848,0.2,6460,0.514850914478302,0.1246826171875,0.0007866111467592418,0.9822279810905457
2654208,316.34,2029,648,1307,32.47389484999999,6.67064002752304,-1.271401196718216,0.0003,0.012816368,0.9214588403701782,0.2,6470,0.512358546257019,0.0849365234375,-0.002307074231066508,1.9457533359527588
2658304,312.23,2031,649,1308,29.829558309999996,8.997758263349533,-1.2534695118665695,0.0003,0.013260425,0.8791855573654175,0.2,6480,0.5034804344177246,0.1093017578125,-0.002315965980233159,0.9763778448104858
2662400,311.21,2033,650,1309,29.486859649999996,13.635709464550018,-1.2299207389354705,0.0003,0.005895626,0.8460966944694519,0.2,6490,0.5002608895301819,0.075341796875,-0.005123436663416215,3.736950635910034
2666496,317.66,2035,651,1310,30.66094201,4.907755482196808,-1.2222206175327301,0.0003,0.009834548,0.9153953790664673,0.2,6500,0.49959462881088257,0.0896484375,-0.006007790585863404,1.1310346126556396
2670592,319.12,2037,652,1310,32.04534073999999,3.4442864030599596,-1.2166044875979423,0.0003,0.0072512846,0.9347846508026123,0.2,6510,0.5020958185195923,0.138720703125,-0.0015522080415394158,0.9311676025390625
2674688,304.86,2039,653,1311,29.414108119999995,14.208921778202058,-1.2104346811771394,0.0003,0.012837,0.8444644212722778,0.2,6520,0.5024486780166626,0.05849609375,-4.268880875315517e-05,1.6516003608703613
2678784,312.93,2041,654,1312,25.6989083,8.96462838947773,-1.2083679780364036,0.0003,0.0045492137,0.8921638131141663,0.2,6530,0.5011682510375977,0.109814453125,0.0005234487674897536,2.1261351108551025
2682880,313.05,2043,655,1313,23.88798199000001,13.217871755361557,-1.2053022399544715,0.0003,0.0038850862,0.8830295205116272,0.2,6540,0.498962938785553,0.0340576171875,-0.0021822320370119995,7.156378269195557
2686976,315.48,2045,656,1313,24.033128270000002,17.04234311580658,-1.2013557150959968,0.0003,0.007625942,0.8619459867477417,0.2,6550,0.49964794516563416,0.0567138671875,-0.002939031895948574,8.31633472442627
2691072,323.32,2047,657,1314,25.666405920000006,4.962311682105065,-1.2095500469207763,0.0003,0.008240413,0.9225538372993469,0.2,6560,0.503650426864624,0.0691162109375,-0.0036376833537360652,1.4420682191848755
2695168,334.12,2049,658,1315,25.44346188,3.192437908053398,-1.2140890643000604,0.0003,0.009033351,0.9437639117240906,0.2,6570,0.5029244422912598,0.0841796875,-0.004967732724617235,0.8414785861968994
2699264,327.45,2050,659,1316,25.745124039999997,6.4883610010147095,-1.207304236292839,0.0003,0.008146001,0.8665052652359009,0.2,6580,0.5035609006881714,0.06806640625,-0.0017057439414202235,2.0304653644561768
2703360,321.78,2012,660,1343,26.91140257,6.449116456508636,-1.2038026571273803,0.0003,0.008816123,0.8985084295272827,0.2,6590,0.5011340975761414,0.0719482421875,-0.00337473550462164,2.227142810821533
2707456,332.93,2014,661,1344,28.484879190000004,2.7132208794355392,-1.1899181738495828,0.0003,0.008570142,0.9406232237815857,0.2,6600,0.49444442987442017,0.08544921875,-0.005003296415088699,0.683303952217102
2711552,322.95,2015,662,1345,28.08080962,3.0444710992276667,-1.1723537594079971,0.0003,0.010545591,0.958505392074585,0.2,6610,0.4952620267868042,0.0764892578125,-0.00450473919918295,0.5648711919784546
2715648,314.43,2017,663,1346,30.024593130000003,17.380844557285307,-1.1746209874749183,0.0003,0.0042527067,0.8159300684928894,0.2,6620,0.49665915966033936,0.074072265625,-0.0021514407097129153,3.809067964553833
2719744,309.9,2018,664,1347,27.65481058,7.955056661367417,-1.1767060697078704,0.0003,0.006597193,0.9323961138725281,0.2,6630,0.49746665358543396,0.0695068359375,-0.006554327919729985,5.212606430053711
2723840,302.35,2020,665,1348,27.11133122,9.240064051747321,-1.1763138949871064,0.0003,0.010204818,0.9137046337127686,0.2,6640,0.4939606189727783,0.0850341796875,-0.005584104012814351,3.4359264373779297
2727936,298.16,2021,666,1349,26.001443480000006,18.44456777572632,-1.1650771737098693,0.0003,0.0035129772,0.8209169507026672,0.2,6650,0.4927077889442444,0.045947265625,-0.0034583927772473544,6.20156717300415
2732032,297.82,2023,667,1350,24.98714212,8.128479927778244,-1.1610825926065445,0.0003,0.004979468,0.8928117156028748,0.2,6660,0.4952056407928467,0.042724609375,-0.004065749682195019,2.2186532020568848
2736128,291.08,2024,668,1351,24.25589509,12.550097918510437,-1.16346777677536,0.0003,0.0074063446,0.8961607813835144,0.2,6670,0.49631965160369873,0.053369140625,-0.0043623338526231235,3.20530104637146
2740224,290.96,2026,669,1352,27.47900204,10.086057561635972,-1.1667855113744736,0.0003,0.0048828167,0.8702183365821838,0.2,6680,0.49690356850624084,0.034814453125,-0.0035294623274239713,3.178010940551758
2744320,301.78,2028,670,1353,26.294130749999994,10.498446720838547,-1.1713690727949142,0.0003,0.0074874293,0.8986183404922485,0.2,6690,0.4969061017036438,0.0672607421875,-0.0070383187616243955,5.566250324249268
2748416,304.62,2029,671,1354,28.152893879999997,5.259020856022834,-1.169579254090786,0.0003,0.008088381,0.9202775359153748,0.2,6700,0.49839478731155396,0.061962890625,-0.004263389084371738,0.8628517389297485
2752512,303.36,2031,672,1355,29.867050919999997,9.328727841377258,-1.1703492492437362,0.0003,0.007513482,0.9043142199516296,0.2,6710,0.4988399147987366,0.10927734375,-0.003116509108804166,2.4989423751831055
2756608,316.96,2032,673,1356,28.74416836,3.3390423536300657,-1.1570580005645752,0.0003,0.010965537,0.9237877130508423,0.2,6720,0.4920733869075775,0.102587890625,-0.004126203974010423,0.8226796984672546
2760704,318.22,2034,674,1357,25.731321530000006,3.7002063363790514,-1.14023255109787,0.0003,0.0062437546,0.9446440935134888,0.2,6730,0.49576830863952637,0.1016845703125,-0.002643275778973475,0.9287426471710205
2764800,328.76,2035,675,1357,26.917954140000003,9.663267281651496,-1.1532794669270516,0.0003,0.008243408,0.894058346748352,0.2,6740,0.4986995458602905,0.126708984375,-0.0023011586832581087,1.714802622795105
2768896,331.91,2037,676,1358,28.693501560000005,5.565829727053642,-1.1607510596513748,0.0003,0.0071418476,0.9117212295532227,0.2,6750,0.49938449263572693,0.06279296875,-0.001784847505041398,2.1209635734558105
2772992,334.75,2039,677,1359,27.72046649,5.398113770782947,-1.1650101780891418,0.0003,0.0068611656,0.9215100407600403,0.2,6760,0.4989743232727051,0.087255859375,-0.00243172254122328,1.1404387950897217
2777088,345.38,2040,678,1360,27.625055260000003,7.397129335999489,-1.1607183933258056,0.0003,0.007301372,0.9017577171325684,0.2,6770,0.4969261884689331,0.066552734375,-0.004118097842729184,1.8121559619903564
2781184,340.24,2042,679,1361,28.4606121,3.767257608473301,-1.1616254210472108,0.0003,0.0093013365,0.9483065605163574,0.2,6780,0.4977208375930786,0.1233154296875,-0.009402947584749199,1.4211448431015015
2785280,346.36,2043,680,1362,26.592786650000004,2.8004805646836757,-1.1549685627222062,0.0003,0.022422835,0.9717192053794861,0.2,6790,0.49203306436538696,0.174169921875,0.0013263192755402996,0.8807548880577087
2789376,342.39,2045,681,1363,26.040505,8.289200428128243,-1.1450726866722107,0.0003,0.003597376,0.9010258913040161,0.2,6800,0.4929845929145813,0.142236328125,0.001416968906414695,2.28678297996521
2793472,333.89,2046,682,1364,26.410803840000003,7.4579396605491635,-1.1453715786337852,0.0003,0.010180585,0.9157763123512268,0.2,6810,0.4915331304073334,0.06259765625,-0.0026381977600976824,4.927480220794678
2797568,318.51,2048,683,1365,24.282040069999997,22.65300146341324,-1.1380468353629112,0.0003,0.003959491,0.8157526254653931,0.2,6820,0.4912239611148834,0.052294921875,-0.004242171758960467,10.591732025146484
2801664,321.68,2010,684,1393,23.32977733,10.68490755558014,-1.1398384496569633,0.0003,0.0057391305,0.8189764618873596,0.2,6830,0.49179136753082275,0.064208984375,-0.006104988855076954,4.093677520751953
2805760,319.13,2012,685,1394,21.82372564,7.408273899555207,-1.1440786942839622,0.0003,0.010469899,0.904271125793457,0.2,6840,0.4938855767250061,0.0747802734375,-0.0033260771684581413,2.760267734527588
2809856,293.63,2013,686,1395,24.599618770000003,6.445163723826409,-1.150034536421299,0.0003,0.005293863,0.9253983497619629,0.2,6850,0.49664777517318726,0.054150390625,-0.004715986404335126,1.7104953527450562
2813952,296.11,2015,687,1396,26.15821173999999,7.130240634083748,-1.1577595070004463,0.0003,0.007277026,0.8996908664703369,0.2,6860,0.49790143966674805,0.0579345703125,-0.003861747038899921,2.3574984073638916
2818048,300.86,2016,688,1397,24.83731102,5.582883307337761,-1.1550756767392159,0.0003,0.011401638,0.8993954658508301,0.2,6870,0.49425840377807617,0.11982421875,-0.001055792302940972,1.4195106029510498
2822144,299.53,2018,689,1398,23.93019356,15.001803466677666,-1.1497794806957244,0.0003,0.010118356,0.8481184244155884,0.2,6880,0.4946107864379883,0.1322998046875,-0.0009179544489597901,2.33709979057312
2826240,315.63,2019,690,1399,26.3255401,18.803842854499816,-1.1493805557489396,0.0003,0.0053102104,0.8305649161338806,0.2,6890,0.4928598403930664,0.0576416015625,-0.0036830912460573016,6.78105354309082
2830336,313.99,2021,691,1400,23.42689028,8.431458017230034,-1.1416685059666634,0.0003,0.009868,0.8652388453483582,0.2,6900,0.48943084478378296,0.07978515625,-0.00565477847121656,1.5442724227905273
2834432,306.63,2022,692,1401,24.965853109999998,14.859437435865402,-1.1350208789110183,0.0003,0.0062753065,0.8811501264572144,0.2,6910,0.4904443621635437,0.0494140625,-0.0030085775804764127,7.196871757507324
2838528,308.92,2024,693,1402,23.296855289999993,12.729169607162476,-1.1382000654935838,0.0003,0.003453837,0.8753206729888916,0.2,6920,0.49092841148376465,0.0427978515625,-0.003935689403442666,4.588955879211426
2842624,300.45,2025,694,1403,22.52281806,4.422533982992173,-1.1375320926308632,0.0003,0.009237229,0.9348432421684265,0.2,6930,0.48946431279182434,0.068896484375,-0.0038112377835204823,1.4757966995239258
2846720,298.23,2027,695,1404,25.617545970000005,5.069591516256333,-1.1378516182303429,0.0003,0.006013066,0.9369112253189087,0.2,6940,0.4911876916885376,0.1396484375,-0.0017842851113528014,1.6216224431991577
2850816,291.93,2028,696,1405,26.194031560000003,6.182979419827461,-1.1401776492595672,0.0003,0.0062782997,0.9116119146347046,0.2,6950,0.48846086859703064,0.059326171875,-0.004302051762351766,1.562333106994629
2854912,298.85,2030,697,1406,25.951696220000002,13.874767762422561,-1.1314374208450317,0.0003,0.0062388545,0.8388345241546631,0.2,6960,0.48923859000205994,0.0524169921875,-0.0029033066210104154,6.0544352531433105
2859008,291.65,2031,698,1407,27.18621987,4.941249975562096,-1.1291654050350188,0.0003,0.008196836,0.9277346730232239,0.2,6970,0.48752444982528687,0.089404296875,-0.0041415331303142015,1.2802728414535522
2863104,299.95,2033,699,1407,30.39786651,13.994064903259277,-1.1262694492936134,0.0003,0.018869426,0.8394588828086853,0.2,6980,0.4900292754173279,0.079345703125,-0.0035929582198150458,3.273892879486084
2867200,310.79,2034,700,1408,30.416695600000004,5.433056899905205,-1.1361318096518516,0.0003,0.007334535,0.8840155601501465,0.2,6990,0.4905434846878052,0.063232421875,-0.0030208597323508,2.09019136428833
2871296,307.39,2036,701,1409,30.94043482,10.101452803611755,-1.136308555305004,0.0003,0.005143182,0.8530862927436829,0.2,7000,0.48908671736717224,0.0310546875,-0.0020355582113552374,2.8839101791381836
2875392,309.38,2037,702,1410,31.16704675,5.218032741546631,-1.1311161682009696,0.0003,0.00842124,0.9283312559127808,0.2,7010,0.4898073375225067,0.0896240234375,-0.003900545454234816,1.8607442378997803
2879488,314.93,2039,703,1411,31.718246360000002,3.5576854705810548,-1.124833318591118,0.0003,0.006516213,0.9228471517562866,0.2,7020,0.48619189858436584,0.0891845703125,-0.0047760103028849695,0.9707105159759521
2883584,304.63,2041,704,1412,33.79248738,5.535176169872284,-1.1084261566400528,0.0003,0.007890269,0.8781590461730957,0.2,7030,0.4803394377231598,0.0974609375,-0.005721828198875301,1.2710446119308472
2887680,312.69,2042,705,1413,35.62423045,11.438354188203812,-1.0943746387958526,0.0003,0.005666012,0.8017240762710571,0.2,7040,0.47851061820983887,0.0773193359375,-0.004254869886790402,2.0755224227905273
2891776,308.36,2044,706,1414,33.60801285,1.6420387260615825,-1.084708034992218,0.0003,0.010349246,0.979707658290863,0.2,7050,0.4745243191719055,0.1205810546875,-0.0028460854489821942,0.4342684745788574
2895872,302.56,2045,707,1415,28.035366169999996,15.271726453304291,-1.0742149457335473,0.0003,0.010378662,0.7435081005096436,0.2,7060,0.47537362575531006,0.1274169921875,0.001174768793862313,3.490112781524658
2899968,311.64,2046,708,1416,27.247669800000008,17.2495454788208,-1.0785963475704192,0.0003,0.004674777,0.8670331835746765,0.2,7070,0.4760199785232544,0.0792724609375,-0.000935673457570374,3.3779306411743164
2904064,303.23,2010,709,1444,26.805050760000004,10.83458452820778,-1.0811574071645738,0.0003,0.004230095,0.8897152543067932,0.2,7080,0.4785091280937195,0.0536865234375,-0.006065987009787932,3.1236073970794678
2908160,307.93,2012,710,1445,24.88800608,4.649014130234718,-1.0911791354417801,0.0003,0.013005545,0.9393702745437622,0.2,7090,0.4823741316795349,0.104638671875,-0.0030610265530413017,1.2868000268936157
2912256,308.9,2013,711,1446,23.020863,6.448420089483261,-1.1034003615379333,0.0003,0.0059119174,0.8889392614364624,0.2,7100,0.4813070595264435,0.077490234375,-0.00459188086388167,1.724839687347412
2916352,280.16,2015,712,1447,21.6881432,18.647876411676407,-1.103897374868393,0.0003,0.011913855,0.8355981707572937,0.2,7110,0.4815238118171692,0.0712646484375,-0.003379328886512667,8.282346725463867
2920448,288.65,2016,713,1448,22.475654139999993,16.818233662843703,-1.1057796582579613,0.0003,0.008628574,0.8770105242729187,0.2,7120,0.4820391833782196,0.087451171875,-0.0023578562919283285,7.195145130157471
2924544,296.44,2017,714,1449,28.717891899999994,6.085811780393124,-1.1108091458678246,0.0003,0.007583306,0.8967686295509338,0.2,7130,0.48655879497528076,0.0588623046875,-0.000909317001060117,1.0118298530578613
2928640,293.75,2019,715,1450,29.29572331,1.7737381994724273,-1.1146195232868195,0.0003,0.012760904,0.96086186170578,0.2,7140,0.4865855574607849,0.0915283203125,-0.0020266800245735796,0.5403939485549927
2932736,291.95,2020,716,1451,28.577907339999996,4.811754754185676,-1.1147817984223365,0.0003,0.008915086,0.9454714059829712,0.2,7150,0.4880259037017822,0.1390380859375,0.0015195290412520989,1.5090116262435913
2936832,280.01,2022,717,1452,27.917048719999997,13.547959658503533,-1.113231149315834,0.0003,0.005363441,0.8403507471084595,0.2,7160,0.4870394468307495,0.08427734375,-0.0028669854771578686,3.307368755340576
2940928,271.5,2023,718,1453,29.917886270000004,8.896605029702187,-1.1101036339998245,0.0003,0.005823358,0.8827710151672363,0.2,7170,0.4870965778827667,0.0505615234375,-0.003105811854766216,2.5876383781433105
2945024,288.02,2025,719,1454,31.791087110000003,4.453886863589287,-1.11211656332016,0.0003,0.007808379,0.9458668231964111,0.2,7180,0.49029022455215454,0.08134765625,-0.0030991561390692366,2.3013153076171875
2949120,312.1,2026,720,1455,32.063660490000004,9.396766650676728,-1.1231109097599983,0.0003,0.0040263496,0.8750621676445007,0.2,7190,0.4933165907859802,0.0555908203125,-0.003116938665334601,6.519035339355469
2953216,303.28,2028,721,1456,30.15454148,1.862122192233801,-1.130662126839161,0.0003,0.0086309835,0.9701206088066101,0.2,7200,0.494026780128479,0.1010498046875,-0.0030358359988895247,0.412701278924942
2957312,297.97,2029,722,1457,30.24610478,9.861935397982597,-1.131679853796959,0.0003,0.007826816,0.8305588960647583,0.2,7210,0.4957126975059509,0.072705078125,-0.002777736377902329,1.8533170223236084
2961408,299.81,2031,723,1458,30.85884909,3.1613736361265183,-1.1423742190003394,0.0003,0.008939318,0.9315679669380188,0.2,7220,0.4989546239376068,0.092578125,-0.0029027103482803795,1.0898691415786743
2965504,311.84,2032,724,1459,31.047459089999997,13.244307613372802,-1.1523076638579368,0.0003,0.004236426,0.8570972681045532,0.2,7230,0.4994106888771057,0.0379150390625,-0.0036212021645042115,4.953310489654541
2969600,314.65,2033,725,1460,31.383351689999998,4.468132020533085,-1.1485477060079574,0.0003,0.012480009,0.9259883165359497,0.2,7240,0.49655649065971375,0.0807861328125,-0.0042783524870174,0.9940205812454224
2973696,306.32,2035,726,1461,28.70760567,11.501669859886169,-1.1381504639983178,0.0003,0.00613176,0.8196059465408325,0.2,7250,0.4965706467628479,0.070703125,-0.005051613281830214,2.507479429244995
2977792,283.33,2036,727,1462,26.920417080000004,13.554399156570435,-1.1399280071258544,0.0003,0.004244945,0.8784722685813904,0.2,7260,0.4992479085922241,0.051953125,-0.004487795973545872,4.5797247886657715
2981888,294.91,2038,728,1462,25.720082169999998,14.817830270528793,-1.148179216682911,0.0003,0.005595327,0.8888476490974426,0.2,7270,0.5000734329223633,0.0231201171875,-0.002551921161648352,3.8696420192718506
2985984,303.08,2039,729,1464,26.87103803,9.794002389907837,-1.1509190008044243,0.0003,0.005397969,0.9037610292434692,0.2,7280,0.5010343790054321,0.05234375,-0.004709718750382308,2.9998769760131836
2990080,294.27,2040,730,1465,25.21542642,12.996522241830826,-1.151038944721222,0.0003,0.0038883283,0.8797100782394409,0.2,7290,0.5018519163131714,0.036865234375,-0.0037139898078748955,3.0098068714141846
2994176,286.86,2042,731,1465,27.412685739999997,7.939129975438118,-1.1493691399693489,0.0003,0.006889781,0.905363142490387,0.2,7300,0.5012884736061096,0.050244140625,-0.0043971795734250915,1.835472583770752
2998272,290.66,2043,732,1466,25.241926839999998,7.3008516281843185,-1.1515979900956155,0.0003,0.018755749,0.9213771224021912,0.2,7310,0.5038095712661743,0.0808349609375,-0.0028880356781883164,2.050902843475342
3002368,299.19,2015,733,1489,27.273116500000004,7.951635226607323,-1.1578103631734848,0.0003,0.007405117,0.9283625483512878,0.2,7320,0.5018202662467957,0.071875,-0.0026498349296161907,1.6737275123596191
3006464,299.27,2017,734,1490,28.783427579999998,14.96980711221695,-1.1516845524311066,0.0003,0.00687619,0.8776609301567078,0.2,7330,0.5001969933509827,0.0679443359375,-0.004097273288061842,4.42264986038208
3010560,282.8,2019,735,1490,28.147044510000004,7.927605238556862,-1.1498656198382378,0.0003,0.004885416,0.8171398639678955,0.2,7340,0.49988481402397156,0.0503662109375,-0.003591107473766897,1.2490333318710327
3014656,286.2,2020,736,1491,27.51988599,6.372632646560669,-1.1552517727017402,0.0003,0.008285513,0.9432579874992371,0.2,7350,0.4999011754989624,0.07265625,-0.0031118460494326426,1.420039176940918
3018752,303.6,2022,737,1492,26.754642919999995,7.516196209192276,-1.150619699060917,0.0003,0.00862325,0.9169933795928955,0.2,7360,0.49842971563339233,0.10859375,-0.0036709034146042542,2.7930281162261963
3022848,303.8,2024,738,1493,26.823565009999996,3.166857789456844,-1.1431140154600143,0.0003,0.0146600185,0.958124041557312,0.2,7370,0.49534744024276733,0.0929443359375,-0.004170276752847713,0.7714272141456604
3026944,293.79,2026,739,1493,28.384565869999996,6.381242829561233,-1.131329718232155,0.0003,0.007529114,0.929412841796875,0.2,7380,0.4951391816139221,0.0656494140625,-0.002020608854945749,1.9682625532150269
3031040,277.7,2028,740,1494,30.30616673,14.67457873225212,-1.1331319078803062,0.0003,0.0056626163,0.8142516613006592,0.2,7390,0.4964672923088074,0.0442138671875,-0.003609838627744466,2.2818756103515625
3035136,277.41,2029,741,1495,29.201479550000002,8.978269594907761,-1.1323385119438172,0.0003,0.0073797917,0.909842312335968,0.2,7400,0.4964567720890045,0.0677978515625,-0.006123927031876519,2.3013322353363037
3039232,273.0,2031,742,1495,27.706179819999992,7.801054030656815,-1.1277708888053894,0.0003,0.0064828824,0.9152685403823853,0.2,7410,0.49372923374176025,0.0850830078125,-0.002267855842364952,2.6763153076171875
3043328,268.03,2033,743,1496,26.895083010000004,11.72779935002327,-1.1200492098927497,0.0003,0.0064427415,0.9161069393157959,0.2,7420,0.4929252564907074,0.055712890625,-0.004810413063387387,4.0055952072143555
3047424,250.33,2035,744,1497,26.003708739999997,19.65989618897438,-1.1217592358589172,0.0003,0.0067937914,0.8843377232551575,0.2,7430,0.49578559398651123,0.07099609375,-0.005091524196905084,5.888390064239502
3051520,266.51,2036,745,1498,26.493757189999997,6.049716833233833,-1.123950944840908,0.0003,0.008260587,0.9389788508415222,0.2,7440,0.494057297706604,0.0917724609375,-0.005584812065353617,1.6123955249786377
3055616,278.12,2038,746,1498,25.94270815,4.902761283516884,-1.1176288411021233,0.0003,0.010869065,0.9158861041069031,0.2,7450,0.49413448572158813,0.09990234375,-0.004697813473467249,1.9270896911621094
3059712,289.17,2040,747,1499,25.253668590000004,6.013470333814621,-1.12231038659811,0.0003,0.004593391,0.9256894588470459,0.2,7460,0.4945865571498871,0.0557373046875,-0.003534135858353693,1.6781688928604126
3063808,310.71,2042,748,1500,26.89620522,5.158730319142341,-1.1242737412452697,0.0003,0.019460985,0.9431645274162292,0.2,7470,0.4930640459060669,0.119921875,-0.003930094886163716,1.2438725233078003
3067904,319.68,2043,749,1500,24.893388260000002,4.3323988482356075,-1.127281515300274,0.0003,0.01347287,0.9238130450248718,0.2,7480,0.49864885210990906,0.134912109375,-0.0032340324512915688,1.0894099473953247
3072000,330.25,2045,750,1501,25.21628101,3.4959389582276343,-1.1392116039991378,0.0003,0.017156957,0.9604143500328064,0.2,7490,0.5002281665802002,0.1322998046875,-0.004136346143786796,0.897661030292511
3076096,334.6,2047,751,1502,24.980222579999996,4.2452478721737865,-1.143118891119957,0.0003,0.007236478,0.9317003488540649,0.2,7500,0.5002816319465637,0.0935791015625,-0.002784169031656347,1.4797754287719727
3080192,352.87,2049,752,1503,26.818558579999998,5.191296091675758,-1.1488573372364044,0.0003,0.012557028,0.9313222169876099,0.2,7510,0.5022421479225159,0.081005859375,-0.0046814349858323116,1.4673396348953247
3084288,374.28,2050,753,1503,28.942757130000004,1.5536808356642724,-1.1492659077048302,0.0003,0.016473804,0.9634329676628113,0.2,7520,0.5027452707290649,0.1351806640625,-0.004289322171825915,0.4105159044265747
3088384,365.56,2052,754,1504,28.229658170000004,4.552971947193146,-1.1430746227502824,0.0003,0.025777675,0.9035936594009399,0.2,7530,0.5022721290588379,0.213623046875,0.00658053086081054,1.6845014095306396
3092480,356.75,2054,755,1505,28.44214081,10.666067403554916,-1.147494412958622,0.0003,0.0069929305,0.9029862284660339,0.2,7540,0.5040358304977417,0.106201171875,-0.0043018989847041665,2.9977667331695557
3096576,352.8,2055,756,1506,25.67742514,5.77111346423626,-1.1555688351392746,0.0003,0.011069072,0.9284435510635376,0.2,7550,0.5058591365814209,0.1020751953125,-0.0035388328222325073,1.402214527130127
3100672,344.74,2024,757,1531,27.829692449999992,11.846611446142196,-1.1571312502026558,0.0003,0.0043432117,0.8877048492431641,0.2,7560,0.5049553513526917,0.078857421875,-0.0002887732698582113,3.6591827869415283
3104768,343.64,2025,758,1532,30.99001941,2.47508262693882,-1.1495372265577317,0.0003,0.009136621,0.9496142864227295,0.2,7570,0.5036266446113586,0.0827880859375,-0.00312072288361378,0.5697755217552185
3108864,338.83,2026,759,1533,32.162307289999994,4.540854614973068,-1.138832013309002,0.0003,0.008874625,0.8998920321464539,0.2,7580,0.5003740787506104,0.074072265625,-0.0035237788542872295,1.69720458984375
3112960,317.42,2028,760,1534,32.839148429999995,3.2057982683181763,-1.1247152447700501,0.0003,0.020427186,0.9422115087509155,0.2,7590,0.4977981150150299,0.2402099609375,0.004415024860645644,0.933085024356842
3117056,317.73,2029,761,1535,32.255569030000004,2.9843172162771223,-1.1198082476854325,0.0003,0.008225517,0.9509173035621643,0.2,7600,0.49727383255958557,0.1052490234375,-0.006400591804413125,0.844186544418335
3121152,306.49,2030,762,1536,30.63253669,2.776193432509899,-1.1144368901848793,0.0003,0.008388126,0.9374654293060303,0.2,7610,0.49849846959114075,0.085986328125,-0.0031038212240673602,0.6714450120925903
3125248,302.37,2032,763,1537,33.83378591,14.322203850746154,-1.1134453669190407,0.0003,0.0038022115,0.8659052848815918,0.2,7620,0.4985222816467285,0.05185546875,-0.0023770030165906064,2.504746675491333
3129344,303.22,2033,764,1538,34.41508667,3.3245789378881456,-1.1163716167211533,0.0003,0.006026197,0.953273594379425,0.2,7630,0.5003340244293213,0.0677490234375,-0.002966320389532484,1.0041577816009521
3133440,287.79,2035,765,1539,29.68249916,7.055021181702614,-1.1200566112995147,0.0003,0.0061048623,0.9083109498023987,0.2,7640,0.5006009936332703,0.0508056640625,-0.001909768272889778,2.4521303176879883
3137536,278.76,2036,766,1540,27.401163980000007,21.80728440284729,-1.1179954007267952,0.0003,0.0022557124,0.8193843960762024,0.2,7650,0.49996718764305115,0.0375732421875,-0.0035057022905675694,3.856215476989746
3141632,276.53,2037,767,1541,27.268953960000005,24.04380210638046,-1.1167483150959014,0.0003,0.0060061235,0.817366361618042,0.2,7660,0.49973830580711365,0.0455078125,-0.0028565907225129193,9.772285461425781
3145728,274.38,2039,768,1542,26.350739700000005,6.634509167075157,-1.1109290912747383,0.0003,0.008726905,0.90696120262146,0.2,7670,0.4958515167236328,0.107275390625,-0.0023629559931578115,1.883482813835144
3149824,269.1,2040,769,1543,29.848648630000003,9.391475668549537,-1.105060228705406,0.0003,0.004020974,0.8778120279312134,0.2,7680,0.49794721603393555,0.061376953125,-0.003190976717451122,3.4533870220184326
3153920,275.61,2041,770,1544,29.010014330000004,8.513930267095565,-1.1113917231559753,0.0003,0.007036508,0.8172511458396912,0.2,7690,0.4984244704246521,0.0796142578125,-0.0008583266608184204,1.4652607440948486
3158016,264.35,2043,771,1545,27.02552987,7.678330430388451,-1.109550404548645,0.0003,0.0058313385,0.9359475374221802,0.2,7700,0.4954782724380493,0.0740478515625,-0.0036893145355861635,1.9064065217971802
3162112,273.59,2044,772,1546,28.200752780000002,9.223356202244759,-1.1088428780436517,0.0003,0.0068995766,0.904857337474823,0.2,7710,0.496568500995636,0.0559326171875,-0.002320713550579967,2.253744125366211
3166208,287.17,2045,773,1547,28.888244789999995,3.1386266373097897,-1.121862716972828,0.0003,0.039067112,0.9566972851753235,0.2,7720,0.50266033411026,0.119580078125,-0.0025608594703953715,0.9633418321609497
3170304,293.26,2047,774,1548,28.276957140000004,11.756963455677033,-1.135978838801384,0.0003,0.004803107,0.8716744184494019,0.2,7730,0.5032746195793152,0.1955078125,0.006121305728447624,2.937269926071167
3174400,294.21,2048,775,1549,28.42291719,7.98081203699112,-1.1294823676347732,0.0003,0.0065919724,0.9189379215240479,0.2,7740,0.5008406639099121,0.0558349609375,-0.004191138985333964,2.2534821033477783
3178496,308.73,2049,776,1550,27.27329835,5.507924169301987,-1.120462280511856,0.0003,0.008865895,0.915544867515564,0.2,7750,0.5000104904174805,0.088916015625,-0.006356472006882541,1.2526260614395142
3182592,313.03,2051,777,1551,25.36185636,4.810142630338669,-1.1082361415028572,0.0003,0.006661649,0.9188954830169678,0.2,7760,0.4951016306877136,0.1216796875,-0.0023265325668035074,1.0351618528366089
3186688,322.47,2052,778,1552,26.72296238,5.409366931021213,-1.096996408700943,0.0003,0.0075644907,0.9243971109390259,0.2,7770,0.4940109848976135,0.0793212890625,-0.005017610394861549,1.6871060132980347
3190784,305.0,2053,779,1553,26.399704779999997,6.821563568711281,-1.0956164613366126,0.0003,0.0059000994,0.9204731583595276,0.2,7780,0.49424511194229126,0.0660888671875,-0.0030022988212294877,2.0461912155151367
3194880,291.34,2055,780,1554,24.750034850000002,14.00733432173729,-1.090806931257248,0.0003,0.0036622481,0.8918139934539795,0.2,7790,0.4926159381866455,0.0349365234375,-0.0022894953581271693,3.871044158935547
3198976,290.19,2056,781,1555,26.77073632,13.119467675685883,-1.0878424629569055,0.0003,0.006717044,0.9140940308570862,0.2,7800,0.4918304979801178,0.0365966796875,-0.0021310004085535184,4.544678688049316
3203072,286.48,2025,782,1581,26.997112530000003,5.591252315044403,-1.0914045199751854,0.0003,0.005040641,0.9355145692825317,0.2,7810,0.49492257833480835,0.054052734375,-0.0027360489475540817,1.5818290710449219
3207168,283.64,2026,783,1582,27.494281840000003,5.455335277318954,-1.0989296838641167,0.0003,0.010090476,0.9343752861022949,0.2,7820,0.4948294162750244,0.0803466796875,-0.0037776027864310892,1.7209748029708862
3211264,291.45,2028,784,1583,29.968674229999998,7.992189127206802,-1.0926655992865562,0.0003,0.0059792288,0.917792022228241,0.2,7830,0.49331653118133545,0.074853515625,-0.003386631273315288,4.878782749176025
3215360,288.05,2029,785,1584,30.070807879999993,3.7891971111297607,-1.0916967704892158,0.0003,0.013126481,0.9519200921058655,0.2,7840,0.4941027760505676,0.08544921875,-0.004041121152840788,1.228136658668518
3219456,299.14,2030,786,1585,30.31593706,5.654841901361943,-1.104394719004631,0.0003,0.0059033963,0.8866370320320129,0.2,7850,0.49863144755363464,0.071826171875,-0.0036885328096104785,1.7007182836532593
3223552,315.0,2032,787,1586,33.26955898,10.79220520555973,-1.116321262717247,0.0003,0.0050133234,0.8617284297943115,0.2,7860,0.499525249004364,0.085888671875,-0.0036812929320149124,4.17427396774292
3227648,301.39,2033,788,1587,33.82858538,2.255933475494385,-1.1094751164317131,0.0003,0.018366836,0.9088139533996582,0.2,7870,0.4939267039299011,0.1027587890625,-0.0016767897846875711,0.7587421536445618
3231744,300.86,2034,789,1588,31.09168833,12.989606779813766,-1.0982464000582695,0.0003,0.005304445,0.810800313949585,0.2,7880,0.4954697787761688,0.090380859375,-0.0010444959276355802,4.482213020324707
3235840,290.96,2035,790,1589,29.07099675,11.256482735276222,-1.1014432236552238,0.0003,0.0049177073,0.853313684463501,0.2,7890,0.4966549277305603,0.0423583984375,-0.0035356291104108096,1.6354663372039795
3239936,294.56,2037,791,1590,29.168152169999995,10.603141623735429,-1.1005538329482079,0.0003,0.006333763,0.8946139812469482,0.2,7900,0.4968276917934418,0.0455810546875,-0.004048622676054947,3.434598207473755
3244032,292.12,2038,792,1591,31.4099266,9.129048022627831,-1.1026633456349373,0.0003,0.0053054355,0.8569208383560181,0.2,7910,0.49903589487075806,0.049755859375,-0.0031863405092735775,2.29174542427063
3248128,286.26,2039,793,1592,30.573017550000003,3.0562609151005744,-1.0957151234149933,0.0003,0.007908251,0.9521749019622803,0.2,7920,0.49557045102119446,0.0906005859375,-0.005675873240397778,0.6597882509231567
3252224,275.65,2041,794,1593,29.794419159999993,7.4386606335639955,-1.0818891495466232,0.0003,0.009948138,0.9063641428947449,0.2,7930,0.4948993921279907,0.0670166015625,-0.004601348066353239,2.155163526535034
3256320,292.02,2042,795,1594,30.508806410000002,5.715644109249115,-1.084016278386116,0.0003,0.022529818,0.9365846514701843,0.2,7940,0.49732840061187744,0.0963134765625,-0.0037434213241795077,1.9532305002212524
3260416,302.14,2043,796,1595,31.60485464,9.148134949803353,-1.084220539033413,0.0003,0.0064700167,0.856567919254303,0.2,7950,0.4976479709148407,0.061572265625,-0.001612262468552217,2.370340347290039
3264512,313.1,2044,797,1596,32.234864030000004,3.5941297963261603,-1.0811931803822517,0.0003,0.020558273,0.9404575228691101,0.2,7960,0.498998761177063,0.111328125,-0.001704157903441228,1.1172280311584473
3268608,306.64,2046,798,1597,32.518612960000006,11.119700676202774,-1.0852152034640312,0.0003,0.0041172677,0.8859082460403442,0.2,7970,0.49840372800827026,0.09755859375,-0.0003880619275150821,4.209874153137207
3272704,303.28,2047,799,1598,33.862780390000005,6.647831198573113,-1.0841493338346482,0.0003,0.006889077,0.862043023109436,0.2,7980,0.4992409944534302,0.05546875,-0.003951101610437035,1.7665095329284668
3276800,303.55,2048,800,1599,33.77468923000001,3.5267755880951883,-1.0804094418883323,0.0003,0.021381438,0.9315280318260193,0.2,7990,0.4963112473487854,0.140625,0.00017287950176978484,0.9487736225128174
3280896,317.2,2050,801,1600,34.0906232,8.22373386323452,-1.0779609337449074,0.0003,0.009249484,0.868887186050415,0.2,8000,0.4993811845779419,0.07744140625,-0.0022645054967142643,1.5997323989868164
3284992,303.85,2051,802,1601,32.13782913000001,2.145320710539818,-1.0875806912779808,0.0003,0.012743199,0.9593950510025024,0.2,8010,0.49723368883132935,0.1084228515625,-0.0025702893733978273,0.5225406885147095
3289088,296.82,2052,803,1602,31.383415139999997,10.67877399623394,-1.0840151861310006,0.0003,0.0051703155,0.8914194703102112,0.2,8020,0.497566819190979,0.0589599609375,-0.0020374062427436002,1.832734227180481
3293184,283.01,2054,804,1603,32.21420556,1.942052098363638,-1.0773439973592758,0.0003,0.0064037573,0.9674494862556458,0.2,8030,0.49669894576072693,0.1145751953125,-0.002281117989332415,0.5081841945648193
3297280,283.82,2055,805,1604,29.018494039999997,10.153502091765404,-1.0700112223625182,0.0003,0.012315051,0.8249396681785583,0.2,8040,0.4951625168323517,0.09345703125,-0.002819689834723249,4.944255828857422
3301376,291.5,2026,806,1629,29.557471939999996,16.537836414575576,-1.0670021802186966,0.0003,0.0034473122,0.8385363817214966,0.2,8050,0.4961620569229126,0.0406982421875,-0.00391380290966481,5.924319744110107
3305472,285.41,2027,807,1630,27.889798980000002,5.380723547935486,-1.0667719319462776,0.0003,0.009661536,0.8806264996528625,0.2,8060,0.4931628108024597,0.0616943359375,-0.0023388778034131976,1.054578423500061
3309568,260.43,2028,808,1631,22.59452966,12.360616582632066,-1.0554443508386613,0.0003,0.004909545,0.870172917842865,0.2,8070,0.4907090365886688,0.0405517578125,-0.0027000633243005724,4.726519584655762
3313664,251.21,2029,809,1632,22.89518174,17.544376337528227,-1.048036740720272,0.0003,0.004172778,0.8893537521362305,0.2,8080,0.48990678787231445,0.03046875,-0.0029209201369667427,5.208855628967285
3317760,249.06,2031,810,1633,23.162151549999994,6.559818771481514,-1.0412866294384002,0.0003,0.0075244224,0.9352082014083862,0.2,8090,0.48630642890930176,0.0591064453125,-0.004866082564331009,2.5914652347564697
3321856,265.62,2032,811,1634,24.674928780000002,13.648407965898514,-1.0347179368138313,0.0003,0.00507457,0.8764206767082214,0.2,8100,0.48695454001426697,0.028515625,-0.0018119556654710323,6.789233207702637
3325952,260.35,2033,812,1635,27.008607540000003,4.66077392399311,-1.03572898209095,0.0003,0.008297116,0.9213554263114929,0.2,8110,0.48765918612480164,0.068408203125,-0.005402895386214368,1.1917765140533447
3330048,266.44,2034,813,1636,23.880066099999993,7.684014919400215,-1.0347943425178527,0.0003,0.011064153,0.8982732892036438,0.2,8120,0.4897710084915161,0.1039306640625,-0.0036042900144821035,2.2351186275482178
3334144,274.59,2036,814,1637,25.091393760000003,12.960496431589126,-1.0343745529651642,0.0003,0.005663726,0.8571563959121704,0.2,8130,0.48943451046943665,0.1370849609375,0.0017787348973797635,4.717693328857422
3338240,293.61,2037,815,1638,26.820586139999996,3.5301717430353166,-1.0321826383471489,0.0003,0.009926675,0.9562730193138123,0.2,8140,0.48783355951309204,0.09541015625,-0.006074618425918743,1.2517058849334717
3342336,299.81,2038,816,1639,27.10163421,13.811125874519348,-1.030149020254612,0.0003,0.006637434,0.8610576391220093,0.2,8150,0.4867137670516968,0.0650634765625,-0.004430383865837939,3.9385454654693604
3346432,309.92,2040,817,1640,25.853299730000003,8.165554612874985,-1.0260382622480393,0.0003,0.005947318,0.9078083038330078,0.2,8160,0.486043244600296,0.056201171875,-0.00415066410205327,2.52996826171875
3350528,300.94,2041,818,1641,26.017123199999997,8.613304945826531,-1.0264309644699097,0.0003,0.009011504,0.913571834564209,0.2,8170,0.48873084783554077,0.0554931640625,-0.002330716035794467,2.207056999206543
3354624,315.66,2042,819,1642,25.68308451,9.653926312923431,-1.0323003873229026,0.0003,0.0037014068,0.9012004137039185,0.2,8180,0.4891834259033203,0.022119140625,-0.0034426299011101947,2.550748348236084
3358720,321.47,2044,820,1643,26.488180110000002,15.043576818704604,-1.030778595805168,0.0003,0.0070964713,0.825412392616272,0.2,8190,0.4875507354736328,0.0680419921875,-0.0032521274086320775,7.453294277191162
3362816,317.56,2045,821,1644,29.248707029999995,4.713455468416214,-1.0360566809773446,0.0003,0.010871895,0.929433286190033,0.2,8200,0.4943591058254242,0.0991943359375,-0.0037302699871361255,1.136175513267517
3366912,311.0,2046,822,1645,31.841289189999998,4.387708757817745,-1.0488846108317376,0.0003,0.013572906,0.9073306918144226,0.2,8210,0.49164018034935,0.0906494140625,-0.002662285554106347,1.249880313873291
3371008,306.55,2047,823,1646,32.99157673,10.822019737958907,-1.0456525638699532,0.0003,0.0071952445,0.8383667469024658,0.2,8220,0.49075138568878174,0.139306640625,-0.0035184617910999803,3.918083429336548
3375104,315.83,2049,824,1647,34.73878675,7.663324344158172,-1.0414863675832748,0.0003,0.006093311,0.8554737567901611,0.2,8230,0.49038267135620117,0.0676513671875,-0.004082824045326561,5.88374137878418
3379200,320.55,2050,825,1648,37.25093879,5.970244315266609,-1.0403463244438171,0.0003,0.011344392,0.8912981748580933,0.2,8240,0.49299156665802,0.07548828125,-0.005353187152650207,1.5200836658477783
3383296,307.8,2051,826,1649,36.137682479999995,9.754399541020394,-1.0499364942312241,0.0003,0.005681427,0.8609734177589417,0.2,8250,0.4966825842857361,0.053857421875,-0.004078500163450372,3.775702953338623
3387392,312.3,2052,827,1650,34.49271141999999,7.43173777461052,-1.0578323602676392,0.0003,0.007148855,0.8962620496749878,0.2,8260,0.4970250129699707,0.068017578125,-0.004790329688694328,1.8264051675796509
3391488,308.59,2054,828,1651,34.67063352,4.382116559147835,-1.0535204365849495,0.0003,0.015995357,0.9409996867179871,0.2,8270,0.4978228211402893,0.1574951171875,0.0004617026133928448,1.4261207580566406
3395584,306.64,2055,829,1652,32.19763044,3.190084283053875,-1.0386685952544212,0.0003,0.010004971,0.9580174684524536,0.2,8280,0.494722843170166,0.07919921875,-0.005827260395744815,0.919907808303833
3399680,315.07,2056,830,1653,32.82871328000001,12.944939935207367,-1.0206119939684868,0.0003,0.004942634,0.8561059236526489,0.2,8290,0.4942675828933716,0.0578125,-0.0019859532214468343,5.513004302978516
3403776,294.27,2031,831,1675,30.586222729999996,4.01013869792223,-1.0162324503064155,0.0003,0.009802816,0.9316475987434387,0.2,8300,0.49320876598358154,0.07001953125,-0.005571612212224864,1.1736581325531006
3407872,289.97,2032,832,1676,28.81377631,16.451955646276474,-1.0111125394701959,0.0003,0.007172485,0.8699768781661987,0.2,8310,0.4923015236854553,0.041943359375,-0.0009306323481723666,5.589583873748779
3411968,279.44,2034,833,1677,27.513604579999996,7.482648706436157,-1.0125358179211617,0.0003,0.009648016,0.9346722364425659,0.2,8320,0.4957885146141052,0.058935546875,-0.002542643666674849,1.5119633674621582
3416064,271.11,2035,834,1678,29.296980790000003,11.007085961103439,-1.0208626106381415,0.0003,0.00434824,0.8997889757156372,0.2,8330,0.4979132413864136,0.046435546875,-0.002556123957037926,2.504455804824829
3420160,271.9,2037,835,1678,29.459197449999998,3.9687570571899413,-1.0213545694947244,0.0003,0.011518249,0.9570080041885376,0.2,8340,0.4969298243522644,0.0903076171875,-0.007185120921349153,1.3720526695251465
3424256,262.57,2038,836,1679,27.266977319999995,2.554195058345795,-1.0172000378370285,0.0003,0.010581471,0.9595445990562439,0.2,8350,0.500788152217865,0.0886962890625,-0.005428840150125324,0.7427091002464294
3428352,260.22,2040,837,1680,28.425183569999998,12.08446987271309,-1.0204853653907775,0.0003,0.004492862,0.8584085702896118,0.2,8360,0.5003094673156738,0.1609130859375,0.0019540930399671195,3.8107874393463135
3432448,270.65,2042,838,1680,30.19969442,4.7805059313774105,-1.011134335398674,0.0003,0.00626662,0.9079805612564087,0.2,8370,0.49466314911842346,0.097216796875,-0.0015169796359259635,1.4370557069778442
3436544,275.84,2043,839,1681,31.670037019999995,2.416545832902193,-1.000786007940769,0.0003,0.008208359,0.9540746212005615,0.2,8380,0.4945957064628601,0.0944091796875,-0.001479541722801514,0.45396503806114197
3440640,288.25,2045,840,1682,30.08119035,9.551662471890449,-1.0103752136230468,0.0003,0.0075488733,0.8957724571228027,0.2,8390,0.4988311529159546,0.1462890625,-0.0015832701246836223,2.585955858230591
3444736,303.14,2046,841,1683,32.20409435999999,15.576480150222778,-1.0248885855078698,0.0003,0.0042291223,0.8714878559112549,0.2,8400,0.5024263262748718,0.035693359375,-0.002554255069117062,3.8700954914093018
3448832,296.69,2048,842,1683,26.117526450000003,6.245761042833328,-1.0311121806502341,0.0003,0.004595396,0.8943270444869995,0.2,8410,0.5038599967956543,0.0398193359375,-0.0019030218492844142,1.4181822538375854
3452928,297.05,2049,843,1684,26.94750554,19.413022911548616,-1.0305010691285132,0.0003,0.0034392804,0.8815075159072876,0.2,8420,0.502145528793335,0.028076171875,-0.002953543487819843,5.049389362335205
3457024,307.54,2051,844,1685,26.669918459999998,3.679188200831413,-1.0258783265948295,0.0003,0.017029054,0.9633544683456421,0.2,8430,0.5014514327049255,0.104931640625,-0.00543420720496215,1.8469890356063843
3461120,308.19,2053,845,1685,27.41735596,4.017639569938183,-1.0276291608810424,0.0003,0.012560558,0.9517132043838501,0.2,8440,0.5029771327972412,0.1122802734375,-0.00567025504715275,1.2265342473983765
3465216,300.8,2054,846,1686,27.044732370000002,9.322751557826995,-1.0407285630702972,0.0003,0.00555025,0.8728259205818176,0.2,8450,0.5052578449249268,0.047998046875,-0.0031301165581680834,1.8497110605239868
3469312,289.78,2056,847,1687,26.10663743,11.883622032403945,-1.0393499568104745,0.0003,0.0037423165,0.8681323528289795,0.2,8460,0.5011489987373352,0.0353515625,-0.0033114808815298603,3.2829782962799072
3473408,283.87,2057,848,1688,23.078625380000002,18.378647834062576,-1.0237618029117583,0.0003,0.005592495,0.8172141313552856,0.2,8470,0.5000891089439392,0.0510498046875,-0.002577404597832356,5.485167503356934
3477504,290.1,2059,849,1688,28.474423030000008,10.086273509263993,-1.0225225433707237,0.0003,0.00888381,0.9253391623497009,0.2,8480,0.5005366802215576,0.0934814453125,-0.005823189496004489,2.695072650909424
3481600,285.62,2060,850,1689,29.235617859999998,7.21806575357914,-1.0270333498716355,0.0003,0.00811739,0.8518851399421692,0.2,8490,0.4998331069946289,0.0460693359375,-0.0027144327948917637,1.6575406789779663
3485696,272.48,2062,851,1690,30.48886875,6.691710087656975,-1.0288720548152923,0.0003,0.005243944,0.9081112146377563,0.2,8500,0.5029469132423401,0.0844970703125,-0.0013061815756373108,1.4330590963363647
3489792,265.21,2063,852,1691,28.528552310000013,5.416093802452087,-1.0289719596505165,0.0003,0.0074392175,0.9208797216415405,0.2,8510,0.49815064668655396,0.0828369140625,-0.0032144427619641646,1.4439353942871094
3493888,269.17,2065,853,1691,30.644531969999992,4.482039624452591,-1.0182593032717704,0.0003,0.011338977,0.9381742477416992,0.2,8520,0.4973469376564026,0.0671875,-0.0022694391358527356,1.1692434549331665
3497984,280.82,2066,854,1692,35.31800739,7.368600025773048,-1.0144838079810143,0.0003,0.011476234,0.8426673412322998,0.2,8530,0.4947669208049774,0.073095703125,-0.001653454007464461,1.9608465433120728
3502080,281.78,2047,855,1710,38.17058971,3.6116158604621886,-1.007583625614643,0.0003,0.009110974,0.8875553607940674,0.2,8540,0.4939398467540741,0.0947998046875,-0.002179388320655562,0.8780699372291565
3506176,292.59,2049,856,1710,37.761796780000005,3.376197002828121,-1.0065587684512138,0.0003,0.019579388,0.9480323195457458,0.2,8550,0.4905517101287842,0.1402099609375,-0.0022257445962168276,0.865496039390564
3510272,289.26,2050,857,1711,35.17428382000001,2.705889831483364,-1.0056734323501586,0.0003,0.018270535,0.9483221769332886,0.2,8560,0.49315667152404785,0.16611328125,0.0002814366016536951,0.5209684371948242
3514368,298.65,2052,858,1712,34.02779597,11.439712530374527,-1.0093212977051735,0.0003,0.0039131246,0.80144864320755,0.2,8570,0.49400243163108826,0.087353515625,-0.0016666192328557371,2.2882771492004395
3518464,304.21,2053,859,1713,33.56842574999999,6.494476801156997,-1.0102925300598145,0.0003,0.006785271,0.9506199955940247,0.2,8580,0.4942583441734314,0.054248046875,-0.003148718344164081,3.6570215225219727
3522560,309.09,2055,860,1713,33.45037299999999,5.700623475015163,-1.0038071379065514,0.0003,0.0058479253,0.8900207281112671,0.2,8590,0.4928545355796814,0.0577392578125,-0.002855129601084627,1.042770504951477
3526656,311.95,2056,861,1714,33.580135590000005,4.450655272603035,-0.9967022970318794,0.0003,0.0081314,0.9313235282897949,0.2,8600,0.4940469264984131,0.07490234375,-0.005889931536512449,1.1796952486038208
3530752,294.15,2058,862,1715,29.721783679999998,4.721697244048118,-0.9971340745687485,0.0003,0.004470513,0.9059943556785583,0.2,8610,0.4930797219276428,0.0404296875,-0.0028201275519677436,0.8124675750732422
3534848,289.16,2059,863,1716,29.444244949999995,11.606792196631432,-0.9928857266902924,0.0003,0.0038047265,0.8626574873924255,0.2,8620,0.492765873670578,0.0448486328125,-0.004386577231343836,2.609890937805176
3538944,290.46,2061,864,1716,32.85999991,11.747273290157318,-0.9920543693006039,0.0003,0.0061691534,0.8818676471710205,0.2,8630,0.4934503734111786,0.06396484375,-0.002148861663590651,2.765662908554077
3543040,270.67,2062,865,1717,34.76278398,1.5226336970925332,-0.9933394767343998,0.0003,0.034887254,0.8489209413528442,0.2,8640,0.49187561869621277,0.18369140625,-0.0006677503239188809,0.5670442581176758
3547136,268.55,2064,866,1718,35.34465058999999,8.00488261282444,-0.9889629296958447,0.0003,0.006432033,0.8141242265701294,0.2,8650,0.49105945229530334,0.13876953125,-2.274908765684813e-05,1.9578139781951904
3551232,267.77,2065,867,1718,35.462857389999996,4.072911231219768,-0.9880320318043232,0.0003,0.008562137,0.877997875213623,0.2,8660,0.49377158284187317,0.0731201171875,-0.005141808875487186,0.7278874516487122
3555328,257.01,2067,868,1719,38.54991172,3.29275039434433,-0.9986709803342819,0.0003,0.021964744,0.9488210678100586,0.2,8670,0.49474483728408813,0.183056640625,0.0010869775418541395,1.4333082437515259
3559424,263.78,2068,869,1720,40.33374781,1.3220727548003197,-1.0001494109630584,0.0003,0.010080064,0.922528088092804,0.2,8680,0.49672889709472656,0.0818359375,-0.0042366940935608,0.3123096525669098
3563520,265.24,2070,870,1721,41.143728960000004,4.14581578373909,-0.9957676127552986,0.0003,0.0051716715,0.8975602388381958,0.2,8690,0.4978735148906708,0.0744140625,-0.0007808499794919044,1.2089722156524658
3567616,277.58,2071,871,1721,38.39086294,12.664962303638458,-0.9936318337917328,0.0003,0.009081918,0.8527417182922363,0.2,8700,0.5000649094581604,0.0827392578125,-0.0019991838023997845,6.3482441902160645
3571712,288.28,2073,872,1722,36.72569372,8.65775794684887,-0.9899004749953747,0.0003,0.00961891,0.8923283815383911,0.2,8710,0.4995630383491516,0.0659423828125,-0.0020443064480787144,1.3573790788650513
3575808,288.67,2075,873,1723,36.80929917,10.015850761532784,-0.9875119626522064,0.0003,0.0075412607,0.8666196465492249,0.2,8720,0.4999220669269562,0.1063232421875,-0.0013386229547904804,1.9805376529693604
3579904,285.17,2076,874,1723,36.134906140000005,8.997561731934548,-0.9907429948449135,0.0003,0.007811358,0.7744660377502441,0.2,8730,0.5008424520492554,0.0573486328125,-0.0036718564806506038,2.984056234359741
3584000,287.48,2078,875,1724,34.58336869,4.062695759534836,-0.9876302108168602,0.0003,0.009535948,0.9510859847068787,0.2,8740,0.5000180006027222,0.0806884765625,-0.0028769329539500175,0.9422610402107239
3588096,305.2,2079,876,1725,33.26161994,4.112406267225742,-0.9841994799673557,0.0003,0.0052300324,0.9286478757858276,0.2,8750,0.5011003017425537,0.04033203125,-0.001770594427944161,1.122801423072815
3592192,311.23,2081,877,1726,31.481322050000003,4.001990959048271,-0.9811106607317924,0.0003,0.007409816,0.9235802888870239,0.2,8760,0.4988548755645752,0.08486328125,-0.003862795053282753,0.8390936255455017
3596288,312.44,2082,878,1726,32.43090416999999,6.945512460172177,-0.969416806846857,0.0003,0.0086703,0.9276967644691467,0.2,8770,0.49707522988319397,0.05712890625,-0.004597563738934695,2.4501075744628906
3600384,293.89,2064,879,1743,32.532561,4.291027930378914,-0.9621137544512749,0.0003,0.0051833466,0.9309220910072327,0.2,8780,0.49770593643188477,0.0673828125,-0.0027566071818000636,1.031011700630188
3604480,296.8,2065,880,1744,32.71067367999999,4.004768261313439,-0.9558334618806839,0.0003,0.0026701745,0.9449538588523865,0.2,8790,0.49501168727874756,0.0398681640625,-0.002147075159882661,0.8750284314155579
3608576,289.04,2067,881,1745,28.568084109999994,3.5694131344556808,-0.9406886480748653,0.0003,0.008642686,0.946450412273407,0.2,8800,0.49125078320503235,0.064599609375,-0.004239792382577434,1.030142903327942
3612672,287.63,2068,882,1746,29.485550020000005,17.159315305948258,-0.9308946259319782,0.0003,0.0032096948,0.8591603636741638,0.2,8810,0.49321117997169495,0.0254638671875,-0.0024588802509242667,5.6561994552612305
3616768,275.87,2070,883,1746,32.79148161,7.201273167133332,-0.9366023600101471,0.0003,0.007702021,0.8583559989929199,0.2,8820,0.49612531065940857,0.074072265625,-0.003935733868274838,1.3742702007293701
3620864,261.34,2071,884,1747,31.38104505,2.8144635051488875,-0.9433934181928635,0.0003,0.010794427,0.9565779566764832,0.2,8830,0.49456068873405457,0.0886474609375,-0.003314047152525745,0.8859395384788513
3624960,269.59,2073,885,1748,32.66621164,4.465932646393776,-0.9476773776113987,0.0003,0.019251097,0.9395965337753296,0.2,8840,0.4959544539451599,0.13330078125,-0.002902061975328252,0.9113415479660034
3629056,276.41,2074,886,1749,31.823246199999993,4.118375177681446,-0.9554971158504486,0.0003,0.009277327,0.9509022831916809,0.2,8850,0.4976549744606018,0.09619140625,-0.005819146038265899,1.3221074342727661
3633152,288.56,2076,887,1749,29.474683960000004,8.131542900204659,-0.9638156838715076,0.0003,0.0084383935,0.8752189874649048,0.2,8860,0.5006515979766846,0.0708251953125,-0.003863961063325405,1.4143050909042358
3637248,293.27,2077,888,1750,30.9808265,10.711874052882195,-0.9718336917459964,0.0003,0.0049845297,0.8707482814788818,0.2,8870,0.5034525394439697,0.0652099609375,-0.003511790986522101,1.5845401287078857
3641344,304.4,2079,889,1751,29.46884885,6.752135592699051,-0.9792234383523464,0.0003,0.008322483,0.930601179599762,0.2,8880,0.5048207640647888,0.05185546875,-0.004756012925645337,2.4131736755371094
3645440,308.72,2080,890,1751,28.012331930000002,12.402446246147155,-0.9813569501042366,0.0003,0.0052393083,0.8821349740028381,0.2,8890,0.5070224404335022,0.0571044921875,-0.003987726307241246,5.913045883178711
3649536,323.16,2082,891,1752,27.68691537,10.463016313314437,-0.9838805802166462,0.0003,0.004893489,0.8395822048187256,0.2,8900,0.5050554871559143,0.038671875,-0.002385574686923064,3.553058624267578
3653632,307.16,2083,892,1753,25.5218436,2.034534429758787,-0.9778961263597011,0.0003,0.014069435,0.9710730314254761,0.2,8910,0.5017222762107849,0.1251220703125,-0.003971162249217741,0.4239170253276825
3657728,297.9,2085,893,1754,25.128687369999998,17.25363560914993,-0.9748558573424816,0.0003,0.003216997,0.84401535987854,0.2,8920,0.5018284320831299,0.1428466796875,0.00240282317972742,4.657161235809326
3661824,292.22,2086,894,1754,27.085047310000004,6.1867613166570665,-0.9702812261879444,0.0003,0.0062459097,0.9193507432937622,0.2,8930,0.5014786124229431,0.0489013671875,-0.003464478612295352,2.2485287189483643
3665920,289.36,2088,895,1755,24.703376689999995,5.477201935648918,-0.9653249405324459,0.0003,0.007045884,0.9466556906700134,0.2,8940,0.5018184185028076,0.0600341796875,-0.004957762043341063,1.0457841157913208
3670016,267.69,2089,896,1756,29.201050160000005,10.080002069473267,-0.9642302818596363,0.0003,0.0052239313,0.9363826513290405,0.2,8950,0.5006012320518494,0.076318359375,-0.003935247688787058,3.7290256023406982
3674112,272.65,2091,897,1756,27.92628253000001,4.4865686148405075,-0.9570982664823532,0.0003,0.008084351,0.8875263929367065,0.2,8960,0.49758240580558777,0.0630615234375,-0.0033839255891507493,1.1501870155334473
3678208,269.48,2092,898,1757,29.517900290000004,12.795150649547576,-0.9475235208868981,0.0003,0.008675867,0.8793260455131531,0.2,8970,0.49410906434059143,0.0636474609375,-0.0027560606598854066,1.649365782737732
3682304,271.16,2094,899,1758,29.67386064,7.676618811488152,-0.9507545344531536,0.0003,0.0063518346,0.8841159343719482,0.2,8980,0.49721968173980713,0.087841796875,-0.0026780110143590718,2.0485904216766357
3686400,267.78,2095,900,1759,27.829507250000002,13.889496541023254,-0.9626060709357261,0.0003,0.0037237369,0.8868929147720337,0.2,8990,0.5013937950134277,0.033544921875,-0.0025343923276523127,3.7451579570770264
3690496,279.64,2097,901,1759,29.6678513,10.099012553691864,-0.9703851945698261,0.0003,0.007628835,0.9151460528373718,0.2,9000,0.5025169253349304,0.0644287109375,-0.004040900091058575,2.6457629203796387
3694592,279.69,2098,902,1760,32.47437659,1.6455414801836015,-0.9606463678181172,0.0003,0.023145813,0.9696387052536011,0.2,9010,0.4977203607559204,0.1664306640625,-0.00306200145278126,0.4501817524433136
3698688,291.36,2100,903,1761,31.80611785000001,1.4109129898250103,-0.9504865661263466,0.0003,0.0140571585,0.9781926870346069,0.2,9020,0.5014468431472778,0.16328125,-0.00012172843562439085,0.47175148129463196
3702784,294.15,2081,904,1778,32.11096399,11.097938060760498,-0.960122586786747,0.0003,0.0060060807,0.8228781819343567,0.2,9030,0.5036669969558716,0.0713623046875,-0.0035202342201955616,2.28875470161438
3706880,282.08,2083,905,1779,33.10205184,9.869223818182945,-0.9665303759276866,0.0003,0.005956953,0.882379949092865,0.2,9040,0.5041059255599976,0.07783203125,-0.0028388281905790793,1.7188162803649902
3710976,284.75,2084,906,1780,33.798643199999994,5.5468189239501955,-0.9647089339792728,0.0003,0.004315854,0.87538743019104,0.2,9050,0.5024594664573669,0.0622802734375,-0.002884856982564088,1.2731622457504272
3715072,286.91,2085,907,1781,35.85465999,2.850765071809292,-0.9495622038841247,0.0003,0.008754313,0.9303072094917297,0.2,9060,0.49765467643737793,0.0697021484375,-0.005219397743348964,0.7888794541358948
3719168,272.3,2087,908,1781,34.757967400000005,9.328194656968117,-0.9328938111662864,0.0003,0.0069436776,0.7364324927330017,0.2,9070,0.4966892600059509,0.079833984375,-0.0022002685203915463,5.163657188415527
3723264,264.28,2088,909,1782,29.40572013,9.894031089544296,-0.932861465215683,0.0003,0.0043702116,0.8671303987503052,0.2,9080,0.4941564202308655,0.045068359375,-0.003547117137350142,2.2867884635925293
3727360,265.42,2090,910,1783,29.423902279999997,23.986675786972047,-0.9296993777155876,0.0003,0.0065260455,0.8660315275192261,0.2,9090,0.49388179183006287,0.042333984375,-0.003446599721792154,7.738588333129883
3731456,264.11,2091,911,1783,28.87134178,9.387139198184013,-0.9283552601933479,0.0003,0.0029097227,0.9063791632652283,0.2,9100,0.4941766858100891,0.0267333984375,-0.002323147069546394,2.037075996398926
3735552,266.73,2093,912,1784,30.066897020000003,14.193134385347367,-0.9277318462729454,0.0003,0.0056358203,0.8612982034683228,0.2,9110,0.4941597580909729,0.0644775390625,-0.0012144429056206718,4.854874610900879
3739648,264.11,2094,913,1785,29.606877719999996,16.417921280860902,-0.9250126704573631,0.0003,0.005762646,0.8500707149505615,0.2,9120,0.4926648437976837,0.06962890625,-0.006410551811859478,3.970505714416504
3743744,279.01,2096,914,1786,28.676526079999995,6.435117602348328,-0.9191700786352157,0.0003,0.010079375,0.9109421372413635,0.2,9130,0.49288684129714966,0.066845703125,-0.0028710116806905718,1.3378815650939941
3747840,271.51,2097,915,1786,30.12542505,6.984340023994446,-0.9195855997502804,0.0003,0.010558057,0.9344342350959778,0.2,9140,0.4952782392501831,0.0703857421875,-0.004543038821429946,1.967739462852478
3751936,283.23,2098,916,1787,33.65988441,5.158410921692848,-0.917732472717762,0.0003,0.004744037,0.9130141139030457,0.2,9150,0.4940299987792969,0.04287109375,-0.0011334472801536322,1.615867018699646
3756032,291.09,2100,917,1788,34.20946502000001,5.156857484579087,-0.908192689716816,0.0003,0.0073982067,0.953386664390564,0.2,9160,0.4936022162437439,0.0675048828125,-0.005513876306940802,1.3717637062072754
3760128,286.8,2101,918,1788,34.9289652,6.677343443036079,-0.9077340200543403,0.0003,0.0040865233,0.8535608053207397,0.2,9170,0.4946694076061249,0.0510009765625,-0.0027024675116990695,1.9191051721572876
3764224,285.98,2103,919,1789,35.58067374,9.943450236320496,-0.9081007376313209,0.0003,0.0139334295,0.9202578663825989,0.2,9180,0.49337273836135864,0.07685546875,-0.0026330078399041668,2.6648874282836914
3768320,268.85,2104,920,1790,33.34101934,6.193292778730393,-0.9042589642107487,0.0003,0.009479363,0.8778793215751648,0.2,9190,0.4908405542373657,0.0610595703125,-0.003770365106174722,1.5843563079833984
3772416,264.01,2106,921,1791,30.17819812,14.10305785536766,-0.9006905801594257,0.0003,0.007332911,0.8004108667373657,0.2,9200,0.49105945229530334,0.0591796875,-0.0018164275476010515,3.74586820602417
3776512,261.43,2107,922,1791,29.339825270000002,15.826504439115524,-0.9017802700400352,0.0003,0.003413109,0.8658900856971741,0.2,9210,0.49087589979171753,0.0309326171875,-0.0018512106864363887,5.071918487548828
3780608,258.15,2108,923,1792,29.967413090000004,5.41859422326088,-0.9009297236800193,0.0003,0.006654461,0.9127581715583801,0.2,9220,0.4901618957519531,0.087939453125,-0.004657509087701328,1.3197388648986816
3784704,269.17,2110,924,1793,29.976622160000005,11.87337448000908,-0.8956182613968849,0.0003,0.0065479605,0.8738257884979248,0.2,9230,0.48807522654533386,0.053076171875,-0.0035405740927672014,4.354464530944824
3788800,271.38,2111,925,1794,30.25960156,8.858283507823945,-0.8848964184522629,0.0003,0.018061262,0.897753894329071,0.2,9240,0.48769259452819824,0.0993896484375,-0.0023262125701876356,1.7343839406967163
3792896,268.68,2113,926,1794,30.111019149999997,6.824236303567886,-0.8785853743553161,0.0003,0.007705571,0.9221094250679016,0.2,9250,0.48684531450271606,0.1099365234375,-0.004388791086967103,3.5346648693084717
3796992,282.31,2114,927,1795,31.362113679999997,14.808889698982238,-0.879995834827423,0.0003,0.0035744612,0.9042181372642517,0.2,9260,0.48858195543289185,0.03212890625,-0.0038848103817144875,3.6119353771209717
3801088,286.58,2096,928,1812,32.27794129,9.622408065199853,-0.878941710293293,0.0003,0.0077213477,0.8917232751846313,0.2,9270,0.48316454887390137,0.08916015625,-0.004633631964679807,2.6670608520507812
3805184,292.06,2098,929,1813,32.45927987,15.342426699399947,-0.8686772614717484,0.0003,0.0029612351,0.8618232011795044,0.2,9280,0.48277345299720764,0.0465576171875,-0.0020329292470705695,7.069892883300781
3809280,295.32,2099,930,1814,33.34018941,8.371713629364967,-0.8629556953907013,0.0003,0.00568475,0.900958240032196,0.2,9290,0.4816277325153351,0.0697021484375,-0.0027185430022655054,2.0565953254699707
3813376,302.24,2101,931,1814,33.34798165,4.198632180690765,-0.857134360074997,0.0003,0.008707116,0.9278930425643921,0.2,9300,0.4824591279029846,0.0857421875,-0.00439281697908882,1.2156270742416382
3817472,299.59,2102,932,1815,32.09211823,3.2132027953863145,-0.851273899525404,0.0003,0.006961045,0.939949095249176,0.2,9310,0.4802272319793701,0.074462890625,-0.0044116373406723145,0.8574895858764648
3821568,296.23,2103,933,1816,32.73723943,6.3735635578632355,-0.8475179396569729,0.0003,0.008608377,0.8932872414588928,0.2,9320,0.4816626310348511,0.06962890625,-0.0037862579920329154,1.219523310661316
3825664,289.41,2105,934,1817,33.806914819999996,5.801178872585297,-0.8534693367779255,0.0003,0.009466857,0.8948008418083191,0.2,9330,0.48308807611465454,0.09248046875,-0.003010181215358898,1.523070216178894
3829760,289.42,2106,935,1817,36.424918770000005,3.04829972833395,-0.8548002004623413,0.0003,0.009589726,0.9472464323043823,0.2,9340,0.48355525732040405,0.083984375,-0.006424500211142004,1.0631226301193237
3833856,293.98,2108,936,1818,35.708626849999995,1.6093210004270078,-0.8505187921226025,0.0003,0.009309524,0.958209753036499,0.2,9350,0.4836002588272095,0.14638671875,-0.00023706085339654238,0.4922475516796112
3837952,277.26,2109,937,1819,33.63713441,12.391189539432526,-0.846232408285141,0.0003,0.0037471582,0.8093748092651367,0.2,9360,0.4834911823272705,0.1259521484375,0.00030967751081334427,3.7109978199005127
3842048,274.6,2110,938,1820,32.818515569999995,13.799321687221527,-0.8450642704963685,0.0003,0.006064211,0.8058460354804993,0.2,9370,0.4820617437362671,0.062109375,-0.004517549986485392,3.991530418395996
3846144,278.24,2112,939,1820,31.245976529999997,4.0017088681459425,-0.8445481486618519,0.0003,0.010172536,0.9502091407775879,0.2,9380,0.4824165403842926,0.0640380859375,-0.006890042129089125,1.1151386499404907
3850240,285.88,2113,940,1821,29.21601684,11.971534019708633,-0.8461845383048058,0.0003,0.0082902815,0.8899816274642944,0.2,9390,0.48155075311660767,0.101953125,-0.004224603467446286,2.481752634048462
3854336,279.77,2115,941,1822,28.680689630000003,18.283404052257538,-0.8408570066094398,0.0003,0.0047640456,0.897978663444519,0.2,9400,0.4812488853931427,0.0347900390625,-0.001505878850002773,5.447147846221924
3858432,282.57,2116,942,1822,26.2564246,8.80189182460308,-0.8353624463081359,0.0003,0.009110193,0.8540014028549194,0.2,9410,0.47969764471054077,0.0490966796875,-0.003493581202928908,2.618366003036499
3862528,293.35,2118,943,1823,25.752020339999998,16.091938024759294,-0.8308879263699055,0.0003,0.0057203197,0.8750686049461365,0.2,9420,0.47794246673583984,0.0357177734375,-0.002611555490875617,6.964460372924805
3866624,298.93,2119,944,1824,27.621625769999994,10.877814069390297,-0.8269055329263211,0.0003,0.011524104,0.8654486536979675,0.2,9430,0.4789525866508484,0.070458984375,-0.004220445250393823,4.8794050216674805
3870720,302.36,2120,945,1825,29.037125669999995,2.1973205879330635,-0.8188420213758946,0.0003,0.010060035,0.9591413140296936,0.2,9440,0.4776880741119385,0.0974609375,-0.0066381176060531285,0.7143136858940125
3874816,307.21,2122,946,1825,31.722809050000002,2.1486751802265642,-0.8162749223411083,0.0003,0.01013059,0.9717676043510437,0.2,9450,0.48206713795661926,0.1052978515625,-0.005034854012774303,0.5769268870353699
3878912,306.08,2123,947,1826,30.78556972,3.6166854575276375,-0.8246600218117237,0.0003,0.008019044,0.9424185752868652,0.2,9460,0.48379889130592346,0.1407470703125,-0.0005449871241580695,1.0805072784423828
3883008,303.12,2125,948,1827,31.32056981,9.25364409685135,-0.8257565498352051,0.0003,0.0069146752,0.9049160480499268,0.2,9470,0.4860536456108093,0.0930419921875,-0.003065229530329816,2.586113452911377
3887104,300.98,2126,949,1827,31.024954550000007,14.00088037252426,-0.8289230518043041,0.0003,0.0032752408,0.8477399945259094,0.2,9480,0.48770833015441895,0.035546875,-0.0033167210523970423,3.9290199279785156
3891200,291.23,2127,950,1828,33.295078399999994,12.537581783533096,-0.8335332274436951,0.0003,0.00447625,0.8314480781555176,0.2,9490,0.4881506860256195,0.05546875,-0.0034831753131584265,4.7707600593566895
3895296,280.83,2129,951,1829,31.33405665,5.71057411134243,-0.8354224726557732,0.0003,0.0064507807,0.9199039936065674,0.2,9500,0.4876623749732971,0.0540771484375,-0.0032114650413859634,1.5630872249603271
3899392,279.47,2130,952,1830,30.499266190000004,3.6304140731692316,-0.8320544272661209,0.0003,0.0064231497,0.9554226398468018,0.2,9510,0.48689013719558716,0.081103515625,-0.001529806392500177,1.0533186197280884
3903488,280.44,2111,953,1848,28.11573031,14.892850238084794,-0.8299055881798267,0.0003,0.0074793603,0.8819981813430786,0.2,9520,0.48732152581214905,0.081103515625,-0.005422726843971759,8.008097648620605
3907584,281.18,2113,954,1849,28.23606305,7.053920358419418,-0.8258442834019661,0.0003,0.0048183016,0.9221094846725464,0.2,9530,0.487000435590744,0.0343017578125,-0.003349896536383312,1.7145131826400757
3911680,291.27,2114,955,1849,27.289512460000005,10.391867983341218,-0.829035808891058,0.0003,0.0052417973,0.9098181128501892,0.2,9540,0.48970121145248413,0.046533203125,-0.004251626282348297,3.9504382610321045
3915776,295.87,2116,956,1850,26.357322359999998,10.983127790689469,-0.8345946833491326,0.0003,0.013904773,0.8631932735443115,0.2,9550,0.4888532757759094,0.07783203125,-0.0018993218865944073,2.20550274848938
3919872,308.43,2117,957,1851,26.124497629999997,6.16151579618454,-0.8319107994437218,0.0003,0.007167087,0.9216695427894592,0.2,9560,0.4882696270942688,0.0927734375,-0.002803539845626801,1.6747925281524658
3923968,320.95,2118,958,1851,25.924005349999998,12.664137190580368,-0.8279807738959789,0.0003,0.007988632,0.875057578086853,0.2,9570,0.4886370599269867,0.0684326171875,-0.0017901703860843555,5.014477729797363
3928064,325.75,2120,959,1852,25.30882763,9.222233352065086,-0.8325778923928737,0.0003,0.0074262964,0.8766952157020569,0.2,9580,0.4893357753753662,0.0681640625,-0.0035573262663092463,2.49737811088562
3932160,322.22,2121,960,1853,26.011031059999997,6.668553504347801,-0.8332331091165542,0.0003,0.008016883,0.8934281468391418,0.2,9590,0.48615485429763794,0.0613037109375,-0.004198830245877616,1.806990146636963
3936256,314.72,2123,961,1854,28.95388711,12.791036230325698,-0.8231789901852608,0.0003,0.0077113644,0.8564729690551758,0.2,9600,0.4865114688873291,0.065478515625,-0.0011838967344374395,4.981616497039795
3940352,319.31,2124,962,1854,29.949955699999997,5.349596852064133,-0.8261222153902054,0.0003,0.0055713183,0.9364710450172424,0.2,9610,0.4869532287120819,0.07109375,-0.0051490106532583015,1.5315123796463013
3944448,308.38,2125,963,1855,29.20886834,7.055659148097038,-0.8217514172196388,0.0003,0.009486408,0.9287135601043701,0.2,9620,0.48777034878730774,0.072607421875,-0.005393043944786768,2.1277859210968018
3948544,294.1,2127,964,1856,28.434539230000006,3.024704636633396,-0.8156566113233567,0.0003,0.0069614733,0.9584352970123291,0.2,9630,0.48282796144485474,0.0714111328125,-0.005415364235523157,0.7776821851730347
3952640,297.69,2128,965,1856,29.564802410000002,4.734215354919433,-0.8057546891272068,0.0003,0.012307719,0.9529609680175781,0.2,9640,0.4803225100040436,0.1042724609375,-0.0052359407884068785,1.3328338861465454
3956736,285.14,2129,966,1857,30.166415110000006,7.213198918104172,-0.7935831055045128,0.0003,0.0104445,0.9225378632545471,0.2,9650,0.47824546694755554,0.1064208984375,-0.000509828160284087,1.5641123056411743
3960832,297.89,2131,967,1858,29.963427730000003,6.864210054278374,-0.786675064265728,0.0003,0.005551347,0.9315577149391174,0.2,9660,0.47872716188430786,0.0540283203125,-0.0046922380206524394,1.701399326324463
3964928,293.16,2132,968,1859,27.485075790000007,6.469611576199531,-0.7915076941251755,0.0003,0.0077629806,0.9373027682304382,0.2,9670,0.48048898577690125,0.0649169921875,-0.003503576450748369,1.9867067337036133
3969024,288.74,2134,969,1859,27.547175940000002,8.944608736038209,-0.7969548314809799,0.0003,0.0058927927,0.9160974621772766,0.2,9680,0.4793285131454468,0.050439453125,-0.0037673252576496453,2.3108720779418945
3973120,301.92,2135,970,1860,29.615338480000005,9.350651404261589,-0.7884927079081535,0.0003,0.005045347,0.9217444658279419,0.2,9690,0.47740277647972107,0.0617919921875,-0.004567952657816931,2.356661081314087
3977216,299.79,2136,971,1861,23.7817555,7.887943470478058,-0.7810802415013314,0.0003,0.005557655,0.9366651177406311,0.2,9700,0.4751361608505249,0.066845703125,-0.0023515374545240776,1.9345197677612305
3981312,299.27,2138,972,1861,24.587230709999993,13.654558396339416,-0.7738887913525104,0.0003,0.009366905,0.9213918447494507,0.2,9710,0.4742194414138794,0.0745361328125,-0.004220692830858752,3.8776164054870605
3985408,293.76,2139,973,1862,23.214700389999997,5.878911763429642,-0.778333742916584,0.0003,0.005617655,0.9177951216697693,0.2,9720,0.4779319167137146,0.072119140625,-0.0026755564904306084,2.0131804943084717
3989504,296.85,2141,974,1863,23.41349156,28.775427037477492,-0.7868907675147057,0.0003,0.010940358,0.775303840637207,0.2,9730,0.47891318798065186,0.0677490234375,-0.0034138559945859014,16.56709098815918
3993600,297.2,2142,975,1864,21.81640072,2.6009631976485252,-0.7954004749655723,0.0003,0.019140016,0.9579318761825562,0.2,9740,0.4845297336578369,0.1157470703125,-0.0017690897802822292,0.6389985084533691
3997696,298.52,2143,976,1864,22.47648804,10.4716628074646,-0.7990713879466057,0.0003,0.0070269117,0.9196586608886719,0.2,9750,0.48083990812301636,0.1460205078125,-0.00048447780136484653,2.8253979682922363
4001792,294.07,2125,977,1882,22.34372723,8.35832466185093,-0.7850921459496021,0.0003,0.01213974,0.9289333820343018,0.2,9760,0.4793136715888977,0.090869140625,-0.0067767484375508506,2.484128713607788
