time/iterations,time/time_elapsed,time/fps,time/total_timesteps,train/loss,rollout/ep_rew_mean,train/clip_range,train/approx_kl,train/policy_gradient_loss,train/n_updates,rollout/ep_len_mean,train/std,train/learning_rate,train/explained_variance,train/clip_fraction,train/value_loss,train/entropy_loss
1,1,3815,4096,,,,,,,,,,,,,
2,2,3131,8192,0.3795959949493408,-80.00710724999999,0.2,0.004067799,-0.0034871640586061404,10,693.625,0.996789813041687,0.0003,-0.009416460990905762,0.013818359375,1.7471902824938297,-2.8354182720184324
3,3,3183,12288,0.19629839062690735,-78.73925391666667,0.2,0.0049775452,-0.003096820550854318,20,704.1666666666666,0.9936314821243286,0.0003,0.47474056482315063,0.0194091796875,1.205118715763092,-2.828619661927223
4,4,3334,16384,0.19968415796756744,-84.9890250625,0.2,0.005612269,-0.004366069450043142,30,746.5625,0.9851729273796082,0.0003,0.6031491756439209,0.028662109375,0.8879033155739308,-2.81861652135849
5,6,3383,20480,0.14866715669631958,-82.13401115,0.2,0.006949424,-0.006103861710289493,40,775.2,0.9755586981773376,0.0003,0.540915310382843,0.035302734375,0.5714853584766388,-2.798864033818245
6,7,3410,24576,0.17045845091342926,-82.69959425925926,0.2,0.0065905326,-0.005755821145430673,50,830.6296296296297,0.9727931022644043,0.0003,0.626754879951477,0.0646484375,0.5789922010153532,-2.785744270682335
7,8,3464,28672,0.12226340919733047,-81.16624186206896,0.2,0.0063319285,-0.005596213616081513,60,833.7931034482758,0.962544322013855,0.0003,0.5835303068161011,0.0516357421875,0.39859031364321706,-2.7747359842062
8,9,3473,32768,0.08430595695972443,-78.41363173529412,0.2,0.007378306,-0.0082537417212734,70,851.7352941176471,0.9504995346069336,0.0003,0.5154235363006592,0.0768798828125,0.2874456822872162,-2.748313143849373
9,10,3481,36864,0.03703968599438667,-74.84607902564103,0.2,0.0063226167,-0.01099721687787678,80,850.4102564102565,0.9323371648788452,0.0003,0.8044098615646362,0.086083984375,0.14882721034809948,-2.7201783448457717
10,11,3480,40960,0.2033919245004654,-73.68255423809526,0.2,0.004225271,-0.0020152543496806175,90,854.0952380952381,0.9278901219367981,0.0003,0.1619526743888855,0.0337646484375,3.5919550877064466,-2.691137170791626
11,12,3488,45056,0.11606656759977341,-72.85487235416667,0.2,0.007057517,-0.0067465239786542956,100,873.9375,0.9153864979743958,0.0003,0.7236188650131226,0.0532470703125,0.31603066232055427,-2.6772362768650053
12,13,3515,49152,0.06062958016991615,-70.96146738461539,0.2,0.0070495727,-0.009674237103899941,110,866.5192307692307,0.9006927609443665,0.0003,0.7616077661514282,0.0818115234375,0.1707535907626152,-2.645871344208717
13,15,3520,53248,0.041827790439128876,-68.9295444137931,0.2,0.009467178,-0.01091648720903322,120,877.1896551724138,0.8811482191085815,0.0003,0.8335039019584656,0.0905517578125,0.16674374919384718,-2.607305458188057
14,16,3522,57344,0.03287505358457565,-67.51373486885245,0.2,0.009246861,-0.011169499179231934,130,873.4262295081967,0.8686034679412842,0.0003,0.7441194653511047,0.1060791015625,0.15685165543109178,-2.5689302384853363
15,17,3530,61440,0.18765941262245178,-65.1461369552239,0.2,0.006282202,-0.008784875881974585,140,868.8805970149253,0.8619354367256165,0.0003,0.5613390803337097,0.0775146484375,0.471589457988739,-2.5477592021226885
16,18,3554,65536,0.7194973826408386,-63.85730347142857,0.2,0.006300279,-0.004167479471652769,150,872.9428571428572,0.8577772974967957,0.0003,0.2360866665840149,0.0408203125,3.606455873697996,-2.536088615655899
17,19,3540,69632,0.08079489320516586,-62.950651391891896,0.2,0.0101812985,-0.009555006166920066,160,876.6486486486486,0.8447030782699585,0.0003,0.8540167808532715,0.0955322265625,0.21722713969647883,-2.515977734327316
18,20,3520,73728,0.24619682133197784,-61.355808506329126,0.2,0.0070904344,-0.005566582074970938,170,876.746835443038,0.8411087989807129,0.0003,0.6252012252807617,0.0518310546875,0.7037429518997669,-2.4952540159225465
19,22,3498,77824,2.8653969764709473,-61.66711163095238,0.2,0.0037494309,-0.002637092172517441,180,882.6547619047619,0.8399438858032227,0.0003,0.1556103229522705,0.02421875,8.023532882332802,-2.490747794508934
20,23,3495,81920,0.3947906494140625,-60.69255973863637,0.2,0.0048548128,-0.00505398946988862,190,872.3181818181819,0.8386669158935547,0.0003,0.6698534488677979,0.02880859375,1.1599413253366948,-2.4872948199510576
21,24,3497,86016,2.143558979034424,-58.41512282978724,0.2,0.008082333,-0.0035089910234091803,200,870.5212765957447,0.8349044322967529,0.0003,0.3354455828666687,0.037744140625,6.419279885292053,-2.4818475544452667
22,25,3484,90112,1.7473716735839844,-56.42085938383839,0.2,0.005682137,-0.002946273490670137,210,867.5252525252525,0.8333919048309326,0.0003,0.4358266592025757,0.0511962890625,8.810683807730674,-2.4753470599651335
23,27,3473,94208,2.0793187618255615,-54.425733040000004,0.2,0.0037346017,-0.00358413755602669,220,878.45,0.8327757716178894,0.0003,0.6419057250022888,0.0485595703125,6.299750255048275,-2.4726029098033906
24,28,3478,98304,2.018585205078125,-51.272365529999995,0.2,0.003240953,-0.0028135180778917856,230,879.12,0.832362174987793,0.0003,0.8102198839187622,0.02138671875,3.440154342353344,-2.471720403432846
25,119,856,102400,3.029916763305664,-50.61898782,0.2,0.004016465,-0.002361653754269355,240,891.36,0.8303075432777405,0.0003,0.7109863758087158,0.0239013671875,8.651198509335519,-2.4687201350927355
26,120,883,106496,4.6793317794799805,-47.102150550000005,0.2,0.0024589775,-0.0015002932457718998,250,889.27,0.8279239535331726,0.0003,0.3746516704559326,0.0071533203125,6.577936363220215,-2.46336472928524
27,121,908,110592,3.1813368797302246,-43.83374837,0.2,0.0030327563,-0.002557111345959129,260,877.29,0.8287897706031799,0.0003,0.5765738487243652,0.01142578125,6.080690285563469,-2.4608360916376113
28,122,933,114688,4.036966800689697,-40.86952833,0.2,0.00637945,-0.005038955083000474,270,864.28,0.8278201222419739,0.0003,0.5842254161834717,0.062841796875,8.53418497443199,-2.4624531865119934
29,124,957,118784,2.4267842769622803,-39.33221758000001,0.2,0.0031170398,-0.0015673159432481043,280,854.03,0.8283566236495972,0.0003,0.5308728218078613,0.0166748046875,7.452741315960884,-2.4602217108011244
30,125,981,122880,1.197234869003296,-39.04200488000001,0.2,0.0028158855,-0.0026657971407985314,290,861.42,0.8271623849868774,0.0003,0.6894779801368713,0.014892578125,5.781521189212799,-2.4603341072797775
31,126,1006,126976,3.3963568210601807,-39.34017648,0.2,0.008766318,-0.003874371579149738,300,868.46,0.8252699375152588,0.0003,0.6913330554962158,0.05107421875,3.6841941595077516,-2.456318697333336
32,127,1031,131072,0.2807145416736603,-36.46725094000001,0.2,0.004858453,-0.005004411628760863,310,867.58,0.8175445795059204,0.0003,0.8343095183372498,0.0298583984375,0.7493866432458163,-2.446005770564079
33,128,1054,135168,1.4632759094238281,-34.88093887,0.2,0.005646865,-0.005214428581530229,320,873.46,0.813572883605957,0.0003,0.4533540606498718,0.05380859375,3.1441951513290407,-2.4296461910009386
34,129,1076,139264,2.189579725265503,-32.979712909999996,0.2,0.0024060996,-0.0011653358058538287,330,870.22,0.8149467706680298,0.0003,0.5893474221229553,0.0104248046875,5.048919768631459,-2.4260486334562303
35,130,1098,143360,1.542325496673584,-30.712227580000004,0.2,0.0022008482,-0.001022367927362211,340,863.0,0.8146538734436035,0.0003,0.6557817459106445,0.01611328125,7.214285990595817,-2.4284537345170976
36,131,1121,147456,4.785383224487305,-26.83909474,0.2,0.0045502856,-0.001916307641658932,350,845.73,0.8141903877258301,0.0003,0.6426273584365845,0.0208251953125,10.111128550767898,-2.427351698279381
37,132,1143,151552,3.1533377170562744,-25.992734520000003,0.2,0.003693857,-0.0018415679427562282,360,836.63,0.8143998384475708,0.0003,0.6838717460632324,0.017822265625,10.751492083072662,-2.426973205804825
38,133,1164,155648,1.641994595527649,-21.625846519999993,0.2,0.0030904738,-0.003508723298000405,370,816.3,0.8141456842422485,0.0003,0.6434482336044312,0.034814453125,4.669651144742966,-2.4268969029188154
39,134,1186,159744,2.688455104827881,-18.911391659999996,0.2,0.0030974562,-0.002921239417628385,380,818.75,0.8132321834564209,0.0003,0.7168794274330139,0.02890625,5.632659855484962,-2.425704100728035
40,135,1207,163840,1.5100208520889282,-16.08521692,0.2,0.0043408116,-0.003249467939895112,390,803.08,0.8136658072471619,0.0003,0.7756379842758179,0.0377685546875,5.523987022042275,-2.4245759159326554
41,136,1226,167936,4.000319480895996,-15.558197980000003,0.2,0.0029004503,-0.002858084294712171,400,799.55,0.8112431764602661,0.0003,0.7178266644477844,0.0199951171875,7.608331578969955,-2.4231951892375947
42,138,1244,172032,2.436361074447632,-16.274292820000003,0.2,0.004968904,-0.003663149385829456,410,793.08,0.8113405704498291,0.0003,0.7573188543319702,0.0328857421875,7.061139422655105,-2.4192563205957414
43,139,1263,176128,2.018526315689087,-18.63943653,0.2,0.0031957666,-0.0022726686671376227,420,790.46,0.8090860843658447,0.0003,0.8893219828605652,0.0165771484375,4.717389470338821,-2.417715606093407
44,140,1281,180224,1.2985780239105225,-14.71400867,0.2,0.0039508548,-0.005206269174232147,430,782.12,0.8091256618499756,0.0003,0.8902817368507385,0.0295166015625,3.2248311966657637,-2.4134782642126082
45,141,1299,184320,2.087806463241577,-17.79507729,0.2,0.0021063252,-0.0031250748375896364,440,793.53,0.8061871528625488,0.0003,0.8678487539291382,0.0146240234375,5.219344359636307,-2.411238095164299
46,142,1318,188416,1.3223819732666016,-16.35626676,0.2,0.003463135,-0.002400943048996851,450,786.12,0.8035069704055786,0.0003,0.8942221999168396,0.0233154296875,3.6213012486696243,-2.403791904449463
47,144,1336,192512,2.6805453300476074,-14.797240490000002,0.2,0.0038192533,-0.003932112226902973,460,781.82,0.8018935918807983,0.0003,0.8361067175865173,0.0195068359375,5.804725804924965,-2.3983199298381805
48,145,1353,196608,1.7334105968475342,-14.10171775,0.2,0.0033890135,-0.0038601253036176786,470,784.31,0.7996372580528259,0.0003,0.8754926919937134,0.031103515625,5.718084198236466,-2.3939045786857607
49,233,860,200704,2.1278858184814453,-12.531501210000002,0.2,0.0031351931,-0.0034916572716610973,480,769.01,0.797530472278595,0.0003,0.8136745095252991,0.014404296875,5.86690294444561,-2.387980601191521
50,234,873,204800,2.390230894088745,-13.7618867,0.2,0.0040146643,-0.00372705801128177,490,752.63,0.7965599894523621,0.0003,0.8892180323600769,0.0159912109375,5.861378836631775,-2.3842225909233092
51,235,886,208896,2.279083728790283,-14.6589658,0.2,0.0033403772,-0.002717773098265752,500,768.7,0.795376181602478,0.0003,0.7116248607635498,0.0158447265625,6.480996343493461,-2.381810286641121
52,236,899,212992,0.9449201822280884,-15.685832990000002,0.2,0.0052846097,-0.004313135116535705,510,770.9,0.7917017936706543,0.0003,0.7729296684265137,0.0290771484375,2.9838676765561103,-2.3767954975366594
53,237,912,217088,0.9625290632247925,-13.706398270000001,0.2,0.0028616567,-0.002038713106594514,520,754.89,0.7890404462814331,0.0003,0.8362443447113037,0.015478515625,2.569326601922512,-2.3677048593759538
54,239,925,221184,1.3763775825500488,-13.48810648,0.2,0.003100289,-0.0032846956804860384,530,753.53,0.7883040308952332,0.0003,0.8060928583145142,0.0366455078125,4.876329442858696,-2.3627518624067307
55,240,938,225280,2.3110082149505615,-16.18011857,0.2,0.0044350596,-0.0036772075400222093,540,774.83,0.7865769863128662,0.0003,0.7892900705337524,0.040771484375,5.572253635525703,-2.36034035384655
56,241,950,229376,1.6843395233154297,-15.872134210000002,0.2,0.0054222518,-0.003456413227831945,550,776.74,0.7815390825271606,0.0003,0.8081408739089966,0.036328125,3.594578209519386,-2.352520355582237
57,242,963,233472,1.770243763923645,-16.63097532,0.2,0.004646181,-0.0037144459754927086,560,785.55,0.7776952981948853,0.0003,0.613846480846405,0.0559326171875,4.545269966125488,-2.340354323387146
58,243,975,237568,1.726157784461975,-18.15483355,0.2,0.003920152,-0.0024813963536871597,570,801.26,0.774008572101593,0.0003,0.801357090473175,0.0354736328125,3.703808534145355,-2.3304531961679458
59,244,987,241664,0.8816717863082886,-17.95709121,0.2,0.0047618803,-0.003611183140310459,580,791.16,0.7688934803009033,0.0003,0.9455282092094421,0.0296630859375,2.732796090841293,-2.320110499858856
60,245,999,245760,2.843196392059326,-18.58088695,0.2,0.0029360987,-0.0022876820112287533,590,797.04,0.7659791111946106,0.0003,0.9083422422409058,0.00888671875,4.882569673657417,-2.308720552921295
61,247,1010,249856,1.049286127090454,-23.93370506,0.2,0.0012641274,-0.002490013554051984,600,820.94,0.7668900489807129,0.0003,0.920524001121521,0.0197021484375,4.127219912409783,-2.3046633809804917
62,248,1021,253952,2.066368579864502,-24.00789166,0.2,0.0040826243,-0.0037284856240148655,610,830.0,0.7639826536178589,0.0003,0.9284115433692932,0.0398193359375,5.217680898308754,-2.304555284976959
63,249,1032,258048,2.1852736473083496,-21.456604439999996,0.2,0.0054996754,-0.004880083080206532,620,820.8,0.7609725594520569,0.0003,0.8946741223335266,0.0418701171875,5.852818474173546,-2.2961294800043106
64,251,1043,262144,1.4560388326644897,-24.145302459999993,0.2,0.0075895223,-0.004971680881862994,630,831.67,0.7559980154037476,0.0003,0.9590864181518555,0.0327392578125,3.3283646255731583,-2.286157473921776
65,252,1053,266240,2.13494610786438,-23.53713819,0.2,0.0035951892,-0.0025904170761350542,640,825.86,0.7554336786270142,0.0003,0.951044499874115,0.025048828125,5.57098328769207,-2.2773981422185896
66,254,1062,270336,1.5596177577972412,-23.523293829999997,0.2,0.0035057343,-0.0037162331995205023,650,828.81,0.7499114274978638,0.0003,0.9245217442512512,0.037548828125,4.179793658852577,-2.271328663825989
67,255,1072,274432,1.293524146080017,-26.12549729,0.2,0.0046850527,-0.003023460099211661,660,846.05,0.748083233833313,0.0003,0.9090173244476318,0.0293212890625,3.53964039683342,-2.2592000365257263
68,257,1083,278528,1.2123171091079712,-27.070149869999995,0.2,0.0018029753,-0.0017831862569437362,670,847.92,0.7443873882293701,0.0003,0.9305776953697205,0.0114501953125,3.721825984120369,-2.2530933797359465
69,258,1094,282624,1.5995805263519287,-25.66729581,0.2,0.0046696807,-0.0036231700418284164,680,835.65,0.7409359216690063,0.0003,0.8528909087181091,0.0343505859375,4.325967407226562,-2.242580699920654
70,259,1103,286720,1.105815052986145,-22.17340538,0.2,0.0053975116,-0.002607099342276342,690,825.35,0.7390316724777222,0.0003,0.9089195132255554,0.0409423828125,3.318522584438324,-2.2361062437295915
71,261,1113,290816,1.997684121131897,-21.549756749999997,0.2,0.007441225,-0.0032705993478884922,700,807.14,0.7345527410507202,0.0003,0.884426474571228,0.0497802734375,6.148910534381867,-2.227864131331444
72,262,1124,294912,1.5555150508880615,-19.74531578,0.2,0.0047059623,-0.0028219350206200033,710,803.15,0.7321431040763855,0.0003,0.9394934177398682,0.0267333984375,3.7761055678129196,-2.2172095090150834
73,263,1134,299008,1.1455129384994507,-20.02522823,0.2,0.0045411075,-0.0024264949053758754,720,792.67,0.7349071502685547,0.0003,0.9708191156387329,0.0238037109375,2.896331660449505,-2.2167857855558397
74,343,881,303104,0.795704185962677,-17.51119754,0.2,0.0055073667,-0.0038015490674297324,730,775.65,0.7358975410461426,0.0003,0.9800689816474915,0.0505126953125,2.435320782661438,-2.2240366697311402
75,344,891,307200,1.236061930656433,-13.54173898,0.2,0.004144624,-0.004556227731518448,740,737.43,0.7331300973892212,0.0003,0.9302011132240295,0.0609375,2.913687440752983,-2.221609300374985
76,346,899,311296,1.522284746170044,-11.061348739999998,0.2,0.0063807415,-0.0035709012299776077,750,716.37,0.7302189469337463,0.0003,0.9393460154533386,0.058251953125,3.204073190689087,-2.213457790017128
77,347,908,315392,0.9312208890914917,-10.39374445,0.2,0.0033345819,-0.003805626605753787,760,713.21,0.7276471853256226,0.0003,0.9441074132919312,0.0404541015625,2.300191356241703,-2.205366364121437
78,348,916,319488,2.434519052505493,-5.522941749999998,0.2,0.003059891,-0.003653693612432107,770,687.62,0.7231868505477905,0.0003,0.8042952418327332,0.0435302734375,7.948989808559418,-2.1971496671438215
79,349,924,323584,1.232344150543213,-4.58151135,0.2,0.004170927,-0.0022046985184715597,780,666.76,0.7201741933822632,0.0003,0.9055802822113037,0.02294921875,5.588000354170799,-2.1850737571716308
80,351,933,327680,0.9958061575889587,-3.8295702499999993,0.2,0.00910775,-0.004926559585146606,790,660.91,0.7210615873336792,0.0003,0.9714590311050415,0.06884765625,2.9668436378240584,-2.1826972156763076
81,352,941,331776,1.474312424659729,-1.3154237199999994,0.2,0.005546511,-0.0026954484434099867,800,648.36,0.7244085073471069,0.0003,0.9149050116539001,0.047900390625,4.9182775795459746,-2.1862873315811155
82,353,950,335872,1.4485336542129517,-1.0520900199999983,0.2,0.0038479955,-0.0036321637351647952,810,649.73,0.7215605974197388,0.0003,0.9524136781692505,0.0264892578125,2.8357731118798255,-2.1911559224128725
83,354,958,339968,0.822465717792511,-0.26918573999999856,0.2,0.01056981,-0.004132669753744267,820,635.8,0.7245973348617554,0.0003,0.9493271112442017,0.070166015625,2.1118787452578545,-2.1874318540096285
84,355,966,344064,1.788978934288025,-0.8873498000000006,0.2,0.0038064616,-0.0010701158535084687,830,637.75,0.7208746075630188,0.0003,0.906383216381073,0.0748291015625,5.168984764814377,-2.190985083580017
85,356,975,348160,2.3557748794555664,-3.71468313,0.2,0.0032738647,-0.002590202761348337,840,651.74,0.7204117178916931,0.0003,0.9056212306022644,0.0148681640625,6.346791696548462,-2.1821068435907365
86,358,983,352256,0.9839625954627991,-4.870014510000001,0.2,0.005937976,-0.0046815632260404525,850,668.6,0.7150100469589233,0.0003,0.8934032917022705,0.054296875,2.6236964210867884,-2.175943261384964
87,359,992,356352,1.7895476818084717,-2.2617991499999994,0.2,0.0047688535,-0.006035628923564218,860,646.9,0.7111376523971558,0.0003,0.849766731262207,0.057763671875,4.195205408334732,-2.1620133399963377
88,360,1000,360448,2.3785340785980225,-2.39418652,0.2,0.0046720575,-0.0033841437281807883,870,642.57,0.7086374163627625,0.0003,0.7448587417602539,0.052734375,5.865755006670952,-2.1534362941980363
89,361,1008,364544,1.265093207359314,0.01902637999999872,0.2,0.00802107,-0.0032786600175313653,880,640.08,0.7054973840713501,0.0003,0.920158863067627,0.0610595703125,3.0308236956596373,-2.1437131643295286
90,362,1016,368640,2.099484920501709,-2.4046409100000012,0.2,0.0065149283,-0.002075984701514244,890,643.42,0.7037978172302246,0.0003,0.8797365427017212,0.037451171875,5.662257879972458,-2.1382476508617403
91,363,1025,372736,0.6979894042015076,-2.936483810000001,0.2,0.0070608426,-0.0042517147900071,900,655.12,0.6983176469802856,0.0003,0.940040111541748,0.0737060546875,1.7779864549636841,-2.1259839296340943
92,364,1032,376832,1.587533950805664,-3.76383177,0.2,0.005809945,-0.005344773022807203,910,665.74,0.6959442496299744,0.0003,0.9205682873725891,0.046044921875,3.48882609307766,-2.1151705741882325
93,366,1040,380928,0.8563371300697327,-6.68101843,0.2,0.007611599,-0.003979230299592018,920,694.2,0.6911293268203735,0.0003,0.919427752494812,0.0550048828125,3.3728217259049416,-2.1067614406347275
94,367,1048,385024,0.7512503266334534,-8.26688657,0.2,0.006311315,-0.005428071989445016,930,709.67,0.6849849224090576,0.0003,0.9527720808982849,0.0474365234375,2.5595070466399195,-2.0910428524017335
95,368,1056,389120,2.574662208557129,-10.621671849999998,0.2,0.0035894944,-0.0030558877682778985,940,725.44,0.6831517219543457,0.0003,0.8835629820823669,0.0484619140625,5.853865277767182,-2.0771715730428695
96,369,1063,393216,1.2857948541641235,-8.900915070000002,0.2,0.0039363997,-0.002307767726597376,950,713.1,0.6803194284439087,0.0003,0.9409120678901672,0.02412109375,2.5151540502905845,-2.0726554721593855
97,370,1071,397312,2.720672607421875,-7.4519740500000005,0.2,0.0061209872,-0.002401084706070833,960,708.99,0.675376296043396,0.0003,0.8879959583282471,0.0555908203125,6.13430218398571,-2.060389542579651
98,455,880,401408,1.1105329990386963,-4.038820239999999,0.2,0.0049184537,-0.0033518467913381754,970,695.25,0.6711584329605103,0.0003,0.9411478638648987,0.0358154296875,3.1587651893496513,-2.0456395238637923
99,457,887,405504,0.8651810884475708,-7.411145649999996,0.2,0.0035543973,-0.0009507493261480704,980,707.01,0.6697300672531128,0.0003,0.9161193370819092,0.0404541015625,4.332152371108532,-2.037177228927612
100,458,893,409600,1.6067476272583008,-7.266680899999999,0.2,0.0066921148,-0.0036419987838598898,990,708.47,0.6639318466186523,0.0003,0.853411078453064,0.0401611328125,4.615292790532112,-2.027187931537628
101,459,900,413696,0.8619361519813538,-4.748981219999999,0.2,0.0059740264,-0.0037608376194839368,1000,690.61,0.6634448766708374,0.0003,0.9376014471054077,0.052490234375,2.253494828939438,-2.014924457669258
102,460,906,417792,2.5865111351013184,-6.2454348799999995,0.2,0.004852729,-0.002729867197922431,1010,682.68,0.6617825031280518,0.0003,0.9198020100593567,0.02626953125,5.497234922647476,-2.014343464374542
103,461,913,421888,0.983482301235199,-5.91974248,0.2,0.003042291,-0.003190876342705451,1020,681.06,0.6585763692855835,0.0003,0.9424949288368225,0.0283935546875,3.459953697025776,-2.006563574075699
104,463,919,425984,1.1298376321792603,-6.3905242399999995,0.2,0.0060771443,-0.0028174560255138205,1030,690.55,0.654482901096344,0.0003,0.9252035617828369,0.0401611328125,2.265564200282097,-1.994777399301529
105,464,926,430080,1.4274288415908813,-13.591648419999997,0.2,0.0030732907,-0.0027134808944538234,1040,713.5,0.6546512246131897,0.0003,0.9390971660614014,0.0218994140625,5.155560237169266,-1.9878986537456513
106,465,932,434176,1.0979371070861816,-17.18655671,0.2,0.007332805,-0.003529660295316717,1050,711.24,0.6534260511398315,0.0003,0.9680052399635315,0.0394287109375,3.0975590705871583,-1.9879163920879364
107,466,939,438272,1.0982142686843872,-15.680397100000002,0.2,0.006105976,-0.004343046524445527,1060,704.8,0.6562846899032593,0.0003,0.937763512134552,0.045703125,3.0418210566043853,-1.9884468004107476
108,467,945,442368,1.5590335130691528,-15.402760810000002,0.2,0.0050726635,-0.0041938179929275066,1070,692.23,0.6511750221252441,0.0003,0.8251344561576843,0.0448974609375,3.227812062203884,-1.9872348845005035
109,469,951,446464,1.778926968574524,-17.76470948,0.2,0.004095344,-0.0018611295250593684,1080,712.17,0.6493914127349854,0.0003,0.926232635974884,0.0425048828125,5.1302568972110745,-1.974861741065979
110,470,958,450560,0.8069043159484863,-17.55438684,0.2,0.0069574034,-0.006265452902880497,1090,704.8,0.6401760578155518,0.0003,0.9809802770614624,0.076416015625,1.9475682944059372,-1.9584022343158722
111,471,964,454656,2.405677556991577,-14.29658455,0.2,0.0059843347,-0.004994411289226263,1100,674.98,0.6336649656295776,0.0003,0.943864107131958,0.05673828125,5.04454188644886,-1.9330115973949433
112,472,971,458752,2.4806911945343018,-12.298924729999996,0.2,0.008019306,-0.004455508867977187,1110,679.01,0.6312575340270996,0.0003,0.7269755601882935,0.06865234375,5.074111717939377,-1.9180235639214516
113,473,977,462848,2.1586508750915527,-12.511189090000002,0.2,0.011338069,-0.003824128802807536,1120,684.26,0.6285532712936401,0.0003,0.7006499767303467,0.091162109375,4.263206188380718,-1.9100466787815094
114,474,983,466944,1.8187086582183838,-10.238634900000001,0.2,0.012132163,-0.004864821556839161,1130,678.69,0.6270046234130859,0.0003,0.8776834607124329,0.087548828125,3.697052371501923,-1.9033679112792015
115,475,990,471040,0.772911548614502,-11.99170767,0.2,0.010822434,-0.003365458735788707,1140,704.41,0.6246479749679565,0.0003,0.9226620197296143,0.0913818359375,2.0858596846461297,-1.8980047181248665
116,476,996,475136,2.138373374938965,-8.65020515,0.2,0.005916392,-0.002024149347562343,1150,710.23,0.6239224672317505,0.0003,0.7447015047073364,0.049462890625,5.487506031990051,-1.8927119925618172
117,478,1002,479232,0.6469022631645203,-11.726842790000001,0.2,0.0054267403,-0.0033591342013096436,1160,712.26,0.623828649520874,0.0003,0.856981098651886,0.0440673828125,2.290972909331322,-1.8903680443763733
118,479,1008,483328,0.5589543581008911,-14.090931199999998,0.2,0.005729104,-0.003899967731558718,1170,728.38,0.6200869083404541,0.0003,0.9445926547050476,0.051318359375,1.6383571423590184,-1.8845544084906578
119,480,1014,487424,1.9075123071670532,-8.760878890000003,0.2,0.0034866729,-0.0022763978777220473,1180,721.2,0.6184993982315063,0.0003,0.8764013648033142,0.0381591796875,3.8891715943813323,-1.8758759185671807
120,481,1020,491520,1.3540706634521484,-11.114868940000001,0.2,0.004201605,-0.003088793520873878,1190,718.92,0.618335485458374,0.0003,0.9207648634910583,0.0258056640625,4.113415229320526,-1.8724961951375008
121,483,1025,495616,0.9533612728118896,-15.899281349999999,0.2,0.005419955,-0.0033595504821278153,1200,739.54,0.6184204816818237,0.0003,0.9700625538825989,0.035205078125,2.7018993005156515,-1.871532243490219
122,484,1031,499712,0.6121708750724792,-17.401011800000003,0.2,0.005022902,-0.0031131545780226587,1210,728.14,0.6145062446594238,0.0003,0.9738296270370483,0.035498046875,2.366469606757164,-1.8679418846964837
123,574,877,503808,1.6260333061218262,-15.217727740000003,0.2,0.0050536674,-0.0037103263079188765,1220,722.97,0.6139460802078247,0.0003,0.9504237771034241,0.0466552734375,4.628528365492821,-1.8564799338579179
124,575,882,507904,0.7697100639343262,-11.37809929,0.2,0.008616338,-0.0064503353933105245,1230,724.76,0.6108312606811523,0.0003,0.9658995866775513,0.0727294921875,2.388539659976959,-1.8524493724107742
125,576,887,512000,1.730905294418335,-12.908254630000002,0.2,0.006787406,-0.004193180371657945,1240,740.9,0.6094081997871399,0.0003,0.9499341249465942,0.045751953125,4.304042986035347,-1.843818362057209
126,577,892,516096,1.6597707271575928,-15.220342310000001,0.2,0.007223738,-0.004623642977094278,1250,750.63,0.6124992370605469,0.0003,0.9252946376800537,0.0404052734375,4.7386634081602095,-1.8457116693258286
127,579,898,520192,1.2891743183135986,-9.79490468,0.2,0.006476374,-0.004362965474138036,1260,715.08,0.6060115098953247,0.0003,0.9228801131248474,0.0515869140625,3.4973406210541724,-1.843142394721508
128,580,903,524288,1.7013988494873047,-9.0565963,0.2,0.018560756,-0.0042444677033927295,1270,704.04,0.5990687012672424,0.0003,0.8523410558700562,0.0665283203125,3.7203955918550493,-1.8178210869431495
129,581,908,528384,1.3920824527740479,-8.847276780000001,0.2,0.009000099,-0.003948506142478436,1280,704.82,0.5931677222251892,0.0003,0.9237411618232727,0.07587890625,2.64315799921751,-1.7985808342695235
130,582,913,532480,1.2893723249435425,-14.129600830000001,0.2,0.0044479435,-0.0034490876758354718,1290,713.69,0.5934001803398132,0.0003,0.9295981526374817,0.0299072265625,4.525174978375435,-1.7865028977394104
131,583,918,536576,1.0870929956436157,-14.03319478,0.2,0.0041438476,-0.002829711380763911,1300,712.17,0.592160165309906,0.0003,0.9528980255126953,0.02216796875,4.132189708948135,-1.7854549080133437
132,585,923,540672,0.7370613813400269,-16.72377542,0.2,0.009215027,-0.0034072899463353677,1310,684.32,0.588468074798584,0.0003,0.973957896232605,0.048193359375,2.2979889467358587,-1.7754907712340355
133,586,929,544768,1.3013266324996948,-18.010406340000003,0.2,0.0057977783,-0.003268975617538672,1320,682.78,0.5873508453369141,0.0003,0.9541311860084534,0.054541015625,3.1027712374925613,-1.765107725560665
134,587,934,548864,2.2488231658935547,-18.311946260000003,0.2,0.00589903,-0.002334220739430748,1330,688.01,0.5865752100944519,0.0003,0.865621030330658,0.04560546875,8.80060076713562,-1.7612774208188058
135,588,939,552960,1.064001441001892,-17.96323508,0.2,0.0042315284,-0.0026016072159109173,1340,674.35,0.5853676795959473,0.0003,0.9376249313354492,0.035009765625,3.6622602134943008,-1.7578065812587738
136,590,944,557056,1.055827021598816,-14.702161829999998,0.2,0.009452956,-0.0031223128928104414,1350,676.37,0.5836719274520874,0.0003,0.948669970035553,0.0772705078125,2.4588775843381883,-1.7508789092302321
137,591,949,561152,1.9459748268127441,-8.84231623,0.2,0.005637964,-0.002045285902568139,1360,657.98,0.5821472406387329,0.0003,0.9136471152305603,0.0568115234375,6.275436690449714,-1.7459724947810173
138,592,954,565248,1.322342038154602,-6.461572609999999,0.2,0.0077114,-0.006647951918421313,1370,654.91,0.5803310871124268,0.0003,0.9247622489929199,0.0633544921875,4.674151000380516,-1.739692009985447
139,593,959,569344,1.6145035028457642,-6.71744494,0.2,0.0042391997,-0.004938254313310608,1380,665.97,0.581723690032959,0.0003,0.9183976054191589,0.0504150390625,5.266636455059052,-1.7362025514245034
140,594,964,573440,1.7800322771072388,-5.746524009999999,0.2,0.008143434,-0.0028553482232382523,1390,637.9,0.5790069103240967,0.0003,0.9248993992805481,0.1015380859375,4.033399888873101,-1.7343258708715439
141,596,968,577536,1.437225341796875,-3.81763815,0.2,0.0042450344,-0.00044875716557726266,1400,635.95,0.5754752159118652,0.0003,0.9545724391937256,0.085693359375,4.237991487979889,-1.723406584560871
142,597,973,581632,1.1547409296035767,-5.813655310000001,0.2,0.0043118144,-0.0034625281085027384,1410,640.36,0.5729023218154907,0.0003,0.9661591053009033,0.03349609375,4.195699062943459,-1.7108773201704026
143,598,978,585728,0.5325266122817993,-12.766181969999998,0.2,0.0050189104,-0.003367398423142731,1420,667.46,0.569031834602356,0.0003,0.9895164966583252,0.0311279296875,1.435216423869133,-1.7014402270317077
144,600,982,589824,1.6177191734313965,-16.65800633,0.2,0.0029617483,-0.0027825525758089498,1430,663.38,0.5662537813186646,0.0003,0.9733532667160034,0.028271484375,3.77083278298378,-1.6875674188137055
145,601,987,593920,1.4919204711914062,-18.42442569,0.2,0.006314533,-0.00471015679941047,1440,661.78,0.5664028525352478,0.0003,0.9522985219955444,0.0362060546875,4.353612884879112,-1.6818069145083427
146,602,992,598016,1.4398503303527832,-16.333587349999995,0.2,0.003735378,-0.002507855274598114,1450,657.16,0.5640386939048767,0.0003,0.9633100032806396,0.0328369140625,3.5310855552554132,-1.679360917210579
147,685,878,602112,1.5080994367599487,-17.343959100000003,0.2,0.0033745214,-0.004483737223199569,1460,667.46,0.5634669661521912,0.0003,0.9715782999992371,0.038427734375,3.961817076802254,-1.6716067343950272
148,686,882,606208,0.8396396636962891,-13.88005561,0.2,0.0056935083,-0.005394505088042933,1470,662.32,0.5607108473777771,0.0003,0.9819897413253784,0.0694580078125,2.020137132704258,-1.6650777086615562
149,687,887,610304,0.6459212303161621,-11.15432136,0.2,0.0076028816,-0.00494192201003898,1480,660.85,0.5527157783508301,0.0003,0.9669536352157593,0.0528564453125,2.4100507140159606,-1.6452575117349624
150,688,892,614400,1.8503726720809937,-8.904257549999997,0.2,0.004832357,-0.0017855080441222526,1490,654.24,0.5492677688598633,0.0003,0.904818058013916,0.038720703125,5.541760471463204,-1.6236557379364966
151,689,896,618496,0.7662825584411621,-7.912437060000001,0.2,0.0085636545,-0.004049191236845218,1500,645.12,0.5479506850242615,0.0003,0.9620731472969055,0.060107421875,2.4030518159270287,-1.614099195599556
152,691,900,622592,0.8589301705360413,-9.5376956,0.2,0.0063572857,-0.0038675601943396034,1510,662.83,0.5510916113853455,0.0003,0.921999454498291,0.0625244140625,2.5512201979756357,-1.6155467674136161
153,692,905,626688,0.7659808397293091,-8.823313029999998,0.2,0.0034924098,-0.0018633400031831115,1520,656.55,0.5471387505531311,0.0003,0.947745144367218,0.07568359375,1.6795322865247726,-1.6153785556554794
154,693,909,630784,0.6473116278648376,-6.545618049999999,0.2,0.004268321,-0.002492253374657594,1530,659.2,0.5472448468208313,0.0003,0.9548356533050537,0.0485595703125,1.9747084870934486,-1.6042659744620322
155,694,913,634880,1.0197393894195557,-3.646656549999999,0.2,0.007968308,-0.0008098314094240778,1540,654.78,0.5454429984092712,0.0003,0.9569399952888489,0.084033203125,3.3342590510845183,-1.5996305376291275
156,695,918,638976,0.5115075707435608,-5.863738620000001,0.2,0.012136221,-0.005481026149936952,1550,670.73,0.5384916663169861,0.0003,0.9724892377853394,0.07265625,2.224674588441849,-1.5850247338414192
157,697,922,643072,0.6740778088569641,-5.46649575,0.2,0.005466603,-0.0032268865950754845,1560,672.03,0.5325220227241516,0.0003,0.9588901400566101,0.0474609375,2.0368606567382814,-1.5593810349702835
158,698,926,647168,1.399178385734558,-0.9347716900000007,0.2,0.0059901495,-0.00166460900218226,1570,653.22,0.5293782949447632,0.0003,0.9500210881233215,0.0654541015625,2.9998005777597427,-1.543699713051319
159,699,931,651264,1.8143948316574097,2.16206264,0.2,0.006100377,-0.003855111483426299,1580,654.23,0.5231062769889832,0.0003,0.9330916404724121,0.03984375,3.3560926109552383,-1.5279782325029374
160,700,935,655360,1.0447338819503784,2.940441980000001,0.2,0.004541852,-0.003369080180709716,1590,659.74,0.5219539403915405,0.0003,0.9736547470092773,0.06123046875,2.8552515909075735,-1.5093701645731925
161,701,939,659456,0.5379180908203125,4.663127060000001,0.2,0.006633289,-0.0008934757410315797,1600,660.93,0.5144922733306885,0.0003,0.9860205054283142,0.0511962890625,1.5605942085385323,-1.496516938507557
162,703,943,663552,0.7555417418479919,5.55803258,0.2,0.004137244,-0.0015843052737182007,1610,659.42,0.5131805539131165,0.0003,0.9804559946060181,0.0365234375,1.9371767848730088,-1.4739974036812782
163,704,948,667648,0.6055352687835693,6.64011673,0.2,0.009582486,-0.004637220624135807,1620,653.83,0.5124208331108093,0.0003,0.9756704568862915,0.07275390625,1.5806315191090108,-1.4695430636405944
164,705,952,671744,2.118678331375122,7.505215089999998,0.2,0.0053280937,-0.0010884319635806605,1630,657.07,0.5125823020935059,0.0003,0.8239575028419495,0.0904541015625,7.215362140536309,-1.4655071586370467
165,706,956,675840,1.6003731489181519,5.782489129999999,0.2,0.0050574057,-0.004770787185407244,1640,669.87,0.5131080150604248,0.0003,0.9322323799133301,0.0363525390625,4.617213523387909,-1.466351267695427
166,707,960,679936,0.9310829639434814,4.736975179999999,0.2,0.0132219605,-0.005415115863434039,1650,673.45,0.5127459764480591,0.0003,0.9567695260047913,0.1021240234375,2.677924653887749,-1.468663750588894
167,708,964,684032,1.794016718864441,2.89606537,0.2,0.0056055686,-0.002828379783022683,1660,681.08,0.5101497173309326,0.0003,0.942186176776886,0.0642822265625,4.70281201004982,-1.4621634632349014
168,710,968,688128,1.2668575048446655,2.7313925599999997,0.2,0.0034354173,-0.002656350319739431,1670,678.55,0.5093898177146912,0.0003,0.9659038186073303,0.0383056640625,3.81047809869051,-1.453818602859974
169,711,972,692224,0.815778374671936,0.11340634000000151,0.2,0.0072456435,-0.002208592899842188,1680,673.8,0.5090965628623962,0.0003,0.9784418344497681,0.0568603515625,2.1990698352456093,-1.4516891345381737
170,712,977,696320,1.5620684623718262,-2.7240952099999998,0.2,0.004347819,-0.0037251438479870558,1690,680.75,0.5112016201019287,0.0003,0.9608283042907715,0.0605224609375,3.8027957707643507,-1.4538574054837228
171,791,884,700416,1.0058865547180176,-6.994488120000001,0.2,0.014197293,-0.0024600186065072195,1700,680.27,0.511919379234314,0.0003,0.9680052995681763,0.07275390625,2.5791212514042856,-1.462737250328064
172,793,888,704512,0.8331151008605957,-8.41029608,0.2,0.009204794,-0.0020569861168041824,1710,675.81,0.5112579464912415,0.0003,0.9671677350997925,0.1082275390625,2.533891533315182,-1.4618345469236373
173,794,892,708608,0.6558019518852234,-7.603402670000003,0.2,0.0053020543,-0.0030043997190659865,1720,666.78,0.5109643936157227,0.0003,0.9670038819313049,0.0312255859375,2.0541863217949867,-1.4588647767901421
174,795,895,712704,0.6511794328689575,-9.229488130000004,0.2,0.006952504,-0.002352360205259174,1730,677.88,0.5146703720092773,0.0003,0.9537638425827026,0.0732421875,2.1278586238622665,-1.4640162765979767
175,796,899,716800,1.4378641843795776,-6.497952950000002,0.2,0.0046677776,-0.003004603082081303,1740,654.35,0.5133258104324341,0.0003,0.9657571911811829,0.05068359375,3.286078603565693,-1.4673753410577774
176,798,903,720896,1.7900909185409546,-7.204479870000003,0.2,0.0042613596,-0.004092664242489263,1750,656.23,0.5139729976654053,0.0003,0.9615320563316345,0.0349609375,4.341021311283112,-1.4628693133592605
177,799,906,724992,1.6759114265441895,-9.1661882,0.2,0.0055209585,-0.004000858776271344,1760,661.75,0.511112630367279,0.0003,0.9615206122398376,0.0375244140625,4.279821276664734,-1.4611656099557877
178,800,910,729088,0.5681384801864624,-7.018127820000002,0.2,0.0054779593,-0.004030948418949265,1770,665.82,0.5084556341171265,0.0003,0.9826685786247253,0.052734375,1.7998940348625183,-1.449593710899353
179,801,914,733184,1.6426630020141602,-8.21873061,0.2,0.0038629214,-0.003612236015032977,1780,671.69,0.5086601376533508,0.0003,0.9430193305015564,0.0214111328125,4.263395595550537,-1.4428586274385453
180,803,918,737280,1.0396134853363037,-8.968407370000001,0.2,0.0061487686,-0.0043600951496046035,1790,667.42,0.5048055052757263,0.0003,0.933664083480835,0.05029296875,3.341560724377632,-1.435099831223488
181,804,921,741376,1.7253453731536865,-10.463650060000003,0.2,0.006217324,-0.004894253012025729,1800,667.68,0.5046098232269287,0.0003,0.962430477142334,0.0455810546875,5.298600101470948,-1.4254240825772286
182,805,925,745472,1.0051302909851074,-8.372243080000002,0.2,0.008363679,-0.004126934724627063,1810,649.98,0.5003550052642822,0.0003,0.9683557152748108,0.0482177734375,3.1638509437441824,-1.4210181668400765
183,806,928,749568,0.7949706315994263,-9.38775113,0.2,0.006118813,-0.003509446687530726,1820,653.93,0.5000836253166199,0.0003,0.9710416793823242,0.0604736328125,2.553314682841301,-1.4099581301212312
184,808,932,753664,0.9406554698944092,-10.672542400000003,0.2,0.004874573,-0.002455138831282966,1830,658.54,0.500866174697876,0.0003,0.9719371795654297,0.035791015625,2.668599346280098,-1.4109619408845901
185,809,936,757760,1.2443946599960327,-10.634735110000003,0.2,0.008590465,-0.002685087235295214,1840,665.16,0.49889349937438965,0.0003,0.9503471851348877,0.0268798828125,4.4404770821332935,-1.4077244341373443
186,810,939,761856,0.6295020580291748,-8.57316727,0.2,0.007138089,-0.00217688177144737,1850,653.47,0.4980016350746155,0.0003,0.9783905744552612,0.0707763671875,2.5157093569636344,-1.4010197177529335
187,811,943,765952,1.2766950130462646,-6.539856019999999,0.2,0.011022817,-0.00312382229603827,1860,645.84,0.49875274300575256,0.0003,0.9721505045890808,0.1036865234375,3.9682864129543303,-1.3992547780275344
188,812,947,770048,1.4898948669433594,-5.619692589999999,0.2,0.004678105,-0.003845718505908735,1870,650.26,0.49594342708587646,0.0003,0.9592778086662292,0.0362548828125,3.7548014253377913,-1.3928929179906846
189,814,951,774144,1.2129937410354614,-6.14648027,0.2,0.007940585,-0.0038337550533469765,1880,652.77,0.49379077553749084,0.0003,0.9492718577384949,0.0461669921875,3.7143493592739105,-1.380144400894642
190,815,954,778240,0.6273732781410217,-9.481651730000001,0.2,0.005792197,-0.0035489124798914417,1890,680.41,0.49158549308776855,0.0003,0.9749258160591125,0.05859375,2.204186688363552,-1.3743094876408577
191,816,957,782336,1.1195019483566284,-8.727259010000001,0.2,0.008674713,-0.004149575701740104,1900,683.26,0.48974937200546265,0.0003,0.962439775466919,0.0619140625,3.1480682000517843,-1.3658063292503357
192,817,961,786432,1.1841830015182495,-9.53444994,0.2,0.0051850444,-0.003777376125799492,1910,697.78,0.4873766303062439,0.0003,0.9264770150184631,0.0531494140625,3.585600844025612,-1.3566193863749505
193,819,965,790528,2.0667521953582764,-12.10502191,0.2,0.008965652,-0.003387631502118893,1920,709.84,0.4859999418258667,0.0003,0.9355986714363098,0.060009765625,5.781629759073257,-1.348677544295788
194,820,968,794624,0.6815940737724304,-13.45029957,0.2,0.006727403,-0.003614003019174561,1930,725.81,0.4858175218105316,0.0003,0.977327287197113,0.066455078125,2.3348004087805747,-1.3444032847881318
195,821,972,798720,0.4243696630001068,-12.069129390000002,0.2,0.0053303805,-0.0034187336364993825,1940,702.88,0.48400092124938965,0.0003,0.9927403926849365,0.0709228515625,1.1527339205145837,-1.3396576210856437
196,908,884,802816,1.1470487117767334,-12.956406360000006,0.2,0.003593102,-0.0017528449650853872,1950,705.0,0.4853321313858032,0.0003,0.9601149559020996,0.027783203125,3.8629442691802978,-1.3337930575013162
197,909,887,806912,0.5558886528015137,-13.246960690000005,0.2,0.0080049075,-0.006330801479634829,1960,715.32,0.4822823405265808,0.0003,0.976429283618927,0.0975341796875,2.3008658275008202,-1.3309409871697426
198,910,890,811008,1.6970868110656738,-14.591649760000005,0.2,0.008580491,-0.003224890591809526,1970,725.91,0.47960975766181946,0.0003,0.9560513496398926,0.077587890625,4.586335161328316,-1.313708932697773
199,911,894,815104,1.0148745775222778,-11.99902748,0.2,0.0039583608,-0.0024709144432563334,1980,715.26,0.4778878688812256,0.0003,0.9518270492553711,0.052587890625,4.446317702531815,-1.3034805461764336
200,912,897,819200,0.8640247583389282,-11.476215840000002,0.2,0.011648179,-0.001627477104193531,1990,712.31,0.47812914848327637,0.0003,0.9708190560340881,0.0741943359375,2.715840829908848,-1.2984228506684303
201,914,900,823296,0.6676763892173767,-8.887365940000002,0.2,0.007151872,-0.003099934036436025,2000,706.38,0.4747176766395569,0.0003,0.9505709409713745,0.062841796875,1.9261456280946732,-1.2924840778112412
202,915,904,827392,1.1141278743743896,-5.352941870000002,0.2,0.0041632066,-0.0019703423626197037,2010,694.04,0.4774788022041321,0.0003,0.9325472116470337,0.0190673828125,4.260882402956486,-1.2882010892033577
203,916,907,831488,0.7093378305435181,-4.057298599999999,0.2,0.0052198586,-0.0026207186907413415,2020,695.74,0.47237053513526917,0.0003,0.9708313345909119,0.0491455078125,1.9722826212644577,-1.2867819249629975
204,917,910,835584,0.8776576519012451,-3.45164538,0.2,0.01151052,-0.0021962799684843047,2030,695.2,0.4699236750602722,0.0003,0.9619840383529663,0.0798583984375,2.8437284246087073,-1.2687498778104782
205,918,913,839680,0.46625545620918274,-2.1548610899999994,0.2,0.0065067858,-0.0036562061213771813,2040,680.62,0.4711484909057617,0.0003,0.9797849655151367,0.0780029296875,1.6479638636112213,-1.2646422281861305
206,919,917,843776,0.9208198189735413,-2.2074991500000003,0.2,0.0050741783,-0.0032732411680626685,2050,678.74,0.4676676392555237,0.0003,0.9693219661712646,0.0342041015625,2.7736610040068626,-1.2628803342580794
207,921,920,847872,2.1867966651916504,0.18750566999999876,0.2,0.0055583417,-0.0035131267562974245,2060,662.63,0.46610942482948303,0.0003,0.9013218879699707,0.0443115234375,6.474771064519882,-1.2486561447381974
208,922,923,851968,2.188152551651001,-1.5310206200000005,0.2,0.0070663467,-0.0028655976202571765,2070,666.08,0.46378201246261597,0.0003,0.8989340662956238,0.0517578125,4.970187124609947,-1.2414331868290902
209,923,927,856064,1.2040246725082397,0.7756687700000003,0.2,0.006306409,-0.0024387611585552802,2080,651.15,0.46389836072921753,0.0003,0.8909951448440552,0.04228515625,3.7894901663064955,-1.235416305065155
210,924,930,860160,1.3044772148132324,2.929163000000001,0.2,0.004618533,-0.003788241560687311,2090,650.94,0.4616927206516266,0.0003,0.9384833574295044,0.036669921875,5.265683832764625,-1.233085459470749
211,926,933,864256,1.1789805889129639,1.1978710400000017,0.2,0.0068822512,-0.006414398747438099,2100,658.71,0.462106853723526,0.0003,0.9713472723960876,0.061181640625,3.236458510160446,-1.2256108045578002
212,927,936,868352,0.5773155689239502,-2.973227279999998,0.2,0.0063264994,-0.006972314842278138,2110,675.79,0.4591860771179199,0.0003,0.9839944243431091,0.0439697265625,2.0678141340613365,-1.2243424713611604
213,928,939,872448,0.715230405330658,-4.568971179999999,0.2,0.005343126,-0.0027146148699102924,2120,689.83,0.4587262272834778,0.0003,0.9719491004943848,0.0725830078125,2.9437526419758795,-1.2133948087692261
214,929,942,876544,0.5631178021430969,-5.30254947,0.2,0.0091138,-0.003154200623976067,2130,690.86,0.4532572031021118,0.0003,0.9553661346435547,0.0565673828125,2.5009113252162933,-1.202750490605831
215,930,946,880640,1.5855222940444946,-4.4489324,0.2,0.008845589,-0.004165721690515056,2140,683.5,0.4535093903541565,0.0003,0.9652560949325562,0.0880615234375,3.3751770913600923,-1.1866422101855278
216,932,949,884736,0.7497231960296631,-5.01413233,0.2,0.007108395,-0.002245640801265836,2150,691.62,0.45319801568984985,0.0003,0.9754458665847778,0.0653564453125,2.3017300605773925,-1.1857770308852196
217,933,952,888832,1.6526285409927368,-6.762063029999998,0.2,0.009442595,-0.003616822705953382,2160,693.93,0.4488353133201599,0.0003,0.9721725583076477,0.0900146484375,3.29471890181303,-1.1747942432761191
218,934,955,892928,0.5084503889083862,-11.863783899999998,0.2,0.012242697,-0.004576159740099684,2170,713.85,0.4473259449005127,0.0003,0.9843643307685852,0.0982666015625,1.668028860539198,-1.1587899461388589
219,935,958,897024,1.4424492120742798,-11.664370889999997,0.2,0.003733642,-0.0033940270310267805,2180,712.13,0.4476925730705261,0.0003,0.9650457501411438,0.04345703125,3.635979586839676,-1.1537433505058288
220,1023,880,901120,1.9049673080444336,-9.939712890000003,0.2,0.005274979,-0.005378866469254717,2190,695.67,0.44681596755981445,0.0003,0.9430923461914062,0.04814453125,4.195737759768963,-1.1523827984929085
221,1024,883,905216,1.8449604511260986,-10.157217270000002,0.2,0.004727483,-0.004588550660992041,2200,690.34,0.44855403900146484,0.0003,0.9322177171707153,0.074951171875,5.346181917190552,-1.1505382299423217
222,1025,886,909312,1.0315217971801758,-10.478241339999997,0.2,0.010252548,-0.002858390533947386,2210,694.9,0.446544885635376,0.0003,0.9682496190071106,0.0578369140625,3.033795192837715,-1.1513046577572823
223,1027,889,913408,0.5172378420829773,-11.922561529999998,0.2,0.008174804,-0.0041601866745622825,2220,689.93,0.4490331709384918,0.0003,0.9845810532569885,0.049853515625,1.8175369799137115,-1.1485018476843833
224,1028,892,917504,1.1757588386535645,-12.229020600000002,0.2,0.006365807,-0.0025710111745866015,2230,698.66,0.44764602184295654,0.0003,0.9225999116897583,0.0675048828125,3.0711386874318123,-1.1501296192407608
225,1029,895,921600,0.8781042695045471,-12.420779009999999,0.2,0.0076052533,-0.004257249741931446,2240,707.65,0.44731301069259644,0.0003,0.9343788623809814,0.09677734375,2.226763254404068,-1.143799439072609
226,1030,898,925696,0.516049861907959,-12.950277459999997,0.2,0.006271846,-0.0037461468775290994,2250,691.3,0.44515955448150635,0.0003,0.9780330061912537,0.0938720703125,2.4268977671861647,-1.1327641174197196
227,1031,900,929792,1.4200820922851562,-10.59955585,0.2,0.006134292,-0.0031764339801156893,2260,682.12,0.4460943937301636,0.0003,0.9723795056343079,0.0560302734375,3.2908521443605423,-1.130043949186802
228,1033,903,933888,0.7727364897727966,-6.310402620000001,0.2,0.0037402068,-0.0037312596454285086,2270,670.16,0.4438273310661316,0.0003,0.9735682010650635,0.0581298828125,2.9688526287674906,-1.1281233325600624
229,1034,906,937984,1.9606082439422607,-3.6391622899999994,0.2,0.009599621,-0.0016133791315951385,2280,652.36,0.44585293531417847,0.0003,0.9460414052009583,0.05322265625,5.109245672821999,-1.1210148945450782
230,1035,909,942080,1.0928066968917847,-0.92499462,0.2,0.01442047,-0.0037648131692549214,2290,644.23,0.44314461946487427,0.0003,0.9620741605758667,0.0731689453125,3.494897875189781,-1.1217536002397537
231,1036,912,946176,1.0736076831817627,-2.337558419999999,0.2,0.004252602,-0.0023503282078308984,2300,645.28,0.4432082772254944,0.0003,0.978317379951477,0.0375,3.1261524602770807,-1.1145193502306938
232,1038,915,950272,1.1332393884658813,-3.5943315499999984,0.2,0.0043190015,-0.0008478026691591367,2310,644.83,0.44631803035736084,0.0003,0.9654363393783569,0.042578125,3.8417593792080877,-1.1196292087435722
233,1039,918,954368,1.2010343074798584,-1.1401516799999996,0.2,0.008053496,-0.005265375641465652,2320,634.88,0.4429071545600891,0.0003,0.9740704894065857,0.0703369140625,3.2503075271844866,-1.1223658725619317
234,1040,921,958464,0.8978831768035889,-3.6920872899999995,0.2,0.009504069,-0.0032489769480889665,2330,638.64,0.44504958391189575,0.0003,0.9659080505371094,0.05732421875,2.550120609998703,-1.1137039616703988
235,1041,923,962560,1.1611239910125732,-5.55471955,0.2,0.007897072,-0.005102395158610306,2340,667.02,0.44326668977737427,0.0003,0.9543509483337402,0.0699462890625,3.9153517916798593,-1.118323528766632
236,1043,926,966656,0.6876266002655029,-6.52942599,0.2,0.007613462,-0.00418007172702346,2350,674.52,0.4435708224773407,0.0003,0.9603660106658936,0.059765625,2.0615655422210692,-1.1131627067923546
237,1044,929,970752,1.5862642526626587,-8.047827219999999,0.2,0.0047623403,-0.0028262332896701993,2360,683.7,0.443115234375,0.0003,0.9627230763435364,0.0465576171875,4.006096601486206,-1.1131633058190347
238,1045,932,974848,0.7740510702133179,-7.836967490000003,0.2,0.00678194,-0.004955218575196341,2370,696.56,0.4395270347595215,0.0003,0.9638604521751404,0.0767333984375,2.841496029496193,-1.1046020343899727
239,1046,935,978944,1.7296544313430786,-9.928139600000002,0.2,0.0059780506,-0.003157579449180048,2380,716.24,0.44050711393356323,0.0003,0.958527147769928,0.051806640625,4.725948223471642,-1.0992347449064255
240,1047,938,983040,1.0449711084365845,-8.445133200000003,0.2,0.0059086904,-0.004588422845699824,2390,712.42,0.4396515488624573,0.0003,0.9583384394645691,0.099267578125,2.791623502969742,-1.100243453681469
241,1049,940,987136,1.2883542776107788,-11.285227520000003,0.2,0.0069579827,-0.002262302045710385,2400,722.03,0.4395274519920349,0.0003,0.970594584941864,0.05556640625,2.9881380051374435,-1.096025398373604
242,1050,943,991232,0.8610489368438721,-11.774856270000003,0.2,0.009979541,-0.004864771726715844,2410,700.39,0.438079833984375,0.0003,0.9686225056648254,0.0703369140625,3.0345875799655913,-1.0918769031763076
243,1051,946,995328,0.8739214539527893,-8.120131950000003,0.2,0.008049962,-0.0038903283973922955,2420,695.18,0.43636026978492737,0.0003,0.961920440196991,0.052783203125,3.245010995864868,-1.0808827251195907
244,1052,949,999424,0.48219746351242065,-7.917531580000002,0.2,0.006343263,-0.0036342768507893197,2430,701.99,0.43366628885269165,0.0003,0.9873514771461487,0.046923828125,1.5339495234191418,-1.067040790617466
245,1146,875,1003520,0.6186020970344543,-9.523106530000002,0.2,0.004986268,-0.00375764210766647,2440,705.37,0.43434521555900574,0.0003,0.9902603030204773,0.070849609375,1.6974630504846573,-1.0606265932321548
246,1147,878,1007616,1.724268913269043,-12.082108220000004,0.2,0.0061021466,-0.005419595327111892,2450,705.67,0.43243908882141113,0.0003,0.9581493735313416,0.051708984375,5.866001170873642,-1.0606603041291236
247,1148,880,1011712,1.0382721424102783,-11.972182290000003,0.2,0.003983706,-0.0029764751496259125,2460,705.51,0.4319317936897278,0.0003,0.9643938541412354,0.034814453125,3.0291235610842704,-1.0491156846284866
248,1149,883,1015808,0.8432954549789429,-13.506967079999997,0.2,0.0050733,-0.004239831329323351,2470,708.87,0.4283924698829651,0.0003,0.9833253026008606,0.0629638671875,2.6883287370204925,-1.039900229871273
249,1151,886,1019904,0.7098272442817688,-9.798108359999999,0.2,0.0059662904,-0.006354785498115234,2480,694.72,0.4237833023071289,0.0003,0.9863117337226868,0.0881103515625,2.285083274543285,-1.0218496769666672
250,1152,888,1024000,0.7655105590820312,-6.23236322,0.2,0.0077361027,-0.005153606121893972,2490,683.42,0.42309170961380005,0.0003,0.9695489406585693,0.0489501953125,2.427245156466961,-1.0053530663251877
251,1153,891,1028096,1.192505121231079,-5.848440950000001,0.2,0.006623081,-0.0040725669357925655,2500,675.11,0.4220820665359497,0.0003,0.9701653718948364,0.0632568359375,3.49829211384058,-1.0006271712481976
252,1154,894,1032192,1.0719677209854126,-5.436199180000001,0.2,0.0070802085,-0.004194605181692168,2510,671.65,0.4196789860725403,0.0003,0.9044864773750305,0.058349609375,4.200988385081291,-0.9919855833053589
253,1155,896,1036288,0.6590498089790344,-5.3508553400000025,0.2,0.0040965388,-0.0019199833448510617,2520,669.07,0.4198627471923828,0.0003,0.9871230125427246,0.0654052734375,2.3533138915896417,-0.9899329274892807
254,1157,899,1040384,0.3122449517250061,-6.60306712,0.2,0.007082705,-0.004099805749137886,2530,685.09,0.4166102111339569,0.0003,0.9915416240692139,0.0718994140625,1.2832326419651507,-0.9864844523370266
255,1158,901,1044480,0.6487578749656677,-6.58999803,0.2,0.0070170634,-0.004958677114336752,2540,678.51,0.41728395223617554,0.0003,0.9882727861404419,0.0742431640625,1.7833915129303932,-0.9755686461925507
256,1159,904,1048576,0.6223734021186829,-6.460467640000001,0.2,0.006294384,-0.002962171046237927,2550,668.69,0.415783166885376,0.0003,0.9796957969665527,0.04345703125,2.8607022792100905,-0.9770992793142795
257,1160,906,1052672,0.8862272500991821,-3.46280526,0.2,0.006580081,-0.00369703266187571,2560,658.85,0.41527029871940613,0.0003,0.9665518403053284,0.0530029296875,3.688101902604103,-0.9711562022566795
258,1161,909,1056768,0.959622323513031,-1.6769634600000003,0.2,0.004262196,-0.004768036876339465,2570,653.55,0.4161427617073059,0.0003,0.91595858335495,0.04130859375,2.3878620848059655,-0.9730575427412986
259,1163,912,1060864,0.4977840483188629,-1.77189584,0.2,0.006766692,-0.0039594652625964954,2580,657.09,0.4129794239997864,0.0003,0.9606091380119324,0.04755859375,2.299601396918297,-0.9689067684113979
260,1164,914,1064960,1.622658133506775,-5.386938819999999,0.2,0.0032166492,-0.001768677071959246,2590,667.2,0.4147002696990967,0.0003,0.9443269371986389,0.0338623046875,4.437821269035339,-0.9587125822901725
261,1165,917,1069056,1.8212132453918457,-0.2833950199999984,0.2,0.0046923864,-0.001932359198690392,2600,646.53,0.41054075956344604,0.0003,0.9351308345794678,0.034765625,2.859846070408821,-0.9554774522781372
262,1166,919,1073152,0.8297114968299866,0.9051492199999993,0.2,0.007781863,-0.0024473547353409232,2610,652.38,0.40975338220596313,0.0003,0.9723033308982849,0.0671142578125,1.90651782900095,-0.9383265465497971
263,1167,922,1077248,1.459708571434021,2.289508979999999,0.2,0.0070321793,-0.004271784337470308,2620,637.82,0.4076579213142395,0.0003,0.9114407300949097,0.065185546875,3.924993099272251,-0.9318700931966305
264,1168,925,1081344,2.7816643714904785,5.4483184200000006,0.2,0.004545872,-0.0035362588532734662,2630,637.02,0.4083303213119507,0.0003,0.9412055015563965,0.0311279296875,6.399866238236427,-0.9231056079268456
265,1170,927,1085440,0.8639003038406372,0.2371897099999987,0.2,0.0044591352,-0.0027208325685933233,2640,649.86,0.4047921895980835,0.0003,0.9790492653846741,0.055810546875,3.3460273876786233,-0.9211081057786942
266,1171,930,1089536,2.3478293418884277,1.0489139300000005,0.2,0.006797825,-0.002094250245136209,2650,648.48,0.40339499711990356,0.0003,0.9724755883216858,0.046875,4.942659002542496,-0.9080296561121941
267,1172,932,1093632,1.190242052078247,1.9284474400000011,0.2,0.0059670485,-0.003107004999765195,2660,630.93,0.40536653995513916,0.0003,0.8817049264907837,0.043505859375,4.6758191108703615,-0.9094827175140381
268,1173,935,1097728,1.2458699941635132,1.2076791,0.2,0.006675328,-0.004301446724275593,2670,634.64,0.40545332431793213,0.0003,0.9408714175224304,0.0507568359375,3.8936919301748274,-0.9157143428921699
269,1260,873,1101824,0.8235732913017273,6.461051179999999,0.2,0.0055404203,-0.0052064632996916774,2680,604.69,0.4053038954734802,0.0003,0.9652575254440308,0.06025390625,3.00866035670042,-0.915035143494606
270,1262,876,1105920,0.7779771685600281,6.492799030000002,0.2,0.0060966536,-0.004392350275884383,2690,603.56,0.404568076133728,0.0003,0.9720596075057983,0.0560791015625,2.4699897468090057,-0.911696632951498
271,1263,878,1110016,0.8870740532875061,7.0348821,0.2,0.0058214506,-0.003005142728216015,2700,601.35,0.4077807068824768,0.0003,0.9785223007202148,0.0436767578125,2.4211262628436088,-0.9104854293167591
272,1264,880,1114112,0.7630467414855957,5.346903129999999,0.2,0.0042501343,-0.0019787992525380103,2710,609.45,0.40652939677238464,0.0003,0.9595453143119812,0.0592041015625,2.517365124821663,-0.915835203975439
273,1265,883,1118208,0.6283959150314331,2.59952182,0.2,0.00992191,-0.003011229567346163,2720,616.75,0.40542301535606384,0.0003,0.9631986618041992,0.0859375,2.021617717295885,-0.9051423124969006
274,1266,885,1122304,0.48471903800964355,-0.7537197,0.2,0.0061406503,-0.0044738457101630045,2730,648.76,0.4094073474407196,0.0003,0.9665517807006836,0.0493408203125,2.74167318418622,-0.9072057694196701
275,1268,888,1126400,0.6058021187782288,0.5824874899999998,0.2,0.007373971,-0.002723178200540133,2740,647.09,0.4076482057571411,0.0003,0.9721083045005798,0.0761474609375,2.301100831478834,-0.9178309425711632
276,1269,890,1130496,1.7731378078460693,2.4368751399999997,0.2,0.007438682,-0.005470553037594072,2750,633.86,0.407051682472229,0.0003,0.9448155760765076,0.067138671875,4.2534586727619175,-0.9133171081542969
277,1270,892,1134592,0.7844099998474121,2.05783224,0.2,0.0055805836,-0.003691776588675566,2760,633.6,0.4055684804916382,0.0003,0.9721315503120422,0.041748046875,2.2841608062386514,-0.9099366746842861
278,1271,895,1138688,1.1236603260040283,2.9514209099999995,0.2,0.0071783834,-0.00452160473796539,2770,633.81,0.4038168489933014,0.0003,0.9574976563453674,0.052783203125,4.61036129295826,-0.9000945955514907
279,1273,897,1142784,1.4550893306732178,2.3064481500000005,0.2,0.0036193095,-0.003583544318098575,2780,641.73,0.40442389249801636,0.0003,0.9615283012390137,0.0358154296875,4.840268397331238,-0.8976255543529987
280,1274,900,1146880,1.7317678928375244,-0.3084917000000006,0.2,0.008276233,-0.005016921706555877,2790,655.38,0.4017188549041748,0.0003,0.9548534750938416,0.07734375,4.951938545703888,-0.8926437176764012
281,1275,902,1150976,1.4226984977722168,6.553637670000001,0.2,0.011605432,-0.004714273667195812,2800,638.84,0.4031287431716919,0.0003,0.9074755907058716,0.080712890625,3.44795967489481,-0.8853272259235382
282,1276,904,1155072,1.0365432500839233,6.306207789999999,0.2,0.004541381,0.0013261912172310986,2810,644.99,0.4040529727935791,0.0003,0.9546435475349426,0.1140625,2.817230944335461,-0.8921963140368462
283,1277,907,1159168,1.0155733823776245,7.669011040000002,0.2,0.006217643,-0.005016489565605298,2820,640.66,0.4035537540912628,0.0003,0.940169095993042,0.0871826171875,3.0139555081725122,-0.8900245130062103
284,1279,909,1163264,2.044611930847168,6.340911559999998,0.2,0.005774659,-0.00480086118041072,2830,643.06,0.40302106738090515,0.0003,0.965832531452179,0.0665283203125,5.211640048027038,-0.8838886693120003
285,1280,911,1167360,1.1605852842330933,6.16560263,0.2,0.004894961,-0.003914740245090797,2840,639.53,0.402717262506485,0.0003,0.9709336757659912,0.04921875,3.94430792927742,-0.8822138711810112
286,1281,913,1171456,0.5611415505409241,0.78184325,0.2,0.009394412,-0.0044772550027119,2850,677.65,0.4024817943572998,0.0003,0.9865822196006775,0.076123046875,1.7104587405920029,-0.8810275159776211
287,1283,916,1175552,0.46645408868789673,-1.5880270399999987,0.2,0.0038662904,-0.0033612089115194975,2860,679.45,0.39878517389297485,0.0003,0.9893848896026611,0.0555419921875,1.2489191830158233,-0.8723754033446312
288,1284,918,1179648,0.8500574231147766,-1.1868843599999988,0.2,0.00543775,-0.0026518962142290546,2870,671.16,0.39784514904022217,0.0003,0.9716420769691467,0.0442626953125,3.619529217481613,-0.8570012889802456
289,1285,920,1183744,1.406301498413086,0.019578049999999365,0.2,0.0049802084,-0.003638618133845739,2880,670.78,0.39877039194107056,0.0003,0.9751334190368652,0.033642578125,3.6074696481227875,-0.8568276628851891
290,1287,922,1187840,1.3328173160552979,0.08041180999999951,0.2,0.0061450684,-0.0031093859335669547,2890,650.0,0.4017183482646942,0.0003,0.9662925601005554,0.0373779296875,4.419098851084709,-0.862951648235321
291,1289,924,1191936,1.3909844160079956,-0.8337711399999996,0.2,0.008486418,-0.00268658910645172,2900,653.64,0.401261568069458,0.0003,0.966633677482605,0.0554931640625,3.7600689336657522,-0.8722624555230141
292,1291,926,1196032,0.5960931777954102,-10.90434332,0.2,0.005882738,-0.005141706204449292,2910,679.88,0.40255749225616455,0.0003,0.9870684146881104,0.0593505859375,1.787824310362339,-0.8700986534357071
293,1374,873,1200128,0.4275017976760864,-13.272140309999997,0.2,0.0066951825,-0.00023845482501201333,2920,694.87,0.3985188901424408,0.0003,0.990558922290802,0.068896484375,1.2494817942380905,-0.865608274936676
294,1375,875,1204224,0.3978578746318817,-13.14789,0.2,0.004827857,-0.0039324502344243225,2930,709.6,0.3967318832874298,0.0003,0.9863805174827576,0.041259765625,1.2491843320429326,-0.8478116974234581
295,1376,877,1208320,1.1131998300552368,-11.452163290000001,0.2,0.0042695845,-0.0033017629204550756,2940,688.81,0.3978081941604614,0.0003,0.9698059558868408,0.0481689453125,3.4763820275664328,-0.8416632644832134
296,1377,879,1212416,1.268478274345398,-13.885821799999999,0.2,0.00782002,-0.004618179358658381,2950,708.96,0.3993837237358093,0.0003,0.9729574918746948,0.06845703125,4.546943514049053,-0.8453112877905369
297,1379,881,1216512,1.514406442642212,-14.85419126,0.2,0.0037062275,-0.003156099429179449,2960,708.78,0.39752596616744995,0.0003,0.9736995697021484,0.0314208984375,3.676497516036034,-0.8419928483664989
298,1380,884,1220608,1.3457647562026978,-16.044300420000003,0.2,0.003762721,-0.003877357055898756,2970,700.31,0.3975924849510193,0.0003,0.965753436088562,0.0395263671875,4.5271318554878235,-0.8308177083730698
299,1382,886,1224704,1.5259194374084473,-18.219889710000004,0.2,0.008932366,-0.005042233061976731,2980,711.12,0.39615046977996826,0.0003,0.9088936448097229,0.0470947265625,5.175958839058876,-0.8280462957918644
300,1383,888,1228800,1.4378823041915894,-16.88586914,0.2,0.006833143,-0.004348782455781475,2990,718.61,0.39704564213752747,0.0003,0.9038134217262268,0.069091796875,3.869724431633949,-0.8236335910856724
301,1385,890,1232896,0.9993958473205566,-18.97759914,0.2,0.009473745,-0.003043205283029238,3000,726.61,0.39552441239356995,0.0003,0.9555364847183228,0.07490234375,3.343846359848976,-0.8204590551555156
302,1386,892,1236992,0.5457538962364197,-17.658505140000003,0.2,0.00643792,-0.0050042097005643885,3010,740.36,0.3916023373603821,0.0003,0.9837756752967834,0.0725341796875,1.9529837667942047,-0.8069131307303905
303,1387,894,1241088,0.6476481556892395,-13.265870999999999,0.2,0.0062294756,-0.0019233040817198343,3020,726.02,0.3892812728881836,0.0003,0.9543863534927368,0.0536865234375,1.9909753933548928,-0.7914512045681477
304,1388,896,1245184,0.6875642538070679,-9.082749710000002,0.2,0.008768808,-0.004169359552906826,3030,706.33,0.3881104588508606,0.0003,0.9777337312698364,0.0941162109375,2.0319432079792024,-0.7824581265449524
305,1389,899,1249280,0.8111768364906311,-8.220362380000001,0.2,0.006606049,-0.0032555387559114026,3040,714.46,0.3869461417198181,0.0003,0.9682288765907288,0.0764892578125,2.596705122292042,-0.7762690797448158
306,1390,901,1253376,0.3569414019584656,-8.644337999999998,0.2,0.0077558784,-0.00292788099613972,3050,725.87,0.3811822533607483,0.0003,0.9853532910346985,0.07939453125,1.3469070568680763,-0.7633163802325725
307,1391,903,1257472,0.8279564380645752,-6.478391459999999,0.2,0.005360611,-0.0034139647439587863,3060,718.83,0.37869033217430115,0.0003,0.9661760330200195,0.0822021484375,2.4547572419047357,-0.7378181762993336
308,1392,905,1261568,1.4427484273910522,-2.99204023,0.2,0.007073465,-0.005247464396234136,3070,726.02,0.37789204716682434,0.0003,0.8974252343177795,0.0765380859375,4.191601029038429,-0.7276101805269718
309,1393,908,1265664,0.5162992477416992,-0.6787814400000013,0.2,0.0059912982,-0.004563497615163214,3080,722.62,0.37905776500701904,0.0003,0.958088755607605,0.0528076171875,2.0565894551575186,-0.7254634574055672
310,1395,910,1269760,0.33135735988616943,1.9331934200000003,0.2,0.014204214,-0.0033316661021672188,3090,736.92,0.3765050768852234,0.0003,0.9770013093948364,0.0968505859375,1.2370582677423954,-0.7185231573879719
311,1396,912,1273856,0.19924281537532806,1.9210966400000005,0.2,0.0109383,-0.0032416775429737754,3100,735.59,0.37006208300590515,0.0003,0.992601752281189,0.094287109375,0.5912638179957866,-0.6914653040468692
312,1397,914,1277952,0.49032729864120483,2.0205116299999992,0.2,0.006287786,-0.0006506869453005492,3110,731.3,0.364902526140213,0.0003,0.9537093639373779,0.111328125,2.3324655048549174,-0.6637172713875771
313,1398,916,1282048,0.6548760533332825,4.679765469999999,0.2,0.009247855,-0.0016412867436883972,3120,707.9,0.3636355996131897,0.0003,0.9372908473014832,0.057421875,2.4224064350128174,-0.6469212412834168
314,1399,918,1286144,2.839388847351074,3.9070037799999993,0.2,0.004675152,-0.0038664839754346757,3130,711.48,0.3640601634979248,0.0003,0.9325453042984009,0.0355712890625,5.167497837543488,-0.64496481269598
315,1401,920,1290240,2.7336843013763428,6.775870369999999,0.2,0.0044638226,-0.004324792721308768,3140,709.92,0.3648781180381775,0.0003,0.9082990884780884,0.0453125,7.03212142586708,-0.6462340265512466
316,1402,922,1294336,0.8076136112213135,3.92568308,0.2,0.0030939153,-0.002142215322237462,3150,714.53,0.36501842737197876,0.0003,0.9613089561462402,0.032666015625,3.6783566564321517,-0.6482791915535927
317,1403,924,1298432,0.5591131448745728,3.94288848,0.2,0.0058631697,-0.0012803591322153806,3160,710.58,0.3659515380859375,0.0003,0.980190634727478,0.0573486328125,1.7475105859339237,-0.6461690448224544
318,1489,874,1302528,0.9529977440834045,6.18992783,0.2,0.006368061,-0.0023269039738806896,3170,705.5,0.36533287167549133,0.0003,0.9731358289718628,0.0513916015625,2.523030270636082,-0.6450964458286762
319,1490,876,1306624,0.727308988571167,6.084042249999999,0.2,0.010157063,-0.002390912245027721,3180,685.35,0.3627598285675049,0.0003,0.9649990797042847,0.073291015625,2.4022852048277854,-0.6377038560807705
320,1492,878,1310720,0.8556497097015381,2.798185820000001,0.2,0.008760455,-0.0026181737295701167,3190,709.18,0.3623374104499817,0.0003,0.9705220460891724,0.098046875,2.1542715609073637,-0.6288067765533925
321,1493,880,1314816,0.861166775226593,4.0944848799999995,0.2,0.004689738,-0.0028840646002208812,3200,698.91,0.3611844480037689,0.0003,0.9250376224517822,0.0394775390625,2.958579897880554,-0.6261497616767884
322,1494,882,1318912,0.9713892936706543,2.0774301400000015,0.2,0.0049204817,-0.0017368314176565037,3210,690.86,0.36201152205467224,0.0003,0.9775266647338867,0.056591796875,3.0190128684043884,-0.6217684380710125
323,1495,884,1323008,0.5013248920440674,1.9272621100000016,0.2,0.0066035204,-0.0029211756947916,3220,679.36,0.36365970969200134,0.0003,0.973601222038269,0.04912109375,2.683373336493969,-0.6284956716001033
324,1497,886,1327104,1.2546933889389038,-1.1455886499999997,0.2,0.005731136,-0.0023948542249854652,3230,680.37,0.36463701725006104,0.0003,0.9618883728981018,0.0523681640625,3.7781588450074195,-0.6328601509332656
325,1498,888,1331200,1.2751743793487549,-1.8962666899999994,0.2,0.00907892,-0.002856629122106824,3240,665.45,0.3625860810279846,0.0003,0.9769718647003174,0.056005859375,3.414862757921219,-0.6330438569188118
326,1499,890,1335296,0.43548330664634705,0.6154518799999997,0.2,0.0058351764,-0.003562233570846729,3250,632.33,0.3616885542869568,0.0003,0.9899027943611145,0.0397705078125,1.6524763979017734,-0.6227819517254829
327,1500,892,1339392,0.6571921706199646,0.7725804299999994,0.2,0.010151929,-0.002644157625036314,3260,631.64,0.3605538606643677,0.0003,0.9853499531745911,0.08994140625,1.952664925158024,-0.6144129812717438
328,1502,894,1343488,1.0580295324325562,-1.668226050000001,0.2,0.007452334,-0.005194060283247382,3270,642.58,0.3598722517490387,0.0003,0.9764852523803711,0.0927490234375,2.7679360136389732,-0.6105907328426838
329,1503,896,1347584,1.419851303100586,-1.38541288,0.2,0.005380126,-0.004522547993110493,3280,648.45,0.3603461980819702,0.0003,0.9722977876663208,0.0477294921875,4.075585639476776,-0.6097112156450748
330,1504,898,1351680,1.0678117275238037,-2.320372640000001,0.2,0.003815092,-0.001893995812861249,3290,651.02,0.36085695028305054,0.0003,0.9679392576217651,0.046044921875,3.475142115354538,-0.6129008397459984
331,1505,900,1355776,1.6843416690826416,-5.341942190000001,0.2,0.0052810055,-0.0046528857172233986,3300,659.15,0.36071646213531494,0.0003,0.9632338285446167,0.0483154296875,4.386614495515824,-0.61428704559803
332,1507,902,1359872,2.3504960536956787,-2.0529492200000004,0.2,0.0072201523,-0.004960300964012276,3310,643.75,0.35782018303871155,0.0003,0.9665197730064392,0.0721435546875,5.06299256682396,-0.603588430583477
333,1508,904,1363968,0.8818922638893127,-4.776131270000001,0.2,0.008933235,-0.004254104639403522,3320,650.45,0.3557713031768799,0.0003,0.9763885736465454,0.0781005859375,3.0807416543364523,-0.5868036784231663
334,1509,906,1368064,1.2745169401168823,-5.9901874600000005,0.2,0.0072913757,-0.003510109119815752,3330,648.76,0.3554253578186035,0.0003,0.9674484133720398,0.0508056640625,3.431742709875107,-0.5762415193021297
335,1510,908,1372160,0.9404597282409668,0.2890497199999998,0.2,0.0063847443,-0.002812985851778649,3340,614.3,0.3543783724308014,0.0003,0.9635767936706543,0.0638916015625,2.766238142549992,-0.5719866082072258
336,1512,910,1376256,1.0596691370010376,-2.1084345300000025,0.2,0.005191752,-0.003026258770842105,3350,621.02,0.3559119701385498,0.0003,0.9755808115005493,0.0337646484375,2.8561085924506187,-0.5668892197310924
337,1513,912,1380352,0.7824335694313049,1.6555349399999972,0.2,0.00525311,-0.0011856291152071209,3360,614.42,0.35705527663230896,0.0003,0.9778304696083069,0.0701416015625,2.5880211532115935,-0.5685323484241962
338,1514,914,1384448,0.8739170432090759,4.405347079999999,0.2,0.0055528944,-0.0030702739459229633,3370,600.41,0.3564300835132599,0.0003,0.9709515571594238,0.039599609375,3.718463546037674,-0.569963089376688
339,1515,916,1388544,0.6278361678123474,2.3045844499999997,0.2,0.0062770564,-0.0023444951191777365,3380,600.51,0.3548318147659302,0.0003,0.9876245260238647,0.0709716796875,1.811129628121853,-0.5681122846901416
340,1517,917,1392640,0.9158347845077515,-0.5661584900000016,0.2,0.009555286,-0.0015884471504250541,3390,632.04,0.3564992845058441,0.0003,0.9806192517280579,0.0627197265625,3.1270756095647814,-0.5664768911898136
341,1518,919,1396736,0.47880181670188904,2.502045740000001,0.2,0.00741791,-0.005275317159248516,3400,628.55,0.355238139629364,0.0003,0.9914393424987793,0.0928955078125,1.4095930859446526,-0.567720690369606
342,1591,880,1400832,0.63160240650177,7.543747819999998,0.2,0.006398119,-0.0013330997739103624,3410,604.87,0.3574255704879761,0.0003,0.9595636129379272,0.088037109375,1.996055008471012,-0.5644065260887146
343,1592,881,1404928,0.6805678009986877,7.404343680000002,0.2,0.0076756794,-0.003884955175453797,3420,597.74,0.3556120991706848,0.0003,0.9804555177688599,0.050390625,2.2423388928174974,-0.5642580978572369
344,1594,883,1409024,0.5786369442939758,8.591543249999999,0.2,0.0040039252,-0.001247632715967484,3430,585.11,0.3541715145111084,0.0003,0.9814531803131104,0.0335693359375,2.174131655693054,-0.5513497680425644
345,1595,885,1413120,0.27312755584716797,10.23196631,0.2,0.005111346,-0.001302148020477034,3440,575.63,0.35499364137649536,0.0003,0.9915082454681396,0.0736328125,0.7749857824295759,-0.547150532156229
346,1596,887,1417216,0.7598183155059814,12.64328615,0.2,0.005224067,-0.0033772578812204302,3450,568.99,0.3543702960014343,0.0003,0.9707306623458862,0.0427978515625,2.4599525153636934,-0.5451133206486702
347,1597,889,1421312,0.5880112648010254,17.01362337,0.2,0.010157037,-0.002658210913068615,3460,554.28,0.3526199162006378,0.0003,0.9551316499710083,0.06806640625,2.1728192642331123,-0.5390701934695243
348,1599,891,1425408,0.6187115907669067,15.23103464,0.2,0.005448988,-0.002631274826126173,3470,564.2,0.35156136751174927,0.0003,0.9779620170593262,0.0775146484375,2.5716471284627915,-0.5294167153537274
349,1600,893,1429504,1.1782875061035156,14.823818059999999,0.2,0.004999839,-0.0030018431367352604,3480,567.64,0.35090041160583496,0.0003,0.9792405366897583,0.0432861328125,3.228859482705593,-0.5191743031144143
350,1601,894,1433600,0.4292363226413727,13.985247569999997,0.2,0.004739921,-0.0019950713962316514,3490,580.18,0.3528670370578766,0.0003,0.989602267742157,0.08134765625,1.563305788487196,-0.5169883303344249
351,1602,896,1437696,0.5460114479064941,15.443421139999998,0.2,0.009021729,-0.005222532048355788,3500,574.64,0.35142266750335693,0.0003,0.9862034320831299,0.0655517578125,1.6348219417035579,-0.5145185776054859
352,1604,898,1441792,0.822394847869873,18.99300021,0.2,0.0071687847,-0.006570617115357891,3510,565.36,0.3520292341709137,0.0003,0.9338666200637817,0.064208984375,2.776550517976284,-0.5111920014023781
353,1605,900,1445888,0.9566028118133545,21.12207099,0.2,0.0072569456,-0.0032132552136317828,3520,532.91,0.34921666979789734,0.0003,0.9691708087921143,0.054052734375,3.7730438694357873,-0.5071150381118059
354,1606,902,1449984,1.3523054122924805,20.877245089999995,0.2,0.0069248807,-0.004313901922432706,3530,542.27,0.348141074180603,0.0003,0.9753150343894958,0.0682373046875,3.919275686144829,-0.4917139008641243
355,1607,904,1454080,0.7605521082878113,19.037232220000003,0.2,0.0060244873,-0.0027354395482689143,3540,542.76,0.34619882702827454,0.0003,0.9832735061645508,0.0576904296875,2.166888754069805,-0.48574149832129476
356,1609,906,1458176,1.5561262369155884,16.21547653,0.2,0.009802661,-0.00342768574191723,3550,554.52,0.34680047631263733,0.0003,0.9763698577880859,0.0830810546875,3.3547221213579177,-0.48294932432472704
357,1610,908,1462272,1.5025901794433594,17.97218461,0.2,0.005246729,-0.0052440858931731785,3560,556.44,0.3490372896194458,0.0003,0.9626222848892212,0.1005126953125,3.7128292590379717,-0.49132899977266786
358,1611,909,1466368,0.7420043349266052,17.30363552,0.2,0.008107046,-0.002922932294313796,3570,555.92,0.34912586212158203,0.0003,0.976911723613739,0.0724853515625,2.640220399200916,-0.49551366828382015
359,1612,911,1470464,1.6013067960739136,15.538848320000001,0.2,0.006782988,-0.005388609833607916,3580,570.5,0.34936702251434326,0.0003,0.9721920490264893,0.08076171875,4.123469331860543,-0.4917700499296188
360,1613,913,1474560,1.1997416019439697,14.120116649999998,0.2,0.007155563,-0.005450929296785034,3590,591.72,0.3505712151527405,0.0003,0.9720174074172974,0.0691162109375,3.1974536895751955,-0.4954888589680195
361,1615,915,1478656,0.4005259573459625,13.817960789999999,0.2,0.009067368,-0.0031622167109162545,3600,591.97,0.35091057419776917,0.0003,0.989274263381958,0.0826904296875,1.2010577343404294,-0.5005807753652334
362,1616,917,1482752,1.033456563949585,11.950652400000001,0.2,0.009051234,-0.005087543500121683,3610,606.41,0.3480134904384613,0.0003,0.9759260416030884,0.0648681640625,2.367438516020775,-0.4924333866685629
363,1617,919,1486848,0.7783743739128113,13.84469611,0.2,0.004964713,-0.004671184605103918,3620,596.11,0.3444351255893707,0.0003,0.9717908501625061,0.06728515625,2.282605804502964,-0.4720992732793093
364,1618,921,1490944,0.47814202308654785,16.80842242,0.2,0.011788977,-0.0020201967272441834,3630,579.95,0.34374377131462097,0.0003,0.9249446988105774,0.0768310546875,1.5941282875835896,-0.4566769000142813
365,1619,923,1495040,0.4737151563167572,18.961340789999998,0.2,0.0042089485,-0.0013458882225677372,3640,576.62,0.3454507887363434,0.0003,0.9459993839263916,0.0769775390625,1.4957489766180516,-0.4537956465035677
366,1621,924,1499136,0.5384438633918762,19.299775729999997,0.2,0.0040582027,-0.0037804025807417927,3650,572.86,0.3440607190132141,0.0003,0.961563229560852,0.0405517578125,1.5676560953259469,-0.44996602833271027
367,1691,888,1503232,0.9036411046981812,20.826901439999997,0.2,0.009638054,-0.0032868992391740905,3660,565.07,0.34357261657714844,0.0003,0.9548553228378296,0.056689453125,3.0211218163371085,-0.4392222549766302
368,1692,890,1507328,1.0935125350952148,22.384781779999994,0.2,0.010102329,-0.004308957535249647,3670,565.08,0.3445996046066284,0.0003,0.9625486135482788,0.088134765625,3.091396486759186,-0.4388213336467743
369,1693,892,1511424,0.8623207807540894,21.155710499999994,0.2,0.0051206835,-0.004472519370028749,3680,581.23,0.3444101810455322,0.0003,0.9685161113739014,0.06376953125,2.274743005633354,-0.4378136496990919
370,1695,894,1515520,0.9147402048110962,23.437509970000004,0.2,0.0098488815,-0.003198871767381206,3690,578.06,0.34400808811187744,0.0003,0.9064121246337891,0.0729736328125,2.7580131560564043,-0.4331369992345572
371,1696,895,1519616,0.5836107134819031,25.005245240000004,0.2,0.016351886,-0.003131919977022335,3700,579.26,0.3430899381637573,0.0003,0.9311171770095825,0.103466796875,1.359888768196106,-0.42961673699319364
372,1697,897,1523712,0.5119782090187073,27.174847869999994,0.2,0.0048874654,-0.0031298010173486544,3710,570.24,0.3447524309158325,0.0003,0.9541784524917603,0.0599365234375,1.238215648382902,-0.4289730072021484
373,1699,899,1527808,0.5816831588745117,29.432315109999994,0.2,0.0035283484,-0.0012170618952950462,3720,552.54,0.3452463448047638,0.0003,0.9492354989051819,0.0595947265625,1.5680816762149334,-0.42810680642724036
374,1700,900,1531904,0.4524856507778168,29.255839780000002,0.2,0.006333874,-0.0035339764173841102,3730,541.97,0.3449343144893646,0.0003,0.9679659008979797,0.071044921875,2.126474680006504,-0.41953567005693915
375,1701,902,1536000,0.26083171367645264,30.409432940000002,0.2,0.012725792,-0.002547270242939703,3740,547.71,0.34497782588005066,0.0003,0.9835767149925232,0.0773193359375,0.7488310281187296,-0.4168181199580431
376,1703,904,1540096,0.5571889877319336,31.198795760000007,0.2,0.009293615,-0.002008125465363264,3750,547.43,0.34453657269477844,0.0003,0.9322648048400879,0.0650390625,1.7583673842251302,-0.41860112696886065
377,1704,906,1544192,0.5670177340507507,29.640554580000003,0.2,0.005108606,-0.004049763751390855,3760,550.41,0.3449426591396332,0.0003,0.9363967776298523,0.057763671875,1.7400861963629723,-0.4173327352851629
378,1705,907,1548288,0.5307005643844604,29.41230407,0.2,0.008816272,-0.0058048106264323,3770,559.66,0.34271425008773804,0.0003,0.9489033222198486,0.08642578125,1.8235174849629403,-0.40935401916503905
379,1706,909,1552384,0.4940834939479828,29.197976909999994,0.2,0.0063174125,-0.0044341806584270674,3780,563.86,0.34275010228157043,0.0003,0.9456042051315308,0.0613525390625,1.493779831379652,-0.39908707439899443
380,1707,911,1556480,0.2591155171394348,29.322023490000003,0.2,0.010491749,-0.0021971729613142086,3790,562.06,0.3403656482696533,0.0003,0.9461517333984375,0.073828125,0.9300185233354569,-0.3903798792511225
381,1709,912,1560576,0.9491782784461975,30.03357297,0.2,0.0037935728,-0.0030227876850403845,3800,570.85,0.3405168652534485,0.0003,0.9296998381614685,0.0473876953125,2.612823982536793,-0.3831037703901529
382,1711,914,1564672,0.5873236656188965,31.008817880000002,0.2,0.008657232,-0.0038492818333907054,3810,555.14,0.3413848876953125,0.0003,0.9738494753837585,0.0452880859375,1.7583937600255013,-0.38752218149602413
383,1713,915,1568768,1.6106866598129272,31.173324500000007,0.2,0.0044067265,-0.0036699426535051318,3820,555.65,0.34013786911964417,0.0003,0.9610810279846191,0.0471435546875,3.3314069703221323,-0.3837528295814991
384,1715,916,1572864,0.48285776376724243,31.796255110000008,0.2,0.009349123,-0.004066625735140406,3830,551.3,0.34201928973197937,0.0003,0.966668963432312,0.0748779296875,1.256580936163664,-0.3768804848194122
385,1717,918,1576960,1.5451899766921997,29.45529278,0.2,0.0074407235,-0.0021174754452658816,3840,548.74,0.3426573574542999,0.0003,0.9575179219245911,0.0830322265625,3.8168769121170043,-0.37928339913487435
386,1718,920,1581056,0.9160489439964294,27.936952129999995,0.2,0.006549085,-0.002508680037863087,3850,566.6,0.34200215339660645,0.0003,0.9283396005630493,0.0527099609375,3.5795589104294776,-0.3771756671369076
387,1719,921,1585152,0.5127016305923462,28.05349977,0.2,0.006984627,-0.004623400207492523,3860,571.87,0.3425074815750122,0.0003,0.9262406826019287,0.0593994140625,1.6668829523026942,-0.3735940344631672
388,1720,923,1589248,0.6720810532569885,31.17090085,0.2,0.00710644,-0.0032293813725118524,3870,547.96,0.3419741988182068,0.0003,0.906683087348938,0.0654296875,1.816085996478796,-0.37138569690287115
389,1722,925,1593344,0.5634517073631287,30.94535647,0.2,0.0068283677,-0.0038685646810336038,3880,554.92,0.34491464495658875,0.0003,0.9222919940948486,0.0475341796875,2.082866056263447,-0.3699184536933899
390,1723,926,1597440,0.6845908164978027,30.567762500000004,0.2,0.0052129272,-0.0033058099535992367,3890,554.34,0.3458050489425659,0.0003,0.8956480026245117,0.0573486328125,2.1115457229316235,-0.37400199808180334
391,1794,892,1601536,1.0266379117965698,31.537675579999995,0.2,0.0048741777,-0.004534343862906099,3900,553.37,0.346154123544693,0.0003,0.926606297492981,0.05556640625,3.6724872082471847,-0.37902533933520316
392,1796,893,1605632,0.7053695321083069,28.5846331,0.2,0.0071610725,-0.002744732768042013,3910,569.71,0.3452602028846741,0.0003,0.9439513683319092,0.0568115234375,2.6422206670045854,-0.3791514180600643
393,1797,895,1609728,0.7970612645149231,27.886358719999997,0.2,0.0053635538,-0.0033567631529876963,3920,567.81,0.34805828332901,0.0003,0.9686043858528137,0.0484619140625,2.1256687507033347,-0.38270271457731725
394,1798,897,1613824,0.41352975368499756,27.709047419999997,0.2,0.005281687,-0.0044691931630950425,3930,561.8,0.34521347284317017,0.0003,0.9747422337532043,0.0604248046875,1.6692057691514492,-0.38659805841743944
395,1800,898,1617920,0.4128651022911072,25.852964670000006,0.2,0.006594098,-0.004889001091942191,3940,563.56,0.34726986289024353,0.0003,0.9836778044700623,0.0663818359375,1.1657150775194167,-0.3780242994427681
396,1801,900,1622016,0.4660816788673401,27.966328689999997,0.2,0.0047196457,-0.002365613411529921,3950,556.23,0.34790581464767456,0.0003,0.9657891392707825,0.07373046875,1.2119178198277951,-0.37792717553675176
397,1802,902,1626112,0.31491854786872864,25.849731879999993,0.2,0.008038007,-0.0044386080146068705,3960,558.01,0.34637725353240967,0.0003,0.9844882488250732,0.0726806640625,0.9424660772085189,-0.36824540719389914
398,1804,903,1630208,0.4376123249530792,28.633844569999994,0.2,0.011128865,-0.003238302221870981,3970,547.65,0.34559184312820435,0.0003,0.9804566502571106,0.0724365234375,1.1064743839204312,-0.3579690311104059
399,1805,905,1634304,0.6245210766792297,29.72065326,0.2,0.0049520805,-0.00197733941313345,3980,538.18,0.3465670645236969,0.0003,0.9491320252418518,0.0577880859375,2.8266697078943253,-0.3563440889120102
400,1807,906,1638400,0.3622545003890991,25.755174119999996,0.2,0.007754015,-0.0049471336620626975,3990,551.7,0.34601134061813354,0.0003,0.9884029030799866,0.06748046875,1.2180764175951482,-0.3591991558670998
401,1808,908,1642496,0.4360578954219818,25.553548059999997,0.2,0.006401841,-0.004337835693149827,4000,547.1,0.3462408185005188,0.0003,0.9822813868522644,0.0560302734375,1.441726915538311,-0.35343483425676825
402,1809,909,1646592,0.41133207082748413,19.031534809999997,0.2,0.010469589,-0.0015856116457143798,4010,566.9,0.34750810265541077,0.0003,0.9704602360725403,0.042333984375,1.454187625646591,-0.3505533404648304
403,1810,911,1650688,0.7749772071838379,17.686231499999998,0.2,0.007499947,-0.0015855913050472736,4020,571.33,0.3465122580528259,0.0003,0.9555293321609497,0.068408203125,3.2809298157691957,-0.34734092466533184
404,1812,913,1654784,0.41147637367248535,15.484460829999996,0.2,0.008896299,-0.004433161260385532,4030,569.33,0.3451720178127289,0.0003,0.9798797369003296,0.0549072265625,1.3874562844634055,-0.34067229367792606
405,1813,914,1658880,0.7455095052719116,19.22206374,0.2,0.0047617205,-0.004375805746531114,4040,545.76,0.3444223999977112,0.0003,0.9754430055618286,0.0646728515625,1.9251789540052413,-0.3306411400437355
406,1814,916,1662976,0.42965394258499146,19.24591443,0.2,0.0067358585,-0.004094255410018377,4050,541.12,0.3435937762260437,0.0003,0.9727348685264587,0.0704833984375,1.3807244211435319,-0.31972525380551814
407,1815,918,1667072,0.33834290504455566,18.78642871,0.2,0.007759643,-0.004209536325652153,4060,546.83,0.33911627531051636,0.0003,0.9703030586242676,0.0745849609375,1.1195854753255845,-0.3102852303534746
408,1816,919,1671168,0.6299020051956177,20.85057803,0.2,0.0065393876,-0.0036580469750333577,4070,546.37,0.336599200963974,0.0003,0.9500283598899841,0.073583984375,1.809054672718048,-0.2929640807211399
409,1818,921,1675264,0.5581141114234924,20.662359660000003,0.2,0.011319143,-0.003482662679743953,4080,547.18,0.3354239761829376,0.0003,0.9625903367996216,0.0635986328125,1.4678056195378304,-0.2800867442041636
410,1819,923,1679360,0.5713653564453125,21.20915884,0.2,0.005439651,-0.00421238062554039,4090,538.42,0.33463019132614136,0.0003,0.979286789894104,0.0542724609375,1.8758069396018981,-0.2710689712315798
411,1820,924,1683456,0.26839545369148254,21.460642899999996,0.2,0.008288014,-0.0016101520275697112,4100,536.4,0.33441051840782166,0.0003,0.9924103617668152,0.1023193359375,0.6634240236133337,-0.2635523870587349
412,1821,926,1687552,0.5302389860153198,21.484765940000003,0.2,0.005342161,-0.001936057794955559,4110,524.7,0.33751949667930603,0.0003,0.9645802974700928,0.076806640625,1.4782162979245186,-0.25873894020915034
413,1822,928,1691648,0.359468936920166,23.79683636,0.2,0.008471469,-0.002299494738690555,4120,530.18,0.33906418085098267,0.0003,0.9830933213233948,0.076708984375,1.1512499801814555,-0.2648386251181364
414,1824,929,1695744,1.6276625394821167,25.05132309,0.2,0.007262985,-0.0023344942339463158,4130,536.86,0.3383348286151886,0.0003,0.9512312412261963,0.0696533203125,2.908784878253937,-0.26196511909365655
415,1825,931,1699840,0.6519630551338196,31.486486360000004,0.2,0.008222947,-0.002488420094596222,4140,513.34,0.33697012066841125,0.0003,0.9433568120002747,0.065185546875,2.233686609566212,-0.2528364872559905
416,1898,897,1703936,0.6574888825416565,31.8932321,0.2,0.009785927,-0.0013846559537341817,4150,503.78,0.3377731740474701,0.0003,0.9604501724243164,0.0944580078125,1.1365213796496392,-0.2422620002180338
417,1899,899,1708032,0.36915600299835205,34.59333107,0.2,0.007959401,-0.0032132970867678524,4160,496.1,0.3346245288848877,0.0003,0.9518415331840515,0.0677001953125,1.0436759196221828,-0.2339368861168623
418,1901,900,1712128,0.3908040523529053,35.46542172,0.2,0.005147595,-0.003964859596453607,4170,500.1,0.3341503143310547,0.0003,0.9533063173294067,0.065283203125,1.0729169070720672,-0.21807500198483468
419,1902,902,1716224,0.552916407585144,35.743839290000004,0.2,0.009095015,-0.0021039132232544945,4180,509.12,0.3329172730445862,0.0003,0.9528584480285645,0.0753662109375,1.5427221983671189,-0.21050753779709339
420,1903,903,1720320,0.3130090832710266,34.22960907000001,0.2,0.010700541,-0.002794495937996544,4190,520.47,0.3328394591808319,0.0003,0.9740921258926392,0.05625,1.0710626151412725,-0.20073992013931274
421,1904,905,1724416,0.5683876872062683,34.91154487,0.2,0.007880621,-0.004963380144909024,4200,514.5,0.3321335017681122,0.0003,0.9597101807594299,0.0730712890625,1.9593338906764983,-0.19169587977230548
422,1905,906,1728512,0.6773161888122559,34.7002179,0.2,0.0073593026,-0.003332076044171117,4210,515.94,0.3315868675708771,0.0003,0.926344633102417,0.09931640625,1.9787035599350928,-0.18823548685759306
423,1907,908,1732608,0.5564519166946411,35.879857120000004,0.2,0.0051874476,-0.00455169832566753,4220,519.09,0.33269160985946655,0.0003,0.9107946157455444,0.095068359375,1.8177164018154144,-0.18696244712918997
424,1908,910,1736704,0.5188499689102173,35.54491504999999,0.2,0.014979718,-0.004622800895594992,4230,524.41,0.33343425393104553,0.0003,0.9429690837860107,0.0781494140625,1.2682211637496947,-0.18901326805353164
425,1909,911,1740800,0.4538531005382538,35.64686497,0.2,0.008432552,-0.003864416104624979,4240,523.63,0.33344191312789917,0.0003,0.897363543510437,0.082275390625,1.5615704670548438,-0.18755753953009843
426,1910,913,1744896,0.2004552036523819,37.72913524,0.2,0.005334686,-0.0006303624686552212,4250,510.51,0.33245986700057983,0.0003,0.970946192741394,0.043408203125,0.8688078209757805,-0.18136243410408498
427,1912,914,1748992,0.7192098498344421,34.6107786,0.2,0.00855639,-0.0024776437276159413,4260,518.4,0.3323466181755066,0.0003,0.970721960067749,0.063232421875,1.9473443761467935,-0.17277279067784548
428,1913,916,1753088,0.3974551260471344,32.58983362,0.2,0.0045609158,-0.002394905412802473,4270,528.89,0.3321623206138611,0.0003,0.9696680307388306,0.0691650390625,1.4250557154417038,-0.1680432453751564
429,1914,917,1757184,0.5350909233093262,32.82841245,0.2,0.007397064,-0.0042511795538302975,4280,528.52,0.3318079710006714,0.0003,0.9577648639678955,0.0618408203125,1.495651589334011,-0.16282375641167163
430,1915,919,1761280,0.48096784949302673,31.034733359999997,0.2,0.0045663198,-0.002343868260504678,4290,530.6,0.32993975281715393,0.0003,0.9754394888877869,0.050244140625,1.4051342248916625,-0.15095044374465943
431,1916,921,1765376,0.5216395854949951,30.247789190000006,0.2,0.007087338,-0.0009349264000775293,4300,523.07,0.32917332649230957,0.0003,0.9813088774681091,0.066650390625,1.6439684912562371,-0.14000143781304358
432,1917,922,1769472,0.820266842842102,27.049660290000002,0.2,0.006396536,-0.0038040152547182517,4310,541.2,0.3277764916419983,0.0003,0.9427016973495483,0.0489013671875,3.973997962474823,-0.13514092210680245
433,1919,924,1773568,0.945332407951355,27.95756899,0.2,0.0069067553,-0.003855004397337325,4320,531.28,0.3281702995300293,0.0003,0.9772710800170898,0.0621337890625,2.3111970350146294,-0.13401654195040463
434,1920,925,1777664,0.274829238653183,26.9214863,0.2,0.0043353112,-0.0010742250218754635,4330,530.33,0.32739806175231934,0.0003,0.9881370067596436,0.0533447265625,1.0431601084768771,-0.13298750948160887
435,1921,927,1781760,1.173321008682251,25.155544459999998,0.2,0.01944388,-0.0054398656153352935,4340,531.45,0.3264584541320801,0.0003,0.9603933691978455,0.1160888671875,2.6290292248129843,-0.12231362126767635
436,1922,928,1785856,0.7316926717758179,24.94859561,0.2,0.0054447646,-0.0035203077757614666,4350,540.54,0.32772138714790344,0.0003,0.9620446562767029,0.0792236328125,2.414760608971119,-0.11877386439591646
437,1924,930,1789952,0.6442477107048035,23.823498029999996,0.2,0.007225524,-0.006577989249490201,4360,542.36,0.3276679515838623,0.0003,0.9616546630859375,0.067041015625,2.0130782410502435,-0.12418956495821476
438,1925,931,1794048,0.29142141342163086,21.066203819999995,0.2,0.008650806,-0.0016150574170751496,4370,558.63,0.326874315738678,0.0003,0.977664053440094,0.093115234375,1.0185704223811627,-0.12326419167220592
439,1926,933,1798144,0.4975080192089081,19.82635528,0.2,0.007955602,-0.0039144698297604915,4380,551.34,0.3247177302837372,0.0003,0.9697914719581604,0.0802978515625,1.660229066759348,-0.1148029811680317
440,2002,900,1802240,0.6929634213447571,17.1366567,0.2,0.009514351,-0.005749683215981349,4390,569.09,0.32474058866500854,0.0003,0.9672155976295471,0.0792236328125,2.675101698935032,-0.10954354153946042
441,2003,901,1806336,0.9270055294036865,21.08322853,0.2,0.008585814,-0.005114971261355095,4400,553.71,0.32332342863082886,0.0003,0.9780860543251038,0.090185546875,3.0586872175335884,-0.10477480394765734
442,2004,903,1810432,0.8621608018875122,17.654353370000003,0.2,0.010968196,-0.0022956474509555846,4410,567.36,0.3248319625854492,0.0003,0.9814963340759277,0.0606201171875,2.057399593293667,-0.09839824168011546
443,2005,904,1814528,0.6691895723342896,17.50162061,0.2,0.008491522,-0.00442370775854215,4420,572.11,0.32514721155166626,0.0003,0.9790329337120056,0.06748046875,1.7551591224968432,-0.09652024190872907
444,2007,906,1818624,0.7740378975868225,17.774935950000003,0.2,0.0066268607,0.00023432225425494834,4430,574.3,0.3270721435546875,0.0003,0.9740380048751831,0.105517578125,2.220848996937275,-0.09506242740899325
445,2008,907,1822720,0.4018484950065613,21.013696979999995,0.2,0.006138449,-0.0031993187993066387,4440,544.56,0.32598555088043213,0.0003,0.9869422912597656,0.083984375,1.1025600954890251,-0.091633484326303
446,2009,909,1826816,0.44282591342926025,22.201446209999993,0.2,0.008421949,-0.0018656604283023626,4450,543.34,0.3252312242984772,0.0003,0.9548683762550354,0.08505859375,1.3565950848162174,-0.08624785710126162
447,2010,910,1830912,0.5523598194122314,21.589292480000005,0.2,0.0055361316,-0.002079681705799885,4460,554.03,0.3257100284099579,0.0003,0.9618050456047058,0.0729736328125,1.6445539899170398,-0.08220369005575776
448,2012,912,1835008,0.6383336186408997,21.72030813,0.2,0.005975242,-0.003555745143967215,4470,547.63,0.32797688245773315,0.0003,0.9700655341148376,0.055126953125,1.9211510717868805,-0.08154577650129795
449,2013,913,1839104,0.5734148621559143,21.90152532,0.2,0.0071432167,-0.001660221570637077,4480,549.45,0.32883498072624207,0.0003,0.9750216007232666,0.06845703125,1.9275096848607063,-0.08593287896364928
450,2014,915,1843200,0.4115220606327057,19.05262758,0.2,0.006537136,-0.0029511226050090043,4490,550.34,0.3308035433292389,0.0003,0.979485034942627,0.048193359375,1.8744335189461707,-0.09233482051640748
451,2015,916,1847296,0.4614732563495636,18.80971607,0.2,0.006326278,-0.004348962193762418,4500,551.44,0.3332808315753937,0.0003,0.9677504897117615,0.0827880859375,1.727808766067028,-0.10190233839675784
452,2016,918,1851392,0.8006497621536255,21.336108459999995,0.2,0.008438229,-0.004532102408120409,4510,545.6,0.33385297656059265,0.0003,0.9417018890380859,0.0859130859375,2.1464313715696335,-0.10461873905733228
453,2017,919,1855488,0.6805840134620667,20.057396439999998,0.2,0.0062816613,-0.0031512645073235035,4520,553.07,0.3355332314968109,0.0003,0.9631614685058594,0.0529541015625,2.4372422084212304,-0.1061615826562047
454,2019,920,1859584,0.6591837406158447,22.217067139999994,0.2,0.0077103744,-0.004025277119944803,4530,545.94,0.337472140789032,0.0003,0.9764772057533264,0.08515625,2.043314689397812,-0.1110301898792386
455,2020,922,1863680,0.49912917613983154,25.243538549999993,0.2,0.0076077497,-0.004059557372238487,4540,523.24,0.3382093012332916,0.0003,0.9867923855781555,0.0515625,1.618749462068081,-0.1162198355421424
456,2021,923,1867776,0.6392523646354675,22.8869249,0.2,0.0053899316,-0.0023652380979910957,4550,528.74,0.3385712504386902,0.0003,0.9766131043434143,0.076513671875,2.1066117897629737,-0.11838933750987053
457,2022,925,1871872,0.3309139013290405,22.757604800000003,0.2,0.0060685356,-0.007727971547865309,4560,540.11,0.33899906277656555,0.0003,0.9869420528411865,0.080078125,1.1005791150033475,-0.12066700700670481
458,2023,926,1875968,0.8359524011611938,22.43920989,0.2,0.0094984155,-0.005631493296823465,4570,547.18,0.33714133501052856,0.0003,0.9760197997093201,0.070654296875,2.4524002015590667,-0.11985210496932268
459,2025,928,1880064,0.2591550052165985,20.329954,0.2,0.012241301,0.0011180383866303601,4580,553.11,0.3378797769546509,0.0003,0.9891352653503418,0.122705078125,1.027539737522602,-0.11408720463514328
460,2026,929,1884160,0.6816495060920715,17.840352699999997,0.2,0.0061410964,-0.0015301499573979528,4590,562.45,0.3388561010360718,0.0003,0.9783388376235962,0.0907470703125,2.208279627561569,-0.11555561069399119
461,2027,931,1888256,0.7577943801879883,16.121857579999997,0.2,0.0064444453,-0.001767893962096423,4600,558.56,0.3398614525794983,0.0003,0.980609655380249,0.0931884765625,2.6728736996650695,-0.12001453321427107
462,2029,932,1892352,1.0915735960006714,16.59614932,0.2,0.006685843,-0.004077980091096833,4610,557.96,0.339938759803772,0.0003,0.9766960740089417,0.0664794921875,3.2878353625535963,-0.1227909665554762
463,2030,934,1896448,0.8348576426506042,15.603623550000002,0.2,0.007082822,-0.0027093991040601393,4620,558.54,0.3408810794353485,0.0003,0.9817662239074707,0.0909423828125,2.1348479479551314,-0.12104520853608847
464,2102,904,1900544,0.40724804997444153,17.801665999999997,0.2,0.011993278,-0.004436009030905552,4630,545.0,0.34377601742744446,0.0003,0.9934732913970947,0.080712890625,1.1426280364394188,-0.1239681614562869
465,2103,905,1904640,0.47230809926986694,12.709069209999997,0.2,0.010714881,-0.005736837061704136,4640,575.27,0.3447606861591339,0.0003,0.9859442710876465,0.0898193359375,1.973896311968565,-0.1345217451453209
466,2104,907,1908736,0.6939120888710022,14.514142939999997,0.2,0.0085345805,-0.00476901957008522,4650,565.5,0.34300535917282104,0.0003,0.9747606515884399,0.068603515625,2.591186489164829,-0.134418161585927
467,2105,908,1912832,0.35572630167007446,14.185584440000003,0.2,0.0077397167,-0.004656299581984058,4660,551.0,0.3416936993598938,0.0003,0.9885426759719849,0.096533203125,1.1432827800512313,-0.1207646293565631
468,2106,909,1916928,0.7483358979225159,16.14019996,0.2,0.007850399,-0.0022315393085591494,4670,553.13,0.3433699905872345,0.0003,0.940140962600708,0.08642578125,1.7599085472524165,-0.11532691810280085
469,2108,911,1921024,0.9056103825569153,15.560843920000002,0.2,0.008325228,-0.0032336319432943127,4680,571.02,0.34115976095199585,0.0003,0.9617825746536255,0.075537109375,2.1429042905569076,-0.12009325847029687
470,2109,912,1925120,0.5518575310707092,13.73256234,0.2,0.0060267965,-0.0018969966506119818,4690,578.97,0.34140676259994507,0.0003,0.9898910522460938,0.0607421875,1.4275419369339943,-0.11715002469718457
471,2110,914,1929216,0.24659046530723572,16.45965985,0.2,0.01132715,-0.0035715921985683963,4700,564.99,0.33994150161743164,0.0003,0.9919951558113098,0.0738525390625,0.8093227695673704,-0.11625549774616957
472,2111,915,1933312,0.7530052661895752,16.972937920000003,0.2,0.006953517,0.0001630124606890604,4710,557.56,0.3395730257034302,0.0003,0.9640303254127502,0.0811767578125,2.0672018855810164,-0.10936238253489136
473,2112,916,1937408,0.47892701625823975,19.33513295,0.2,0.008454211,-0.002640270459232852,4720,546.48,0.3394906520843506,0.0003,0.9744716882705688,0.0634765625,1.415847161412239,-0.10444923266768455
474,2114,918,1941504,0.7067134380340576,20.890752059999997,0.2,0.0051797093,-0.0016226530860876665,4730,541.94,0.33888596296310425,0.0003,0.9728761315345764,0.0476318359375,1.795651775598526,-0.09627444930374622
475,2115,919,1945600,0.5492047667503357,21.84853968,0.2,0.008333489,-0.002688973827753216,4740,539.45,0.337853342294693,0.0003,0.9671207070350647,0.0685302734375,1.6150821611285209,-0.08496592724695802
476,2116,921,1949696,0.5142562389373779,23.536015630000005,0.2,0.009222286,-0.0035108801297610626,4750,528.33,0.33519983291625977,0.0003,0.9641383290290833,0.0701904296875,1.3377345718443394,-0.079278505127877
477,2117,922,1953792,0.7457405924797058,25.277491839999996,0.2,0.005015045,-0.0018889174345531501,4760,523.58,0.3341507911682129,0.0003,0.9641019701957703,0.0609619140625,1.9863319486379623,-0.07222561687231063
478,2119,923,1957888,0.892130970954895,25.864373929999996,0.2,0.009229179,-0.0037536035117227582,4770,522.76,0.3329011797904968,0.0003,0.971194326877594,0.052294921875,2.9787900000810623,-0.06893098205327988
479,2120,925,1961984,1.1449289321899414,26.02830762,0.2,0.011141367,-0.007350433479587082,4780,517.36,0.3326716423034668,0.0003,0.9266452789306641,0.109326171875,3.1766635194420814,-0.06577478647232056
480,2121,926,1966080,0.8070237636566162,25.035949040000006,0.2,0.0063533634,-0.00368877362634521,4790,516.44,0.3321537673473358,0.0003,0.9682600498199463,0.066455078125,2.19540037214756,-0.06241915225982666
481,2122,928,1970176,0.6224733591079712,23.582153100000006,0.2,0.008905337,-0.007656070202938281,4800,509.06,0.33114615082740784,0.0003,0.9662700891494751,0.073291015625,2.5578956618905067,-0.0527719609439373
482,2123,929,1974272,0.3100212812423706,26.386562879999996,0.2,0.011309433,-0.0026781938067870215,4810,510.65,0.33127015829086304,0.0003,0.9782443046569824,0.1103515625,0.796902510151267,-0.04403844252228737
483,2124,931,1978368,0.3726978003978729,27.85949361,0.2,0.006812747,-0.0013347818719921633,4820,501.57,0.330802321434021,0.0003,0.9440987706184387,0.0917236328125,1.1695867225527763,-0.03480829000473022
484,2125,932,1982464,1.1424070596694946,25.910218620000002,0.2,0.007493835,-0.0019191548810340465,4830,507.94,0.32819750905036926,0.0003,0.9598602652549744,0.066796875,2.3978055149316786,-0.026187822967767716
485,2127,933,1986560,0.353238582611084,26.955476790000002,0.2,0.009840907,-0.0035398978885496034,4840,504.71,0.32877424359321594,0.0003,0.9779220223426819,0.0683837890625,1.5404420047998428,-0.025609058886766435
486,2128,935,1990656,0.7965506911277771,26.6201821,0.2,0.010050861,-0.006481681256263983,4850,515.11,0.3287307620048523,0.0003,0.9781492948532104,0.0662353515625,2.783971202373505,-0.033574314415454866
487,2130,936,1994752,0.5318801999092102,25.686252049999997,0.2,0.009612149,-0.005368423556501511,4860,526.87,0.329193115234375,0.0003,0.9886529445648193,0.0914306640625,1.7085120931267739,-0.0388342097401619
488,2131,937,1998848,0.6814563870429993,22.67133401,0.2,0.011175344,-0.0029784484271658585,4870,538.09,0.32880672812461853,0.0003,0.9848797917366028,0.0713623046875,2.022891727089882,-0.042107346653938296
489,2200,910,2002944,0.581587016582489,23.981749329999992,0.2,0.0041818623,-0.002780188289762009,4880,531.57,0.3304535150527954,0.0003,0.9614114761352539,0.0689697265625,2.008964863419533,-0.041169523447752
490,2201,911,2007040,0.389295756816864,27.41066395,0.2,0.007831385,-0.0024231420262367464,4890,520.04,0.3272903859615326,0.0003,0.9645941257476807,0.1299072265625,1.0340845994651318,-0.035140910744667055
491,2202,913,2011136,0.3675982356071472,28.29814937,0.2,0.01053663,-0.004846796320634894,4900,515.34,0.32547682523727417,0.0003,0.9644393920898438,0.0953125,1.0415374375879765,-0.015399949997663498
492,2203,914,2015232,0.3265697956085205,27.86134921,0.2,0.00623301,-0.0010736094962339848,4910,519.34,0.324576199054718,0.0003,0.9898578524589539,0.093408203125,1.1987452611327172,-0.0018008515238761903
493,2205,915,2019328,0.507588267326355,23.63097738,0.2,0.011429563,-0.0024093131622066723,4920,543.23,0.32122018933296204,0.0003,0.99165940284729,0.074169921875,1.1761919043958187,0.011763206869363784
494,2206,917,2023424,0.2493099719285965,23.88706342,0.2,0.006241304,-0.0030189420300303026,4930,539.73,0.3217081129550934,0.0003,0.9929865002632141,0.0572265625,0.7967054404318332,0.0226041778922081
495,2207,918,2027520,0.2865941524505615,23.25393329,0.2,0.023381688,-0.002453852506005205,4940,535.67,0.32309019565582275,0.0003,0.98353111743927,0.101708984375,0.8833980560302734,0.02970556542277336
496,2208,919,2031616,0.35577458143234253,23.815763319999995,0.2,0.006888995,-0.004158445401117206,4950,537.98,0.323334664106369,0.0003,0.9693619608879089,0.079052734375,0.9686980031430721,0.034725894778966905
497,2209,921,2035712,0.55274498462677,24.673822399999995,0.2,0.012051467,-0.002213479159399867,4960,530.76,0.3236957788467407,0.0003,0.9790328741073608,0.0809326171875,1.153838761150837,0.0409725084900856
498,2211,922,2039808,0.574238657951355,25.770134310000003,0.2,0.0109391585,-0.004272108786972239,4970,528.31,0.32645031809806824,0.0003,0.9767711162567139,0.072265625,1.7141097113490105,0.03824568390846252
499,2212,923,2043904,0.3057418167591095,27.667283719999997,0.2,0.0061325505,-0.0019242935624788516,4980,507.99,0.32472333312034607,0.0003,0.9899957776069641,0.0712158203125,1.0772655583918094,0.03330256268382072
500,2214,924,2048000,0.7112776041030884,30.14129414,0.2,0.009545968,-0.005261195136699826,4990,498.88,0.32319945096969604,0.0003,0.9903824925422668,0.08291015625,1.3990503825247287,0.04103142395615578
501,2215,926,2052096,0.5458811521530151,26.289176320000003,0.2,0.0064584212,-0.0017667597596300766,5000,523.18,0.32382628321647644,0.0003,0.985944390296936,0.1012451171875,1.7413326919078826,0.0443663626909256
502,2216,927,2056192,0.22119031846523285,26.23145313,0.2,0.004621794,-0.0031247982347849756,5010,523.46,0.3250490128993988,0.0003,0.99432373046875,0.068798828125,0.7330129142850638,0.038946809619665144
503,2217,928,2060288,1.5061994791030884,24.311773289999998,0.2,0.0061360616,0.001921556242450606,5020,541.12,0.3240892291069031,0.0003,0.8496824502944946,0.098974609375,5.173132878541947,0.04018783643841743
504,2219,930,2064384,0.45368337631225586,22.049711149999997,0.2,0.018252656,-0.003739005213719793,5030,535.89,0.32289445400238037,0.0003,0.9643879532814026,0.080517578125,1.7294848762452601,0.044386498630046844
505,2220,931,2068480,0.51662278175354,21.58293328,0.2,0.007435727,-0.0024270252033602446,5040,536.81,0.3212459981441498,0.0003,0.9766688942909241,0.091796875,1.651824526488781,0.050225752592086795
506,2221,932,2072576,0.32520341873168945,23.655021979999997,0.2,0.007913436,-0.003848319291137159,5050,528.2,0.3212336599826813,0.0003,0.9856430888175964,0.0923095703125,1.0418698713183403,0.05458672866225243
507,2223,934,2076672,0.5706053376197815,25.329979239999997,0.2,0.007109169,-0.003827131063735578,5060,531.92,0.32203909754753113,0.0003,0.9778909683227539,0.0569580078125,1.6574746817350388,0.05732461363077164
508,2224,935,2080768,0.4130282402038574,25.732775110000002,0.2,0.005886332,-0.003233944598468952,5070,540.15,0.321195125579834,0.0003,0.9417654871940613,0.0504638671875,1.1880069963634015,0.06541852876543999
509,2225,936,2084864,0.516886830329895,24.90658132,0.2,0.011139739,-0.0034424015728291126,5080,536.19,0.3213634192943573,0.0003,0.963893473148346,0.07861328125,1.1854093320667745,0.07205711379647255
510,2226,938,2088960,0.44271907210350037,26.354428040000002,0.2,0.010779721,-0.0021840046741999687,5090,526.53,0.3217417895793915,0.0003,0.9415639042854309,0.074609375,1.3361461445689202,0.07031438872218132
511,2227,939,2093056,0.9184815883636475,25.64423916,0.2,0.008376232,-0.0013357789197470994,5100,538.17,0.3218252658843994,0.0003,0.9079709053039551,0.115087890625,2.515169596672058,0.0694054864346981
512,2229,940,2097152,0.42423954606056213,25.802509089999997,0.2,0.004392529,-0.0002916601690230891,5110,541.99,0.3221741318702698,0.0003,0.9826782941818237,0.1051513671875,1.4400269217789172,0.06900163516402244
513,2297,914,2101248,0.3781513273715973,23.093279089999996,0.2,0.007534039,-0.0011156339925946668,5120,554.1,0.3230220079421997,0.0003,0.9862757325172424,0.0677734375,1.1304021522402763,0.07010159119963646
514,2298,915,2105344,0.4488925337791443,21.770331719999998,0.2,0.0050643077,-0.0018028343474725261,5130,572.31,0.3211793899536133,0.0003,0.9817550778388977,0.0376220703125,1.4273954257369041,0.07476662183180452
515,2300,917,2109440,0.409258633852005,23.06950277,0.2,0.008116365,0.001200942529249005,5140,560.25,0.3211158812046051,0.0003,0.9771156311035156,0.1187255859375,1.523145105689764,0.08488637767732143
516,2301,918,2113536,0.404213011264801,24.72960276,0.2,0.012127955,-0.0031276373571017756,5150,549.35,0.31897467374801636,0.0003,0.9519139528274536,0.103125,1.1838401399552823,0.09117099279537796
517,2302,919,2117632,0.6095004677772522,26.58659287,0.2,0.0055673663,-0.004426463728304952,5160,550.0,0.3173844814300537,0.0003,0.9432259798049927,0.08759765625,1.5863672733306884,0.10095373187214136
518,2304,920,2121728,0.5294053554534912,25.369906540000002,0.2,0.00560844,-0.0025225820019841192,5170,560.12,0.3169580399990082,0.0003,0.9717171788215637,0.0807373046875,1.6539168708026408,0.10310631254687905
519,2305,921,2125824,0.9100908041000366,24.027245039999997,0.2,0.0068897414,-0.0025756894770893267,5180,566.94,0.3168729841709137,0.0003,0.9674168825149536,0.0533203125,2.985541692376137,0.09871495924890042
520,2307,923,2129920,0.4325518310070038,27.642064230000006,0.2,0.005591385,-0.002311685253516771,5190,552.66,0.31613823771476746,0.0003,0.9763101935386658,0.05234375,1.4961685568094254,0.09878579005599022
521,2308,924,2134016,0.43065330386161804,24.541335900000004,0.2,0.0054277056,-0.0025065135298063977,5200,552.34,0.3152201175689697,0.0003,0.9917910695075989,0.0701904296875,1.0333157867193221,0.10740327518433332
522,2309,925,2138112,0.42192429304122925,24.85712601,0.2,0.011306513,-0.0013413231092272327,5210,542.69,0.3154415488243103,0.0003,0.9890333414077759,0.1052001953125,1.0685655362904072,0.11011020932346582
523,2311,926,2142208,0.5041074156761169,24.404470960000005,0.2,0.015113557,-0.004928650546935387,5220,552.98,0.3162625730037689,0.0003,0.9123926162719727,0.098388671875,1.5318631686270237,0.112876339815557
524,2312,928,2146304,0.6553987860679626,24.87933328,0.2,0.008635536,0.0002874034544220194,5230,543.63,0.317630410194397,0.0003,0.9327213764190674,0.1212158203125,1.6916971154510976,0.11068324176594616
525,2313,929,2150400,0.338909387588501,26.47658172,0.2,0.008772987,-0.00535134368983563,5240,531.23,0.31586262583732605,0.0003,0.9352895021438599,0.094970703125,1.174124763906002,0.11514097414910793
526,2314,930,2154496,0.4058692753314972,32.30041363,0.2,0.009402847,-0.0005170569071196951,5250,504.21,0.3186602294445038,0.0003,0.925360381603241,0.096240234375,1.439188227802515,0.1210201222449541
527,2315,932,2158592,0.5624719858169556,32.84335698,0.2,0.012427144,-0.0030740438378416,5260,523.43,0.3184926509857178,0.0003,0.9282854795455933,0.0848876953125,1.6122956410050393,0.12479666694998741
528,2316,933,2162688,0.6166040897369385,32.473730950000004,0.2,0.011561958,-0.00262089568132069,5270,521.78,0.3153427541255951,0.0003,0.9254095554351807,0.1149169921875,1.7482252724468708,0.1428894115611911
529,2317,934,2166784,0.32193270325660706,32.65290482,0.2,0.014538648,-0.00036659282632172107,5280,516.06,0.31608641147613525,0.0003,0.9631875157356262,0.1406982421875,0.8501190483570099,0.15814240872859955
530,2318,936,2170880,0.7184844613075256,32.6252911,0.2,0.005566354,-0.0019642487372038887,5290,512.02,0.31768563389778137,0.0003,0.9037232398986816,0.0669921875,2.029388327896595,0.15862430557608603
531,2319,937,2174976,0.3383186161518097,34.121999699999996,0.2,0.008046132,-0.0008433780050836504,5300,513.45,0.31552332639694214,0.0003,0.9573380947113037,0.0992431640625,0.9001374885439872,0.1621614184230566
532,2321,938,2179072,0.37522047758102417,36.5562256,0.2,0.008356053,-0.0009822292806347833,5310,500.42,0.31456971168518066,0.0003,0.9644744992256165,0.1052490234375,0.9689480394124985,0.17303239069879056
533,2322,940,2183168,0.5552658438682556,38.32814594,0.2,0.005449051,0.0019808913464657964,5320,489.43,0.31379270553588867,0.0003,0.9360742568969727,0.1397216796875,1.4593340441584588,0.1743800424039364
534,2323,941,2187264,0.3245623707771301,36.961063710000005,0.2,0.0211101,-0.0024174239370040596,5330,496.61,0.3134736120700836,0.0003,0.9782100319862366,0.08681640625,1.4733363166451454,0.17426446806639434
535,2324,942,2191360,0.5442718863487244,36.05940895,0.2,0.0059026466,-0.0036776612309040503,5340,506.85,0.3142865300178528,0.0003,0.9642899632453918,0.0469970703125,2.1193583086133003,0.16836676169186832
536,2325,943,2195456,0.5356266498565674,34.53639945,0.2,0.0068594837,0.00015387776657007634,5350,506.59,0.31360384821891785,0.0003,0.9762468934059143,0.0693115234375,1.5990403279662133,0.1674876857548952
537,2326,945,2199552,0.5846077799797058,33.97616551,0.2,0.016888283,-0.0032540925254579633,5360,518.4,0.31328195333480835,0.0003,0.9658154845237732,0.07216796875,1.7910287857055665,0.16865828428417445
538,2397,918,2203648,0.5305718779563904,30.88322713,0.2,0.0054950807,-0.002488009512308054,5370,533.44,0.31227657198905945,0.0003,0.9739543795585632,0.0938720703125,1.5011184602975844,0.1717578422278166
539,2399,920,2207744,0.2945457696914673,31.43086418,0.2,0.012231045,-0.002100621290446725,5380,509.92,0.31210029125213623,0.0003,0.9757119417190552,0.0901123046875,1.1109280176460743,0.18240020032972099
540,2400,921,2211840,0.48082131147384644,29.43267564,0.2,0.011664405,-0.00323008423729334,5390,514.37,0.31351903080940247,0.0003,0.9658781886100769,0.098486328125,1.3435967043042183,0.18546229898929595
541,2401,922,2215936,0.4252587556838989,29.92013335,0.2,0.01034433,-0.0019195012311683968,5400,505.96,0.31265929341316223,0.0003,0.9567365050315857,0.1067626953125,1.3140639342367648,0.18698984161019325
542,2402,923,2220032,0.6757625937461853,29.479745270000002,0.2,0.008049385,-0.0011370525156962686,5410,524.97,0.3121097981929779,0.0003,0.9817163348197937,0.09462890625,1.5378407560288907,0.19303951282054185
543,2403,925,2224128,0.3439319133758545,26.70614395,0.2,0.005824869,-0.0023524302916484883,5420,527.63,0.31103280186653137,0.0003,0.9885427951812744,0.06328125,1.1760661236941814,0.19774882700294255
544,2405,926,2228224,0.8138403296470642,24.845018999999997,0.2,0.010192456,-0.0021152060478925707,5430,531.84,0.3121411204338074,0.0003,0.9655709862709045,0.0662109375,2.7260258212685584,0.19593635722994804
545,2406,927,2232320,0.42217227816581726,24.44516393,0.2,0.005703104,-0.0007414108797092922,5440,541.5,0.31343749165534973,0.0003,0.9541733264923096,0.075732421875,1.559020286053419,0.18818046376109124
546,2407,928,2236416,0.41045695543289185,23.531174040000007,0.2,0.006760087,-0.0002648517402121797,5450,552.28,0.31245794892311096,0.0003,0.9747781753540039,0.077099609375,0.9820012610405684,0.18578719738870858
547,2408,930,2240512,0.45215991139411926,23.688162170000002,0.2,0.013456106,-0.004662642622133717,5460,556.73,0.31377482414245605,0.0003,0.9788696765899658,0.1110595703125,1.5558118797838687,0.17798235360533
548,2410,931,2244608,0.5610740184783936,23.798621830000002,0.2,0.006004257,-0.003100754246406723,5470,555.09,0.3154122233390808,0.0003,0.9808967709541321,0.0661865234375,1.7288300022482872,0.16597349829971791
549,2411,932,2248704,0.4572378993034363,25.172855200000004,0.2,0.014114084,-0.0012719547230517492,5480,564.9,0.3167106807231903,0.0003,0.9564581513404846,0.1071533203125,1.908565279096365,0.16733012516051532
550,2412,933,2252800,0.7325809597969055,25.733302369999997,0.2,0.004808381,-0.0031441305705811828,5490,558.78,0.31544172763824463,0.0003,0.9303136467933655,0.0689208984375,2.116023241728544,0.1695076685398817
551,2413,935,2256896,0.8509935140609741,28.945261029999998,0.2,0.0058547696,-0.003571350226411596,5500,539.02,0.3136264979839325,0.0003,0.9194580912590027,0.084814453125,3.0273333564400673,0.17701149135828018
552,2414,936,2260992,0.5458736419677734,28.697348639999994,0.2,0.007878406,-0.004410282900789752,5510,544.73,0.313802033662796,0.0003,0.9281944036483765,0.0810546875,1.6857610143721105,0.18673335313796996
553,2415,937,2265088,0.7090510725975037,27.619638580000004,0.2,0.01002123,-0.002213304470933508,5520,559.01,0.3133508563041687,0.0003,0.9013228416442871,0.081884765625,2.090660340338945,0.18834236543625593
554,2416,938,2269184,0.3810337483882904,28.17622976,0.2,0.010023521,-0.003413488468504511,5530,578.72,0.31344205141067505,0.0003,0.92549067735672,0.0951416015625,1.5810950607061387,0.19047314282506705
555,2417,940,2273280,0.7880299687385559,28.70081089,0.2,0.019875973,0.000813609448960051,5540,580.71,0.3132703900337219,0.0003,0.904927670955658,0.152197265625,1.805713564157486,0.19286308847367764
556,2418,941,2277376,0.3898930251598358,27.85599663,0.2,0.011915082,0.0004871208278927952,5550,610.69,0.3126426041126251,0.0003,0.9456278085708618,0.1346435546875,1.268022460490465,0.19001506883651018
557,2419,942,2281472,1.0180851221084595,29.9245959,0.2,0.0049138637,-0.0003865485174173955,5560,601.01,0.31210750341415405,0.0003,0.8755670785903931,0.1110107421875,2.6277123242616653,0.19293363578617573
558,2421,944,2285568,0.5982454419136047,33.11906244,0.2,0.011928983,-0.0027479774405946957,5570,586.66,0.309398889541626,0.0003,0.9394707679748535,0.07958984375,1.5953698255121709,0.2073758326470852
559,2422,945,2289664,0.33245614171028137,33.945952340000005,0.2,0.008269602,-0.0022257021119003184,5580,591.45,0.3118739128112793,0.0003,0.9106264710426331,0.1234375,1.0859836861491203,0.21391865983605385
560,2423,946,2293760,0.2821926474571228,34.93042984,0.2,0.010841792,-0.0025969720547436735,5590,595.31,0.3101121783256531,0.0003,0.9378584623336792,0.098095703125,0.9665346443653107,0.20813819114118814
561,2424,947,2297856,0.5054461359977722,35.12981826,0.2,0.004614206,-0.0005317055445630103,5600,591.2,0.30715689063072205,0.0003,0.9521937966346741,0.11865234375,1.6366138219833375,0.21739215441048146
562,2492,923,2301952,0.4107201099395752,37.45440406,0.2,0.004772877,-0.0029641642846399917,5610,585.54,0.30820432305336,0.0003,0.960574209690094,0.0474853515625,1.1958439223468305,0.22671275530010462
563,2493,924,2306048,0.2891564965248108,36.22997734,0.2,0.006336135,-7.601737161166966e-05,5620,572.2,0.30436429381370544,0.0003,0.9585351943969727,0.1097412109375,0.8703195918351412,0.2314951168373227
564,2494,926,2310144,0.3245689272880554,36.881435769999996,0.2,0.0062021613,-0.0020925543125486002,5630,567.49,0.3027421236038208,0.0003,0.9651708006858826,0.06318359375,1.023565338551998,0.2468865171074867
565,2495,927,2314240,0.39148977398872375,37.52350074,0.2,0.015572176,-0.0033851179308840075,5640,555.83,0.3014221489429474,0.0003,0.9678401350975037,0.095263671875,0.9880668587982655,0.25220739040523765
566,2496,928,2318336,0.3277635872364044,37.62450061,0.2,0.012757624,0.0007579914963571355,5650,548.71,0.3039298355579376,0.0003,0.948171079158783,0.159130859375,1.0845078989863395,0.2525918701663613
567,2498,929,2322432,0.6405355930328369,39.09789249000001,0.2,0.012029028,-0.002044193062465638,5660,528.49,0.3031276762485504,0.0003,0.9107417464256287,0.0948486328125,2.134211342781782,0.2458102222532034
568,2499,930,2326528,0.4728046655654907,39.145498720000006,0.2,0.010307147,-0.0028033894443069583,5670,516.03,0.30270203948020935,0.0003,0.9402906894683838,0.0724853515625,1.7130167119204998,0.2538671102374792
569,2500,932,2330624,0.5033667683601379,39.07568482,0.2,0.009183335,-0.004553035119897686,5680,511.47,0.30043208599090576,0.0003,0.9648959040641785,0.094970703125,1.5484847776591777,0.2631387684494257
570,2501,933,2334720,0.296329140663147,39.81654579,0.2,0.009816211,-0.003675599829875864,5690,508.16,0.3012115955352783,0.0003,0.9541245698928833,0.0941162109375,0.8050436232239008,0.2732295751571655
571,2502,934,2338816,1.4712512493133545,39.48339445,0.2,0.008054042,-0.0026179639957263135,5700,494.57,0.30193251371383667,0.0003,0.9311951398849487,0.076904296875,2.9910616680979727,0.27640431821346284
572,2503,935,2342912,0.4194471538066864,35.693336869999996,0.2,0.005491102,0.0013718209433136509,5710,499.45,0.3008253574371338,0.0003,0.9785932898521423,0.132177734375,1.2014420911669732,0.2855091203004122
573,2504,936,2347008,0.8700272440910339,36.12448773,0.2,0.016436797,-0.0006375043085427023,5720,495.22,0.30146124958992004,0.0003,0.9516434669494629,0.075341796875,2.2071625761687756,0.29407038986682893
574,2506,938,2351104,0.597362756729126,35.96379964,0.2,0.008521949,-0.003524309754720889,5730,494.26,0.3018742799758911,0.0003,0.9593409299850464,0.0720458984375,1.8000321939587594,0.2947462070733309
575,2507,939,2355200,0.3953517973423004,32.81469974,0.2,0.007146445,-0.000753476431418676,5740,501.08,0.3014611005783081,0.0003,0.9760172367095947,0.0740478515625,1.4214803032577037,0.29448330886662005
576,2508,940,2359296,0.4232312738895416,32.776129659999995,0.2,0.009540604,0.00020097031956538557,5750,506.45,0.30175334215164185,0.0003,0.9821784496307373,0.0628173828125,1.1811855114996432,0.2992480657994747
577,2509,941,2363392,0.8529126048088074,29.22667621,0.2,0.0067819427,-0.0016343683615559711,5760,519.6,0.301920086145401,0.0003,0.9519423246383667,0.067138671875,2.891467732191086,0.30296269059181213
578,2510,942,2367488,0.34486135840415955,28.962827160000007,0.2,0.011440584,-0.003327034220274072,5770,536.0,0.29863449931144714,0.0003,0.9542561769485474,0.075830078125,1.0167126961052417,0.3148583766072989
579,2512,944,2371584,0.5174760222434998,28.9455271,0.2,0.0069005024,-0.004023039439925924,5780,539.52,0.29920750856399536,0.0003,0.9394992589950562,0.125341796875,1.467174693197012,0.32514073215425016
580,2513,945,2375680,0.578082799911499,29.471595230000002,0.2,0.011820281,-0.0033799904369516296,5790,538.84,0.29773199558258057,0.0003,0.9337701797485352,0.071435546875,1.2883261807262898,0.3321905121207237
581,2514,946,2379776,0.3054035007953644,30.039705480000006,0.2,0.007850055,-0.0013888830915675498,5800,523.36,0.2988111078739166,0.0003,0.9646152853965759,0.09033203125,0.8072895996272564,0.3404707033187151
582,2515,947,2383872,0.4050263464450836,28.274428620000002,0.2,0.0046273214,-0.0012162309372797608,5810,525.19,0.29991647601127625,0.0003,0.9814518094062805,0.0953369140625,1.2090878672897816,0.3425827883183956
583,2516,948,2387968,0.3028290569782257,28.091674020000006,0.2,0.00543815,-0.003857765332213603,5820,523.88,0.3017350137233734,0.0003,0.9809656739234924,0.095654296875,0.8398565009236336,0.33635129518806933
584,2517,950,2392064,0.5214659571647644,28.656548709999996,0.2,0.006794626,-0.002229849330615252,5830,520.44,0.30258607864379883,0.0003,0.9483047127723694,0.1357421875,1.2701421514153481,0.3314536426216364
585,2519,951,2396160,0.5025127530097961,29.166974719999995,0.2,0.011368981,-0.0031461808568565173,5840,509.55,0.3030727207660675,0.0003,0.9468115568161011,0.071337890625,2.1136945225298405,0.33281147852540016
586,2588,927,2400256,0.46968409419059753,29.475506629999998,0.2,0.010616509,-0.004366837974521332,5850,505.79,0.2981340289115906,0.0003,0.9576396346092224,0.0776123046875,1.2009557321667672,0.3465360373258591
587,2589,928,2404352,0.31060028076171875,33.7441209,0.2,0.0064266464,0.000551595441356767,5860,491.72,0.2976226210594177,0.0003,0.9857783317565918,0.0965087890625,0.8146557733416557,0.3734536752104759
588,2590,929,2408448,0.3327830731868744,36.47940447,0.2,0.0066276668,-0.0019345174805494025,5870,483.91,0.29755526781082153,0.0003,0.9679811000823975,0.083203125,0.8412617988884449,0.3804747987538576
589,2591,930,2412544,0.28340214490890503,37.016423350000004,0.2,0.0057878727,-0.0014550366438925266,5880,482.59,0.2969662547111511,0.0003,0.9469606876373291,0.073046875,0.8865588217973709,0.38312711417675016
590,2592,932,2416640,0.5775117874145508,37.269318919999996,0.2,0.013819406,-0.0007050322601571679,5890,480.0,0.29653382301330566,0.0003,0.8821417093276978,0.146435546875,2.5110797822475432,0.3867465406656265
591,2593,933,2420736,0.46043702960014343,35.96581714,0.2,0.0066355667,-0.004121258773375302,5900,486.45,0.2976466417312622,0.0003,0.9635264873504639,0.07744140625,1.9973236791789533,0.3899444229900837
592,2595,934,2424832,0.37574252486228943,33.367363729999994,0.2,0.013280766,-0.0007340160009334795,5910,501.05,0.297964483499527,0.0003,0.9830771684646606,0.1177001953125,1.029005615413189,0.3906829211860895
593,2596,935,2428928,0.6138584613800049,32.27938789,0.2,0.013898035,-0.005441126000368968,5920,510.4,0.2966421842575073,0.0003,0.9544146656990051,0.103125,2.0231757685542107,0.389411474019289
594,2597,936,2433024,0.5216140151023865,33.93080895999999,0.2,0.008342979,-0.0027492862442159093,5930,511.29,0.2954857051372528,0.0003,0.9123746752738953,0.0960205078125,1.7658037319779396,0.39597313292324543
595,2598,937,2437120,0.8306238651275635,34.04676536,0.2,0.010270228,-0.004979569956776686,5940,509.33,0.2936244308948517,0.0003,0.8836736679077148,0.0919921875,2.2811719104647636,0.4101299814879894
596,2599,938,2441216,0.397542268037796,33.66097855,0.2,0.016154628,0.0011714268766809255,5950,516.42,0.294222354888916,0.0003,0.9289616346359253,0.1103271484375,1.4778989367187023,0.41918487288057804
597,2601,940,2445312,0.6079913973808289,35.21416979,0.2,0.0071592624,-0.001438826572848484,5960,514.16,0.2936878800392151,0.0003,0.960605263710022,0.08134765625,1.7160559445619583,0.4235820982605219
598,2602,941,2449408,0.597468912601471,35.35926624,0.2,0.006954546,-0.004805512193706818,5970,512.14,0.29525434970855713,0.0003,0.9751749634742737,0.0671630859375,1.5756566986441611,0.42883933186531065
599,2603,942,2453504,0.5770714282989502,32.74372461,0.2,0.011132365,4.88788507936988e-05,5980,519.41,0.29479163885116577,0.0003,0.9783154129981995,0.126513671875,1.3333622328937054,0.42751961573958397
600,2604,943,2457600,0.40965649485588074,32.60233445,0.2,0.010828531,-0.0027945290989009664,5990,520.3,0.29645952582359314,0.0003,0.9784469604492188,0.10205078125,1.350707434117794,0.4322962544858456
601,2605,944,2461696,0.3542572557926178,32.53715338000001,0.2,0.0051188855,-0.0026005466919741594,6000,508.59,0.29440587759017944,0.0003,0.9363616704940796,0.0810302734375,1.2022737227380276,0.44056795723736286
602,2607,945,2465792,0.39070114493370056,31.247892759999996,0.2,0.0077551627,0.001305614470038563,6010,502.98,0.2936152219772339,0.0003,0.9788460731506348,0.1314453125,1.0276001229882241,0.45627198927104473
603,2608,946,2469888,0.35115066170692444,32.72624694,0.2,0.009505449,0.0005940933668171055,6020,485.78,0.2961362600326538,0.0003,0.9733465313911438,0.0995361328125,1.143857578933239,0.45504527948796747
604,2609,948,2473984,0.35028737783432007,35.387417539999994,0.2,0.013955465,-0.0002951843140181154,6030,483.62,0.2958911657333374,0.0003,0.9823178052902222,0.11865234375,1.2148503817617893,0.44919245280325415
605,2610,949,2478080,0.2887483835220337,33.97742805,0.2,0.008074538,0.002212208992568776,6040,486.62,0.29754942655563354,0.0003,0.9885748624801636,0.12451171875,0.9270933970808983,0.4420623145997524
606,2612,950,2482176,0.6018303632736206,34.27105587999999,0.2,0.015540455,-0.0037036008114228027,6050,479.95,0.29805150628089905,0.0003,0.9713146686553955,0.098828125,1.8088361606001855,0.43557138852775096
607,2613,951,2486272,0.31638044118881226,30.827909820000006,0.2,0.0103076445,-0.0005010215594666078,6060,485.36,0.29801860451698303,0.0003,0.992610514163971,0.1041748046875,0.8012076061218977,0.4402487952262163
608,2614,952,2490368,0.37270575761795044,30.895704759999997,0.2,0.0074592875,-0.0026384055352536963,6070,487.01,0.2982935309410095,0.0003,0.9869139194488525,0.0749755859375,1.026301246881485,0.4436796359717846
609,2615,953,2494464,0.27553820610046387,29.432837179999996,0.2,0.0044854823,0.00030185719224391506,6080,489.52,0.29891639947891235,0.0003,0.9871196746826172,0.06669921875,0.8927853092551231,0.4384849835187197
610,2616,954,2498560,0.49094530940055847,27.71741229,0.2,0.010302845,-0.0016885846678633242,6090,496.72,0.29866209626197815,0.0003,0.974669337272644,0.08076171875,1.6865031518042088,0.43533553890883925
611,2685,932,2502656,0.28779205679893494,28.079356560000004,0.2,0.0094780065,-0.00492194751277566,6100,499.78,0.2979589104652405,0.0003,0.9858440160751343,0.103759765625,0.7736447483301163,0.43997479751706126
612,2686,933,2506752,0.6068902611732483,30.318471220000006,0.2,0.014516268,-0.003563761059194803,6110,511.45,0.29892101883888245,0.0003,0.9479906558990479,0.0941162109375,1.3715798795223235,0.43837722279131414
613,2687,934,2510848,0.4939112365245819,27.70302736,0.2,0.007251622,-0.0016932783677475528,6120,528.18,0.3001273274421692,0.0003,0.9548354148864746,0.071533203125,1.8470086641609669,0.4337355252355337
614,2688,935,2514944,0.7355034947395325,26.56756683,0.2,0.0053321635,-0.0038656191929476334,6130,533.53,0.3009372651576996,0.0003,0.9567891955375671,0.07353515625,1.9918679170310498,0.4329481512308121
615,2689,936,2519040,0.6392403841018677,28.28268318,0.2,0.009112758,-0.001003998174564913,6140,534.53,0.2995476722717285,0.0003,0.9355265498161316,0.08984375,1.4687026038765907,0.43401084318757055
616,2691,937,2523136,0.5859434008598328,28.437369490000002,0.2,0.004965384,-0.00266580035968218,6150,534.94,0.3010678291320801,0.0003,0.9390711784362793,0.07158203125,2.343758408725262,0.436128356307745
617,2692,938,2527232,0.34385189414024353,29.01113457,0.2,0.011759533,-0.00032699421572033314,6160,528.66,0.30007702112197876,0.0003,0.9905373454093933,0.091845703125,1.0627227701246738,0.44225638136267664
618,2693,939,2531328,0.377382755279541,27.062888230000002,0.2,0.0077539356,-0.003677477395103779,6170,526.08,0.30013346672058105,0.0003,0.9922653436660767,0.104248046875,1.2274544395506382,0.449087829887867
619,2695,940,2535424,0.4052632749080658,26.58711341,0.2,0.009540019,0.0008716102223843336,6180,525.76,0.29904040694236755,0.0003,0.9839816689491272,0.0937744140625,1.3058813072741031,0.4549303960055113
620,2696,941,2539520,0.48162543773651123,28.429933459999997,0.2,0.017820816,0.0013457524968544022,6190,526.08,0.2978894114494324,0.0003,0.9808780550956726,0.128466796875,1.1828074388206005,0.46639873310923574
621,2697,943,2543616,0.6671121716499329,28.763499569999993,0.2,0.0048008263,0.002517496878863312,6200,532.3,0.2989618182182312,0.0003,0.9450790286064148,0.113671875,1.7686681196093559,0.4743951939046383
622,2698,944,2547712,0.4781806468963623,30.03539653,0.2,0.009921337,-0.004404705538763665,6210,538.49,0.29838138818740845,0.0003,0.9417858123779297,0.0760009765625,1.4018702521920203,0.47569886296987535
623,2699,945,2551808,0.6991997361183167,32.155724070000005,0.2,0.0047284905,0.0022234445088542996,6220,533.46,0.2977275848388672,0.0003,0.9247033596038818,0.1141357421875,1.9331066071987153,0.4842400994151831
624,2700,946,2555904,0.5265364050865173,32.3127273,0.2,0.0070556556,-0.0011955523863434792,6230,536.84,0.2972789406776428,0.0003,0.970061182975769,0.096630859375,1.6178797505795957,0.4875964716076851
625,2702,947,2560000,0.393831342458725,30.79279117,0.2,0.0057742577,-0.0027490007851156406,6240,525.75,0.299686461687088,0.0003,0.9814189076423645,0.0765625,1.2501113891601563,0.4804055105894804
626,2703,948,2564096,0.4491893947124481,34.06496378,0.2,0.058897942,0.007371537422295659,6250,508.68,0.2980998158454895,0.0003,0.9764440655708313,0.20869140625,1.1011354267597198,0.4778451308608055
627,2704,949,2568192,0.35418492555618286,33.818073000000005,0.2,0.0076955715,-0.00095993923896458,6260,514.25,0.2982664406299591,0.0003,0.9517409801483154,0.0950439453125,1.0918889202177524,0.4824928905814886
628,2706,950,2572288,0.9062022566795349,33.13512822,0.2,0.010423569,-0.0050176146352896465,6270,528.92,0.30046945810317993,0.0003,0.960077702999115,0.083984375,2.7265741929411886,0.4809203941375017
629,2707,951,2576384,0.4737657308578491,28.72085668,0.2,0.016342063,0.0012331456993706525,6280,534.74,0.30035561323165894,0.0003,0.9852203726768494,0.143017578125,1.2995332777500153,0.4785156864672899
630,2708,952,2580480,0.4495196044445038,30.82357278,0.2,0.010238064,-0.00022434623970184474,6290,523.48,0.3015967607498169,0.0003,0.9774930477142334,0.0994140625,1.2472849622368813,0.479822176322341
631,2710,953,2584576,0.5267893075942993,29.689801000000003,0.2,0.021681774,0.0004486013058340177,6300,525.6,0.30425912141799927,0.0003,0.9813926219940186,0.1290283203125,1.6552188724279404,0.47426347322762014
632,2711,954,2588672,0.3992399275302887,30.102508590000003,0.2,0.012147242,-0.002596329196239822,6310,543.9,0.3051985800266266,0.0003,0.9830116033554077,0.0865234375,1.5260309621691703,0.4689079124480486
633,2712,955,2592768,0.34245896339416504,29.35216891,0.2,0.013002364,-0.0047270162438508125,6320,539.79,0.3083007335662842,0.0003,0.970548152923584,0.0744873046875,1.1458363629877568,0.46089907698333266
634,2713,956,2596864,0.43210849165916443,29.43507032000001,0.2,0.021121219,-0.0025337172322906555,6330,540.94,0.3042715787887573,0.0003,0.9497400522232056,0.103369140625,1.3606023348867893,0.4604554772377014
635,2783,934,2600960,0.38036561012268066,27.450352370000004,0.2,0.0066652712,-0.0012965392146725208,6340,553.48,0.30304980278015137,0.0003,0.9934458136558533,0.1218994140625,1.007454864680767,0.47597909830510615
636,2784,935,2605056,0.2235671728849411,27.418633170000003,0.2,0.0069422564,-0.0014138614962575958,6350,544.55,0.30292803049087524,0.0003,0.9947792887687683,0.099609375,0.6975648909807205,0.4816836930811405
637,2785,936,2609152,0.6898197531700134,26.45733022,0.2,0.0081872,0.00032602808205410837,6360,538.13,0.3038936257362366,0.0003,0.9126092195510864,0.1393310546875,2.231592911481857,0.4847551368176937
638,2787,937,2613248,0.363965779542923,26.02914885,0.2,0.009478127,-0.002089177558082156,6370,558.21,0.3050823509693146,0.0003,0.9582628011703491,0.0860595703125,1.2720088057219983,0.47801349461078646
639,2788,938,2617344,1.061728596687317,25.860841190000006,0.2,0.008978583,-0.004164922400377691,6380,577.5,0.30443769693374634,0.0003,0.9548178911209106,0.0742919921875,3.4349083214998246,0.47154448069632054
640,2789,939,2621440,0.39971357583999634,25.4773935,0.2,0.012429831,-0.0021540915447985755,6390,582.91,0.30311986804008484,0.0003,0.9526538848876953,0.09580078125,1.429176887869835,0.4715985022485256
641,2790,940,2625536,0.7806100249290466,25.531066919999997,0.2,0.015493188,-0.0012645938841160387,6400,589.96,0.30367034673690796,0.0003,0.9230964183807373,0.1020751953125,1.9611725077033042,0.47665357068181036
642,2791,941,2629632,0.37916627526283264,26.88907871,0.2,0.016342582,-0.0022050649582524783,6410,583.85,0.30363285541534424,0.0003,0.9511286020278931,0.103271484375,0.9130933657288551,0.4798303011804819
643,2792,943,2633728,0.7362509369850159,28.468484970000006,0.2,0.02883155,0.004165756261500064,6420,581.46,0.30373913049697876,0.0003,0.9379591941833496,0.17119140625,1.989413557946682,0.4800333522260189
644,2793,944,2637824,0.4905403256416321,29.717096830000006,0.2,0.0062003452,-0.0022595385336899197,6430,604.36,0.30264127254486084,0.0003,0.9264581203460693,0.0784912109375,1.9590673744678497,0.47931080088019373
645,2794,945,2641920,0.19775532186031342,29.485750489999997,0.2,0.0072406037,-0.0025178201380185784,6440,618.76,0.303429514169693,0.0003,0.983466625213623,0.095068359375,0.5577670857310295,0.483168388903141
646,2796,946,2646016,0.6157412528991699,28.85203854,0.2,0.01464968,0.004049424960976466,6450,634.68,0.30224335193634033,0.0003,0.9338083267211914,0.1752197265625,1.7364124588668346,0.48716665618121624
647,2797,947,2650112,0.3176427483558655,33.366715719999995,0.2,0.020826006,0.002129691591835581,6460,615.18,0.30169305205345154,0.0003,0.9447466135025024,0.1381591796875,1.0300181970000266,0.49759681820869445
648,2798,948,2654208,0.8475630283355713,33.3735732,0.2,0.007820663,-0.0027363540197256953,6470,618.59,0.30366092920303345,0.0003,0.9282062649726868,0.090869140625,2.2974512718617914,0.4976975336670876
649,2799,949,2658304,0.5127654075622559,33.22719313,0.2,0.005451287,-0.001998728851322085,6480,623.07,0.3058745563030243,0.0003,0.9580555558204651,0.095556640625,1.3457816503942013,0.4835330221801996
650,2800,950,2662400,0.4554666578769684,32.21401884,0.2,0.004939069,0.000337924255291,6490,608.87,0.3045872747898102,0.0003,0.9524407386779785,0.0842041015625,2.040225739777088,0.4761840507388115
651,2801,951,2666496,0.41573989391326904,32.82058364,0.2,0.009718915,-0.0035394371196161957,6500,612.99,0.30677247047424316,0.0003,0.9789471626281738,0.0953125,1.1991786152124404,0.4706090584397316
652,2803,952,2670592,0.3218623399734497,33.085634379999995,0.2,0.015227592,-0.0006442548270570114,6510,607.84,0.3042055666446686,0.0003,0.9568602442741394,0.1079833984375,0.895318578928709,0.46894900426268576
653,2804,953,2674688,0.7692427635192871,34.42214856,0.2,0.011157389,-0.0014863727337797172,6520,579.67,0.302143931388855,0.0003,0.9000207781791687,0.1129150390625,2.5726873502135277,0.4864790763705969
654,2805,954,2678784,0.35241079330444336,34.54924775,0.2,0.010405058,-0.0060004845232469965,6530,582.74,0.30214813351631165,0.0003,0.9747341871261597,0.10498046875,0.8605956844985485,0.49772091768682003
655,2806,955,2682880,0.659855306148529,34.552463900000006,0.2,0.0067446576,-0.001459333280217834,6540,567.73,0.3015245497226715,0.0003,0.948185920715332,0.093701171875,1.8382583782076836,0.49594322852790357
656,2807,956,2686976,0.41214796900749207,34.52628723,0.2,0.009592887,-0.0022435559512814507,6550,558.47,0.30119314789772034,0.0003,0.9689351320266724,0.1005859375,1.2510434463620186,0.49482852406799793
657,2808,958,2691072,0.5759116411209106,32.66081098,0.2,0.015660651,0.0003014860791154206,6560,540.55,0.3008248507976532,0.0003,0.9561604261398315,0.121533203125,1.547896584123373,0.5010763064026833
658,2810,959,2695168,0.3589044213294983,32.608990600000006,0.2,0.0073977355,-0.0024463586683850735,6570,529.33,0.2992136776447296,0.0003,0.9653834104537964,0.0616943359375,1.3288847520947455,0.5073976956307888
659,2811,960,2699264,0.4077715575695038,31.294740920000002,0.2,0.016352732,-0.00022217252699192614,6580,528.78,0.3009660840034485,0.0003,0.9750891327857971,0.10595703125,1.0563785508275032,0.5119325540959835
660,2876,939,2703360,0.32162168622016907,29.691538369999993,0.2,0.009601513,-0.0029605868840008043,6590,532.97,0.29756611585617065,0.0003,0.9721211194992065,0.0791259765625,1.215088175982237,0.5191417813301087
661,2878,940,2707456,0.5623497366905212,30.59440819,0.2,0.0126235755,-0.0016872206499101595,6600,527.24,0.29932713508605957,0.0003,0.9446144700050354,0.0754150390625,1.9457897886633873,0.5328899100422859
662,2879,941,2711552,0.4332579970359802,30.476021019999997,0.2,0.013946037,-0.0012185175728518516,6610,526.24,0.2974722683429718,0.0003,0.981597900390625,0.0720947265625,1.1605721786618233,0.5393235549330712
663,2880,942,2715648,0.34044498205184937,32.42096642,0.2,0.0068257544,-0.002247390135016758,6620,521.29,0.296272873878479,0.0003,0.9872105121612549,0.0844970703125,0.9257312975823879,0.5555617816746234
664,2881,943,2719744,0.5842710733413696,32.31054353,0.2,0.008525057,-0.0023200915980851277,6630,510.65,0.2957600951194763,0.0003,0.9426403641700745,0.0879150390625,1.6082846462726592,0.568370882421732
665,2882,944,2723840,0.1592758744955063,33.342976060000005,0.2,0.0062373523,-0.0037049333797767757,6640,503.82,0.29251179099082947,0.0003,0.9719784259796143,0.0808837890625,0.5526269849389791,0.5810954809188843
666,2883,945,2727936,0.38059934973716736,33.034406170000004,0.2,0.016414661,0.005876987797091715,6650,498.86,0.2922108769416809,0.0003,0.9416853189468384,0.16630859375,1.247754702717066,0.5932153977453709
667,2884,947,2732032,0.6564145088195801,32.74045644,0.2,0.0071658576,-0.0013568771712016315,6660,501.8,0.2911927103996277,0.0003,0.9194331765174866,0.1085693359375,2.2223386839032173,0.5967877380549907
668,2886,948,2736128,0.5922282338142395,33.497610900000005,0.2,0.008374759,0.001246443678974174,6670,504.57,0.292803555727005,0.0003,0.9539637565612793,0.1248779296875,1.2568885579705238,0.6042875856161117
669,2887,949,2740224,0.5833062529563904,33.65393853,0.2,0.006256544,-0.0029792693501804026,6680,509.67,0.29223427176475525,0.0003,0.9557309746742249,0.07451171875,1.3751623980700969,0.6042570412158966
670,2888,950,2744320,0.5279810428619385,35.351774230000004,0.2,0.011264594,-0.002587659395067021,6690,512.81,0.29178327322006226,0.0003,0.9264611005783081,0.0984619140625,1.9037005595862866,0.6033406905829907
671,2889,951,2748416,0.22443176805973053,34.35152535,0.2,0.0074646436,-0.0012909076467622072,6700,517.37,0.2923704981803894,0.0003,0.9805938005447388,0.0900390625,0.7295476268976927,0.6022570051252842
672,2890,952,2752512,0.3095247745513916,34.943801359999995,0.2,0.016260955,0.00143580840958748,6710,509.4,0.29319047927856445,0.0003,0.9655239582061768,0.1477294921875,0.9944361463189125,0.5999457679688931
673,2891,953,2756608,0.5769679546356201,35.91432381,0.2,0.018350672,-0.004181487597816158,6720,511.54,0.2910454571247101,0.0003,0.9572107195854187,0.12119140625,1.3838146448135376,0.6019567720592022
674,2893,954,2760704,0.4300612807273865,35.9624588,0.2,0.0094108675,-0.0038964403356658295,6730,509.0,0.29087111353874207,0.0003,0.9178627729415894,0.0865234375,1.585294821858406,0.6113928474485875
675,2894,955,2764800,0.5489035248756409,37.35480682000001,0.2,0.01378688,-0.0012768729589879512,6740,498.94,0.29009905457496643,0.0003,0.9545657634735107,0.134033203125,1.6786828562617302,0.6173603378236294
676,2895,956,2768896,0.401719331741333,37.20323609,0.2,0.0127903875,-0.00376291710708756,6750,518.62,0.29006314277648926,0.0003,0.9421229362487793,0.1326171875,1.340608151257038,0.6241264104843139
677,2896,957,2772992,0.5667150020599365,36.697328129999995,0.2,0.013445736,-0.0008099339684122242,6760,530.46,0.29069215059280396,0.0003,0.9495741128921509,0.11640625,1.5164224088191987,0.6255730628967285
678,2897,958,2777088,0.28435784578323364,34.34477567,0.2,0.008754364,-0.0018845508442609572,6770,547.07,0.2895303964614868,0.0003,0.9640243649482727,0.0893798828125,0.829227489978075,0.6251547686755657
679,2898,959,2781184,0.3031311333179474,35.22400278,0.2,0.006478091,0.000873561065964168,6780,535.53,0.2884363830089569,0.0003,0.9679635763168335,0.138330078125,0.930426462367177,0.6230194136500359
680,2900,960,2785280,0.5066453218460083,36.514041569999996,0.2,0.011097649,-0.0026894228416495026,6790,541.49,0.2882692515850067,0.0003,0.95435631275177,0.1068115234375,1.3821674801409245,0.6243363454937935
681,2901,961,2789376,0.32883259654045105,35.73844069999999,0.2,0.0073866006,-0.005045925555168651,6800,549.56,0.28933966159820557,0.0003,0.9894456267356873,0.11171875,1.0340837068855762,0.625166118144989
682,2902,962,2793472,0.3627414405345917,33.52020429,0.2,0.0122946855,-0.0031358213105704635,6810,558.94,0.29053929448127747,0.0003,0.9871437549591064,0.1009521484375,1.3086044810712338,0.6170756049454212
683,2904,963,2797568,0.40925368666648865,33.14712915,0.2,0.012199426,-0.0009892718124319799,6820,567.63,0.2921864688396454,0.0003,0.9784321188926697,0.119873046875,1.223131489008665,0.6069190159440041
684,2969,943,2801664,0.5034968852996826,35.14198794,0.2,0.007630632,-0.0024777015103609303,6830,539.3,0.2915320098400116,0.0003,0.9503734707832336,0.0869873046875,1.5663565583527088,0.6027614831924438
685,2970,944,2805760,0.6766836643218994,35.54934863,0.2,0.00949242,-0.0022313935769489035,6840,539.68,0.2937624454498291,0.0003,0.9471591711044312,0.09521484375,2.026360070705414,0.6001604355871677
686,2972,945,2809856,0.6481682062149048,36.10433842,0.2,0.007516821,-0.0022173932811710984,6850,540.33,0.29260292649269104,0.0003,0.9593838453292847,0.1236328125,1.8151203230023385,0.5910665906965733
687,2974,946,2813952,0.42142799496650696,35.299021780000004,0.2,0.0074954135,-0.005999246420105919,6860,553.94,0.29274436831474304,0.0003,0.9756941199302673,0.093994140625,1.5648165985941886,0.5987010717391967
688,2975,947,2818048,0.3751954138278961,33.11609538,0.2,0.012692573,-0.0034786215401254594,6870,561.78,0.293636679649353,0.0003,0.9765157699584961,0.0804931640625,1.5073197163641452,0.5922712497413158
689,2976,948,2822144,0.6311256289482117,33.43186053,0.2,0.0071928697,-0.0016250207379925996,6880,569.13,0.29363584518432617,0.0003,0.9251337647438049,0.0884521484375,1.901019497960806,0.5881971679627895
690,2978,948,2826240,0.3917180895805359,33.16447937,0.2,0.027843777,0.00041983334231190386,6890,553.04,0.29380542039871216,0.0003,0.9746100306510925,0.1762939453125,0.9862414382398128,0.5849986359477043
691,2979,949,2830336,0.6216491460800171,30.573696209999998,0.2,0.01141347,-0.003313774411799386,6900,568.79,0.29641667008399963,0.0003,0.9631747007369995,0.1116455078125,1.7248964801430702,0.5813041158020497
692,2980,950,2834432,0.5159135460853577,33.2439682,0.2,0.031252913,0.0004074512864463031,6910,557.97,0.29569730162620544,0.0003,0.9688997268676758,0.1333984375,1.3778418578207492,0.5748764522373676
693,2981,951,2838528,0.3329991102218628,33.33613836999999,0.2,0.007830877,-0.002238716449937783,6920,561.96,0.2944228947162628,0.0003,0.9665966033935547,0.1262451171875,1.1069365046918391,0.5894267082214355
694,2982,952,2842624,0.5256364345550537,30.276995729999996,0.2,0.019086448,-4.171216278336942e-05,6930,562.09,0.29265764355659485,0.0003,0.9656916856765747,0.098876953125,1.672927801311016,0.6021623015403748
695,2984,953,2846720,0.467806875705719,31.36217998,0.2,0.010929217,0.000511888884648215,6940,557.2,0.29314249753952026,0.0003,0.9751008152961731,0.1187255859375,1.4945716939866542,0.607126121968031
696,2985,954,2850816,0.5226869583129883,31.56114202,0.2,0.009016176,-0.0025605782226193695,6950,566.85,0.29149195551872253,0.0003,0.9739599823951721,0.081494140625,1.497119527310133,0.6163235969841481
697,2986,955,2854912,0.5579524636268616,31.511956899999994,0.2,0.007343621,0.0004985187813872471,6960,558.54,0.2927904427051544,0.0003,0.96684730052948,0.1220947265625,1.5058814600110053,0.6237337030470371
698,2987,956,2859008,0.3984854221343994,29.620325850000004,0.2,0.0072602155,-0.003367746353615075,6970,582.54,0.2930202782154083,0.0003,0.9865994453430176,0.101123046875,0.9344851523637772,0.616866759955883
699,2988,957,2863104,0.3615976870059967,29.63059146,0.2,0.008563733,-0.002360522124217823,6980,581.93,0.2930283546447754,0.0003,0.986066460609436,0.0795166015625,0.8556010462343693,0.6201924927532673
700,2989,958,2867200,0.3638712167739868,30.37779567,0.2,0.0063088266,-0.001149766831076704,6990,583.89,0.2910066246986389,0.0003,0.9240623712539673,0.070654296875,1.3912358410656451,0.628986694663763
701,2991,959,2871296,0.3905402421951294,31.896122399999996,0.2,0.009953307,-0.00041069979633903133,7000,565.97,0.2886503338813782,0.0003,0.9731307029724121,0.13359375,0.9870955735445023,0.6463077649474144
702,2992,960,2875392,0.2893131673336029,33.30377972000001,0.2,0.03041208,0.0006697150645777583,7010,579.88,0.2881808280944824,0.0003,0.9684516787528992,0.14423828125,1.0883465878665448,0.6528495498001575
703,2993,961,2879488,0.3166208565235138,31.04142112,0.2,0.013414303,0.0009999345609685406,7020,582.9,0.28854990005493164,0.0003,0.9663594961166382,0.1100830078125,1.2626520290970802,0.6539635889232158
704,2994,962,2883584,0.63941490650177,31.02374507,0.2,0.01040823,-0.0026272519346093757,7030,586.08,0.2897771894931793,0.0003,0.9495125412940979,0.0989013671875,1.8115865208208561,0.6605787329375744
705,2995,963,2887680,0.6338068246841431,31.151722170000003,0.2,0.031007214,-0.0014190775080351159,7040,593.34,0.2917049825191498,0.0003,0.8809155225753784,0.12001953125,3.2467361211776735,0.6605794183909893
706,2996,964,2891776,0.3310602903366089,33.272711150000006,0.2,0.020212907,0.004568235858459957,7050,583.35,0.29346850514411926,0.0003,0.9673229455947876,0.1862548828125,0.8287779912352562,0.6542921110987663
707,2997,965,2895872,0.409873902797699,32.17832228,0.2,0.01080079,-0.006292693584691733,7060,576.34,0.2924804985523224,0.0003,0.9380649924278259,0.09755859375,1.318266176432371,0.647853086143732
708,2999,966,2899968,1.2507731914520264,34.46615712,0.2,0.02702066,0.0010688218811992557,7070,564.92,0.2934320569038391,0.0003,0.8924417495727539,0.11962890625,3.440985828638077,0.6426733188331127
709,3071,945,2904064,0.5234872698783875,36.390390720000006,0.2,0.024198433,-0.0012087620969396084,7080,558.68,0.29072245955467224,0.0003,0.9558401107788086,0.1683837890625,1.3584993034601212,0.6483302935957909
710,3072,946,2908160,0.6013505458831787,36.362219929999995,0.2,0.0149570685,-0.0012047926895320416,7090,553.69,0.2900700569152832,0.0003,0.903771162033081,0.098876953125,1.8430720038712025,0.6617995589971543
711,3073,947,2912256,0.7668511867523193,36.52303554,0.2,0.016357148,0.0029523219709517434,7100,556.32,0.28800350427627563,0.0003,0.8936232924461365,0.1357421875,3.1856060892343523,0.664775400608778
712,3075,948,2916352,0.4750933051109314,37.22853596,0.2,0.023927487,-0.002718971742433496,7110,565.13,0.2889723479747772,0.0003,0.9517180919647217,0.14248046875,1.3470782138407231,0.6700685434043407
713,3076,949,2920448,0.5380189418792725,36.64178207,0.2,0.00776018,-0.001112875819671899,7120,572.35,0.2904704809188843,0.0003,0.916938304901123,0.0803466796875,2.322744518518448,0.6644881762564182
714,3077,950,2924544,1.1030348539352417,36.27239382,0.2,0.016098898,-0.0007482561588403769,7130,575.57,0.2907549738883972,0.0003,0.9085297584533691,0.1476318359375,1.9951706908643245,0.6615261308848858
715,3078,951,2928640,0.5231204628944397,35.61188555,0.2,0.012936645,-0.003989918902516365,7140,588.71,0.29364001750946045,0.0003,0.9475668668746948,0.1055908203125,1.59904256016016,0.6605706200003624
716,3079,952,2932736,0.38500890135765076,38.37550211999999,0.2,0.01083375,0.0006724281323840841,7150,563.32,0.2913341522216797,0.0003,0.9618624448776245,0.1128662109375,1.0454769320786,0.6613842986524106
717,3080,953,2936832,0.6665707230567932,38.916217950000004,0.2,0.005508281,-0.0009723474562633782,7160,546.79,0.2907537519931793,0.0003,0.9319835901260376,0.113232421875,2.1146718725562095,0.6716810695827007
718,3082,954,2940928,0.5942216515541077,38.80510449,0.2,0.037010387,0.007694178976817056,7170,553.15,0.2895767092704773,0.0003,0.9439535140991211,0.240478515625,1.6024317570030688,0.6738060839474201
719,3083,955,2945024,1.0514730215072632,38.048464769999995,0.2,0.028639492,0.0005186178779695183,7180,553.12,0.28926151990890503,0.0003,0.8839487433433533,0.1271728515625,2.5847570270299913,0.6759244136512279
720,3084,956,2949120,0.4482351541519165,37.98696505,0.2,0.009994063,-0.0016996142017887904,7190,553.79,0.286494642496109,0.0003,0.9223684072494507,0.072802734375,1.585312646627426,0.6893560007214546
721,3085,957,2953216,0.4974096119403839,38.25796681999999,0.2,0.010362044,-0.002128836515475996,7200,559.03,0.285250186920166,0.0003,0.9499606490135193,0.137255859375,1.5782146513462068,0.7036848969757556
722,3086,958,2957312,0.2639678418636322,38.59559774,0.2,0.018571185,-0.0006804649528930895,7210,545.43,0.2870649993419647,0.0003,0.9430715441703796,0.0908935546875,0.9968627855181694,0.7098612226545811
723,3088,958,2961408,0.5408045053482056,38.217733589999995,0.2,0.02652123,0.0013048004504526034,7220,558.58,0.2886335551738739,0.0003,0.9631845355033875,0.1725830078125,1.2036951020359994,0.7051422171294689
724,3089,959,2965504,0.3939911127090454,37.30926677,0.2,0.020694776,-0.003211356062092818,7230,537.3,0.2900071144104004,0.0003,0.9689383506774902,0.151953125,1.4011457659304143,0.6909994855523109
725,3090,960,2969600,0.3014289140701294,38.01380036,0.2,0.0072409995,-0.0029988739581312982,7240,531.89,0.28806930780410767,0.0003,0.9854863286018372,0.0786865234375,0.8677001643925906,0.6897611185908318
726,3091,961,2973696,0.2663063108921051,38.21962506,0.2,0.013568305,-0.0019212525425245986,7250,536.13,0.2882884740829468,0.0003,0.9726378321647644,0.1262451171875,0.8505756475031376,0.6988498881459236
727,3092,962,2977792,0.4412767291069031,37.57369834000001,0.2,0.015758317,-0.0022807238681707533,7260,546.59,0.28855544328689575,0.0003,0.9254332184791565,0.131201171875,1.5651255145668983,0.7056391142308712
728,3093,963,2981888,0.4653254747390747,37.082428910000004,0.2,0.010353185,-0.004182523785857484,7270,544.54,0.287441223859787,0.0003,0.9492658972740173,0.1269287109375,1.7052132487297058,0.7058122351765632
729,3094,964,2985984,0.392538458108902,36.28311565,0.2,0.019159306,-0.0038232780992984773,7280,543.37,0.28720030188560486,0.0003,0.9736125469207764,0.159912109375,1.0114929273724556,0.7081548519432544
730,3095,965,2990080,0.2710868716239929,35.654521249999995,0.2,0.008499174,-0.0021849898650543762,7290,554.56,0.2904212772846222,0.0003,0.9744132161140442,0.1185546875,0.9099065221846103,0.7050587862730027
731,3097,966,2994176,0.4725118577480316,35.36503393,0.2,0.007055117,-0.004138214084377978,7300,556.24,0.29006436467170715,0.0003,0.9427386522293091,0.0841064453125,1.9151743352413177,0.7029544979333877
732,3098,967,2998272,0.5374696254730225,35.70336379,0.2,0.0093791615,-0.0021166163904126735,7310,551.57,0.2881320118904114,0.0003,0.948289692401886,0.122705078125,1.8217234089970589,0.7126426137983799
733,3160,949,3002368,0.3533162474632263,36.03597471999999,0.2,0.0075164232,-0.00027561900060391054,7320,551.62,0.2865242660045624,0.0003,0.9564796090126038,0.1535400390625,0.9360681012272835,0.7288104139268399
734,3162,950,3006464,0.4307505786418915,35.19837538000001,0.2,0.009247617,0.004711816468625329,7330,556.2,0.2857811450958252,0.0003,0.9542194604873657,0.1873046875,1.4855732336640357,0.7355441123247146
735,3163,951,3010560,0.29403746128082275,34.80168128,0.2,0.010125009,-0.004614650330040604,7340,569.11,0.2844659984111786,0.0003,0.9704986214637756,0.0953369140625,1.0034601099789142,0.7400374509394169
736,3164,952,3014656,0.3604371249675751,35.286593100000005,0.2,0.006858451,0.00046495708520524206,7350,577.74,0.2822693884372711,0.0003,0.9723801016807556,0.137158203125,0.8344897031784058,0.7515242092311383
737,3165,953,3018752,0.5446939468383789,35.8018268,0.2,0.010961554,0.0008686205663252621,7360,567.13,0.28186318278312683,0.0003,0.9659830331802368,0.133984375,1.1783620461821556,0.7657459363341331
738,3166,954,3022848,0.36691927909851074,35.83421139,0.2,0.00923725,-0.00041627048631198704,7370,572.25,0.2819545865058899,0.0003,0.9809628129005432,0.09931640625,0.966492959856987,0.7673152133822441
739,3168,955,3026944,0.4606912434101105,34.68753178,0.2,0.006811332,-0.00162492492236197,7380,558.78,0.2812199294567108,0.0003,0.9720880389213562,0.1195556640625,2.209050200879574,0.7677227161824703
740,3169,956,3031040,0.8769579529762268,35.01825476,0.2,0.008713115,-0.0036369095381814987,7390,547.57,0.28022557497024536,0.0003,0.9362713098526001,0.0888427734375,3.466429668664932,0.7701150216162205
741,3170,957,3035136,0.42127713561058044,35.92381843,0.2,0.020457976,-0.005074163561221212,7400,533.6,0.2805841565132141,0.0003,0.9531763792037964,0.123779296875,1.1707315303385257,0.7677878126502037
742,3171,958,3039232,0.2700359523296356,37.408301429999995,0.2,0.009206629,-0.001490283285966143,7410,521.94,0.2810027003288269,0.0003,0.9626696109771729,0.0748779296875,0.6873935177922249,0.7666784778237343
743,3172,959,3043328,0.45605844259262085,37.54354282,0.2,0.01140519,-0.004070277197752148,7420,526.75,0.282090961933136,0.0003,0.9338279366493225,0.13232421875,1.4801118284463883,0.7678667902946472
744,3174,960,3047424,0.5503215193748474,37.57351055,0.2,0.013585525,-0.0015001670457422734,7430,535.12,0.28352096676826477,0.0003,0.939791202545166,0.1371337890625,1.582585723698139,0.762033598124981
745,3175,961,3051520,0.642783522605896,36.28327846,0.2,0.013201198,-0.00037633183819707483,7440,542.39,0.2832622230052948,0.0003,0.9198125600814819,0.12958984375,2.0681942388415337,0.7560448341071606
746,3176,962,3055616,0.4281173646450043,36.01394782,0.2,0.011186065,-0.0051810490054776896,7450,534.11,0.28463664650917053,0.0003,0.9564208388328552,0.10947265625,1.247893314063549,0.7491245269775391
747,3177,962,3059712,0.46172645688056946,37.17120058,0.2,0.012185692,-0.0019304958841530606,7460,547.14,0.28492748737335205,0.0003,0.9463828802108765,0.0922119140625,1.233735341578722,0.7397342287003994
748,3178,963,3063808,0.5941948890686035,36.81741847999999,0.2,0.018745957,0.00022418723965529354,7470,524.65,0.2826254665851593,0.0003,0.9353408813476562,0.1308349609375,1.943603054434061,0.7434189729392529
749,3179,964,3067904,0.3073745369911194,36.65304228,0.2,0.012026914,0.0010024850285844876,7480,528.75,0.28161340951919556,0.0003,0.9608778953552246,0.133740234375,0.918613000959158,0.7525822713971138
750,3180,965,3072000,0.7280962467193604,36.232865770000004,0.2,0.010853457,-0.002677296398906037,7490,529.04,0.2825559377670288,0.0003,0.9204182028770447,0.0910400390625,1.9666566006839274,0.7554675973951817
751,3181,966,3076096,0.29727378487586975,37.799613879999995,0.2,0.010138466,-0.0018980176333570852,7500,527.6,0.2837696373462677,0.0003,0.9613682627677917,0.069091796875,0.8966197431087494,0.7572604082524776
752,3183,967,3080192,0.5943860411643982,38.98491196,0.2,0.013403638,-0.0026316479488741606,7510,530.02,0.284387469291687,0.0003,0.9172250628471375,0.145166015625,1.8181959748268128,0.7561351403594017
753,3184,968,3084288,0.46685537695884705,39.40936739,0.2,0.013828803,-0.004755165983806364,7520,520.03,0.28430432081222534,0.0003,0.9585525989532471,0.132958984375,1.2362282052636147,0.7567091643810272
754,3185,969,3088384,0.3513220548629761,38.92815546,0.2,0.007993795,-0.0005171569209778681,7530,511.73,0.2851299047470093,0.0003,0.9581344723701477,0.12607421875,0.9521760985255241,0.7607158064842224
755,3186,970,3092480,0.239491268992424,39.109231709999996,0.2,0.009435089,-0.003683862555772066,7540,496.31,0.28464195132255554,0.0003,0.9424500465393066,0.0926513671875,1.0246287666261196,0.7662075646221638
756,3187,971,3096576,0.30885836482048035,39.733035380000004,0.2,0.016227748,-0.002846337537630461,7550,492.61,0.2854137420654297,0.0003,0.9483014345169067,0.1605224609375,1.0314840339124203,0.771192092448473
757,3249,954,3100672,0.20714840292930603,40.90493613,0.2,0.010029657,0.000632160363602452,7560,480.9,0.2864573895931244,0.0003,0.9706615209579468,0.119921875,0.8264344487339258,0.7691789418458939
758,3250,955,3104768,0.31413641571998596,41.854269470000006,0.2,0.008465497,-0.000998148562212009,7570,474.04,0.28558918833732605,0.0003,0.9499377608299255,0.113525390625,1.2960727035999298,0.7683064728975296
759,3251,956,3108864,0.40289515256881714,39.06319174,0.2,0.009217648,-0.0007407077180687338,7580,473.61,0.2849619388580322,0.0003,0.9458473920822144,0.0995849609375,1.6193020254373551,0.769051942974329
760,3252,956,3112960,0.38302838802337646,40.17046597,0.2,0.007635157,-0.0004354577002231963,7590,483.96,0.28731393814086914,0.0003,0.9483852386474609,0.0853759765625,1.112939392775297,0.7653535775840282
761,3254,957,3117056,0.3578310012817383,37.71423697,0.2,0.007056836,-0.0003018672709004022,7600,497.43,0.2871883809566498,0.0003,0.9572973847389221,0.1026123046875,1.064633084833622,0.7592119947075844
762,3255,958,3121152,0.3439546227455139,37.8721764,0.2,0.014603332,0.0004611119773471728,7610,504.74,0.28588467836380005,0.0003,0.944007396697998,0.1401611328125,1.2928374014794826,0.7675920709967613
763,3256,959,3125248,0.28235238790512085,38.418962979999996,0.2,0.010760821,-0.0012824158824514599,7620,494.74,0.2874302268028259,0.0003,0.981574296951294,0.111279296875,0.7256167449057103,0.775009248405695
764,3257,960,3129344,0.26355600357055664,38.53286575999999,0.2,0.010908615,0.0013622384853078985,7630,496.69,0.2884913384914398,0.0003,0.9732939600944519,0.1203857421875,0.7881978683173656,0.776615709811449
765,3258,961,3133440,0.20874975621700287,37.8268483,0.2,0.009047696,-0.00037107422249391673,7640,510.84,0.28806743025779724,0.0003,0.9787731170654297,0.0858642578125,0.7342628955841064,0.7806652627885342
766,3259,962,3137536,0.182341068983078,38.81556007,0.2,0.009821108,-0.0018775359727442264,7650,511.46,0.2884359359741211,0.0003,0.9836848378181458,0.1179443359375,0.4864971533417702,0.787809832394123
767,3260,963,3141632,0.2829034924507141,39.31523927,0.2,0.013328082,0.00026637237751856444,7660,520.34,0.2876429259777069,0.0003,0.9749760031700134,0.133056640625,0.7872105151414871,0.7919198289513588
768,3262,964,3145728,0.32128143310546875,39.41638095999999,0.2,0.01262742,-0.0029075824684696274,7670,524.17,0.2872304618358612,0.0003,0.9782857298851013,0.0952392578125,0.8101287052035332,0.8037369191646576
769,3263,965,3149824,0.7553642988204956,34.37434859,0.2,0.020570144,0.0012940525033627638,7680,550.95,0.28586050868034363,0.0003,0.9671432971954346,0.1200439453125,1.8213377013802527,0.817849276214838
770,3264,966,3153920,0.37345442175865173,33.25215112999999,0.2,0.019695241,-0.001046110650349874,7690,554.79,0.2844587564468384,0.0003,0.9815673828125,0.1021728515625,1.1027123264968395,0.829084824025631
771,3265,966,3158016,0.4866902530193329,32.63452312,0.2,0.011137726,0.0021879419131437317,7700,556.43,0.2834748327732086,0.0003,0.9799799919128418,0.118505859375,1.3829700186848641,0.8396370530128479
772,3266,967,3162112,0.2916897237300873,35.479751760000006,0.2,0.011190847,-0.0007270950183738023,7710,541.37,0.2821117043495178,0.0003,0.942031741142273,0.11103515625,1.2129161074757575,0.8461548589169979
773,3268,968,3166208,0.2919066250324249,36.816489749999995,0.2,0.0107187275,0.0003977515996666625,7720,517.11,0.2821158468723297,0.0003,0.9679826498031616,0.1146484375,0.645762187987566,0.8536603763699532
774,3269,969,3170304,0.27144086360931396,37.3180508,0.2,0.018346284,-0.006987047655275092,7730,500.48,0.2814987301826477,0.0003,0.9676745533943176,0.1069091796875,0.8094718672335148,0.8550463937222957
775,3270,970,3174400,0.3437558114528656,37.35655107,0.2,0.014043754,-0.003055097025935538,7740,498.12,0.2814974784851074,0.0003,0.9690530896186829,0.101904296875,0.8369617775082588,0.853235624730587
776,3271,971,3178496,0.37039026618003845,36.744135629999995,0.2,0.019053418,0.0001239138626260683,7750,500.6,0.28225287795066833,0.0003,0.9363486766815186,0.1497802734375,0.979414964467287,0.8493332423269748
777,3272,972,3182592,0.46983933448791504,38.351098089999994,0.2,0.012807359,-0.0033398372936062513,7760,491.99,0.2819729447364807,0.0003,0.9339178204536438,0.1143798828125,1.5997242510318757,0.8507932804524898
778,3273,973,3186688,0.3297227919101715,38.11885591,0.2,0.014031016,-0.0024966539640445262,7770,487.09,0.28272467851638794,0.0003,0.9598073959350586,0.1301025390625,0.9076635509729385,0.8531480319797993
779,3275,974,3190784,0.25541970133781433,36.89805479,0.2,0.010922376,0.0015782960515934974,7780,497.47,0.2837510108947754,0.0003,0.976277232170105,0.131494140625,0.6813895732164383,0.8474868357181549
780,3276,975,3194880,0.6521946787834167,37.296282549999994,0.2,0.012770445,-0.0020080913353012876,7790,500.73,0.2823485732078552,0.0003,0.9549888968467712,0.1258544921875,1.3690946154296397,0.8512964338064194
781,3277,976,3198976,0.6502466797828674,39.81634135,0.2,0.012746468,0.001355514652095735,7800,477.39,0.2848043739795685,0.0003,0.9366635680198669,0.138525390625,1.8151163384318352,0.8527437806129455
782,3340,958,3203072,0.699481725692749,39.33700721,0.2,0.0060003987,-0.0004264519258867949,7810,482.59,0.2866150736808777,0.0003,0.9720119833946228,0.1104736328125,1.5837144732475281,0.8425522178411484
783,3341,959,3207168,0.35343557596206665,40.623373820000005,0.2,0.009930225,-0.0013995078363223002,7820,487.98,0.2890271246433258,0.0003,0.9668993949890137,0.1607666015625,1.3922618456184863,0.8330898180603981
784,3342,960,3211264,0.2628145217895508,38.07963041,0.2,0.013189557,-0.0017771041399100795,7830,519.32,0.28591230511665344,0.0003,0.9843457937240601,0.1329345703125,0.9312429554760456,0.8299776181578636
785,3343,961,3215360,0.4866386651992798,37.25834988,0.2,0.016770415,0.004283359317923896,7840,526.37,0.28497573733329773,0.0003,0.9705768823623657,0.169287109375,1.3851296663284303,0.8361955814063549
786,3345,962,3219456,0.2806418538093567,36.626787240000006,0.2,0.024275882,0.0031824095814954488,7850,532.62,0.28686919808387756,0.0003,0.9698559045791626,0.1509033203125,0.8472580011934042,0.831815043091774
787,3346,963,3223552,0.313684344291687,37.06473932,0.2,0.010949845,-0.004405368103471119,7860,539.47,0.28557288646698,0.0003,0.9686270356178284,0.1081787109375,0.9678694307804108,0.8275407984852791
788,3347,964,3227648,0.26131707429885864,37.28183063999999,0.2,0.011227937,-0.0030910258021322077,7870,541.2,0.2849794030189514,0.0003,0.9603341817855835,0.09384765625,0.6509374797344207,0.8313952431082725
789,3348,965,3231744,0.3917877674102783,37.220146709999995,0.2,0.021146249,0.0016627072938717902,7880,545.32,0.28585320711135864,0.0003,0.945196807384491,0.134765625,1.1741045273840427,0.8361420504748821
790,3349,965,3235840,0.4275541603565216,36.54298068,0.2,0.018416967,-0.004051721395808272,7890,540.07,0.28453323245048523,0.0003,0.9490106105804443,0.10732421875,1.3001299038529397,0.8419759750366211
791,3351,966,3239936,0.5820261836051941,36.29062209999999,0.2,0.009409882,-0.004068449552869424,7900,539.15,0.2838328778743744,0.0003,0.9437804818153381,0.120068359375,1.715788760781288,0.8501973778009415
792,3352,967,3244032,0.5836275219917297,35.79636265,0.2,0.017666034,-0.00034980037889909,7910,544.26,0.2847587466239929,0.0003,0.9605950713157654,0.12900390625,1.5220078907907009,0.8563226006925106
793,3353,968,3248128,0.3660958707332611,35.93225403,0.2,0.012265669,-0.0006505467186798342,7920,550.54,0.2867908179759979,0.0003,0.9673293232917786,0.140625,1.320379226654768,0.8488075882196426
794,3354,969,3252224,0.44136956334114075,31.190268140000004,0.2,0.010046005,-0.0028360095457173884,7930,580.66,0.2851189970970154,0.0003,0.9771718382835388,0.112158203125,1.2909054093062877,0.8416291736066341
795,3355,970,3256320,0.7078822255134583,32.87585466,0.2,0.014882803,-0.0024640391566208564,7940,578.01,0.2831307053565979,0.0003,0.9753100275993347,0.107080078125,1.4807040333747863,0.8502987816929817
796,3357,971,3260416,0.833625853061676,32.57959436,0.2,0.017109632,-0.0009747646792675369,7950,573.83,0.2841373682022095,0.0003,0.9384032487869263,0.1111328125,1.7383278705179692,0.8602396950125695
797,3358,972,3264512,0.279081791639328,34.03957244,0.2,0.03320594,0.0012007164055830798,7960,551.12,0.28504127264022827,0.0003,0.9614467620849609,0.1612548828125,1.1237186707556248,0.8573633089661599
798,3359,972,3268608,0.7356388568878174,33.99269945,0.2,0.020550167,-2.536734828026965e-05,7970,551.3,0.2850188612937927,0.0003,0.9591306447982788,0.1384765625,1.695076686888933,0.8559032641351223
799,3360,973,3272704,0.4815373122692108,33.22148532999999,0.2,0.012855956,-0.0025602991867344827,7980,562.53,0.2847590446472168,0.0003,0.8855401873588562,0.144873046875,2.53938871845603,0.8557174541056156
800,3361,974,3276800,0.4357649087905884,34.04220215,0.2,0.00868601,-0.001391738367965445,7990,565.38,0.2832144796848297,0.0003,0.9570768475532532,0.133203125,1.0459144406020642,0.8579292334616184
801,3362,975,3280896,0.23644885420799255,33.78694216,0.2,0.009779248,9.150130790658295e-05,8000,561.17,0.28250938653945923,0.0003,0.9634552597999573,0.1272216796875,0.7458538215607404,0.8734380908310413
802,3363,976,3284992,0.6336170434951782,33.46958205,0.2,0.022650335,0.003036412806250155,8010,574.53,0.28368061780929565,0.0003,0.8700936436653137,0.1988037109375,2.194198899716139,0.8793031983077526
803,3365,977,3289088,0.4277248680591583,33.173527629999995,0.2,0.008651333,0.0018143882130971178,8020,587.64,0.2849207818508148,0.0003,0.9317342638969421,0.125732421875,1.4496984101831913,0.8737918838858605
804,3366,978,3293184,1.2936577796936035,33.88288115,0.2,0.017355105,-0.001676243095425889,8030,587.71,0.2847385108470917,0.0003,0.8996323943138123,0.1010986328125,2.7631691664457323,0.8709405831992626
805,3367,979,3297280,0.7366091012954712,33.606668209999995,0.2,0.008135889,-0.0021044402674306184,8040,592.64,0.2843104302883148,0.0003,0.908977210521698,0.1304931640625,1.965964610129595,0.871462470293045
806,3439,959,3301376,0.6064477562904358,33.78055477,0.2,0.01960025,0.005611178261460736,8050,602.37,0.2849399447441101,0.0003,0.9421426057815552,0.224169921875,1.669859204441309,0.872816326469183
807,3440,960,3305472,0.5435482859611511,33.57235592,0.2,0.014352763,-0.0006956625613383949,8060,584.1,0.284035861492157,0.0003,0.9680686593055725,0.1166748046875,1.9963340774178504,0.8734690189361572
808,3442,961,3309568,0.5805374979972839,35.645955400000005,0.2,0.009490886,0.0021497144785826094,8070,565.64,0.28729259967803955,0.0003,0.9794237017631531,0.1422119140625,1.7706793330609798,0.8751282081007957
809,3444,962,3313664,0.3464675545692444,31.187894380000003,0.2,0.011100811,-0.0008168302709236741,8080,584.34,0.2892271876335144,0.0003,0.9898615479469299,0.1192138671875,1.2322640590369702,0.8643684685230255
810,3445,962,3317760,0.6285223364830017,32.00704132,0.2,0.0138815995,0.0022399297697120344,8090,575.07,0.2885037660598755,0.0003,0.9676339626312256,0.14853515625,2.129694417119026,0.86213668435812
811,3446,963,3321856,0.46580564975738525,30.389328,0.2,0.014599273,-0.002559153363108635,8100,586.83,0.2878781259059906,0.0003,0.9353768229484558,0.11162109375,1.6065049208700657,0.8592982977628708
812,3447,964,3325952,1.0430688858032227,30.837887569999992,0.2,0.05993437,0.004437262791907415,8110,587.06,0.2882336378097534,0.0003,0.9288273453712463,0.201708984375,2.862202951312065,0.8586951367557049
813,3448,965,3330048,0.49974754452705383,31.458502639999992,0.2,0.011893825,-0.0027134630654472858,8120,576.38,0.2876383662223816,0.0003,0.9402323961257935,0.1428955078125,1.6466895081102848,0.8585466913878917
814,3450,966,3334144,0.3490319550037384,31.193373419999997,0.2,0.019832058,0.0002680047298781574,8130,577.89,0.2883703410625458,0.0003,0.9399425983428955,0.1454345703125,1.1666134297847748,0.8637356825172902
815,3451,967,3338240,0.5242077112197876,30.20313001,0.2,0.010444485,0.00551262290973682,8140,583.69,0.28750181198120117,0.0003,0.8787491917610168,0.18740234375,2.0514860942959787,0.8639562994241714
816,3452,968,3342336,0.8321003317832947,29.41888435,0.2,0.010433102,-0.0032016826764447613,8150,576.36,0.2838806211948395,0.0003,0.9327719807624817,0.12412109375,2.228558841347694,0.8770269021391869
817,3453,969,3346432,0.2832895517349243,28.92972533,0.2,0.021567628,-0.0009772239223821088,8160,566.56,0.2840349078178406,0.0003,0.962386965751648,0.138427734375,0.9403365936130286,0.8913951210677624
818,3454,969,3350528,0.6149668097496033,29.16298167,0.2,0.019907957,-0.00028862601320724937,8170,565.35,0.2825128138065338,0.0003,0.9271801710128784,0.15634765625,2.1154032304883,0.8970481045544147
819,3455,970,3354624,0.37380698323249817,28.696279920000002,0.2,0.0073679816,0.005276523513020948,8180,582.08,0.281768798828125,0.0003,0.971013605594635,0.2348388671875,1.1855660557746888,0.9090272001922131
820,3456,971,3358720,0.6274867653846741,30.274162990000004,0.2,0.011193603,0.0007854521434637717,8190,568.18,0.2813636064529419,0.0003,0.9109957218170166,0.12138671875,1.492935837805271,0.912234428524971
821,3457,972,3362816,0.40239766240119934,31.411894460000003,0.2,0.008879462,0.001992579287616536,8200,563.9,0.28176945447921753,0.0003,0.91847825050354,0.1304931640625,1.688682033121586,0.9128392532467842
822,3458,973,3366912,0.33642640709877014,31.03380027,0.2,0.015979145,-0.0028037053256412038,8210,568.82,0.2803007662296295,0.0003,0.9653407335281372,0.1143310546875,1.2846934631466866,0.9177721336483955
823,3460,974,3371008,0.5269631743431091,34.586877879999996,0.2,0.010871094,-0.000419550237711519,8220,562.18,0.28167060017585754,0.0003,0.9382067918777466,0.0912109375,1.7217898190021514,0.9206766225397587
824,3461,975,3375104,0.9015161991119385,34.262033609999996,0.2,0.011970798,-0.00011885124258697033,8230,564.85,0.28296828269958496,0.0003,0.9360822439193726,0.1186279296875,2.480244316905737,0.9144673831760883
825,3462,976,3379200,0.39842596650123596,36.20980927,0.2,0.032710236,0.0006552240432938561,8240,551.66,0.28047099709510803,0.0003,0.9488133192062378,0.1309814453125,1.7321921087801457,0.9164496712386608
826,3463,976,3383296,1.245254635810852,36.359089069999996,0.2,0.020578152,0.005757163319503889,8250,556.67,0.2810046076774597,0.0003,0.8822445273399353,0.2161865234375,3.255275069177151,0.9225296288728714
827,3464,977,3387392,0.3231058120727539,37.05229998,0.2,0.012800776,-0.0021989357890561225,8260,552.91,0.2812648415565491,0.0003,0.9469568729400635,0.153564453125,1.3547402195632459,0.9216447420418262
828,3465,978,3391488,0.7651479840278625,36.28874298000001,0.2,0.0081390925,-0.003954852774040773,8270,558.68,0.28151944279670715,0.0003,0.9254179000854492,0.105712890625,2.7522416323423387,0.922232249379158
829,3467,979,3395584,0.28965914249420166,32.13909135,0.2,0.009468059,-3.948251251131296e-05,8280,578.57,0.28111204504966736,0.0003,0.9667047262191772,0.102099609375,1.3132144950330258,0.9245876729488373
830,3468,980,3399680,0.9871640205383301,32.41107921,0.2,0.0097165145,-0.0008575208979891613,8290,580.03,0.2798784375190735,0.0003,0.9626586437225342,0.1481201171875,2.2999445267021654,0.9306586287915707
831,3542,960,3403776,0.3372909426689148,32.50553347,0.2,0.0106351245,-0.0016867864149389788,8300,571.21,0.2828006446361542,0.0003,0.9756779074668884,0.11904296875,1.078197767212987,0.9331135615706444
832,3543,961,3407872,0.3823276162147522,30.577022810000003,0.2,0.010292364,-0.0005292526504490525,8310,570.13,0.282914936542511,0.0003,0.974875807762146,0.1221923828125,1.422411745786667,0.9299440376460553
833,3544,962,3411968,0.5672279596328735,30.18364818,0.2,0.011403787,0.0014180084952386096,8320,579.61,0.28267529606819153,0.0003,0.9585617184638977,0.1655029296875,1.411974623799324,0.9348732888698578
834,3545,963,3416064,0.5881579518318176,28.08513495,0.2,0.027361207,0.008494653999514412,8330,582.43,0.2838907837867737,0.0003,0.9357919096946716,0.2225341796875,1.7501040019094944,0.933106892555952
835,3546,964,3420160,2.934671640396118,27.74646945,0.2,0.007294881,-0.0005028881714679301,8340,597.46,0.2828965187072754,0.0003,0.8671532869338989,0.1443603515625,5.832622322440147,0.9304666072130203
836,3547,965,3424256,0.6562476754188538,26.15489747,0.2,0.008923648,-0.0026144858420593664,8350,612.72,0.2825263738632202,0.0003,0.9519912600517273,0.093994140625,2.1137411147356033,0.9336486361920834
837,3548,966,3428352,0.39216411113739014,26.831909389999996,0.2,0.012224494,-0.002347790812200401,8360,611.32,0.28277909755706787,0.0003,0.9571093916893005,0.1216552734375,1.575949201732874,0.9342627741396428
838,3549,966,3432448,1.063095211982727,27.269200510000005,0.2,0.012948309,-0.0020570667868014423,8370,614.8,0.28265416622161865,0.0003,0.8392047882080078,0.108056640625,3.165239068865776,0.9422909259796143
839,3551,967,3436544,1.417873740196228,27.52354154,0.2,0.019550493,0.0006198005765327252,8380,603.52,0.28049495816230774,0.0003,0.9248462915420532,0.1545166015625,3.345271721482277,0.9554644130170346
840,3552,968,3440640,1.1032577753067017,26.193335299999998,0.2,0.025447212,-0.0013081348181003705,8390,617.91,0.2790635824203491,0.0003,0.8797627687454224,0.1548583984375,2.7544901996850966,0.963767671585083
841,3553,969,3444736,0.6377061605453491,26.945735930000005,0.2,0.011434628,-0.00198883717530407,8400,601.95,0.28174731135368347,0.0003,0.8942884206771851,0.1072509765625,2.575058586895466,0.9600827790796757
842,3554,970,3448832,0.41588273644447327,24.356897919999998,0.2,0.008831641,-0.003645625727949664,8410,615.27,0.28404107689857483,0.0003,0.9513983130455017,0.1007080078125,1.8241833038628101,0.948054914176464
843,3556,970,3452928,0.5153054594993591,28.31844683,0.2,0.009821635,0.0003430554788792506,8420,588.4,0.287020742893219,0.0003,0.9412922859191895,0.1319091796875,1.8529970794916153,0.9417319685220719
844,3557,971,3457024,1.1681079864501953,27.64727008,0.2,0.011323545,-0.005821840348653495,8430,595.92,0.28528377413749695,0.0003,0.9238802194595337,0.1232666015625,3.1024059668183326,0.9397570312023162
845,3558,972,3461120,0.5970366597175598,27.109082329999996,0.2,0.018780164,-0.0028076628514099866,8440,596.29,0.2875846028327942,0.0003,0.9705307483673096,0.1436767578125,1.5898496814072132,0.9372371338307858
846,3559,973,3465216,0.6878482699394226,29.393949949999996,0.2,0.015493138,-0.0016034058819059283,8450,579.77,0.28617143630981445,0.0003,0.9142287373542786,0.182958984375,2.2366994589567186,0.9328602157533169
847,3560,974,3469312,0.4501489996910095,29.83467441,0.2,0.0082525825,-0.0014158482576021925,8460,558.33,0.28477245569229126,0.0003,0.9115760326385498,0.106494140625,1.448548336327076,0.9353397727012634
848,3562,975,3473408,0.6828381419181824,31.16284976,0.2,0.021328352,-0.0021272382437018678,8470,571.05,0.28582262992858887,0.0003,0.893101155757904,0.131884765625,2.2808083668351173,0.9415953107178211
849,3563,975,3477504,0.4629162847995758,32.372788820000004,0.2,0.031843513,-0.00044679600978270173,8480,566.96,0.28534016013145447,0.0003,0.9579617977142334,0.19970703125,1.5125474512577057,0.9435409106314182
850,3564,976,3481600,0.3013911545276642,32.79610239,0.2,0.01688918,0.0059355885226977986,8490,546.67,0.28415215015411377,0.0003,0.97493577003479,0.2081787109375,0.8541528187692166,0.9458068586885929
851,3565,977,3485696,0.5863801836967468,32.380655850000004,0.2,0.022544678,0.001073215261567384,8500,541.1,0.2816758155822754,0.0003,0.9384735822677612,0.14658203125,1.7161065980792045,0.9587324149906635
852,3566,978,3489792,0.5338925123214722,32.597957009999995,0.2,0.012013398,-0.001045744921430014,8510,542.53,0.27927282452583313,0.0003,0.9267962574958801,0.1175048828125,2.152736458927393,0.975321414321661
853,3567,979,3493888,0.5587084293365479,32.16069498,0.2,0.008417328,-0.002211471484042704,8520,550.8,0.2770763039588928,0.0003,0.93259197473526,0.0845458984375,1.9278017356991768,0.9873493731021881
854,3569,980,3497984,0.397968053817749,31.091230010000004,0.2,0.01812666,0.0002641821425640956,8530,565.99,0.2754842936992645,0.0003,0.9589980840682983,0.1705810546875,1.4726458676159382,0.9945271715521813
855,3643,961,3502080,0.3556034564971924,30.474768020000003,0.2,0.020654777,-0.0015064745413837955,8540,578.56,0.27381810545921326,0.0003,0.9765613079071045,0.1467041015625,1.1542992137372494,0.9968952305614949
856,3644,962,3506176,0.7079600691795349,30.73456323,0.2,0.015087428,0.001359940573456697,8550,577.98,0.2737739086151123,0.0003,0.9143692255020142,0.1681640625,2.279545931518078,1.0009668081998826
857,3645,962,3510272,0.42283856868743896,31.50789474,0.2,0.013596607,-0.0004517683002632111,8560,604.52,0.2746046781539917,0.0003,0.942048966884613,0.1453125,1.408398063480854,0.9962087661027909
858,3646,963,3514368,0.7536225914955139,33.155184680000005,0.2,0.029423634,-0.002789404781651683,8570,592.81,0.27233144640922546,0.0003,0.8986176252365112,0.141845703125,2.594912674278021,0.9966210119426251
859,3647,964,3518464,0.5284777879714966,32.43720897,0.2,0.010933178,0.0006439229779061862,8580,601.16,0.27176421880722046,0.0003,0.9252855777740479,0.1267333984375,1.8876759640872478,1.017271026968956
860,3649,965,3522560,1.017582893371582,32.7498844,0.2,0.014227941,0.00011957768147112802,8590,608.65,0.27119386196136475,0.0003,0.9011263847351074,0.10966796875,2.865739721059799,1.0251991346478462
861,3650,966,3526656,0.4906465709209442,31.753717439999996,0.2,0.01390622,-0.0036134203663095834,8600,619.35,0.2715650200843811,0.0003,0.9634343385696411,0.1498046875,1.384046668559313,1.028096689283848
862,3651,966,3530752,0.709246039390564,31.26889689,0.2,0.022193115,-0.0019135264737997204,8610,615.9,0.27074670791625977,0.0003,0.9452053308486938,0.1331787109375,2.043380483984947,1.028804397583008
863,3652,967,3534848,0.8203639388084412,30.701849879999994,0.2,0.0091758305,-0.005835294994176366,8620,605.56,0.2717321515083313,0.0003,0.8596348166465759,0.095068359375,4.160979001224041,1.02198616117239
864,3654,968,3538944,0.6704678535461426,31.705852100000005,0.2,0.021743216,-0.0019955073250457643,8630,597.71,0.2708955705165863,0.0003,0.9001824855804443,0.1319091796875,1.9912543311715125,1.0158931896090508
865,3655,969,3543040,2.014052152633667,29.72382219,0.2,0.015293313,-0.0006342335575027392,8640,606.95,0.2708059847354889,0.0003,0.8559878468513489,0.13037109375,7.161274662613868,1.0167617887258529
866,3656,970,3547136,0.4544580578804016,26.973298440000004,0.2,0.017442824,0.0003923390235286206,8650,620.66,0.2701100707054138,0.0003,0.9777783751487732,0.1276611328125,1.3966443344950676,1.019360962510109
867,3657,970,3551232,0.30450859665870667,27.90682136,0.2,0.009161925,-0.0006037574843503535,8660,624.04,0.2692754566669464,0.0003,0.9672596454620361,0.130859375,0.8472969263792038,1.0278157413005828
868,3658,971,3555328,0.48411330580711365,29.085846139999997,0.2,0.010250185,-0.0017684252889011987,8670,594.94,0.26707392930984497,0.0003,0.9530295729637146,0.152734375,1.462029045075178,1.0370388492941855
869,3660,972,3559424,0.7607328295707703,30.083594700000003,0.2,0.022307595,-0.002065252236207016,8680,579.33,0.26758021116256714,0.0003,0.7831122875213623,0.1474853515625,3.065579468011856,1.042847003042698
870,3661,973,3563520,0.9146146178245544,30.45268987,0.2,0.008976102,-0.0038189814455108716,8690,567.02,0.26461318135261536,0.0003,0.877321720123291,0.085888671875,3.0275598615407944,1.0533372461795807
871,3662,974,3567616,0.3997493088245392,31.743442830000003,0.2,0.010972827,-0.0012942273984663188,8700,550.66,0.26381897926330566,0.0003,0.9441906809806824,0.14716796875,0.9757151275873184,1.0679176345467567
872,3663,974,3571712,0.5627553462982178,31.32977785,0.2,0.009202179,-0.0001517635362688452,8710,553.89,0.2630883455276489,0.0003,0.9066580533981323,0.179736328125,1.5399734765291213,1.0759360834956169
873,3664,975,3575808,0.40312114357948303,33.026213299999995,0.2,0.014888621,-0.0017753368912963197,8720,540.89,0.2663528025150299,0.0003,0.9384996294975281,0.115869140625,1.4420210167765617,1.0702534332871436
874,3665,976,3579904,0.5499372482299805,31.85153021,0.2,0.037661914,-0.0012157504650531336,8730,549.14,0.2677937150001526,0.0003,0.9252824187278748,0.1426513671875,2.0088715985417367,1.0582456976175307
875,3666,977,3584000,0.46744322776794434,32.04813726,0.2,0.01404741,-0.0041481396619929,8740,547.96,0.26803746819496155,0.0003,0.9378436207771301,0.1231201171875,1.7085408248007297,1.0530708685517312
876,3668,978,3588096,0.43804338574409485,33.303090389999994,0.2,0.0104998145,-0.0028312078065937385,8750,552.26,0.2671651840209961,0.0003,0.9435794353485107,0.103369140625,1.3256734900176526,1.0622725173830987
877,3669,978,3592192,0.5168170928955078,33.695100350000004,0.2,0.011333104,-0.002227714576292783,8760,552.05,0.2693091332912445,0.0003,0.9440791010856628,0.1078125,1.3268853031098842,1.065060092508793
878,3670,979,3596288,0.3065192997455597,33.80744792,0.2,0.025087962,0.0048837636975804346,8770,557.02,0.26813921332359314,0.0003,0.9529522061347961,0.19736328125,1.1926946826279163,1.0636101514101028
879,3745,961,3600384,0.19724734127521515,38.51744534,0.2,0.021066038,-0.0002590649251942523,8780,550.16,0.26803818345069885,0.0003,0.9742491245269775,0.11142578125,0.6142315953969956,1.0708123803138734
880,3746,962,3604480,0.6620303988456726,38.69436192999999,0.2,0.029522423,0.003222245941287838,8790,550.46,0.2690335512161255,0.0003,0.9178879261016846,0.1465087890625,1.6575199685990811,1.0755662098526955
881,3747,962,3608576,0.4528994858264923,38.64057433999999,0.2,0.014728188,-0.0007347321952693164,8800,552.89,0.2716306746006012,0.0003,0.948478639125824,0.1388916015625,1.3246041432023048,1.0669947192072868
882,3748,963,3612672,1.4706943035125732,37.74705378000001,0.2,0.013828397,0.0006923886248841882,8810,565.93,0.27204984426498413,0.0003,0.9168695211410522,0.149609375,2.6309524163603784,1.0608722910284996
883,3750,964,3616768,0.49620792269706726,38.66686824,0.2,0.013089858,-0.0021428573119919745,8820,565.09,0.27224448323249817,0.0003,0.9509943723678589,0.13525390625,1.2266553297638894,1.0563563689589501
884,3751,965,3620864,0.3505564033985138,38.48465085,0.2,0.010195222,-4.932295123580843e-05,8830,566.75,0.27150025963783264,0.0003,0.9577519297599792,0.1376708984375,1.0933760829269885,1.0539475351572036
885,3752,966,3624960,0.44153082370758057,36.20463808,0.2,0.010293458,-0.0005235069373156875,8840,571.99,0.2717456817626953,0.0003,0.9495460391044617,0.1658935546875,1.5543698102235795,1.0528710037469864
886,3753,966,3629056,0.36903342604637146,35.46777282,0.2,0.015684491,0.0019156013906467706,8850,554.1,0.27112555503845215,0.0003,0.9608829617500305,0.120166015625,1.3570824295282364,1.050815711915493
887,3754,967,3633152,0.7771686911582947,35.61097846,0.2,0.019938745,0.0019926897366531193,8860,564.3,0.27162912487983704,0.0003,0.9461482167243958,0.198046875,1.840303997695446,1.0532380133867263
888,3755,968,3637248,0.604651689529419,35.73734758999999,0.2,0.017918266,-0.0006664657732471824,8870,551.51,0.2728229761123657,0.0003,0.9138920307159424,0.17451171875,2.345297855138779,1.0534707769751548
889,3757,969,3641344,0.7480096817016602,35.42256084,0.2,0.010926757,0.0002013724617427215,8880,558.1,0.27234262228012085,0.0003,0.9458335041999817,0.14521484375,1.852921111881733,1.0548441261053085
890,3758,970,3645440,0.5779696702957153,35.3805562,0.2,0.008858439,-0.0020079682901268823,8890,554.09,0.2724732458591461,0.0003,0.8936141133308411,0.115625,2.1853228360414505,1.0604118272662162
891,3759,970,3649536,0.394273579120636,34.02021045,0.2,0.016102739,-0.0009893779846606777,8900,565.04,0.27428364753723145,0.0003,0.9641318917274475,0.1597900390625,1.1326361067593098,1.0530805557966232
892,3760,971,3653632,1.098300814628601,33.741085160000004,0.2,0.029662881,-0.0013974804664030672,8910,565.59,0.27490395307540894,0.0003,0.9283316135406494,0.1494384765625,2.847267951071262,1.0423366129398346
893,3761,972,3657728,0.41198062896728516,31.2246146,0.2,0.015175091,0.0003608959828852676,8920,585.3,0.27358368039131165,0.0003,0.9550203084945679,0.152197265625,1.494188489764929,1.0421645581722259
894,3763,973,3661824,0.35637369751930237,29.366392989999998,0.2,0.012493401,0.001020887034246698,8930,569.74,0.27470383048057556,0.0003,0.9758206009864807,0.10087890625,1.0840943485498429,1.049283291399479
895,3764,973,3665920,0.4141792356967926,29.506165380000002,0.2,0.0075031575,-0.002975196662009694,8940,571.93,0.2751902639865875,0.0003,0.9819044470787048,0.1135009765625,1.0616929896175862,1.0496684238314629
896,3765,974,3670016,0.8025950789451599,30.167627309999997,0.2,0.007257511,-0.0006866788840852678,8950,554.51,0.2766949236392975,0.0003,0.9498922228813171,0.0785400390625,2.1151163510978224,1.0395746305584908
897,3766,975,3674112,0.31720322370529175,29.695034269999997,0.2,0.01373903,-0.0007134836181649007,8960,561.85,0.2782966196537018,0.0003,0.9729174375534058,0.117529296875,1.3423102535307407,1.033636701107025
898,3767,976,3678208,0.5883405208587646,24.918216159999997,0.2,0.02615916,-0.000819881608185824,8970,601.36,0.27424609661102295,0.0003,0.9774033427238464,0.1543212890625,1.2944775611162185,1.0424738734960557
899,3769,976,3682304,0.6469990015029907,25.887932179999996,0.2,0.025686018,0.000977111331303604,8980,592.34,0.2750994861125946,0.0003,0.9404143691062927,0.1471435546875,2.1434256218373777,1.0490581497550011
900,3770,977,3686400,1.3238404989242554,27.303130019999998,0.2,0.018638939,-0.002175582363270223,8990,601.97,0.27745604515075684,0.0003,0.8881701231002808,0.104296875,3.8696209147572516,1.0421226263046264
901,3771,978,3690496,0.4957316517829895,26.592753389999995,0.2,0.007909834,-0.002054457628400996,9000,616.88,0.2754218578338623,0.0003,0.943065881729126,0.1115478515625,1.8087331354618073,1.0388433128595351
902,3772,979,3694592,0.589663028717041,26.95735098,0.2,0.022339616,0.002088810718851164,9010,613.56,0.27608105540275574,0.0003,0.9067738056182861,0.1645263671875,2.593197516351938,1.0419119760394095
903,3773,980,3698688,1.0871930122375488,27.937718929999996,0.2,0.012870667,0.009451805026037619,9020,604.24,0.2754639685153961,0.0003,0.8397207856178284,0.24072265625,2.7999345108866693,1.0354441359639168
904,3857,959,3702784,0.8028877973556519,27.310563579999993,0.2,0.023034655,-0.0003970116333221085,9030,616.17,0.27630388736724854,0.0003,0.9111419916152954,0.1824462890625,2.606421136856079,1.034932604432106
905,3859,960,3706880,0.7373960018157959,25.732480440000003,0.2,0.014954488,0.0029370097850915044,9040,622.04,0.2757900059223175,0.0003,0.9000637531280518,0.2050048828125,2.6789950639009477,1.0333071172237396
906,3860,961,3710976,0.9322487115859985,25.689737290000004,0.2,0.019909348,-0.002712476221495308,9050,619.86,0.2749589681625366,0.0003,0.9016310572624207,0.130322265625,3.418857443332672,1.039598773419857
907,3861,962,3715072,0.5168901681900024,23.448995370000002,0.2,0.017212544,-0.0038513933002832347,9060,621.03,0.2750033140182495,0.0003,0.970602810382843,0.1220947265625,1.7062291137874126,1.0513646811246873
908,3862,962,3719168,0.5436059832572937,21.5752189,0.2,0.008705461,-0.002056717756204307,9070,625.77,0.2777479588985443,0.0003,0.9684835076332092,0.07470703125,1.5914617776870728,1.0605660155415535
909,3864,963,3723264,0.6266772747039795,22.329771660000002,0.2,0.022315174,0.0015271799347829074,9080,623.19,0.27744048833847046,0.0003,0.92597895860672,0.157958984375,2.1189050786197186,1.060694669187069
910,3865,964,3727360,0.40038859844207764,22.09608292,0.2,0.010396047,0.00029330125253181907,9090,631.18,0.2782224118709564,0.0003,0.962412416934967,0.1421142578125,1.302300077676773,1.0632592469453812
911,3866,965,3731456,0.9209061861038208,20.24901729,0.2,0.01141752,-0.0023383111925795673,9100,639.62,0.2768896818161011,0.0003,0.9120686650276184,0.0898193359375,2.9988530397415163,1.0630984634160996
912,3867,965,3735552,0.46985217928886414,18.38791673,0.2,0.016189834,-0.0009159708904917351,9110,640.22,0.2769070863723755,0.0003,0.9735747575759888,0.1156982421875,1.573238991945982,1.0706655576825141
913,3869,966,3739648,0.8808854818344116,19.86211847,0.2,0.016366579,0.0013816873863106594,9120,636.8,0.2778303623199463,0.0003,0.8510532975196838,0.1671142578125,3.553821821510792,1.0630112528800963
914,3870,967,3743744,0.7091915607452393,18.493565680000003,0.2,0.020314496,-9.838909900281579e-05,9130,642.8,0.276742160320282,0.0003,0.8908208012580872,0.1148193359375,1.8623766601085663,1.0549562364816665
915,3871,968,3747840,0.4412713050842285,19.99387086,0.2,0.017155863,0.0010521318385144697,9140,623.83,0.2777477502822876,0.0003,0.9051815867424011,0.1709716796875,1.38083858191967,1.0575441613793373
916,3872,968,3751936,0.692713737487793,19.942124650000004,0.2,0.0119533865,-0.0012877776083769278,9150,627.2,0.27782368659973145,0.0003,0.8828563690185547,0.1160888671875,2.6062329798936843,1.0590962409973144
917,3873,969,3756032,0.7052216529846191,19.06646264,0.2,0.014808073,-0.0019212550309021027,9160,621.1,0.2763400077819824,0.0003,0.9503485560417175,0.115966796875,2.3932675451040266,1.0682796731591224
918,3874,970,3760128,0.7556740045547485,17.84371246,0.2,0.016423147,-0.0028758225380443037,9170,630.64,0.2768097221851349,0.0003,0.9412699341773987,0.1493408203125,2.928436043858528,1.0710816711187363
919,3876,971,3764224,1.2132223844528198,18.19352701,0.2,0.02492603,-0.003076654329197481,9180,624.3,0.27589693665504456,0.0003,0.8952496647834778,0.1441650390625,2.680517226457596,1.0682099923491477
920,3877,971,3768320,0.8127791881561279,19.850082639999997,0.2,0.013063384,0.0017154445726191626,9190,615.66,0.27697885036468506,0.0003,0.9489797949790955,0.1630126953125,3.0077486649155616,1.0706593081355096
921,3878,972,3772416,1.2307919263839722,20.43830903,0.2,0.014405675,-0.00018196348391938955,9200,609.17,0.2768206000328064,0.0003,0.9093819260597229,0.134423828125,3.035307390987873,1.0705806657671928
922,3879,973,3776512,0.49507346749305725,18.805798659999997,0.2,0.027784169,0.004248076977091841,9210,630.93,0.27671533823013306,0.0003,0.8875536918640137,0.1244140625,2.097439604252577,1.0724102184176445
923,3880,974,3780608,0.4234347641468048,23.20146444,0.2,0.016820818,0.0014916276064468547,9220,619.11,0.274075448513031,0.0003,0.9370145797729492,0.16630859375,1.499457337707281,1.073270396888256
924,3881,974,3784704,0.5780937671661377,26.31450907,0.2,0.011755297,-0.0027060878433985635,9230,603.75,0.2751990258693695,0.0003,0.9280334711074829,0.1132568359375,1.6419965669512748,1.0835838243365288
925,3883,975,3788800,0.27656885981559753,28.130171440000005,0.2,0.022290407,-0.00016055691230576485,9240,597.93,0.2760709822177887,0.0003,0.9731936454772949,0.1703125,0.8885344944894313,1.0803248226642608
926,3884,976,3792896,0.28796783089637756,29.158163280000004,0.2,0.017098712,-0.00029599547560792415,9250,596.24,0.2774110436439514,0.0003,0.9781432151794434,0.125732421875,0.7661320645362139,1.073690328001976
927,3885,977,3796992,0.4722554683685303,32.07997849,0.2,0.012247333,0.0023673245450481772,9260,583.14,0.2782788574695587,0.0003,0.9114229679107666,0.2006591796875,1.8131555229425431,1.0689747899770736
928,3960,959,3801088,0.43157491087913513,33.313984139999995,0.2,0.009071888,-0.0027884707087650895,9270,567.01,0.2769851088523865,0.0003,0.926933228969574,0.12939453125,1.6163987264037132,1.0638471335172652
929,3961,960,3805184,0.9964877963066101,32.700206380000004,0.2,0.014657744,0.00025942382344510404,9280,568.11,0.27541282773017883,0.0003,0.9201561212539673,0.1505859375,3.219337432086468,1.0668696001172067
930,3963,961,3809280,0.7317630052566528,33.23449013,0.2,0.0101310015,-0.001042596568004228,9290,565.3,0.2765386402606964,0.0003,0.8836289644241333,0.10078125,2.7648951023817063,1.0692474260926246
931,3964,961,3813376,1.0297578573226929,34.09825312,0.2,0.022273522,0.002514861070085317,9300,563.85,0.2769908010959625,0.0003,0.916122555732727,0.1691162109375,2.7012798324227334,1.0664810210466384
932,3965,962,3817472,0.5357608795166016,33.432334999999995,0.2,0.005973242,0.0006323780384263955,9310,565.62,0.27716121077537537,0.0003,0.9405696392059326,0.1227294921875,1.9104797378182412,1.0652506187558175
933,3966,963,3821568,0.4249357283115387,34.057082560000005,0.2,0.0124037685,-0.0024073583888821306,9320,560.24,0.27727505564689636,0.0003,0.9238442182540894,0.15400390625,1.8063040174543858,1.0647824078798294
934,3967,964,3825664,0.33546891808509827,34.24051112000001,0.2,0.0082464665,0.003396923284162767,9330,556.13,0.2808994948863983,0.0003,0.9096474647521973,0.1482421875,1.1834321945905686,1.061141735315323
935,3969,964,3829760,0.3958207070827484,34.200658090000005,0.2,0.008641519,-0.002653217245824635,9340,550.6,0.28014490008354187,0.0003,0.9325915575027466,0.1342041015625,1.6286573350429534,1.0574273720383645
936,3970,965,3833856,0.6623109579086304,33.22053805,0.2,0.008859045,0.004219574760645628,9350,556.93,0.2806948125362396,0.0003,0.9296289086341858,0.15732421875,1.9307664439082146,1.0544033780694009
937,3971,966,3837952,0.9421777129173279,33.646315,0.2,0.024055142,-0.0008545573335140943,9360,544.96,0.27915191650390625,0.0003,0.9377288818359375,0.1390869140625,2.004115732014179,1.0599815294146537
938,3972,967,3842048,0.23077292740345,33.09281789,0.2,0.016361421,-0.00014326174277812243,9370,546.46,0.27698686718940735,0.0003,0.9443279504776001,0.140869140625,1.1096869852393865,1.0685608476400374
939,3973,967,3846144,0.2842539846897125,32.780683829999994,0.2,0.014049448,-0.0025831955077592283,9380,550.11,0.2784598469734192,0.0003,0.9702824354171753,0.115869140625,0.7919179916381835,1.073863112926483
940,3974,968,3850240,0.41429099440574646,32.718551219999995,0.2,0.018374244,-0.000645866189734079,9390,563.11,0.27872446179389954,0.0003,0.9573002457618713,0.1290283203125,1.1646115727722646,1.0779248878359795
941,3975,969,3854336,0.7190433144569397,32.63790468,0.2,0.013896499,-0.0012164068553829565,9400,566.81,0.27712908387184143,0.0003,0.9508339762687683,0.1454833984375,1.5635627046227456,1.0833152487874032
942,3977,970,3858432,0.7210999727249146,30.73906629,0.2,0.0105471015,-0.0025657670077634974,9410,570.37,0.276719868183136,0.0003,0.9352710843086243,0.1360595703125,1.9861223697662354,1.0883495405316352
943,3978,970,3862528,1.0920528173446655,31.094894049999997,0.2,0.013987769,-0.0004970573441823945,9420,575.08,0.27948707342147827,0.0003,0.953172504901886,0.1260498046875,2.108735817670822,1.0939256370067596
944,3979,971,3866624,0.5807633996009827,30.99120475,0.2,0.008583199,-0.0003028797742445022,9430,589.82,0.2792149484157562,0.0003,0.9207761287689209,0.12578125,2.5287710539996624,1.097480371594429
945,3980,972,3870720,0.30945461988449097,27.377010079999994,0.2,0.014146523,-0.002585179313609842,9440,609.23,0.28094062209129333,0.0003,0.9582898020744324,0.1378662109375,1.2841095872223378,1.097758735716343
946,3981,973,3874816,0.34402573108673096,25.623574380000004,0.2,0.011590226,-5.245357606327161e-05,9450,625.29,0.2812986969947815,0.0003,0.9549229741096497,0.121435546875,1.5655510693788528,1.091928455233574
947,3982,973,3878912,0.597968339920044,26.18256262,0.2,0.016409189,0.0018022754615230952,9460,621.22,0.28116971254348755,0.0003,0.9157501459121704,0.15205078125,2.1352732300758364,1.0932012364268302
948,3984,974,3883008,0.8116784691810608,26.69984875,0.2,0.015944269,-3.772455384023488e-05,9470,616.19,0.2802768051624298,0.0003,0.9520457983016968,0.136572265625,2.2053909063339234,1.0939356580376625
949,3985,975,3887104,0.25846609473228455,24.380051800000004,0.2,0.011993801,0.00040647129935678095,9480,644.47,0.2810550332069397,0.0003,0.9870802164077759,0.11806640625,0.9781878471374512,1.0897486373782157
950,3986,976,3891200,0.6298238039016724,23.987546600000005,0.2,0.013242055,0.0002387154061580077,9490,655.57,0.2809719145298004,0.0003,0.9731968641281128,0.150048828125,2.037729048728943,1.0898964151740074
951,3987,976,3895296,0.46486055850982666,24.27012723,0.2,0.015982453,-0.0011009082591044717,9500,652.6,0.2805138826370239,0.0003,0.9755163192749023,0.1357666015625,1.5196586817502975,1.096321591734886
952,3988,977,3899392,0.458913117647171,24.79912456,0.2,0.036996916,0.007392291007272433,9510,649.27,0.28054702281951904,0.0003,0.9794472455978394,0.2182373046875,1.228590513020754,1.096523503959179
953,4071,958,3903488,0.6777080297470093,23.49737489,0.2,0.014047019,0.000891481337021105,9520,650.53,0.2812483608722687,0.0003,0.9778395891189575,0.166796875,1.8002847775816917,1.0941088676452637
954,4072,959,3907584,0.38078826665878296,22.531017339999995,0.2,0.01783056,0.0037544647420872934,9530,646.44,0.2827584147453308,0.0003,0.9874788522720337,0.1421875,1.199880523979664,1.092166820168495
955,4074,960,3911680,0.6760937571525574,22.755001349999997,0.2,0.014147755,-0.0015134235567529687,9540,634.41,0.28319504857063293,0.0003,0.9440685510635376,0.136767578125,2.0266866415739058,1.0895609110593796
956,4075,960,3915776,0.43856528401374817,23.57203848,0.2,0.012439994,-0.004917666217079386,9550,616.79,0.2815241515636444,0.0003,0.9444361925125122,0.132470703125,1.9974821351468564,1.0896523594856262
957,4076,961,3919872,0.4002726078033447,24.09120981,0.2,0.016322017,0.001013410794257652,9560,621.32,0.28060123324394226,0.0003,0.9617557525634766,0.1465087890625,1.235399479418993,1.094353160262108
958,4077,962,3923968,0.5179129838943481,24.22038336,0.2,0.010886118,-0.004981176654109731,9570,618.8,0.2789188623428345,0.0003,0.9655055999755859,0.1360107421875,1.5413554735481738,1.100131693482399
959,4078,963,3928064,0.46925753355026245,19.691526019999998,0.2,0.0069700927,-0.0011892545851878821,9580,643.95,0.27861782908439636,0.0003,0.9459479451179504,0.114306640625,2.02225107178092,1.110950493812561
960,4080,963,3932160,0.4380180835723877,20.236325190000006,0.2,0.011476567,-0.0009307091211667284,9590,636.86,0.2794886529445648,0.0003,0.9718518853187561,0.1159912109375,1.474373459070921,1.111470165848732
961,4081,964,3936256,0.858064591884613,22.109104439999996,0.2,0.013206864,0.0002969076536828652,9600,628.23,0.2779999375343323,0.0003,0.9316137433052063,0.1694580078125,3.4829969078302385,1.109570436179638
962,4082,965,3940352,0.610626220703125,22.059540220000002,0.2,0.021526355,0.0024252969451481476,9610,620.86,0.2786214351654053,0.0003,0.9304029941558838,0.19169921875,2.0376456283032893,1.104740385711193
963,4083,965,3944448,0.5542294383049011,21.62054016,0.2,0.037376583,0.004175100264546927,9620,632.86,0.27942097187042236,0.0003,0.9393056631088257,0.1819580078125,1.5821799233555793,1.0960560515522957
964,4084,966,3948544,0.41626638174057007,23.583732209999997,0.2,0.020536652,0.0008205497142625973,9630,616.04,0.28064706921577454,0.0003,0.900017261505127,0.1607421875,1.6660658232867718,1.0927706971764564
965,4086,967,3952640,0.6389527320861816,25.190864810000004,0.2,0.023262365,0.002394721598830074,9640,606.73,0.27904513478279114,0.0003,0.9359961152076721,0.17373046875,2.102455247938633,1.0971884533762932
966,4088,967,3956736,0.6288985013961792,25.828421919999997,0.2,0.02433853,0.00749702217290178,9650,590.36,0.27670976519584656,0.0003,0.9444661736488342,0.2216552734375,1.9781934700906276,1.1077326536178589
967,4090,968,3960832,0.5157634019851685,22.883921539999996,0.2,0.014418773,0.003927818659576587,9660,614.0,0.27758467197418213,0.0003,0.9519417881965637,0.159716796875,1.962961022555828,1.1078364580869675
968,4091,969,3964928,0.3266085088253021,24.741889410000002,0.2,0.010576667,0.00033709659182932226,9670,605.31,0.2768552601337433,0.0003,0.9766749143600464,0.0998779296875,1.5303351037204265,1.099853327870369
969,4092,969,3969024,0.5069490671157837,23.522131679999998,0.2,0.009892633,-0.00010019174369517714,9680,608.73,0.2775250971317291,0.0003,0.9733011722564697,0.1005859375,1.733610611408949,1.0993491739034653
970,4094,970,3973120,0.365649551153183,21.53485671,0.2,0.006371719,-0.0013196068772231228,9690,618.61,0.27850204706192017,0.0003,0.9777661561965942,0.1078125,1.5548598863184453,1.0980354860424995
971,4095,971,3977216,0.2923901677131653,18.97175819,0.2,0.010728275,0.0025362305495946202,9700,624.63,0.2802262306213379,0.0003,0.9745367765426636,0.1327880859375,1.1788478322327136,1.0990588888525963
972,4096,971,3981312,0.3395498991012573,19.33699099,0.2,0.017265633,0.0012205450038891286,9710,630.51,0.28315040469169617,0.0003,0.964291512966156,0.133203125,1.3008412320166827,1.0874625101685524
973,4097,972,3985408,0.5209431648254395,20.01129994,0.2,0.011292275,-0.0029901631904067473,9720,625.45,0.2857133150100708,0.0003,0.9431597590446472,0.119921875,1.5766049809753895,1.068191833794117
974,4098,973,3989504,0.35284850001335144,23.949254720000003,0.2,0.016133856,0.0045234372635604815,9730,609.93,0.2848883271217346,0.0003,0.971011221408844,0.1936279296875,1.0972084492444991,1.0565244778990746
975,4100,974,3993600,0.6177486777305603,23.817201490000006,0.2,0.011415849,-0.0003247378364903852,9740,605.73,0.286114364862442,0.0003,0.9716491103172302,0.120166015625,1.9176437236368655,1.056271532177925
976,4101,974,3997696,0.8239507675170898,24.00337623,0.2,0.00916031,-0.0009545657783746719,9750,602.53,0.2862917482852936,0.0003,0.9260947704315186,0.090771484375,3.634299659729004,1.0575035229325294
977,4172,959,4001792,1.0066280364990234,20.761333600000004,0.2,0.017665777,0.001469554047798738,9760,607.14,0.2863849401473999,0.0003,0.9640743136405945,0.139501953125,3.062722922861576,1.058211623132229
