t,x,y,tilt_deg
0.26,-0.4212,-0.0018,0.5
0.47,-0.4212,-0.0018,0.6
0.67,-0.4211,-0.0015,0.7
0.87,-0.4212,-0.0015,0.7
1.07,-0.4212,-0.0015,0.7
1.37,-0.4212,-0.0015,0.7
1.67,-0.4173,0.0003,0.5
1.87,-0.4080,0.0008,0.3
2.07,-0.4017,0.0014,1.5
2.27,-0.3869,0.0076,1.0
2.47,-0.3741,0.0082,1.3
2.67,-0.3602,0.0142,1.0
2.97,-0.3441,0.0194,1.3
3.17,-0.3258,0.0216,0.8
3.37,-0.3109,0.0210,1.0
3.67,-0.2935,0.0263,1.5
3.97,-0.2636,0.0252,0.9
4.17,-0.2531,0.0325,1.9
4.37,-0.2347,0.0299,1.1
4.67,-0.2196,0.0300,1.0
4.87,-0.2307,0.0287,2.2
5.07,-0.2117,0.0247,1.8
5.27,-0.1981,0.0296,0.8
5.47,-0.1910,0.0356,1.1
5.67,-0.1837,0.0285,2.3
5.97,-0.1697,0.0397,2.3
6.17,-0.1595,0.0402,1.5
6.37,-0.1658,0.0399,1.9
6.57,-0.1536,0.0454,1.1
6.77,-0.1323,0.0496,0.8
6.97,-0.1195,0.0525,0.6
7.17,-0.1121,0.0554,1.4
7.37,-0.0942,0.0550,0.9
7.57,-0.0774,0.0524,0.9
7.87,-0.0658,0.0535,2.4
8.07,-0.0473,0.0561,1.3
8.27,-0.0271,0.0615,1.0
8.47,-0.0163,0.0615,1.1
8.67,0.0044,0.0632,2.2
8.97,0.0205,0.0714,1.9
9.17,0.0418,0.0713,1.3
9.47,0.0633,0.0779,1.4
9.67,0.0635,0.0731,1.6
9.87,0.0819,0.0707,1.9
10.17,0.0935,0.0725,2.0
10.37,0.1056,0.0702,1.2
10.57,0.1143,0.0698,0.8
10.77,0.1240,0.0771,2.8
10.97,0.1409,0.0754,1.5
11.27,0.1631,0.0833,0.9
11.47,0.1756,0.0878,0.6
11.68,0.1768,0.0837,1.9
11.88,0.1855,0.0901,1.0
12.08,0.2018,0.0952,0.8
12.28,0.2228,0.0984,2.6
12.58,0.2374,0.1069,2.1
12.78,0.2527,0.1077,1.4
12.98,0.2657,0.1092,0.8
13.18,0.2823,0.1155,1.1
13.38,0.3024,0.1189,0.9
13.58,0.3133,0.1185,1.1
13.78,0.3247,0.1280,2.1
13.98,0.3459,0.1300,1.0
14.28,0.3681,0.1383,1.0
14.48,0.3742,0.1356,1.5
14.68,0.3956,0.1405,1.8
14.88,0.4095,0.1483,1.0
15.18,0.4346,0.1555,1.1
15.38,0.4497,0.1576,1.0
15.68,0.4640,0.1673,1.4
15.88,0.4888,0.1722,3.3
16.18,0.5078,0.1847,2.2
16.38,0.5251,0.1850,0.9
16.68,0.5450,0.1903,0.8
16.88,0.5574,0.1942,1.0
17.08,0.5795,0.1964,3.2
17.28,0.5936,0.2084,1.4
17.58,0.6137,0.2100,0.9
17.78,0.6265,0.2078,1.0
17.98,0.6335,0.2161,2.3
18.18,0.6516,0.2144,1.4
18.38,0.6712,0.2118,1.1
18.68,0.6714,0.2178,2.3
18.88,0.6941,0.2109,3.9
19.08,0.7124,0.2195,1.2
19.28,0.7190,0.2174,1.3
19.48,0.7385,0.2135,3.1
19.68,0.7442,0.2189,1.3
19.88,0.7310,0.2142,2.5
20.08,0.7391,0.2136,2.3
20.28,0.7509,0.2123,1.0
20.48,0.7544,0.2080,2.6
20.78,0.7624,0.2155,2.1
20.98,0.7665,0.2147,1.2
21.18,0.7690,0.2142,0.8
21.38,0.7686,0.2159,1.0
21.58,0.7743,0.2149,1.0
21.78,0.7823,0.2141,0.5
21.98,0.7869,0.2104,1.1
22.28,0.7861,0.2164,1.4
22.48,0.7927,0.2086,3.2
22.68,0.7931,0.2144,1.4
22.98,0.7805,0.2127,0.9
23.18,0.7741,0.2081,1.8
23.38,0.7693,0.2168,2.2
23.59,0.7676,0.2133,0.6
23.79,0.7655,0.2089,1.9
23.99,0.7610,0.2201,4.0
24.29,0.7621,0.2106,2.5
24.49,0.7581,0.2130,1.2
24.69,0.7496,0.2108,2.3
24.89,0.7615,0.2102,1.0
25.19,0.7799,0.2119,2.2
25.39,0.7880,0.2073,1.5
25.59,0.7861,0.2018,2.7
25.89,0.7711,0.2148,1.3
26.09,0.7679,0.2062,2.5
26.29,0.7678,0.2087,1.7
26.49,0.7696,0.2076,1.0
26.69,0.7801,0.2049,2.2
26.89,0.7764,0.2069,0.7
27.09,0.7692,0.2115,1.8
27.29,0.7736,0.2024,2.6
27.59,0.7789,0.2066,0.9
27.79,0.7891,0.2043,0.7
27.99,0.7932,0.1960,1.7
28.19,0.7848,0.2030,2.4
28.39,0.7797,0.1981,1.3
28.59,0.7809,0.1968,1.1
28.79,0.7980,0.1972,1.9
29.09,0.8018,0.1883,4.6
29.29,0.7953,0.1915,1.3
29.49,0.7835,0.1941,1.2
29.69,0.7830,0.1845,2.5
29.89,0.7820,0.1854,1.9
30.19,0.7900,0.1810,1.2
30.39,0.7929,0.1857,3.1
30.59,0.7985,0.1749,3.5
30.79,0.8020,0.1700,1.6
30.99,0.8095,0.1737,3.5
31.19,0.8270,0.1591,1.7
31.49,0.8379,0.1478,0.9
31.69,0.8426,0.1416,1.3
31.89,0.8418,0.1374,2.4
32.19,0.8601,0.1204,1.2
32.49,0.8680,0.1265,1.2
32.69,0.8692,0.1165,3.0
32.89,0.8839,0.1142,1.3
33.09,0.9028,0.1116,1.1
33.39,0.8892,0.1127,3.3
33.59,0.9079,0.1143,1.5
33.79,0.9238,0.1084,1.0
33.99,0.9307,0.1060,1.4
34.29,0.9546,0.1048,1.3
34.49,0.9602,0.0958,2.3
34.70,0.9727,0.0986,0.8
34.90,0.9857,0.1022,0.8
35.10,0.9909,0.0949,3.3
35.30,0.9973,0.1010,1.8
35.60,1.0239,0.0990,1.3
35.80,1.0294,0.0998,1.4
36.00,1.0543,0.1024,3.6
36.20,1.0700,0.0968,1.3
36.40,1.0675,0.1046,3.0
36.70,1.0950,0.1114,1.3
36.90,1.1093,0.1048,2.9
37.10,1.1257,0.1113,1.2
37.40,1.1484,0.1091,1.5
37.60,1.1609,0.1067,1.6
37.80,1.1737,0.1156,2.3
38.00,1.1903,0.1124,1.3
38.20,1.2010,0.1113,1.6
38.40,1.2145,0.1225,2.6
38.60,1.2332,0.1197,1.3
38.80,1.2483,0.1194,1.2
39.00,1.2580,0.1291,2.1
39.30,1.2858,0.1260,3.2
39.50,1.3007,0.1354,1.4
39.70,1.3052,0.1306,1.4
39.90,1.3182,0.1283,1.8
40.10,1.3272,0.1308,1.1
40.40,1.3479,0.1274,1.2
40.60,1.3654,0.1211,1.1
40.80,1.3731,0.1289,3.0
41.10,1.3862,0.1183,2.5
41.30,1.4001,0.1216,0.7
41.60,1.4182,0.1202,1.5
41.80,1.4091,0.1253,2.6
42.00,1.4285,0.1289,1.3
42.20,1.4513,0.1298,0.8
42.40,1.4649,0.1266,0.8
42.60,1.4633,0.1314,2.1
42.80,1.4681,0.1271,1.5
43.00,1.4821,0.1282,1.7
43.20,1.5060,0.1252,1.2
43.50,1.5182,0.1182,3.0
43.70,1.5262,0.1236,0.9
44.00,1.5357,0.1219,1.2
44.20,1.5381,0.1175,1.5
44.40,1.5373,0.1278,2.9
44.60,1.5430,0.1204,1.2
44.91,1.5498,0.1210,1.2
45.11,1.5452,0.1239,2.0
45.31,1.5470,0.1152,2.1
45.51,1.5487,0.1187,0.7
45.71,1.5474,0.1252,1.5
45.91,1.5445,0.1149,3.3
46.21,1.5487,0.1249,1.8
46.41,1.5532,0.1209,0.8
46.61,1.5505,0.1162,1.4
46.91,1.5410,0.1251,1.6
47.21,1.5418,0.1168,1.4
47.41,1.5423,0.1251,2.6
47.71,1.5430,0.1177,2.5
47.91,1.5424,0.1235,0.7
48.21,1.5428,0.1224,0.9
48.41,1.5381,0.1199,1.5
48.71,1.5429,0.1300,1.6
48.91,1.5398,0.1214,2.7
49.11,1.5398,0.1275,0.8
49.31,1.5440,0.1323,1.2
49.51,1.5464,0.1251,2.6
49.71,1.5507,0.1297,0.9
49.91,1.5533,0.1344,1.5
50.11,1.5497,0.1241,3.4
50.31,1.5477,0.1302,0.7
50.61,1.5497,0.1298,0.9
50.81,1.5518,0.1247,1.3
51.01,1.5541,0.1343,2.9
51.21,1.5556,0.1291,1.0
51.51,1.5501,0.1306,0.6
51.71,1.5470,0.1353,1.3
51.91,1.5397,0.1262,3.3
52.11,1.5385,0.1338,0.9
52.31,1.5380,0.1370,1.4
52.51,1.5421,0.1302,2.3
52.71,1.5469,0.1346,0.9
53.02,1.5483,0.1320,1.1
53.32,1.5474,0.1359,0.7
53.52,1.5499,0.1433,1.6
53.72,1.5463,0.1338,3.2
54.02,1.5493,0.1435,2.3
54.22,1.5522,0.1404,1.1
54.42,1.5458,0.1371,1.8
54.62,1.5504,0.1462,1.7
54.92,1.5528,0.1397,2.6
55.12,1.5516,0.1447,0.6
55.32,1.5496,0.1501,1.5
55.52,1.5457,0.1425,2.0
55.72,1.5467,0.1455,0.7
55.92,1.5456,0.1477,0.8
56.12,1.5479,0.1411,2.9
56.32,1.5514,0.1461,0.9
56.62,1.5512,0.1437,0.6
56.92,1.5520,0.1446,0.6
57.12,1.5530,0.1507,1.2
57.32,1.5538,0.1430,2.0
57.62,1.5576,0.1492,2.0
57.82,1.5632,0.1455,1.1
58.02,1.5617,0.1410,1.6
58.22,1.5556,0.1511,2.6
58.42,1.5573,0.1450,1.1
58.72,1.5644,0.1455,0.8
58.92,1.5668,0.1508,1.7
59.12,1.5650,0.1406,3.5
59.32,1.5648,0.1460,0.6
59.52,1.5602,0.1522,1.8
59.72,1.5557,0.1423,3.2
59.92,1.5578,0.1482,0.8
60.12,1.5582,0.1521,1.4
60.42,1.5589,0.1413,1.7
60.62,1.5558,0.1518,2.6
60.82,1.5544,0.1474,0.7
61.02,1.5529,0.1410,1.5
61.22,1.5496,0.1491,1.6
61.52,1.5475,0.1447,1.6
61.72,1.5503,0.1475,0.7
61.92,1.5552,0.1515,1.1
62.22,1.5585,0.1416,1.6
62.42,1.5550,0.1533,3.4
62.62,1.5551,0.1468,0.8
62.82,1.5533,0.1429,2.0
63.13,1.5600,0.1534,1.1
63.43,1.5543,0.1458,1.8
63.63,1.5554,0.1542,2.6
63.83,1.5590,0.1485,0.9
64.03,1.5571,0.1440,1.8
64.33,1.5596,0.1555,1.6
64.53,1.5606,0.1453,3.6
64.73,1.5660,0.1519,1.0
64.93,1.5683,0.1564,1.6
65.13,1.5699,0.1458,2.9
65.33,1.5711,0.1495,0.6
65.63,1.5685,0.1483,1.1
65.83,1.5640,0.1428,1.9
66.03,1.5595,0.1544,3.1
66.23,1.5576,0.1482,0.8
66.43,1.5557,0.1429,1.4
66.63,1.5605,0.1519,2.1
66.83,1.5621,0.1483,0.9
67.03,1.5550,0.1421,2.0
67.23,1.5521,0.1520,2.2
67.53,1.5528,0.1416,3.6
67.83,1.5552,0.1483,1.9
68.03,1.5577,0.1445,0.7
68.23,1.5560,0.1391,1.5
68.53,1.5565,0.1501,1.3
68.73,1.5578,0.1400,2.8
68.93,1.5592,0.1439,0.6
69.13,1.5551,0.1487,1.5
69.33,1.5527,0.1387,3.4
69.63,1.5502,0.1470,1.8
69.83,1.5530,0.1445,1.0
70.13,1.5554,0.1443,0.3
70.33,1.5525,0.1496,1.6
70.53,1.5539,0.1408,2.4
70.73,1.5582,0.1447,0.6
71.03,1.5625,0.1448,0.8
71.33,1.5612,0.1474,0.6
71.53,1.5613,0.1543,1.6
71.73,1.5599,0.1469,1.9
71.93,1.5578,0.1510,0.5
72.23,1.5616,0.1506,0.9
72.43,1.5586,0.1462,1.6
72.73,1.5551,0.1589,1.5
72.93,1.5557,0.1501,2.0
73.13,1.5569,0.1529,0.6
73.34,1.5567,0.1572,1.1
73.64,1.5518,0.1499,2.0
73.84,1.5546,0.1596,2.5
74.04,1.5588,0.1571,1.2
74.24,1.5542,0.1532,1.3
74.44,1.5509,0.1618,2.7
74.64,1.5567,0.1550,1.0
74.84,1.5629,0.1492,1.6
75.04,1.5656,0.1593,2.9
75.34,1.5680,0.1497,3.2
75.64,1.5647,0.1588,2.7
75.84,1.5624,0.1531,1.1
76.04,1.5554,0.1495,2.3
76.24,1.5554,0.1597,2.3
76.44,1.5577,0.1561,0.7
76.64,1.5523,0.1547,1.5
76.84,1.5582,0.1607,2.7
77.04,1.5600,0.1598,0.8
77.34,1.5586,0.1633,0.6
77.54,1.5641,0.1687,1.4
77.74,1.5589,0.1593,3.4
77.94,1.5549,0.1647,0.7
78.24,1.5537,0.1640,0.8
78.44,1.5570,0.1594,1.3
78.64,1.5633,0.1680,3.0
78.94,1.5613,0.1591,3.8
79.24,1.5610,0.1719,2.4
79.54,1.5597,0.1614,4.8
79.74,1.5578,0.1704,1.0
79.94,1.5513,0.1752,2.3
80.14,1.5460,0.1655,3.2
80.34,1.5429,0.1684,0.9
80.54,1.5302,0.1760,2.8
80.74,1.5269,0.1645,3.0
80.94,1.5374,0.1661,1.0
81.24,1.5422,0.1643,1.4
81.44,1.5287,0.1629,3.7
81.64,1.5330,0.1765,3.4
81.84,1.5437,0.1731,1.1
82.14,1.5440,0.1726,1.1
82.44,1.5454,0.1717,1.0
82.74,1.5549,0.1722,0.3
82.94,1.5554,0.1740,0.8
83.14,1.5553,0.1697,1.9
83.44,1.5570,0.1764,2.4
83.64,1.5608,0.1727,1.0
83.84,1.5576,0.1702,1.6
84.04,1.5619,0.1787,3.0
84.24,1.5642,0.1760,0.9
84.55,1.5610,0.1778,0.7
84.75,1.5616,0.1831,1.2
84.95,1.5642,0.1754,2.2
85.25,1.5730,0.1846,3.5
85.45,1.5702,0.1827,1.2
85.65,1.5549,0.1823,2.3
85.95,1.5524,0.1903,0.9
86.15,1.5528,0.1876,2.0
86.45,1.5569,0.1955,2.7
86.65,1.5575,0.1916,1.5
86.85,1.5476,0.1897,1.9
87.05,1.5522,0.1992,1.8
87.25,1.5600,0.1972,0.9
87.45,1.5609,0.1938,1.4
87.65,1.5682,0.2028,3.1
87.85,1.5660,0.2006,1.1
88.15,1.5580,0.2048,1.3
88.35,1.5606,0.2070,0.7
88.55,1.5588,0.2038,1.8
88.75,1.5642,0.2078,0.7
88.95,1.5732,0.2148,2.2
89.25,1.5611,0.2069,1.9
89.45,1.5647,0.2175,2.1
89.65,1.5693,0.2148,0.9
89.95,1.5691,0.2149,0.4
90.15,1.5721,0.2180,1.4
90.35,1.5652,0.2097,2.9
90.55,1.5668,0.2166,1.2
90.75,1.5708,0.2217,1.8
90.95,1.5740,0.2122,3.0
91.25,1.5756,0.2219,3.1
91.45,1.5747,0.2184,0.9
91.65,1.5675,0.2149,1.8
91.85,1.5721,0.2248,2.3
92.05,1.5755,0.2215,0.8
92.25,1.5670,0.2178,2.2
92.55,1.5719,0.2303,1.9
92.85,1.5640,0.2228,1.9
93.05,1.5630,0.2291,1.2
93.25,1.5708,0.2270,0.9
93.45,1.5755,0.2243,1.1
93.65,1.5792,0.2325,3.1
93.85,1.5791,0.2312,0.9
94.05,1.5729,0.2317,1.7
94.25,1.5837,0.2376,2.5
94.45,1.5887,0.2335,1.4
94.75,1.5756,0.2381,0.9
94.96,1.5748,0.2466,1.2
95.16,1.5733,0.2424,1.5
95.36,1.5733,0.2441,1.1
95.56,1.5693,0.2455,0.7
95.76,1.5677,0.2427,1.7
95.96,1.5792,0.2463,0.9
96.16,1.5908,0.2522,2.3
96.36,1.5840,0.2407,4.1
96.56,1.5779,0.2476,1.4
96.76,1.5845,0.2567,1.2
97.06,1.5882,0.2554,1.1
97.26,1.5930,0.2590,1.4
97.46,1.5987,0.2596,1.0
97.66,1.5960,0.2602,1.1
97.86,1.6079,0.2691,1.3
98.06,1.6115,0.2688,1.1
98.26,1.6095,0.2657,1.1
98.46,1.6019,0.2724,3.9
98.66,1.6109,0.2691,1.4
98.96,1.6097,0.2745,0.5
99.26,1.6094,0.2748,1.7
99.46,1.5992,0.2523,4.7
99.66,1.5735,0.2654,6.9
99.86,1.5822,0.2592,11.4
100.16,1.6124,0.2695,9.0
100.36,1.6116,0.2818,2.7
100.56,1.6146,0.2956,2.3
100.76,1.6186,0.3023,1.3
100.96,1.6241,0.3050,1.9
101.16,1.6310,0.3230,2.4
101.46,1.6340,0.3397,0.8
101.66,1.6392,0.3533,0.9
101.86,1.6441,0.3652,0.7
102.06,1.6493,0.3751,1.2
102.36,1.6588,0.3799,1.6
102.56,1.6667,0.3922,0.8
102.86,1.6816,0.4051,1.0
103.06,1.6893,0.4060,1.1
103.36,1.6937,0.4227,1.7
103.56,1.6997,0.4167,3.3
103.76,1.7009,0.4238,1.6
103.96,1.7002,0.4227,2.2
104.16,1.7186,0.4294,1.1
104.36,1.7369,0.4387,0.4
104.56,1.7483,0.4463,0.7
104.86,1.7469,0.4498,2.5
105.06,1.7684,0.4616,1.5
105.26,1.7879,0.4694,0.7
105.47,1.8000,0.4727,0.5
105.77,1.8185,0.4834,0.5
106.07,1.8300,0.4844,1.2
106.27,1.8496,0.4936,2.0
106.47,1.8717,0.4960,1.3
106.77,1.8906,0.5018,0.7
106.97,1.8994,0.5051,0.9
107.17,1.9191,0.5029,3.5
107.37,1.9333,0.5123,1.1
107.57,1.9397,0.5088,2.1
107.77,1.9640,0.5123,1.4
107.97,1.9821,0.5191,0.9
108.27,2.0079,0.5235,1.4
108.47,2.0189,0.5244,1.5
108.67,2.0298,0.5386,2.7
108.87,2.0506,0.5398,1.4
109.07,2.0673,0.5420,1.0
109.37,2.0809,0.5473,2.0
109.67,2.1064,0.5497,1.3
109.87,2.1123,0.5556,1.8
110.07,2.1259,0.5559,1.2
110.27,2.1329,0.5587,1.1
110.57,2.1565,0.5637,0.9
110.87,2.1845,0.5685,0.9
111.07,2.1902,0.5759,2.1
111.27,2.2062,0.5749,0.7
111.57,2.2291,0.5811,1.0
111.77,2.2411,0.5867,0.9
111.97,2.2531,0.5840,2.6
112.17,2.2649,0.5933,1.2
112.37,2.2764,0.6004,1.1
112.57,2.2911,0.5997,1.7
112.77,2.3074,0.6079,0.9
112.97,2.3233,0.6130,0.6
113.17,2.3436,0.6168,2.7
113.37,2.3554,0.6256,1.6
113.67,2.3733,0.6261,1.1
113.97,2.3871,0.6284,1.0
114.17,2.3744,0.6298,3.0
114.47,2.3810,0.6158,1.9
114.67,2.3953,0.6277,3.1
114.97,2.4083,0.6211,2.3
115.17,2.4225,0.6263,0.8
115.37,2.4375,0.6345,1.5
115.57,2.4243,0.6312,3.5
115.77,2.4153,0.6358,2.5
115.98,2.4141,0.6322,3.3
116.28,2.4179,0.6426,3.4
116.48,2.4282,0.6341,4.0
116.68,2.4227,0.6351,1.7
116.88,2.4139,0.6424,3.4
117.08,2.4277,0.6346,3.6
117.28,2.4347,0.6370,1.6
117.48,2.4339,0.6427,3.5
117.78,2.4399,0.6327,2.9
117.98,2.4414,0.6385,3.7
118.28,2.4501,0.6420,1.7
118.48,2.4587,0.6432,0.9
118.68,2.4658,0.6402,1.1
118.98,2.4677,0.6472,1.3
119.28,2.4643,0.6376,1.6
119.48,2.4614,0.6464,1.9
119.68,2.4618,0.6440,0.8
119.98,2.4627,0.6464,0.4
120.18,2.4659,0.6560,1.4
120.48,2.4546,0.6439,2.3
120.68,2.4597,0.6531,1.1
120.88,2.4675,0.6558,0.9
121.18,2.4703,0.6606,0.8
121.38,2.4704,0.6659,0.9
121.58,2.4700,0.6571,2.4
121.78,2.4710,0.6673,0.9
121.98,2.4739,0.6810,0.9
122.18,2.4733,0.6738,2.9
122.38,2.4703,0.6831,1.2
122.58,2.4716,0.6980,0.6
122.78,2.4772,0.7026,2.6
122.98,2.4778,0.7192,1.3
123.18,2.4793,0.7368,1.0
123.48,2.4821,0.7446,2.2
123.68,2.4893,0.7698,1.0
123.88,2.4953,0.7819,0.8
124.18,2.5015,0.7988,0.6
124.38,2.5005,0.8064,1.3
124.68,2.5062,0.8175,2.1
124.88,2.5169,0.8389,1.0
125.18,2.5299,0.8575,1.6
125.48,2.5410,0.8863,2.6
125.68,2.5508,0.8971,1.5
125.88,2.5434,0.9013,2.8
126.08,2.5495,0.9245,1.5
126.28,2.5560,0.9364,1.1
126.48,2.5524,0.9422,2.1
126.69,2.5606,0.9613,0.9
126.89,2.5670,0.9745,0.6
127.09,2.5696,0.9861,1.1
127.29,2.5778,1.0052,1.6
127.49,2.5850,1.0113,0.8
127.69,2.5864,1.0136,0.7
127.89,2.5893,1.0214,1.7
128.09,2.5851,1.0151,1.0
128.39,2.5763,1.0182,3.0
128.59,2.5711,1.0168,4.3
128.79,2.5850,1.0133,0.9
128.99,2.5906,1.0146,0.4
129.19,2.5793,1.0158,2.4
129.39,2.5901,1.0060,2.6
129.59,2.6044,1.0082,0.9
129.79,2.6084,1.0112,1.6
129.99,2.6170,1.0007,2.7
130.29,2.6290,1.0024,1.7
130.49,2.6425,0.9951,1.0
130.69,2.6573,0.9900,0.8
130.89,2.6784,0.9848,2.3
131.09,2.6915,0.9769,1.3
131.39,2.7122,0.9750,1.3
131.59,2.7285,0.9746,0.8
131.79,2.7417,0.9655,2.1
131.99,2.7627,0.9633,1.2
132.29,2.7809,0.9549,1.7
132.49,2.7808,0.9629,2.6
132.69,2.8063,0.9595,0.8
132.89,2.8188,0.9559,1.0
133.09,2.8141,0.9583,2.3
133.39,2.8380,0.9559,1.1
133.59,2.8490,0.9486,1.7
133.79,2.8695,0.9451,1.0
133.99,2.8869,0.9440,0.8
134.19,2.8956,0.9357,2.9
134.39,2.9051,0.9379,2.1
134.59,2.9212,0.9379,1.3
134.89,2.9453,0.9222,1.0
135.09,2.9619,0.9248,2.3
135.29,2.9709,0.9164,0.7
135.49,2.9791,0.9062,1.1
135.79,2.9955,0.9022,1.4
135.99,3.0103,0.8902,2.2
136.29,3.0278,0.8862,2.3
136.49,3.0360,0.8746,0.6
136.69,3.0428,0.8636,0.9
136.89,3.0585,0.8619,2.0
137.20,3.0734,0.8429,2.6
137.50,3.0932,0.8350,1.7
137.70,3.1058,0.8214,1.0
137.90,3.1163,0.8082,0.8
138.20,3.1316,0.8000,1.2
138.40,3.1462,0.7846,2.0
138.60,3.1637,0.7752,1.4
138.80,3.1761,0.7683,0.8
139.00,3.1823,0.7551,2.2
139.20,3.1997,0.7457,1.1
139.40,3.2160,0.7381,0.8
139.70,3.2217,0.7323,2.2
139.90,3.2434,0.7202,1.6
140.10,3.2575,0.7057,1.1
140.40,3.2765,0.6930,0.9
140.70,3.2933,0.6751,1.4
140.90,3.3014,0.6736,1.8
141.10,3.3219,0.6601,2.0
141.30,3.3334,0.6462,1.3
141.60,3.3507,0.6345,0.8
141.80,3.3654,0.6265,0.8
142.00,3.3702,0.6159,1.6
142.30,3.3957,0.6012,1.9
142.50,3.4079,0.5852,1.1
142.70,3.4151,0.5756,1.1
142.90,3.4332,0.5726,4.4
143.20,3.4342,0.5592,2.7
143.40,3.4431,0.5535,1.7
143.60,3.4524,0.5415,1.0
143.80,3.4619,0.5299,2.1
144.00,3.4670,0.5299,1.0
144.20,3.4675,0.5287,1.1
144.50,3.4821,0.5049,1.0
144.80,3.4983,0.4960,1.4
145.00,3.5089,0.4844,1.9
145.20,3.5278,0.4742,1.0
145.50,3.5452,0.4597,1.3
145.70,3.5463,0.4653,1.9
146.00,3.5572,0.4693,2.1
146.30,3.5329,0.4648,3.6
146.50,3.5361,0.4775,2.4
146.70,3.5478,0.4766,1.5
146.90,3.5439,0.4760,2.1
147.20,3.5710,0.4830,0.8
147.40,3.5899,0.4844,2.6
147.70,3.6065,0.4936,2.0
147.90,3.6203,0.4902,0.8
148.11,3.6258,0.4834,2.1
148.31,3.6151,0.4926,2.7
148.61,3.6174,0.4822,2.5
148.81,3.6345,0.4834,1.0
149.01,3.6414,0.4871,1.3
149.31,3.6493,0.4806,2.2
149.51,3.6656,0.4811,1.6
149.71,3.6818,0.4752,0.8
150.01,3.6963,0.4748,0.7
150.21,3.6957,0.4818,1.2
150.41,3.6846,0.4723,2.8
150.61,3.6807,0.4777,2.2
150.81,3.6953,0.4819,1.3
151.11,3.7200,0.4849,1.3
151.31,3.7282,0.4915,0.5
151.51,3.7079,0.4863,0.6
151.71,3.7079,0.4861,0.4
152.01,3.7032,0.4842,0.6
152.21,3.7012,0.4835,0.6
152.41,3.6988,0.4831,0.4
152.61,3.6977,0.4824,0.7
152.81,3.6960,0.4780,2.0
153.11,3.7075,0.4837,1.4
153.31,3.7255,0.4860,1.2
153.51,3.7421,0.4882,1.2
153.71,3.7518,0.4935,1.6
153.91,3.7629,0.4993,1.9
154.11,3.7799,0.5009,1.4
154.41,3.7995,0.5111,0.9
154.61,3.8082,0.5155,1.0
154.81,3.8282,0.5171,3.2
155.01,3.8412,0.5286,1.2
155.21,3.8479,0.5259,1.6
155.41,3.8646,0.5294,1.6
155.61,3.8720,0.5324,1.2
155.91,3.8865,0.5346,1.2
156.11,3.8929,0.5358,1.0
156.41,3.9107,0.5464,0.5
156.61,3.9317,0.5500,3.4
156.81,3.9443,0.5638,1.5
157.01,3.9520,0.5639,1.6
157.21,3.9699,0.5656,2.7
157.41,3.9792,0.5743,1.6
157.61,3.9833,0.5737,2.3
157.81,4.0015,0.5792,1.2
158.01,4.0168,0.5865,0.7
158.22,4.0233,0.5894,1.3
158.52,4.0537,0.5937,1.4
158.72,4.0603,0.6053,2.0
159.02,4.0828,0.6063,3.4
159.22,4.0928,0.6168,1.3
159.52,4.1044,0.6198,0.9
159.72,4.1112,0.6174,3.1
159.92,4.0953,0.6228,5.0
160.12,4.0869,0.6160,1.3
160.32,4.0792,0.6051,2.7
160.52,4.0651,0.6086,2.6
160.72,4.0621,0.6021,0.9
160.92,4.0597,0.5860,4.1
161.12,4.0458,0.5912,4.4
161.32,4.0382,0.5857,1.1
161.52,4.0320,0.5755,2.8
161.82,4.0128,0.5810,3.1
162.02,4.0107,0.5656,3.9
162.22,4.0020,0.5599,0.3
162.42,3.9898,0.5581,2.3
162.62,3.9881,0.5430,4.3
162.82,3.9815,0.5439,0.9
163.02,3.9694,0.5454,3.6
163.22,3.9618,0.5336,2.9
163.42,3.9518,0.5333,0.6
163.62,3.9387,0.5365,2.7
163.82,3.9333,0.5216,4.2
164.02,3.9251,0.5226,1.0
164.22,3.9112,0.5273,3.7
164.42,3.8981,0.5183,3.4
164.62,3.8900,0.5224,0.5
164.92,3.8698,0.5274,0.6
165.12,3.8581,0.5211,3.5
165.32,3.8516,0.5310,2.0
165.52,3.8398,0.5315,0.6
165.72,3.8279,0.5311,2.0
165.92,3.8271,0.5395,1.6
166.12,3.8171,0.5422,0.5
166.42,3.8070,0.5494,0.7
166.62,3.8050,0.5642,4.3
166.82,3.7924,0.5671,3.0
167.02,3.7906,0.5757,0.6
167.22,3.7910,0.5890,3.0
167.52,3.7718,0.5944,3.1
167.72,3.7793,0.6089,3.5
167.92,3.7756,0.6211,0.9
168.12,3.7667,0.6281,3.0
168.32,3.7765,0.6407,2.6
168.62,3.7698,0.6601,2.8
168.83,3.7709,0.6598,0.3
169.03,3.7812,0.6690,1.9
169.33,3.7755,0.6765,1.3
169.53,3.7715,0.6553,3.0
169.73,3.7608,0.6477,1.1
170.03,3.7631,0.6432,0.6
170.23,3.7693,0.6355,1.5
170.43,3.7652,0.6429,3.8
170.63,3.7708,0.6448,3.4
170.83,3.7682,0.6324,2.8
171.13,3.7771,0.6225,3.8
171.33,3.7647,0.6111,3.4
171.63,3.7658,0.5994,4.2
171.83,3.7671,0.5898,1.4
172.03,3.7651,0.5841,2.8
172.23,3.7658,0.5655,2.3
172.43,3.7640,0.5538,1.0
172.73,3.7578,0.5444,1.1
173.03,3.7589,0.5451,2.4
173.23,3.7536,0.5437,3.7
173.53,3.7610,0.5299,3.6
173.73,3.7473,0.5129,2.9
173.93,3.7425,0.5069,1.3
174.13,3.7510,0.5106,2.8
174.33,3.7425,0.4914,1.2
174.63,3.7343,0.4716,1.4
174.83,3.7300,0.4593,1.2
175.03,3.7250,0.4564,1.8
175.23,3.7204,0.4427,1.9
175.43,3.7164,0.4312,1.0
175.63,3.7134,0.4272,1.4
175.83,3.7082,0.4169,0.9
176.13,3.7010,0.4032,0.7
176.33,3.6993,0.4016,0.5
176.53,3.6992,0.4077,1.6
176.73,3.7040,0.4018,2.2
177.03,3.7006,0.4082,2.6
177.33,3.7085,0.4066,1.8
177.53,3.7050,0.4075,0.5
177.83,3.7044,0.4069,0.8
178.03,3.7116,0.4081,1.9
178.33,3.7032,0.4113,1.2
178.53,3.7073,0.4074,1.9
178.73,3.7040,0.4088,0.7
178.94,3.6995,0.4129,2.5
179.23,3.7132,0.4058,2.8
179.44,3.7130,0.4155,2.3
179.64,3.7170,0.4152,0.9
179.84,3.7252,0.4183,1.6
180.04,3.7138,0.4153,1.5
180.34,3.7160,0.4101,2.4
180.54,3.7042,0.4111,1.1
180.74,3.6961,0.4138,1.9
180.94,3.7003,0.4073,2.2
181.24,3.6827,0.4127,3.0
181.44,3.6768,0.4084,1.1
181.74,3.6818,0.4159,2.7
181.94,3.6847,0.4179,3.5
182.14,3.6770,0.4124,1.2
182.44,3.6512,0.4150,1.9
182.74,3.6271,0.4087,3.5
182.94,3.6165,0.4141,1.4
183.24,3.6112,0.4090,2.1
183.44,3.5991,0.4093,2.4
183.74,3.5738,0.4060,1.8
183.94,3.5528,0.4066,1.1
184.14,3.5310,0.4086,0.7
184.44,3.5083,0.4077,0.9
184.74,3.4934,0.4075,1.4
184.94,3.4916,0.4053,1.8
185.14,3.4695,0.3979,2.3
185.34,3.4550,0.3966,1.1
185.64,3.4434,0.3856,1.4
185.94,3.4236,0.3781,1.2
186.14,3.4133,0.3739,1.0
186.34,3.3944,0.3667,1.0
186.54,3.3724,0.3618,0.9
186.84,3.3515,0.3541,1.4
187.04,3.3457,0.3567,2.2
187.24,3.3220,0.3526,1.5
187.44,3.3065,0.3462,1.1
187.64,3.2950,0.3433,1.4
187.84,3.2756,0.3425,3.2
188.14,3.2618,0.3320,1.9
188.34,3.2466,0.3328,1.1
188.64,3.2270,0.3258,0.7
188.84,3.2193,0.3184,1.2
189.04,3.2051,0.3207,2.8
189.34,3.1932,0.3066,2.4
189.54,3.1786,0.3021,1.3
189.74,3.1771,0.2969,2.0
189.94,3.1615,0.2836,1.2
190.14,3.1508,0.2763,1.1
190.34,3.1476,0.2724,1.4
190.54,3.1324,0.2530,2.8
190.75,3.1189,0.2446,1.4
190.95,3.1255,0.2401,3.0
191.25,3.1123,0.2099,1.5
191.45,3.1061,0.2094,2.5
191.65,3.1050,0.1990,1.8
191.85,3.1002,0.1816,1.2
192.15,3.0820,0.1646,1.3
192.35,3.0806,0.1467,3.7
192.55,3.0677,0.1399,1.7
192.75,3.0728,0.1356,2.7
192.95,3.0625,0.1099,2.1
193.25,3.0486,0.0921,2.2
193.45,3.0451,0.0779,1.7
193.65,3.0416,0.0615,1.2
193.85,3.0281,0.0506,2.1
194.15,3.0180,0.0258,2.4
194.35,3.0066,0.0166,1.2
194.55,3.0099,0.0124,2.6
194.75,2.9971,-0.0102,1.3
195.05,2.9847,-0.0193,1.9
195.35,2.9790,-0.0335,2.2
195.55,2.9708,-0.0355,0.9
195.75,2.9663,-0.0333,2.2
195.95,2.9744,-0.0397,3.2
196.15,2.9693,-0.0361,0.9
196.35,2.9684,-0.0325,2.0
196.55,2.9680,-0.0414,1.1
196.75,2.9602,-0.0469,0.7
196.95,2.9567,-0.0445,1.5
197.15,2.9629,-0.0499,2.5
197.35,2.9578,-0.0481,0.8
197.65,2.9581,-0.0512,0.7
197.85,2.9623,-0.0548,2.0
198.05,2.9565,-0.0491,2.5
198.25,2.9615,-0.0493,0.5
198.55,2.9688,-0.0410,0.7
198.85,2.9728,-0.0387,0.6
199.05,2.9784,-0.0419,1.4
199.25,2.9692,-0.0373,2.4
199.45,2.9701,-0.0406,1.2
199.75,2.9678,-0.0445,0.6
199.95,2.9615,-0.0427,2.0
200.15,2.9671,-0.0524,2.9
200.35,2.9599,-0.0516,1.0
200.55,2.9552,-0.0487,2.6
200.75,2.9640,-0.0536,3.1
200.95,2.9593,-0.0513,0.8
201.15,2.9573,-0.0467,2.3
201.36,2.9718,-0.0461,2.8
201.56,2.9701,-0.0410,1.2
201.76,2.9697,-0.0384,1.3
201.96,2.9686,-0.0431,1.0
202.26,2.9570,-0.0479,1.6
202.46,2.9569,-0.0516,0.6
202.76,2.9584,-0.0500,0.7
202.96,2.9578,-0.0434,2.0
203.26,2.9702,-0.0464,1.6
203.46,2.9653,-0.0382,2.6
203.76,2.9721,-0.0451,2.5
203.96,2.9679,-0.0454,1.1
204.26,2.9687,-0.0453,1.0
204.46,2.9729,-0.0462,1.0
204.66,2.9628,-0.0461,2.8
204.86,2.9625,-0.0482,0.6
205.16,2.9622,-0.0439,0.7
205.46,2.9607,-0.0479,0.8
205.66,2.9653,-0.0502,1.8
205.86,2.9541,-0.0442,4.0
206.06,2.9536,-0.0473,0.3
206.36,2.9564,-0.0441,0.9
206.56,2.9607,-0.0369,1.8
206.76,2.9617,-0.0403,0.9
206.96,2.9582,-0.0434,0.7
207.16,2.9548,-0.0427,1.1
207.46,2.9566,-0.0532,1.8
207.66,2.9504,-0.0457,3.2
207.86,2.9540,-0.0504,0.7
208.06,2.9593,-0.0528,1.9
208.26,2.9536,-0.0461,2.0
208.46,2.9560,-0.0501,0.5
208.66,2.9613,-0.0533,2.0
208.86,2.9580,-0.0401,4.2
209.16,2.9686,-0.0473,2.3
209.36,2.9638,-0.0466,1.0
209.66,2.9674,-0.0491,1.0
209.86,2.9724,-0.0528,3.1
210.06,2.9683,-0.0443,3.8
210.26,2.9732,-0.0456,0.8
210.46,2.9918,-0.0463,2.7
210.66,2.9931,-0.0318,4.2
210.86,2.9959,-0.0407,1.3
211.16,2.9898,-0.0391,1.7
211.36,2.9863,-0.0365,1.5
211.57,2.9891,-0.0405,1.1
211.77,2.9855,-0.0374,1.0
211.97,2.9804,-0.0372,1.8
212.27,2.9513,-0.0361,1.2
212.47,2.9391,-0.0278,2.1
212.67,2.9215,-0.0265,0.8
212.87,2.9083,-0.0279,1.2
213.07,2.8992,-0.0178,2.8
213.27,2.8835,-0.0183,1.5
213.57,2.8576,-0.0120,1.3
213.77,2.8508,-0.0118,1.9
213.97,2.8288,-0.0078,2.3
214.27,2.8161,-0.0011,2.6
214.57,2.7972,-0.0025,1.2
214.77,2.7774,0.0040,0.7
214.97,2.7648,0.0097,0.9
215.17,2.7499,0.0101,2.7
215.47,2.7406,0.0199,2.5
215.67,2.7243,0.0211,1.5
215.87,2.7025,0.0239,1.4
216.07,2.6927,0.0319,2.1
216.37,2.6636,0.0367,0.9
216.57,2.6465,0.0431,0.7
216.87,2.6251,0.0517,0.8
217.07,2.6148,0.0541,1.3
217.27,2.6000,0.0669,2.1
217.57,2.5725,0.0723,3.8
217.77,2.5628,0.0863,1.7
218.07,2.5496,0.0825,1.0
218.27,2.5390,0.0769,1.7
218.47,2.5429,0.0814,2.8
218.67,2.5351,0.0777,2.2
218.87,2.5161,0.0761,0.5
219.07,2.5081,0.0787,1.8
219.27,2.4905,0.0748,1.2
219.47,2.4707,0.0700,1.0
219.77,2.4734,0.0704,2.3
219.97,2.4574,0.0678,1.8
220.17,2.4407,0.0693,1.0
220.47,2.4304,0.0688,1.7
220.67,2.4313,0.0741,3.7
220.87,2.4134,0.0693,2.4
221.07,2.4024,0.0698,1.4
221.27,2.3943,0.0800,4.3
221.57,2.3835,0.0678,3.4
221.78,2.3695,0.0788,4.1
222.08,2.3586,0.0758,3.4
222.28,2.3515,0.0776,1.4
222.48,2.3479,0.0884,4.5
222.78,2.3355,0.0755,3.4
222.98,2.3221,0.0871,4.2
223.18,2.3203,0.0858,1.7
223.38,2.3200,0.0782,3.2
223.58,2.3059,0.0838,3.2
223.88,2.2957,0.0821,3.1
224.08,2.2870,0.0821,1.4
224.28,2.2842,0.0901,4.0
224.48,2.2786,0.0810,5.2
224.68,2.2805,0.0824,2.3
224.88,2.2852,0.0883,4.6
225.08,2.2779,0.0796,4.9
225.38,2.2757,0.0850,4.4
225.58,2.2767,0.0836,1.5
225.78,2.2761,0.0773,3.8
226.08,2.2722,0.0807,1.9
226.28,2.2740,0.0785,1.1
226.48,2.2813,0.0780,0.6
226.78,2.2832,0.0786,1.2
226.98,2.2983,0.0795,2.9
227.18,2.2861,0.0685,1.5
227.38,2.2748,0.0635,0.8
227.58,2.2695,0.0644,2.4
227.88,2.2721,0.0508,1.6
228.08,2.2616,0.0546,3.1
228.38,2.2673,0.0454,3.5
228.58,2.2617,0.0448,1.0
228.78,2.2664,0.0506,1.8
229.08,2.2684,0.0296,2.9
229.28,2.2648,0.0359,1.8
229.48,2.2681,0.0310,0.7
229.78,2.2699,0.0254,1.0
229.98,2.2732,0.0417,3.2
230.18,2.2788,0.0358,2.0
230.38,2.2776,0.0384,0.5
230.68,2.2780,0.0400,1.3
230.88,2.2783,0.0313,1.2
231.08,2.2715,0.0300,2.0
231.28,2.2694,0.0144,1.0
231.48,2.2707,-0.0010,1.6
231.68,2.2672,-0.0016,3.1
231.98,2.2722,-0.0134,1.1
232.19,2.2674,-0.0278,0.8
232.39,2.2671,-0.0324,1.3
232.59,2.2609,-0.0450,1.2
232.79,2.2570,-0.0483,0.4
232.99,2.2615,-0.0451,1.5
233.19,2.2628,-0.0480,1.4
233.49,2.2634,-0.0353,1.8
233.69,2.2623,-0.0461,1.7
233.89,2.2593,-0.0613,0.9
234.19,2.2490,-0.0851,0.8
234.39,2.2454,-0.1037,2.2
234.59,2.2368,-0.1130,1.2
234.79,2.2363,-0.1171,1.6
235.09,2.2378,-0.1294,1.2
235.29,2.2310,-0.1320,2.7
235.49,2.2317,-0.1428,1.8
235.69,2.2299,-0.1609,1.2
235.89,2.2183,-0.1726,1.9
236.09,2.2128,-0.1915,0.8
236.29,2.2123,-0.2038,0.9
236.49,2.2062,-0.2092,3.0
236.79,2.2083,-0.2289,1.5
236.99,2.2013,-0.2424,1.1
237.19,2.2030,-0.2487,2.1
237.49,2.1983,-0.2782,1.4
237.69,2.1920,-0.2862,2.2
237.89,2.1925,-0.2939,1.5
238.09,2.1916,-0.2978,0.9
238.29,2.1858,-0.3024,1.4
238.59,2.1784,-0.3165,1.5
238.79,2.1689,-0.3213,0.7
238.99,2.1639,-0.3234,1.2
239.19,2.1573,-0.3326,1.1
239.49,2.1464,-0.3324,2.1
239.69,2.1417,-0.3364,0.9
239.89,2.1463,-0.3327,1.7
240.09,2.1288,-0.3322,1.8
240.39,2.1224,-0.3360,2.3
240.59,2.1123,-0.3320,1.4
240.79,2.0927,-0.3273,1.4
240.99,2.0792,-0.3365,2.4
241.19,2.0639,-0.3343,1.4
241.49,2.0487,-0.3370,1.0
241.79,2.0302,-0.3382,0.9
241.99,2.0127,-0.3351,1.3
242.19,1.9993,-0.3445,2.3
242.39,1.9855,-0.3425,1.3
242.70,1.9621,-0.3484,1.4
243.00,1.9484,-0.3460,1.2
243.20,1.9445,-0.3483,2.0
243.40,1.9235,-0.3523,1.9
243.70,1.9000,-0.3474,3.6
244.00,1.8839,-0.3574,2.6
244.20,1.8678,-0.3544,1.4
244.40,1.8463,-0.3512,1.2
244.70,1.8457,-0.3512,2.7
244.90,1.8208,-0.3485,1.3
245.10,1.8042,-0.3484,0.8
245.30,1.8006,-0.3502,1.3
245.50,1.7812,-0.3444,2.9
245.70,1.7675,-0.3479,1.1
245.90,1.7686,-0.3422,2.7
246.10,1.7451,-0.3403,1.1
246.40,1.7160,-0.3408,1.2
246.60,1.6957,-0.3387,0.9
246.80,1.6830,-0.3349,1.2
247.00,1.6709,-0.3425,2.0
247.30,1.6499,-0.3388,2.1
247.50,1.6342,-0.3438,1.1
247.70,1.6251,-0.3454,1.5
248.00,1.5935,-0.3405,1.3
248.20,1.5851,-0.3506,2.7
248.40,1.5726,-0.3467,1.3
248.60,1.5507,-0.3423,1.5
248.80,1.5426,-0.3492,2.2
249.00,1.5320,-0.3453,1.2
249.20,1.5164,-0.3423,1.2
249.40,1.5035,-0.3468,2.1
249.60,1.4878,-0.3421,1.1
249.80,1.4772,-0.3394,1.7
250.00,1.4651,-0.3494,2.5
250.30,1.4394,-0.3423,3.1
250.50,1.4260,-0.3478,1.2
250.70,1.4270,-0.3497,2.3
250.90,1.4219,-0.3367,3.5
251.20,1.4003,-0.3439,2.9
251.40,1.3931,-0.3410,1.2
251.70,1.3782,-0.3406,1.0
251.90,1.3695,-0.3461,2.1
252.10,1.3754,-0.3386,2.5
252.40,1.3717,-0.3486,2.3
252.60,1.3675,-0.3453,1.4
252.80,1.3786,-0.3425,3.6
253.10,1.3736,-0.3576,1.9
253.40,1.3666,-0.3499,1.4
253.61,1.3718,-0.3568,1.5
253.81,1.3736,-0.3543,0.6
254.01,1.3698,-0.3498,1.7
254.31,1.3600,-0.3597,2.3
254.51,1.3649,-0.3519,2.9
254.71,1.3666,-0.3576,0.9
254.91,1.3674,-0.3613,1.2
255.11,1.3643,-0.3564,1.8
255.31,1.3609,-0.3582,0.8
255.61,1.3603,-0.3569,0.5
255.81,1.3579,-0.3502,2.0
256.01,1.3574,-0.3584,2.5
256.31,1.3582,-0.3491,3.8
256.51,1.3592,-0.3547,0.8
256.81,1.3642,-0.3527,0.9
257.01,1.3655,-0.3486,1.7
257.21,1.3604,-0.3571,2.7
257.51,1.3560,-0.3489,2.5
257.81,1.3543,-0.3574,2.7
258.01,1.3529,-0.3541,0.7
258.21,1.3563,-0.3494,2.4
258.51,1.3553,-0.3610,2.2
258.71,1.3609,-0.3506,3.9
258.91,1.3665,-0.3562,0.9
259.11,1.3759,-0.3571,1.7
259.31,1.3675,-0.3542,1.0
259.61,1.3649,-0.3566,1.5
259.81,1.3647,-0.3535,0.5
260.01,1.3610,-0.3485,1.9
260.21,1.3624,-0.3573,3.0
260.51,1.3723,-0.3496,3.6
260.71,1.3731,-0.3571,1.7
260.91,1.3664,-0.3641,1.6
261.21,1.3608,-0.3554,1.8
261.41,1.3582,-0.3652,2.3
261.61,1.3629,-0.3618,1.0
261.81,1.3687,-0.3565,1.5
262.01,1.3652,-0.3654,1.8
262.21,1.3621,-0.3629,0.6
262.51,1.3603,-0.3631,0.6
262.71,1.3624,-0.3692,1.9
262.91,1.3591,-0.3590,2.9
263.11,1.3564,-0.3635,1.0
263.42,1.3571,-0.3625,0.9
263.62,1.3536,-0.3568,2.1
263.82,1.3539,-0.3663,2.7
264.12,1.3549,-0.3583,2.5
264.32,1.3566,-0.3625,0.6
264.62,1.3590,-0.3617,0.9
264.82,1.3569,-0.3567,2.0
265.02,1.3578,-0.3668,3.2
265.22,1.3570,-0.3612,0.9
265.42,1.3591,-0.3571,2.0
265.62,1.3540,-0.3659,2.8
265.92,1.3565,-0.3575,3.4
266.12,1.3624,-0.3643,0.6
266.42,1.3658,-0.3665,0.9
266.62,1.3742,-0.3686,1.4
266.82,1.3759,-0.3686,0.8
267.02,1.3719,-0.3673,0.6
267.22,1.3698,-0.3695,1.3
267.42,1.3651,-0.3719,1.7
267.62,1.3632,-0.3697,0.8
267.92,1.3647,-0.3711,0.6
268.12,1.3657,-0.3775,2.0
268.32,1.3678,-0.3694,2.5
268.52,1.3648,-0.3729,0.8
268.82,1.3617,-0.3729,1.2
269.02,1.3715,-0.3729,2.2
269.22,1.3667,-0.3785,1.7
269.42,1.3563,-0.3751,1.0
269.72,1.3475,-0.3757,1.0
270.02,1.3530,-0.3745,0.6
270.32,1.3556,-0.3744,0.8
270.52,1.3566,-0.3817,2.0
270.72,1.3595,-0.3730,2.3
270.92,1.3653,-0.3783,0.5
271.12,1.3709,-0.3844,1.2
271.32,1.3703,-0.3762,2.2
271.52,1.3687,-0.3789,1.3
271.72,1.3666,-0.3804,0.6
272.02,1.3642,-0.3777,1.1
272.22,1.3637,-0.3831,1.9
272.42,1.3623,-0.3798,0.7
272.62,1.3596,-0.3738,1.6
272.82,1.3538,-0.3821,2.4
273.12,1.3581,-0.3734,4.1
273.32,1.3606,-0.3815,0.9
273.52,1.3635,-0.3861,1.9
273.73,1.3640,-0.3779,2.2
274.03,1.3713,-0.3861,3.0
274.32,1.3837,-0.3780,2.7
274.53,1.3805,-0.3820,1.0
274.73,1.3757,-0.3897,2.0
274.93,1.3783,-0.3811,2.8
275.23,1.3752,-0.3878,1.4
275.43,1.3655,-0.3845,0.6
275.63,1.3621,-0.3794,1.9
275.83,1.3615,-0.3882,2.5
276.03,1.3564,-0.3818,1.0
276.33,1.3517,-0.3825,1.0
276.53,1.3572,-0.3870,1.8
276.73,1.3595,-0.3783,2.4
276.93,1.3561,-0.3825,0.7
277.13,1.3550,-0.3880,2.0
277.43,1.3589,-0.3774,2.0
277.63,1.3580,-0.3865,1.7
277.83,1.3535,-0.3829,0.7
278.03,1.3532,-0.3771,1.9
278.23,1.3562,-0.3876,3.0
278.43,1.3564,-0.3810,0.8
278.73,1.3539,-0.3813,0.8
278.93,1.3539,-0.3861,1.6
279.13,1.3543,-0.3767,3.0
279.33,1.3552,-0.3817,0.7
279.53,1.3589,-0.3876,2.8
279.83,1.3685,-0.3794,2.0
280.03,1.3713,-0.3845,1.2
280.33,1.3642,-0.3804,1.0
280.63,1.3679,-0.3878,2.6
280.83,1.3661,-0.3845,1.0
281.03,1.3697,-0.3825,2.2
281.23,1.3665,-0.3889,2.3
281.43,1.3611,-0.3845,0.8
281.63,1.3593,-0.3793,1.9
281.83,1.3570,-0.3891,2.5
282.03,1.3557,-0.3841,0.8
282.23,1.3570,-0.3795,1.7
282.53,1.3589,-0.3897,1.5
282.83,1.3637,-0.3809,1.9
283.03,1.3601,-0.3899,3.0
283.23,1.3576,-0.3848,1.3
283.43,1.3648,-0.3839,2.3
283.73,1.3574,-0.3927,1.4
284.03,1.3537,-0.3828,1.8
284.33,1.3542,-0.3937,1.8
284.53,1.3583,-0.3855,2.3
284.73,1.3580,-0.3893,0.7
285.04,1.3535,-0.3896,0.8
285.34,1.3544,-0.3917,0.8
285.54,1.3552,-0.3982,2.8
285.84,1.3606,-0.3875,2.1
286.14,1.3602,-0.3987,1.8
286.34,1.3652,-0.3912,2.6
286.54,1.3645,-0.3973,0.8
286.74,1.3596,-0.4050,2.1
287.04,1.3638,-0.4010,1.5
287.24,1.3646,-0.4016,0.6
287.44,1.3615,-0.4000,0.8
287.64,1.3611,-0.3992,1.1
287.84,1.3509,-0.4028,2.3
288.04,1.3498,-0.3997,1.1
288.24,1.3563,-0.3949,2.4
288.54,1.3610,-0.4071,1.8
288.74,1.3660,-0.3983,2.7
288.94,1.3681,-0.4041,0.5
289.14,1.3702,-0.4119,2.0
289.34,1.3732,-0.4061,1.5
289.54,1.3768,-0.4080,1.0
289.74,1.3873,-0.4111,0.8
289.94,1.3837,-0.4075,1.5
290.14,1.3732,-0.4082,0.8
290.34,1.3651,-0.4128,3.0
290.64,1.3803,-0.4003,3.3
290.84,1.3864,-0.4170,6.4
291.04,1.3899,-0.4048,2.0
291.24,1.4049,-0.4070,3.5
291.44,1.4019,-0.4161,2.3
291.64,1.3901,-0.4167,0.8
291.84,1.3826,-0.4127,1.8
292.04,1.3703,-0.4223,3.2
292.24,1.3704,-0.4198,1.5
292.54,1.3784,-0.4240,1.6
292.74,1.3864,-0.4252,2.4
292.94,1.3742,-0.4223,1.1
293.14,1.3681,-0.4229,0.6
293.34,1.3656,-0.4269,1.6
293.64,1.3846,-0.4224,2.5
293.94,1.3809,-0.4366,1.2
294.14,1.3748,-0.4330,1.3
294.34,1.3716,-0.4337,0.9
294.54,1.3736,-0.4366,1.2
294.74,1.3773,-0.4301,2.8
295.04,1.3709,-0.4327,1.4
295.24,1.3645,-0.4285,0.4
295.44,1.3647,-0.4243,1.7
295.64,1.3648,-0.4330,2.6
295.94,1.3693,-0.4251,2.9
296.14,1.3662,-0.4291,0.9
296.35,1.3687,-0.4340,1.9
296.55,1.3667,-0.4233,2.7
296.75,1.3612,-0.4261,0.7
297.05,1.3587,-0.4253,1.5
297.25,1.3636,-0.4238,2.8
297.55,1.3578,-0.4291,0.9
297.75,1.3558,-0.4244,1.9
298.05,1.3594,-0.4320,2.4
298.25,1.3603,-0.4278,0.8
298.55,1.3558,-0.4272,0.7
298.75,1.3555,-0.4328,2.0
298.95,1.3602,-0.4240,2.7
299.15,1.3577,-0.4280,0.7
299.45,1.3543,-0.4291,1.1
299.65,1.3635,-0.4270,3.0
299.85,1.3603,-0.4368,2.2
300.05,1.3584,-0.4338,0.8
300.25,1.3626,-0.4291,2.0
300.45,1.3655,-0.4398,2.4
300.65,1.3695,-0.4374,1.1
300.85,1.3711,-0.4394,1.6
301.05,1.3562,-0.4403,2.0
301.25,1.3522,-0.4372,1.3
301.45,1.3590,-0.4363,2.5
301.75,1.3555,-0.4429,0.9
301.95,1.3535,-0.4361,2.7
302.15,1.3508,-0.4394,0.8
302.35,1.3613,-0.4400,0.6
302.55,1.3630,-0.4408,0.3
302.75,1.3661,-0.4413,0.4
302.95,1.3669,-0.4413,0.3
303.15,1.3694,-0.4419,0.3
303.35,1.3708,-0.4422,0.2
303.65,1.3793,-0.4430,0.4
303.85,1.3883,-0.4451,0.6
304.05,1.3992,-0.4429,2.0
304.25,1.4071,-0.4482,0.5
304.45,1.4163,-0.4605,2.7
304.65,1.4301,-0.4550,3.3
304.85,1.4353,-0.4606,0.3
305.05,1.4410,-0.4704,2.1
305.25,1.4523,-0.4621,4.5
305.45,1.4567,-0.4661,0.7
305.65,1.4651,-0.4762,2.3
305.85,1.4795,-0.4721,2.7
306.05,1.4840,-0.4791,0.6
306.25,1.4890,-0.4910,2.6
306.45,1.5032,-0.4870,3.3
306.75,1.5125,-0.5016,3.6
306.95,1.5209,-0.5024,0.9
307.16,1.5325,-0.5038,1.6
307.36,1.5369,-0.5173,2.5
307.56,1.5478,-0.5195,0.7
307.76,1.5599,-0.5185,2.6
308.06,1.5586,-0.5404,4.1
308.26,1.5744,-0.5426,4.1
308.46,1.5737,-0.5520,0.7
308.76,1.5791,-0.5662,0.8
308.96,1.5904,-0.5707,2.9
309.16,1.5845,-0.5816,2.6
309.36,1.5900,-0.5898,0.8
309.56,1.5981,-0.5984,2.1
309.86,1.5861,-0.6145,2.3
310.06,1.5945,-0.6275,3.9
310.26,1.5919,-0.6291,0.3
310.46,1.5832,-0.6390,1.4
310.66,1.5836,-0.6511,2.4
310.86,1.5849,-0.6405,1.5
311.16,1.6022,-0.6191,1.2
311.36,1.6133,-0.6099,1.1
311.56,1.6132,-0.5974,2.4
311.76,1.6291,-0.5859,1.2
311.96,1.6427,-0.5761,0.7
312.26,1.6454,-0.5700,1.8
312.46,1.6661,-0.5552,2.3
312.66,1.6721,-0.5455,1.1
312.86,1.6686,-0.5481,2.1
313.16,1.6927,-0.5433,1.1
313.36,1.6988,-0.5315,1.9
313.56,1.7144,-0.5255,1.2
313.76,1.7268,-0.5207,1.0
314.06,1.7331,-0.5102,1.5
314.26,1.7562,-0.5062,3.9
314.56,1.7643,-0.5000,2.7
314.76,1.7768,-0.5037,1.5
314.96,1.7902,-0.5019,0.7
315.16,1.8089,-0.4944,1.4
315.36,1.8093,-0.4971,1.3
315.56,1.7980,-0.5055,2.1
315.76,1.7863,-0.4950,2.8
315.96,1.7755,-0.5005,0.8
316.26,1.7645,-0.4980,1.7
316.46,1.7651,-0.4953,1.6
316.66,1.7762,-0.4998,2.3
316.86,1.7888,-0.4943,0.8
317.06,1.8000,-0.4925,0.7
317.26,1.8061,-0.4959,2.9
317.47,1.8160,-0.4846,1.4
317.67,1.8277,-0.4762,1.7
317.87,1.8237,-0.4897,4.3
318.07,1.8174,-0.4804,4.2
318.37,1.8193,-0.4839,4.0
318.57,1.8347,-0.4825,1.6
318.77,1.8492,-0.4775,1.6
318.97,1.8655,-0.4765,1.3
319.17,1.8788,-0.4779,1.0
319.37,1.8837,-0.4701,2.1
319.57,1.9005,-0.4735,1.0
319.77,1.9156,-0.4773,1.2
319.97,1.9255,-0.4696,2.3
320.17,1.9393,-0.4726,1.4
320.47,1.9683,-0.4693,1.2
320.67,1.9736,-0.4693,2.0
320.87,1.9955,-0.4729,3.0
321.07,2.0112,-0.4688,1.2
321.27,2.0092,-0.4738,2.5
321.47,2.0302,-0.4738,1.2
321.77,2.0571,-0.4714,0.9
321.97,2.0749,-0.4709,0.9
322.17,2.0821,-0.4707,1.2
322.37,2.1034,-0.4645,1.9
322.57,2.1219,-0.4651,1.5
322.87,2.1379,-0.4609,0.6
323.07,2.1503,-0.4555,1.0
323.27,2.1673,-0.4592,1.9
323.47,2.1872,-0.4534,1.2
323.77,2.2122,-0.4542,1.5
323.97,2.2161,-0.4525,1.8
324.27,2.2500,-0.4467,0.8
324.47,2.2649,-0.4528,2.6
324.67,2.2794,-0.4489,1.0
324.87,2.2862,-0.4463,1.7
325.17,2.3069,-0.4573,2.0
325.37,2.3201,-0.4473,3.2
325.57,2.3318,-0.4533,1.2
325.77,2.3333,-0.4529,1.9
326.07,2.3627,-0.4506,1.0
326.27,2.3733,-0.4560,2.3
326.47,2.3903,-0.4541,1.4
326.67,2.4046,-0.4539,0.5
326.87,2.4104,-0.4580,1.6
327.17,2.4156,-0.4552,1.4
327.47,2.4267,-0.4642,1.7
327.67,2.4380,-0.4649,0.9
327.87,2.4426,-0.4622,1.4
328.18,2.4367,-0.4709,1.7
328.38,2.4376,-0.4595,3.2
328.68,2.4360,-0.4676,2.4
328.88,2.4430,-0.4659,0.9
329.08,2.4488,-0.4614,1.7
329.28,2.4417,-0.4703,4.1
329.58,2.4466,-0.4591,2.3
329.78,2.4482,-0.4635,0.8
329.98,2.4470,-0.4682,1.7
330.18,2.4483,-0.4577,3.2
330.48,2.4405,-0.4654,2.9
330.68,2.4405,-0.4597,0.7
330.88,2.4393,-0.4543,1.4
331.08,2.4422,-0.4642,3.3
331.28,2.4496,-0.4607,1.0
331.48,2.4479,-0.4564,1.4
331.78,2.4416,-0.4661,1.6
331.98,2.4386,-0.4564,1.9
332.18,2.4394,-0.4614,0.8
332.38,2.4414,-0.4675,1.2
332.68,2.4422,-0.4593,1.3
332.98,2.4368,-0.4671,1.6
333.18,2.4390,-0.4589,1.9
333.38,2.4414,-0.4639,0.6
333.68,2.4451,-0.4662,0.9
333.88,2.4436,-0.4616,1.2
334.08,2.4332,-0.4689,3.9
334.38,2.4381,-0.4578,2.4
334.68,2.4382,-0.4658,2.3
334.88,2.4442,-0.4636,0.9
335.08,2.4445,-0.4601,1.1
335.38,2.4403,-0.4698,1.9
335.58,2.4366,-0.4587,2.1
335.78,2.4335,-0.4621,0.6
335.98,2.4314,-0.4672,1.4
336.18,2.4251,-0.4559,1.9
336.48,2.4264,-0.4641,1.2
336.68,2.4350,-0.4645,0.6
336.88,2.4405,-0.4591,1.4
337.08,2.4363,-0.4645,1.9
337.28,2.4406,-0.4630,1.0
337.58,2.4421,-0.4634,0.7
337.78,2.4318,-0.4616,2.0
337.98,2.4337,-0.4566,1.3
338.28,2.4321,-0.4626,2.4
338.58,2.4370,-0.4557,3.0
338.78,2.4380,-0.4633,1.1
338.99,2.4358,-0.4650,1.7
339.19,2.4426,-0.4595,2.4
339.39,2.4406,-0.4637,1.5
339.69,2.4386,-0.4575,0.9
339.89,2.4399,-0.4531,1.3
340.09,2.4351,-0.4619,3.6
340.29,2.4405,-0.4569,0.9
340.49,2.4394,-0.4499,1.7
340.69,2.4338,-0.4580,2.1
340.89,2.4373,-0.4553,0.6
341.19,2.4353,-0.4556,1.1
341.39,2.4271,-0.4538,2.5
341.59,2.4329,-0.4452,2.5
341.79,2.4351,-0.4526,0.9
342.09,2.4408,-0.4560,0.7
342.29,2.4465,-0.4543,1.3
342.49,2.4423,-0.4639,3.5
342.79,2.4492,-0.4567,2.5
342.99,2.4489,-0.4641,0.7
343.19,2.4473,-0.4704,1.6
343.39,2.4509,-0.4577,3.7
343.59,2.4438,-0.4603,0.7
343.79,2.4368,-0.4606,1.8
344.09,2.4380,-0.4444,2.1
344.29,2.4291,-0.4510,2.6
344.49,2.4315,-0.4463,0.9
344.69,2.4319,-0.4365,0.8
344.89,2.4237,-0.4420,2.6
345.09,2.4238,-0.4378,1.7
345.39,2.4239,-0.4454,1.1
345.59,2.4279,-0.4451,2.8
345.79,2.4254,-0.4558,2.5
345.99,2.4253,-0.4596,1.8
346.19,2.4328,-0.4600,3.9
346.39,2.4285,-0.4745,4.0
346.69,2.4328,-0.4799,4.0
346.89,2.4311,-0.4830,1.5
347.09,2.4218,-0.4841,4.2
347.39,2.4297,-0.4995,2.1
347.59,2.4322,-0.5200,1.2
347.79,2.4334,-0.5399,0.9
347.99,2.4303,-0.5526,1.3
348.19,2.4400,-0.5631,2.4
348.39,2.4394,-0.5796,1.2
348.69,2.4433,-0.5917,1.4
348.89,2.4371,-0.5737,2.0
349.09,2.4344,-0.5799,1.9
349.29,2.4366,-0.5955,1.0
349.59,2.4396,-0.6114,1.0
349.80,2.4408,-0.6153,0.8
350.00,2.4474,-0.6302,1.5
350.20,2.4499,-0.6497,0.9
350.40,2.4522,-0.6568,0.9
350.60,2.4601,-0.6756,1.8
350.90,2.4607,-0.7052,3.4
351.10,2.4709,-0.7173,1.1
351.30,2.4718,-0.7238,0.8
351.50,2.4725,-0.7436,3.1
351.70,2.4840,-0.7556,1.4
351.90,2.4846,-0.7609,1.9
352.10,2.4894,-0.7776,1.2
352.40,2.5028,-0.7889,2.5
352.70,2.5060,-0.8046,2.3
352.90,2.5186,-0.8116,0.9
353.20,2.5282,-0.8237,1.4
353.40,2.5247,-0.8176,2.1
353.60,2.5440,-0.8229,3.0
353.90,2.5553,-0.8329,2.6
354.10,2.5718,-0.8330,1.5
354.30,2.5920,-0.8391,0.8
354.60,2.6053,-0.8493,1.7
354.80,2.6278,-0.8561,2.5
355.00,2.6387,-0.8659,1.1
355.30,2.6572,-0.8679,1.3
355.50,2.6787,-0.8716,0.9
355.70,2.6816,-0.8802,2.5
355.90,2.6954,-0.8833,1.3
356.20,2.7162,-0.8921,1.0
356.50,2.7374,-0.8958,1.1
356.70,2.7575,-0.9003,0.6
356.90,2.7620,-0.9077,2.5
357.20,2.7849,-0.9088,2.2
357.40,2.7984,-0.9163,1.3
357.60,2.8025,-0.9123,2.3
357.90,2.8325,-0.9171,0.8
358.10,2.8424,-0.9242,2.0
358.30,2.8628,-0.9255,0.8
358.60,2.8875,-0.9309,1.5
358.80,2.8869,-0.9240,2.5
359.00,2.9093,-0.9240,0.7
359.20,2.9302,-0.9257,0.9
359.40,2.9447,-0.9324,0.9
359.60,2.9595,-0.9270,2.5
359.80,2.9754,-0.9345,1.1
360.10,3.0005,-0.9346,1.0
360.30,3.0068,-0.9369,1.4
360.50,3.0302,-0.9442,3.4
360.70,3.0500,-0.9401,1.3
360.91,3.0557,-0.9438,2.0
361.11,3.0790,-0.9486,1.7
361.31,3.1010,-0.9467,1.3
361.51,3.1163,-0.9441,1.0
361.71,3.1267,-0.9522,3.1
361.91,3.1358,-0.9463,1.3
362.11,3.1535,-0.9411,0.9
362.31,3.1606,-0.9504,2.5
362.51,3.1745,-0.9468,1.4
362.81,3.1951,-0.9501,1.8
363.11,3.2096,-0.9494,1.8
363.31,3.2291,-0.9474,1.1
363.51,3.2416,-0.9558,1.9
363.81,3.2685,-0.9559,2.7
364.01,3.2819,-0.9616,1.4
364.21,3.2838,-0.9556,2.5
364.41,3.3058,-0.9568,0.9
364.71,3.3283,-0.9645,3.2
365.01,3.3357,-0.9611,2.5
365.21,3.3332,-0.9651,0.7
365.41,3.3339,-0.9688,1.5
365.61,3.3450,-0.9635,3.2
365.81,3.3481,-0.9676,1.0
366.01,3.3435,-0.9679,1.6
366.21,3.3478,-0.9626,1.6
366.41,3.3504,-0.9672,0.7
366.61,3.3459,-0.9719,1.5
366.81,3.3440,-0.9609,2.7
367.01,3.3402,-0.9642,1.1
367.21,3.3404,-0.9647,0.9
367.41,3.3498,-0.9636,2.2
367.61,3.3466,-0.9661,1.3
367.81,3.3372,-0.9654,2.1
368.01,3.3428,-0.9571,2.3
368.21,3.3442,-0.9615,0.7
368.51,3.3470,-0.9625,0.8
368.71,3.3468,-0.9572,1.8
368.91,3.3429,-0.9672,2.6
369.11,3.3431,-0.9634,0.6
369.31,3.3396,-0.9570,1.8
369.51,3.3358,-0.9652,2.3
369.71,3.3393,-0.9635,0.8
369.91,3.3348,-0.9603,1.0
370.21,3.3429,-0.9734,2.2
370.51,3.3395,-0.9608,1.8
370.71,3.3344,-0.9708,2.8
370.92,3.3389,-0.9683,1.1
371.21,3.3463,-0.9711,0.6
371.42,3.3451,-0.9792,1.9
371.62,3.3421,-0.9740,1.3
371.82,3.3416,-0.9781,0.8
372.02,3.3414,-0.9790,0.9
372.22,3.3441,-0.9778,0.7
372.42,3.3470,-0.9809,0.6
372.62,3.3428,-0.9821,1.4
372.82,3.3498,-0.9777,2.3
373.12,3.3481,-0.9839,2.5
373.42,3.3505,-0.9759,3.0
373.62,3.3473,-0.9805,1.1
373.82,3.3390,-0.9807,2.2
374.02,3.3413,-0.9731,1.2
374.22,3.3413,-0.9762,0.6
374.42,3.3393,-0.9784,1.2
374.62,3.3444,-0.9736,1.9
374.82,3.3454,-0.9789,0.6
375.02,3.3405,-0.9832,1.7
375.22,3.3396,-0.9717,3.0
375.42,3.3358,-0.9773,0.8
375.72,3.3367,-0.9753,0.7
375.92,3.3369,-0.9736,1.1
376.12,3.3393,-0.9805,2.3
376.32,3.3449,-0.9786,0.8
376.52,3.3460,-0.9742,1.6
376.72,3.3382,-0.9811,2.9
376.92,3.3378,-0.9754,0.8
377.12,3.3364,-0.9684,1.4
377.32,3.3323,-0.9780,2.6
377.52,3.3415,-0.9767,0.9
377.72,3.3506,-0.9737,1.2
378.02,3.3483,-0.9809,1.5
378.22,3.3498,-0.9726,2.6
378.42,3.3484,-0.9778,0.9
378.62,3.3441,-0.9825,2.2
378.82,3.3376,-0.9683,3.0
379.12,3.3317,-0.9750,1.5
379.32,3.3414,-0.9774,0.7
379.52,3.3499,-0.9757,1.3
379.72,3.3475,-0.9824,2.1
379.92,3.3498,-0.9779,0.6
380.22,3.3484,-0.9762,0.8
380.42,3.3440,-0.9743,1.6
380.62,3.3496,-0.9726,1.4
380.82,3.3514,-0.9773,0.7
381.02,3.3484,-0.9813,1.6
381.22,3.3525,-0.9718,2.9
381.42,3.3520,-0.9792,0.8
381.72,3.3553,-0.9818,0.8
381.92,3.3544,-0.9752,1.5
382.13,3.3459,-0.9813,2.9
382.33,3.3487,-0.9771,0.6
382.53,3.3474,-0.9709,1.5
382.73,3.3376,-0.9776,3.8
382.93,3.3389,-0.9720,0.7
383.23,3.3356,-0.9730,0.8
383.43,3.3344,-0.9764,1.4
383.73,3.3421,-0.9681,1.5
383.93,3.3410,-0.9792,3.1
384.13,3.3452,-0.9750,0.8
384.33,3.3429,-0.9679,1.7
384.63,3.3330,-0.9748,1.9
384.83,3.3369,-0.9674,1.7
385.03,3.3448,-0.9733,0.8
385.23,3.3497,-0.9815,1.7
385.53,3.3512,-0.9734,1.8
385.73,3.3476,-0.9821,2.7
385.93,3.3483,-0.9796,0.8
386.13,3.3406,-0.9729,1.9
386.43,3.3353,-0.9808,1.3
386.63,3.3399,-0.9739,2.6
386.83,3.3433,-0.9820,0.7
387.13,3.3467,-0.9858,1.0
387.33,3.3426,-0.9792,1.5
387.63,3.3376,-0.9910,1.5
387.83,3.3366,-0.9795,2.3
388.03,3.3370,-0.9865,0.9
388.23,3.3394,-0.9949,1.4
388.43,3.3483,-0.9899,3.0
388.63,3.3474,-0.9965,0.8
388.83,3.3428,-0.9980,1.7
389.03,3.3449,-0.9848,4.1
389.33,3.3356,-0.9883,2.4
389.53,3.3393,-0.9848,0.6
389.83,3.3423,-0.9888,1.1
390.03,3.3414,-0.9939,1.7
390.33,3.3512,-0.9854,2.1
390.53,3.3422,-0.9926,4.3
390.73,3.3403,-0.9855,1.2
390.93,3.3296,-0.9749,2.1
391.13,3.3238,-0.9857,3.0
391.33,3.3325,-0.9837,0.7
391.53,3.3393,-0.9815,1.3
391.73,3.3373,-0.9926,4.4
392.03,3.3445,-0.9864,2.0
392.23,3.3459,-0.9920,0.6
392.43,3.3436,-1.0000,2.7
392.63,3.3312,-0.9840,2.7
392.83,3.3221,-0.9858,2.3
393.03,3.3268,-0.9870,1.4
393.23,3.3332,-0.9929,2.0
393.44,3.3374,-0.9966,1.2
393.64,3.3370,-0.9898,2.9
393.84,3.3440,-0.9974,2.3
394.04,3.3462,-0.9990,1.3
394.34,3.3487,-0.9985,1.2
394.54,3.3420,-0.9990,2.1
394.74,3.3485,-0.9985,1.4
394.94,3.3489,-0.9997,1.3
395.24,3.3498,-1.0018,1.0
395.54,3.3483,-1.0008,0.4
395.74,3.3446,-0.9961,1.1
395.94,3.3492,-1.0043,2.4
396.14,3.3548,-1.0034,0.9
396.44,3.3523,-1.0052,1.0
396.64,3.3500,-1.0089,1.9
396.84,3.3498,-0.9972,3.3
397.04,3.3473,-1.0023,0.9
397.24,3.3429,-1.0051,1.9
397.44,3.3453,-0.9982,1.5
397.64,3.3466,-1.0027,0.6
397.84,3.3453,-1.0081,1.6
398.04,3.3460,-0.9980,3.1
398.34,3.3388,-1.0057,2.9
398.64,3.3386,-0.9966,2.5
398.84,3.3391,-1.0019,0.6
399.04,3.3397,-1.0086,1.3
399.24,3.3450,-1.0017,2.7
399.54,3.3377,-1.0087,3.4
399.74,3.3455,-1.0052,0.9
399.94,3.3502,-1.0023,1.4
400.14,3.3416,-1.0100,4.0
400.44,3.3512,-1.0007,2.7
400.74,3.3493,-1.0102,3.2
400.94,3.3554,-1.0077,1.0
401.14,3.3566,-1.0038,1.7
401.44,3.3493,-1.0142,2.0
401.64,3.3507,-1.0030,2.8
401.84,3.3488,-1.0085,0.7
402.04,3.3472,-1.0120,1.6
402.34,3.3552,-1.0053,1.5
402.64,3.3537,-1.0184,2.0
402.84,3.3575,-1.0077,3.8
403.04,3.3540,-1.0106,0.9
403.24,3.3480,-1.0064,1.8
403.45,3.3550,-1.0039,2.2
403.65,3.3526,-1.0067,1.1
403.85,3.3454,-1.0065,2.1
404.05,3.3470,-0.9965,2.4
404.25,3.3471,-1.0034,0.6
404.45,3.3481,-1.0098,1.4
404.75,3.3547,-1.0026,1.5
404.95,3.3472,-1.0114,4.0
405.15,3.3456,-1.0040,1.2
405.45,3.3344,-1.0040,0.9
405.65,3.3341,-1.0108,1.5
405.85,3.3423,-1.0040,3.3
406.05,3.3446,-1.0128,1.1
406.25,3.3427,-1.0136,2.1
406.55,3.3581,-1.0111,1.9
406.85,3.3548,-1.0198,1.7
407.05,3.3577,-1.0106,2.8
407.25,3.3525,-1.0140,1.0
407.55,3.3466,-1.0100,0.6
407.75,3.3465,-1.0041,1.3
408.05,3.3463,-1.0127,1.7
408.25,3.3521,-1.0056,3.3
408.55,3.3468,-1.0108,2.8
408.75,3.3492,-1.0061,0.6
408.95,3.3500,-1.0002,1.4
409.15,3.3442,-1.0078,2.8
409.35,3.3485,-1.0045,0.6
409.65,3.3474,-1.0045,0.8
409.95,3.3489,-1.0037,0.8
410.15,3.3501,-1.0001,1.0
410.35,3.3485,-1.0094,3.8
410.55,3.3543,-1.0050,0.9
410.85,3.3517,-1.0067,0.7
411.05,3.3481,-1.0106,1.5
411.25,3.3473,-1.0004,2.4
411.55,3.3416,-1.0071,2.3
411.75,3.3426,-1.0037,0.7
411.95,3.3348,-1.0021,1.2
412.15,3.3398,-1.0086,2.3
412.35,3.3467,-1.0080,0.8
412.65,3.3508,-1.0119,0.8
412.85,3.3510,-1.0181,1.7
413.05,3.3536,-1.0097,2.8
413.25,3.3504,-1.0128,0.8
413.45,3.3447,-1.0148,1.8
413.65,3.3462,-1.0048,2.5
413.85,3.3448,-1.0100,0.8
414.05,3.3420,-1.0137,1.8
414.26,3.3450,-1.0052,2.3
414.46,3.3460,-1.0096,0.7
414.76,3.3516,-1.0114,0.7
414.96,3.3536,-1.0067,1.5
415.16,3.3472,-1.0154,3.3
415.36,3.3470,-1.0112,0.7
415.56,3.3437,-1.0034,1.5
415.76,3.3379,-1.0106,2.2
415.96,3.3437,-1.0082,0.8
416.16,3.3497,-1.0045,1.2
416.46,3.3483,-1.0135,1.8
416.66,3.3502,-1.0049,2.3
416.86,3.3513,-1.0096,0.8
417.16,3.3535,-1.0098,0.8
417.36,3.3509,-1.0040,1.9
417.56,3.3460,-1.0124,2.5
417.86,3.3474,-1.0047,2.7
418.06,3.3481,-1.0094,1.0
418.26,3.3484,-1.0144,1.8
418.46,3.3486,-1.0045,2.5
418.76,3.3403,-1.0104,3.1
418.96,3.3442,-1.0059,0.9
419.16,3.3461,-1.0019,1.4
419.46,3.3515,-1.0165,1.9
419.76,3.3490,-1.0034,1.7
419.96,3.3412,-1.0113,2.4
420.16,3.3462,-1.0086,0.8
420.46,3.3454,-1.0093,1.0
420.66,3.3339,-1.0154,1.9
420.96,3.3264,-1.0058,2.0
421.16,3.3281,-1.0092,1.2
421.36,3.3332,-1.0108,1.1
421.56,3.3266,-1.0127,2.4
421.76,3.3412,-1.0148,1.3
422.06,3.3425,-1.0115,1.2
422.36,3.3388,-1.0177,2.9
422.56,3.3452,-1.0137,1.1
422.86,3.3462,-1.0172,0.7
423.06,3.3445,-1.0187,1.2
423.26,3.3493,-1.0113,3.1
423.46,3.3512,-1.0178,1.0
423.66,3.3495,-1.0179,1.4
423.86,3.3551,-1.0147,1.9
424.06,3.3569,-1.0196,0.8
424.36,3.3560,-1.0201,1.0
424.56,3.3515,-1.0115,1.7
424.76,3.3405,-1.0180,2.5
424.96,3.3438,-1.0142,1.0
425.26,3.3480,-1.0160,1.2
425.47,3.3416,-1.0164,2.0
425.67,3.3438,-1.0072,2.3
425.87,3.3436,-1.0112,0.9
426.07,3.3430,-1.0148,1.6
426.27,3.3456,-1.0070,2.4
426.57,3.3403,-1.0147,3.4
426.87,3.3414,-1.0063,2.1
427.07,3.3443,-1.0124,0.5
427.27,3.3474,-1.0190,1.0
427.47,3.3541,-1.0133,2.8
427.77,3.3467,-1.0204,3.8
428.07,3.3523,-1.0119,1.8
428.27,3.3531,-1.0177,0.8
428.47,3.3519,-1.0234,1.5
428.77,3.3536,-1.0152,1.3
428.97,3.3475,-1.0221,3.3
429.17,3.3511,-1.0175,0.7
429.37,3.3486,-1.0138,1.3
429.67,3.3523,-1.0303,2.6
429.87,3.3510,-1.0195,2.6
430.07,3.3471,-1.0237,0.7
430.27,3.3461,-1.0281,1.6
430.47,3.3481,-1.0160,4.5
430.67,3.3420,-1.0181,1.1
430.87,3.3374,-1.0101,1.9
431.17,3.3464,-1.0093,1.0
431.37,3.3436,-1.0154,2.1
431.57,3.3496,-1.0146,0.7
431.77,3.3528,-1.0116,1.4
431.97,3.3493,-1.0204,3.0
432.17,3.3491,-1.0164,0.9
432.37,3.3456,-1.0096,1.4
432.57,3.3413,-1.0195,2.6
432.77,3.3447,-1.0153,0.7
432.97,3.3457,-1.0094,1.1
433.17,3.3401,-1.0169,2.4
433.37,3.3461,-1.0142,0.7
433.57,3.3520,-1.0111,1.4
433.87,3.3428,-1.0153,2.2
434.07,3.3471,-1.0070,2.7
434.27,3.3474,-1.0127,0.7
434.47,3.3447,-1.0159,1.8
434.67,3.3466,-1.0035,4.5
434.87,3.3416,-1.0097,1.2
435.07,3.3364,-1.0065,1.9
435.37,3.3451,-1.0044,1.2
435.57,3.3434,-1.0128,2.9
435.77,3.3406,-1.0083,1.0
435.97,3.3308,-1.0013,1.4
436.17,3.3298,-1.0113,3.0
436.38,3.3379,-1.0110,0.9
436.58,3.3406,-1.0088,1.3
436.78,3.3423,-1.0181,2.6
436.98,3.3481,-1.0156,0.9
437.28,3.3479,-1.0176,0.8
437.48,3.3467,-1.0209,1.6
437.68,3.3542,-1.0147,2.6
437.98,3.3512,-1.0222,3.1
438.18,3.3513,-1.0171,0.8
438.48,3.3451,-1.0166,0.8
438.68,3.3432,-1.0197,1.6
438.88,3.3492,-1.0124,3.0
439.18,3.3428,-1.0194,3.2
439.38,3.3457,-1.0132,0.8
439.58,3.3490,-1.0079,1.6
439.78,3.3447,-1.0162,3.1
439.98,3.3487,-1.0112,0.7
440.18,3.3501,-1.0052,1.7
440.48,3.3476,-1.0127,1.3
440.68,3.3516,-1.0049,3.1
440.88,3.3522,-1.0102,0.9
441.18,3.3510,-1.0092,0.7
441.38,3.3482,-1.0041,1.2
441.58,3.3484,-1.0114,2.4
441.78,3.3525,-1.0089,0.7
441.98,3.3525,-1.0034,1.5
442.28,3.3473,-1.0134,1.9
442.48,3.3506,-1.0043,2.9
442.68,3.3481,-1.0080,1.3
442.88,3.3393,-1.0071,2.2
443.08,3.3392,-1.0003,1.4
443.38,3.3494,-1.0092,1.8
443.58,3.3469,-1.0064,0.8
443.78,3.3365,-1.0025,2.0
443.98,3.3364,-1.0063,0.8
444.18,3.3413,-1.0062,0.5
444.38,3.3406,-1.0033,1.2
444.68,3.3454,-1.0116,1.1
444.88,3.3448,-1.0044,1.9
445.08,3.3448,-1.0082,0.6
445.28,3.3448,-1.0135,1.7
445.58,3.3436,-1.0014,1.4
445.88,3.3380,-1.0073,2.4
446.08,3.3502,-1.0050,1.4
446.28,3.3543,-1.0085,0.8
446.58,3.3526,-1.0085,0.6
446.79,3.3459,-1.0000,1.9
446.99,3.3387,-1.0087,3.2
447.19,3.3407,-1.0073,0.5
447.39,3.3400,-1.0009,1.2
447.69,3.3338,-1.0074,2.0
447.89,3.3369,-1.0028,1.5
448.09,3.3409,-1.0088,0.5
448.39,3.3451,-1.0151,0.7
448.69,3.3451,-1.0186,0.7
448.89,3.3462,-1.0253,1.2
449.09,3.3507,-1.0168,3.4
449.29,3.3489,-1.0247,0.8
449.49,3.3463,-1.0278,1.6
449.79,3.3533,-1.0214,1.0
450.09,3.3582,-1.0353,1.1
450.29,3.3626,-1.0259,3.1
450.49,3.3589,-1.0316,1.0
450.79,3.3539,-1.0312,0.6
450.99,3.3510,-1.0257,1.5
451.19,3.3457,-1.0337,3.1
451.39,3.3538,-1.0300,0.9
451.59,3.3580,-1.0265,1.4
451.79,3.3516,-1.0348,3.4
451.99,3.3546,-1.0293,0.7
452.29,3.3520,-1.0286,1.0
452.49,3.3464,-1.0302,1.9
452.69,3.3484,-1.0217,2.0
452.89,3.3492,-1.0262,0.6
453.09,3.3490,-1.0314,1.4
453.39,3.3464,-1.0223,1.6
453.69,3.3311,-1.0285,2.4
453.89,3.3264,-1.0151,3.6
454.09,3.3158,-1.0124,0.9
454.39,3.2996,-1.0020,0.9
454.59,3.2870,-0.9924,1.6
454.79,3.2814,-0.9999,2.5
454.99,3.2781,-0.9938,1.1
455.19,3.2725,-0.9794,3.1
455.49,3.2525,-0.9793,1.9
455.69,3.2487,-0.9644,2.9
455.99,3.2310,-0.9663,4.6
456.19,3.2298,-0.9580,1.0
456.39,3.2269,-0.9423,4.2
456.59,3.2116,-0.9404,4.3
456.79,3.2141,-0.9338,0.7
456.99,3.2136,-0.9215,2.5
457.19,3.1991,-0.9179,3.5
457.39,3.1998,-0.9083,0.8
457.59,3.2039,-0.8921,3.9
457.80,3.1896,-0.8813,5.3
458.00,3.1984,-0.8787,0.9
458.30,3.2023,-0.8625,0.7
458.50,3.1972,-0.8517,2.9
458.70,3.2124,-0.8465,4.0
458.90,3.2212,-0.8339,0.8
459.20,3.2267,-0.8304,0.6
459.40,3.2414,-0.8279,1.7
459.60,3.2419,-0.8188,2.2
459.90,3.2338,-0.8263,1.1
460.10,3.2106,-0.8304,0.7
460.40,3.1962,-0.8310,0.8
460.60,3.1953,-0.8291,1.3
460.80,3.1748,-0.8309,1.0
461.10,3.1496,-0.8345,1.0
461.40,3.1226,-0.8312,1.9
461.60,3.1035,-0.8349,1.2
461.80,3.0907,-0.8384,1.0
462.00,3.0808,-0.8317,2.5
462.20,3.0677,-0.8350,1.6
462.40,3.0529,-0.8353,1.1
462.60,3.0320,-0.8338,1.7
462.80,3.0117,-0.8357,0.7
463.00,2.9960,-0.8395,0.9
463.30,2.9897,-0.8399,2.6
463.50,2.9656,-0.8403,1.3
463.70,2.9459,-0.8406,0.8
463.90,2.9365,-0.8424,1.2
464.10,2.9143,-0.8444,1.2
464.30,2.9021,-0.8443,0.7
464.60,2.8989,-0.8489,0.5
464.80,2.8940,-0.8558,0.4
465.00,2.8912,-0.8513,3.0
465.30,2.8823,-0.8664,0.8
465.50,2.8733,-0.8725,0.6
465.80,2.8705,-0.8793,0.6
466.00,2.8690,-0.8906,0.7
466.20,2.8631,-0.8924,2.9
466.40,2.8625,-0.9029,1.3
466.60,2.8583,-0.9150,1.3
466.80,2.8545,-0.9095,2.2
467.00,2.8502,-0.9174,0.9
467.20,2.8471,-0.9232,1.9
467.50,2.8450,-0.9117,1.7
467.70,2.8518,-0.9193,2.4
468.00,2.8574,-0.9110,1.2
468.20,2.8511,-0.9100,1.2
468.40,2.8494,-0.9078,2.1
468.70,2.8231,-0.9005,2.3
468.91,2.8260,-0.9110,4.0
469.11,2.8218,-0.9029,1.9
469.31,2.8252,-0.9059,2.3
469.51,2.8071,-0.9072,2.7
469.71,2.7936,-0.9098,1.5
470.01,2.7890,-0.9113,1.2
470.21,2.7857,-0.9018,4.1
470.41,2.7786,-0.9073,3.1
470.71,2.7909,-0.9040,4.1
470.91,2.7954,-0.9046,2.4
471.21,2.7867,-0.9030,1.9
471.41,2.7818,-0.8946,2.8
471.61,2.7729,-0.8916,1.7
471.81,2.7674,-0.8872,1.7
472.11,2.7509,-0.8711,1.0
472.31,2.7432,-0.8672,2.0
472.51,2.7265,-0.8509,1.0
472.71,2.7140,-0.8365,0.8
473.01,2.6966,-0.8209,1.2
473.21,2.6933,-0.8148,1.5
473.51,2.6737,-0.7828,0.7
473.71,2.6675,-0.7831,2.3
473.91,2.6673,-0.7745,1.8
474.11,2.6623,-0.7694,1.1
474.31,2.6497,-0.7600,1.5
474.51,2.6493,-0.7573,0.9
474.71,2.6558,-0.7648,1.5
474.91,2.6463,-0.7644,2.3
475.11,2.6478,-0.7655,0.7
475.41,2.6461,-0.7668,0.9
475.61,2.6363,-0.7655,1.2
475.81,2.6426,-0.7599,2.8
476.01,2.6342,-0.7625,0.7
476.21,2.6249,-0.7628,0.7
476.41,2.6276,-0.7563,2.4
476.71,2.6019,-0.7551,3.1
476.91,2.5875,-0.7452,1.2
477.11,2.5850,-0.7510,2.6
477.31,2.5598,-0.7461,1.3
477.61,2.5703,-0.7456,4.2
477.81,2.5836,-0.7539,6.5
478.01,2.5699,-0.7554,3.2
478.21,2.5466,-0.7587,3.3
478.41,2.5386,-0.7601,1.3
478.71,2.5268,-0.7594,1.5
478.91,2.5185,-0.7636,2.1
479.11,2.5027,-0.7638,1.1
479.31,2.4876,-0.7647,1.0
479.61,2.4644,-0.7679,0.6
479.81,2.4521,-0.7729,1.2
480.02,2.4528,-0.7693,2.3
480.22,2.4472,-0.7749,1.9
480.42,2.4340,-0.7732,2.3
480.62,2.4137,-0.7763,1.2
480.92,2.3949,-0.7757,1.0
481.22,2.3740,-0.7733,1.0
481.42,2.3554,-0.7742,0.6
481.62,2.3446,-0.7751,1.0
481.92,2.3170,-0.7667,1.1
482.12,2.3133,-0.7746,2.9
482.32,2.3092,-0.7686,1.2
482.52,2.3021,-0.7679,1.8
482.82,2.2643,-0.7684,0.6
483.02,2.2622,-0.7627,2.4
483.22,2.2580,-0.7652,1.9
483.42,2.2557,-0.7640,1.2
483.62,2.2484,-0.7624,1.4
483.92,2.2498,-0.7672,1.9
484.12,2.2476,-0.7632,0.5
484.32,2.2445,-0.7575,1.3
484.52,2.2428,-0.7658,2.8
484.72,2.2448,-0.7622,0.8
485.02,2.2495,-0.7639,0.6
485.22,2.2528,-0.7695,1.6
485.52,2.2534,-0.7565,1.7
485.72,2.2515,-0.7635,1.5
485.92,2.2508,-0.7611,0.8
486.22,2.2547,-0.7620,0.9
486.42,2.2565,-0.7651,1.3
486.62,2.2543,-0.7576,2.4
486.82,2.2483,-0.7600,0.8
487.02,2.2495,-0.7654,1.5
487.22,2.2492,-0.7569,2.2
487.42,2.2454,-0.7593,0.6
487.62,2.2449,-0.7648,1.3
487.82,2.2481,-0.7567,2.5
488.02,2.2463,-0.7605,0.6
488.22,2.2456,-0.7664,1.5
488.42,2.2473,-0.7571,2.8
488.62,2.2463,-0.7606,0.6
488.82,2.2519,-0.7665,1.4
489.02,2.2503,-0.7568,2.6
489.22,2.2413,-0.7578,0.7
489.52,2.2375,-0.7566,0.7
489.72,2.2427,-0.7549,1.6
489.92,2.2373,-0.7615,2.4
490.12,2.2409,-0.7587,1.0
490.32,2.2504,-0.7576,2.1
490.52,2.2500,-0.7678,1.8
490.83,2.2468,-0.7583,2.9
491.03,2.2429,-0.7586,0.6
491.23,2.2480,-0.7642,1.5
491.43,2.2555,-0.7600,1.9
491.73,2.2471,-0.7628,1.8
491.93,2.2444,-0.7582,0.9
492.13,2.2460,-0.7538,1.7
492.33,2.2453,-0.7641,2.9
492.53,2.2491,-0.7605,0.7
492.83,2.2489,-0.7622,0.6
493.03,2.2466,-0.7673,1.3
493.23,2.2480,-0.7576,3.3
493.43,2.2464,-0.7626,0.9
493.63,2.2532,-0.7679,1.8
493.93,2.2535,-0.7592,1.3
494.13,2.2542,-0.7664,1.8
494.43,2.2519,-0.7587,2.1
494.63,2.2438,-0.7599,0.9
494.83,2.2431,-0.7646,1.5
495.03,2.2493,-0.7562,3.1
495.23,2.2429,-0.7599,0.7
495.53,2.2436,-0.7589,1.1
495.73,2.2484,-0.7578,1.6
495.93,2.2461,-0.7661,2.2
496.13,2.2469,-0.7612,0.9
496.43,2.2431,-0.7622,0.9
496.63,2.2407,-0.7653,1.7
496.83,2.2474,-0.7570,4.1
497.03,2.2420,-0.7624,0.9
497.33,2.2439,-0.7604,0.7
497.63,2.2454,-0.7620,1.3
497.83,2.2573,-0.7707,2.3
498.13,2.2639,-0.7640,1.1
498.33,2.2671,-0.7741,2.0
498.53,2.2662,-0.7686,1.2
498.73,2.2632,-0.7611,1.2
498.93,2.2527,-0.7625,2.8
499.13,2.2505,-0.7534,0.9
499.43,2.2476,-0.7516,0.9
499.63,2.2469,-0.7548,1.3
499.83,2.2505,-0.7449,2.7
500.13,2.2422,-0.7458,2.4
500.33,2.2460,-0.7414,0.7
500.63,2.2467,-0.7436,0.9
500.83,2.2502,-0.7478,1.0
501.13,2.2529,-0.7340,1.5
501.34,2.2489,-0.7464,2.4
501.54,2.2529,-0.7380,1.7
501.74,2.2550,-0.7245,1.4
501.94,2.2420,-0.7155,2.3
502.24,2.2446,-0.7003,2.8
502.44,2.2338,-0.6930,1.6
502.64,2.2275,-0.6860,1.8
502.84,2.2322,-0.6745,3.8
503.04,2.2239,-0.6710,0.7
503.24,2.2247,-0.6728,1.7
503.54,2.2168,-0.6421,1.1
503.74,2.2190,-0.6518,4.3
503.94,2.2220,-0.6564,1.9
504.14,2.2259,-0.6543,1.4
504.34,2.2139,-0.6394,2.0
504.54,2.2106,-0.6228,1.2
504.74,2.2111,-0.6188,1.3
504.94,2.1965,-0.6136,2.5
505.14,2.1921,-0.5997,1.3
505.34,2.1891,-0.5900,1.2
505.64,2.1731,-0.5796,1.0
505.84,2.1630,-0.5569,4.1
506.04,2.1468,-0.5480,1.4
506.24,2.1501,-0.5421,2.2
506.54,2.1405,-0.5167,1.4
506.74,2.1268,-0.5114,2.3
506.94,2.1222,-0.4995,1.0
507.14,2.1201,-0.4927,1.6
507.34,2.1055,-0.4933,3.1
507.54,2.0996,-0.4777,1.6
507.74,2.0938,-0.4708,1.1
508.04,2.0724,-0.4593,1.3
508.34,2.0673,-0.4438,1.5
508.54,2.0512,-0.4447,3.2
508.74,2.0439,-0.4318,1.6
508.94,2.0376,-0.4332,2.0
509.14,2.0127,-0.4235,3.0
509.34,2.0027,-0.4143,1.3
509.54,2.0035,-0.4212,2.5
509.84,1.9707,-0.4161,0.9
510.04,1.9656,-0.4096,2.6
510.24,1.9508,-0.4101,1.7
510.44,1.9312,-0.4100,0.9
510.64,1.9168,-0.4015,1.8
510.84,1.8928,-0.3988,1.1
511.14,1.8703,-0.3932,1.3
511.34,1.8757,-0.4026,2.8
511.54,1.8536,-0.4036,0.6
511.74,1.8439,-0.4044,1.1
511.94,1.8480,-0.4065,2.3
512.15,1.8271,-0.4097,1.6
512.35,1.8160,-0.4065,0.8
512.55,1.8141,-0.4065,2.0
512.75,1.7953,-0.4093,2.3
513.05,1.7791,-0.4050,2.2
513.25,1.7621,-0.4074,1.2
513.45,1.7430,-0.4089,0.8
513.65,1.7308,-0.4018,2.3
513.85,1.7115,-0.4045,1.4
514.15,1.6880,-0.3975,2.1
514.35,1.6889,-0.4000,3.2
514.55,1.6677,-0.4063,2.1
514.75,1.6497,-0.4007,1.4
515.05,1.6273,-0.4016,1.2
515.35,1.6004,-0.3978,1.5
515.55,1.6033,-0.4047,2.6
515.75,1.5810,-0.4078,0.7
516.05,1.5678,-0.4074,1.9
516.25,1.5536,-0.4113,0.7
516.45,1.5405,-0.4163,1.1
516.65,1.5270,-0.4122,2.1
516.85,1.5115,-0.4172,1.4
517.05,1.4946,-0.4216,1.1
517.25,1.4756,-0.4155,2.8
517.55,1.4623,-0.4213,2.8
517.75,1.4551,-0.4142,1.5
517.95,1.4476,-0.4147,1.9
518.15,1.4210,-0.4159,2.7
518.45,1.4011,-0.4105,2.5
518.65,1.3882,-0.4127,1.4
518.85,1.3769,-0.4153,0.6
519.05,1.3774,-0.4124,1.6
519.25,1.3753,-0.4138,1.2
519.45,1.3737,-0.4131,0.9
519.75,1.3595,-0.4108,0.7
519.95,1.3522,-0.4137,2.3
520.15,1.3530,-0.4095,1.1
520.45,1.3581,-0.4133,0.8
520.65,1.3573,-0.4190,1.6
520.95,1.3587,-0.4080,1.7
521.15,1.3566,-0.4158,1.6
521.35,1.3559,-0.4129,0.5
521.65,1.3542,-0.4147,0.9
521.85,1.3489,-0.4195,1.3
522.05,1.3542,-0.4106,3.1
522.35,1.3570,-0.4199,1.6
522.55,1.3561,-0.4176,0.6
522.75,1.3634,-0.4141,1.8
522.96,1.3614,-0.4240,2.8
523.16,1.3596,-0.4191,0.6
523.36,1.3613,-0.4140,1.8
523.56,1.3587,-0.4226,2.0
523.76,1.3574,-0.4187,0.9
523.96,1.3607,-0.4155,2.1
524.16,1.3577,-0.4252,2.7
524.36,1.3535,-0.4195,0.9
524.66,1.3515,-0.4208,0.8
524.86,1.3521,-0.4261,1.5
525.06,1.3554,-0.4172,2.4
525.26,1.3529,-0.4210,0.7
525.46,1.3495,-0.4273,1.7
525.66,1.3602,-0.4171,4.2
525.86,1.3626,-0.4265,1.4
526.06,1.3642,-0.4298,1.3
526.26,1.3556,-0.4208,3.4
526.46,1.3478,-0.4252,1.2
526.76,1.3486,-0.4216,0.9
526.96,1.3498,-0.4162,1.5
527.26,1.3467,-0.4264,1.2
527.46,1.3537,-0.4170,3.4
527.66,1.3530,-0.4243,0.9
527.96,1.3527,-0.4243,0.9
528.16,1.3588,-0.4212,1.9
528.46,1.3598,-0.4320,1.3
528.66,1.3680,-0.4253,2.7
528.86,1.3665,-0.4314,1.0
529.16,1.3584,-0.4317,0.7
529.36,1.3600,-0.4284,1.7
529.56,1.3596,-0.4366,2.2
529.76,1.3604,-0.4332,0.7
529.96,1.3620,-0.4298,1.7
530.16,1.3560,-0.4388,3.1
530.46,1.3555,-0.4336,2.0
530.66,1.3556,-0.4365,0.8
530.96,1.3534,-0.4357,0.8
531.16,1.3531,-0.4308,1.5
531.36,1.3551,-0.4423,3.7
531.56,1.3559,-0.4352,0.9
531.76,1.3582,-0.4310,1.8
532.06,1.3551,-0.4432,1.8
532.26,1.3668,-0.4322,4.1
532.46,1.3723,-0.4423,1.4
532.66,1.3711,-0.4509,1.6
532.87,1.3750,-0.4441,2.5
533.16,1.3837,-0.4507,1.2
533.47,1.3784,-0.4468,1.5
533.67,1.3689,-0.4460,0.8
533.87,1.3654,-0.4470,0.5
534.17,1.3707,-0.4472,1.1
534.37,1.3676,-0.4523,2.1
534.57,1.3639,-0.4501,0.9
534.77,1.3654,-0.4475,1.4
534.97,1.3669,-0.4522,1.3
535.27,1.3617,-0.4461,1.8
535.47,1.3573,-0.4479,0.6
535.67,1.3598,-0.4491,0.9
535.87,1.3540,-0.4428,2.7
536.07,1.3538,-0.4451,0.9
536.37,1.3565,-0.4449,0.9
536.57,1.3597,-0.4396,1.7
536.77,1.3628,-0.4489,2.4
536.97,1.3656,-0.4436,0.5
537.27,1.3603,-0.4429,0.7
537.47,1.3575,-0.4487,1.4
537.77,1.3642,-0.4393,2.2
537.97,1.3621,-0.4517,3.3
538.17,1.3592,-0.4470,0.9
538.47,1.3595,-0.4463,0.9
538.67,1.3683,-0.4504,1.3
538.87,1.3658,-0.4470,1.1
539.07,1.3595,-0.4490,0.6
539.27,1.3555,-0.4553,1.6
539.47,1.3578,-0.4479,2.2
539.77,1.3533,-0.4554,2.7
539.97,1.3544,-0.4534,1.1
540.17,1.3622,-0.4504,1.5
540.37,1.3569,-0.4595,1.9
540.57,1.3568,-0.4574,0.7
540.87,1.3622,-0.4600,0.4
541.17,1.3564,-0.4604,0.9
541.37,1.3583,-0.4554,1.4
541.57,1.3639,-0.4647,2.1
541.87,1.3650,-0.4604,1.3
542.07,1.3554,-0.4619,0.8
542.27,1.3509,-0.4670,1.4
542.47,1.3594,-0.4577,3.6
542.77,1.3586,-0.4702,2.1
542.97,1.3582,-0.4682,1.4
543.17,1.3647,-0.4653,1.6
543.37,1.3673,-0.4722,1.4
543.57,1.3651,-0.4693,0.7
543.87,1.3575,-0.4697,0.5
544.07,1.3571,-0.4770,1.3
544.28,1.3668,-0.4688,2.9
544.58,1.3641,-0.4782,2.0
544.78,1.3599,-0.4747,0.9
545.08,1.3585,-0.4756,1.0
545.28,1.3557,-0.4785,1.2
545.48,1.3552,-0.4714,2.7
545.68,1.3503,-0.4765,0.8
545.88,1.3463,-0.4821,2.0
546.18,1.3506,-0.4724,1.8
546.38,1.3472,-0.4806,1.4
546.58,1.3438,-0.4781,0.5
546.78,1.3481,-0.4734,1.8
546.98,1.3512,-0.4833,2.9
547.18,1.3503,-0.4795,0.8
547.38,1.3541,-0.4747,1.4
547.58,1.3611,-0.4850,2.2
547.78,1.3681,-0.4810,0.7
548.08,1.3606,-0.4786,0.7
548.28,1.3549,-0.4832,1.8
548.48,1.3661,-0.4743,4.3
548.68,1.3717,-0.4833,1.0
548.88,1.3709,-0.4892,0.9
549.08,1.3690,-0.4807,2.0
549.28,1.3651,-0.4815,1.2
549.48,1.3656,-0.4818,0.8
549.68,1.3536,-0.4781,1.6
549.88,1.3470,-0.4793,0.8
550.18,1.3468,-0.4794,0.8
550.38,1.3551,-0.4764,2.4
550.58,1.3511,-0.4856,2.4
550.78,1.3494,-0.4810,0.6
550.98,1.3509,-0.4759,2.0
551.18,1.3464,-0.4850,2.9
551.48,1.3514,-0.4776,3.0
551.68,1.3524,-0.4852,0.9
551.88,1.3508,-0.4925,2.3
552.08,1.3540,-0.4846,2.4
552.38,1.3574,-0.4910,1.5
552.58,1.3547,-0.4878,0.6
552.78,1.3505,-0.4818,1.8
552.98,1.3460,-0.4896,2.6
553.18,1.3471,-0.4861,0.8
553.38,1.3497,-0.4858,1.8
553.58,1.3407,-0.4902,2.1
553.78,1.3403,-0.4887,0.8
553.98,1.3480,-0.4878,1.9
554.18,1.3480,-0.4945,1.5
554.38,1.3468,-0.4922,0.6
554.68,1.3480,-0.4929,0.6
554.89,1.3502,-0.4971,1.5
555.09,1.3517,-0.4881,2.8
555.29,1.3459,-0.4918,0.9
555.49,1.3446,-0.4949,1.7
555.79,1.3421,-0.4839,2.2
555.99,1.3423,-0.4947,3.1
556.19,1.3464,-0.4888,0.8
556.39,1.3508,-0.4850,2.4
556.59,1.3479,-0.4950,2.8
556.79,1.3456,-0.4936,0.8
557.09,1.3482,-0.4944,0.9
557.29,1.3461,-0.4994,1.8
557.49,1.3496,-0.4923,2.5
557.79,1.3482,-0.4995,2.4
557.99,1.3508,-0.4978,0.9
558.29,1.3561,-0.4998,1.0
558.49,1.3523,-0.5058,1.2
558.79,1.3494,-0.4976,1.9
558.99,1.3468,-0.5079,3.2
559.19,1.3519,-0.5067,0.9
559.49,1.3580,-0.5114,1.3
559.69,1.3612,-0.5142,1.5
559.89,1.3597,-0.5105,1.3
560.19,1.3584,-0.5176,2.8
560.39,1.3507,-0.5137,1.0
560.69,1.3482,-0.5129,0.9
560.89,1.3533,-0.5172,1.0
561.19,1.3506,-0.5114,1.2
561.39,1.3500,-0.5177,1.9
561.59,1.3490,-0.5151,0.8
561.79,1.3533,-0.5131,1.6
561.99,1.3446,-0.5180,2.3
562.19,1.3419,-0.5140,1.0
562.39,1.3466,-0.5111,2.1
562.59,1.3466,-0.5202,2.1
562.79,1.3473,-0.5174,0.9
562.99,1.3495,-0.5156,1.6
563.29,1.3329,-0.5219,2.1
563.49,1.3347,-0.5146,2.6
563.69,1.3353,-0.5183,0.8
563.99,1.3367,-0.5188,0.7
564.29,1.3362,-0.5206,0.7
564.59,1.3386,-0.5241,0.8
564.79,1.3499,-0.5246,1.8
564.99,1.3457,-0.5335,1.9
565.19,1.3458,-0.5306,0.9
565.39,1.3592,-0.5297,2.8
565.69,1.3489,-0.5402,2.2
565.90,1.3492,-0.5332,3.0
566.10,1.3477,-0.5367,1.0
566.30,1.3530,-0.5392,1.5
566.60,1.3415,-0.5315,1.5
566.90,1.3298,-0.5412,2.1
567.10,1.3305,-0.5352,1.7
567.30,1.3255,-0.5384,1.0
567.60,1.3212,-0.5388,0.9
567.80,1.3306,-0.5364,2.5
568.10,1.3270,-0.5501,3.3
568.30,1.3341,-0.5426,3.4
568.50,1.3322,-0.5460,0.8
568.70,1.3313,-0.5478,0.9
568.90,1.3335,-0.5425,2.3
569.20,1.3270,-0.5507,2.7
569.40,1.3228,-0.5480,0.6
569.60,1.3240,-0.5462,1.5
569.90,1.3172,-0.5556,2.2
570.10,1.3268,-0.5465,3.2
570.30,1.3276,-0.5540,1.3
570.50,1.3223,-0.5602,1.5
570.70,1.3282,-0.5512,3.5
571.00,1.3287,-0.5621,2.1
571.20,1.3284,-0.5583,0.5
571.40,1.3303,-0.5532,1.7
571.60,1.3244,-0.5615,2.1
571.80,1.3239,-0.5591,1.0
572.00,1.3335,-0.5573,2.9
572.20,1.3288,-0.5658,2.3
572.50,1.3275,-0.5613,2.6
572.70,1.3277,-0.5639,1.1
572.90,1.3347,-0.5685,1.2
573.10,1.3342,-0.5632,2.0
573.40,1.3263,-0.5703,3.6
573.60,1.3242,-0.5664,1.2
573.80,1.3311,-0.5689,2.6
574.00,1.3204,-0.5732,1.3
574.20,1.3133,-0.5705,0.9
574.40,1.3127,-0.5656,2.0
574.60,1.3181,-0.5748,2.2
574.80,1.3211,-0.5713,0.6
575.00,1.3242,-0.5666,1.7
575.20,1.3325,-0.5737,1.7
575.40,1.3318,-0.5690,1.2
575.60,1.3310,-0.5684,1.3
575.90,1.3151,-0.5706,1.4
576.10,1.3164,-0.5634,2.2
576.30,1.3143,-0.5665,0.8
576.60,1.3166,-0.5668,0.8
576.81,1.3243,-0.5622,2.0
577.11,1.3244,-0.5734,1.7
577.31,1.3286,-0.5637,3.2
577.51,1.3241,-0.5697,0.8
577.71,1.3213,-0.5766,2.6
578.01,1.3278,-0.5675,2.2
578.21,1.3224,-0.5742,1.3
578.41,1.3181,-0.5705,0.7
578.61,1.3244,-0.5674,2.0
578.81,1.3259,-0.5777,2.7
579.11,1.3264,-0.5706,2.5
579.31,1.3254,-0.5731,0.8
579.51,1.3339,-0.5786,1.7
579.81,1.3312,-0.5747,1.5
580.11,1.3119,-0.5772,2.5
580.31,1.3193,-0.5680,3.8
580.51,1.3255,-0.5753,0.7
580.71,1.3305,-0.5820,2.0
580.91,1.3335,-0.5718,2.5
581.11,1.3295,-0.5750,1.1
581.41,1.3246,-0.5727,0.7
581.61,1.3260,-0.5703,2.0
581.81,1.3136,-0.5760,2.6
582.01,1.3105,-0.5706,1.0
582.21,1.3187,-0.5696,2.6
582.51,1.3140,-0.5785,0.9
582.81,1.3178,-0.5731,1.9
583.01,1.3126,-0.5812,2.6
583.21,1.3120,-0.5795,0.7
583.41,1.3178,-0.5760,1.9
583.61,1.3203,-0.5841,1.6
583.81,1.3219,-0.5824,0.9
584.01,1.3230,-0.5812,1.4
584.31,1.3077,-0.5876,2.3
584.51,1.3080,-0.5790,2.8
584.71,1.3020,-0.5821,0.9
585.01,1.2976,-0.5808,1.0
585.21,1.3040,-0.5787,2.7
585.41,1.3021,-0.5886,2.2
585.61,1.2999,-0.5860,1.0
585.81,1.3063,-0.5831,2.2
586.01,1.3020,-0.5918,2.6
586.31,1.3066,-0.5888,1.8
586.51,1.3027,-0.5924,0.8
586.71,1.2957,-0.5990,1.9
586.91,1.2981,-0.5957,1.6
587.11,1.2953,-0.5993,1.3
587.32,1.2928,-0.6011,0.7
587.61,1.2965,-0.6019,1.2
587.82,1.2948,-0.6024,0.8
588.02,1.3019,-0.6007,0.4
588.22,1.3057,-0.5965,1.6
588.52,1.3062,-0.6047,1.2
588.72,1.3050,-0.5984,2.2
588.92,1.3032,-0.6031,0.7
589.12,1.3040,-0.6069,2.0
589.42,1.3028,-0.5928,2.4
589.62,1.3030,-0.5993,1.3
589.82,1.3005,-0.5958,1.2
590.12,1.2976,-0.5951,0.4
590.32,1.3003,-0.6015,2.2
590.62,1.3045,-0.5893,2.1
590.82,1.3003,-0.5969,2.1
591.02,1.2995,-0.5945,1.0
591.22,1.3072,-0.5916,2.6
591.42,1.3034,-0.6011,2.3
591.72,1.2984,-0.5940,2.8
591.92,1.2969,-0.5970,0.9
592.12,1.3039,-0.6036,1.8
592.32,1.3107,-0.5948,2.8
592.52,1.3092,-0.5994,0.7
592.72,1.3067,-0.6067,2.2
592.92,1.3167,-0.5958,3.9
593.12,1.3219,-0.6052,2.1
593.32,1.3163,-0.6158,3.0
593.52,1.3237,-0.6084,3.3
593.72,1.3244,-0.6138,1.4
593.92,1.3285,-0.6122,2.6
594.22,1.3153,-0.6136,1.2
594.42,1.3039,-0.6173,1.9
594.62,1.2937,-0.6149,1.3
594.82,1.2898,-0.6124,2.0
595.12,1.2794,-0.6296,3.7
595.42,1.2946,-0.6229,1.7
595.72,1.2905,-0.6316,1.1
595.92,1.2900,-0.6275,1.5
596.12,1.2838,-0.6308,0.5
596.42,1.2750,-0.6342,0.9
596.72,1.2832,-0.6355,1.1
596.92,1.2805,-0.6384,0.9
597.12,1.2820,-0.6353,1.8
597.32,1.2772,-0.6400,1.0
597.62,1.2672,-0.6416,0.8
597.82,1.2647,-0.6376,1.7
598.02,1.2699,-0.6451,2.5
598.22,1.2677,-0.6412,0.9
598.42,1.2678,-0.6359,1.8
598.72,1.2645,-0.6478,2.1
598.93,1.2645,-0.6387,3.2
599.13,1.2635,-0.6454,1.1
599.33,1.2618,-0.6499,1.7
599.53,1.2629,-0.6408,2.3
599.83,1.2597,-0.6509,3.9
600.03,1.2588,-0.6466,1.0
600.23,1.2771,-0.6456,1.8
600.43,1.2778,-0.6521,1.5
600.63,1.2714,-0.6510,1.0
600.83,1.2722,-0.6455,2.0
601.03,1.2775,-0.6539,2.6
601.23,1.2727,-0.6495,1.1
601.43,1.2707,-0.6450,1.9
601.63,1.2673,-0.6558,2.6
601.83,1.2617,-0.6522,0.9
602.03,1.2630,-0.6469,2.2
602.33,1.2669,-0.6530,1.3
602.53,1.2638,-0.6486,2.6
602.73,1.2652,-0.6539,0.8
602.93,1.2682,-0.6600,2.3
603.13,1.2733,-0.6503,2.4
603.33,1.2716,-0.6533,1.0
603.53,1.2658,-0.6544,0.9
603.73,1.2569,-0.6535,1.8
603.93,1.2521,-0.6576,0.6
604.13,1.2476,-0.6636,1.9
604.33,1.2531,-0.6603,0.2
604.63,1.2609,-0.6578,0.2
604.83,1.2636,-0.6573,0.2
605.03,1.2648,-0.6571,0.1
605.33,1.2677,-0.6566,0.2
605.53,1.2692,-0.6563,0.3
605.73,1.2676,-0.6553,0.7
605.93,1.2707,-0.6503,2.2
606.13,1.2569,-0.6545,0.9
606.33,1.2546,-0.6558,0.3
606.53,1.2536,-0.6604,1.7
606.73,1.2554,-0.6515,2.9
606.93,1.2571,-0.6561,0.7
607.13,1.2585,-0.6615,1.8
607.33,1.2599,-0.6520,2.4
607.63,1.2555,-0.6648,3.4
607.83,1.2504,-0.6663,0.9
608.03,1.2653,-0.6684,3.5
608.23,1.2532,-0.6802,0.6
608.43,1.2525,-0.6824,0.6
608.73,1.2580,-0.6803,0.8
608.93,1.2595,-0.6932,2.5
609.13,1.2508,-0.6872,3.6
609.43,1.2633,-0.6769,3.8
609.63,1.2606,-0.6742,1.3
609.84,1.2540,-0.6537,4.9
610.14,1.2623,-0.6497,0.4
610.34,1.2597,-0.6470,1.5
610.54,1.2598,-0.6393,0.3
610.74,1.2627,-0.6327,2.6
610.94,1.2494,-0.6365,4.2
611.24,1.2401,-0.6226,4.5
611.44,1.2427,-0.6321,1.8
611.64,1.2352,-0.6298,2.8
611.84,1.2553,-0.6274,1.3
612.04,1.2773,-0.6302,1.1
612.24,1.2919,-0.6351,1.4
612.44,1.3087,-0.6286,2.4
612.64,1.3244,-0.6337,1.2
612.84,1.3333,-0.6360,1.8
613.04,1.3488,-0.6260,3.7
613.24,1.3651,-0.6303,1.6
613.44,1.3654,-0.6262,2.6
613.64,1.3851,-0.6208,1.0
613.94,1.3976,-0.6195,1.7
614.14,1.4086,-0.6123,1.3
614.44,1.4317,-0.6091,1.2
614.64,1.4446,-0.6067,1.0
614.94,1.4728,-0.5969,0.9
615.24,1.4822,-0.6020,2.1
615.44,1.4801,-0.5901,3.6
615.64,1.4937,-0.5905,1.8
615.84,1.4948,-0.5867,2.3
616.04,1.5142,-0.5750,0.9
616.24,1.5306,-0.5674,0.9
616.44,1.5348,-0.5647,1.1
616.74,1.5595,-0.5454,0.9
616.94,1.5710,-0.5457,2.3
617.24,1.5886,-0.5268,2.8
617.44,1.6065,-0.5215,1.4
617.64,1.6147,-0.5183,1.9
617.84,1.6252,-0.4993,3.8
618.04,1.6437,-0.4959,1.4
618.34,1.6591,-0.4799,1.0
618.54,1.6697,-0.4693,1.0
618.74,1.6868,-0.4654,2.9
618.94,1.6983,-0.4503,1.1
619.14,1.7061,-0.4408,1.4
619.34,1.7227,-0.4383,2.3
619.64,1.7371,-0.4157,4.6
619.84,1.7510,-0.4160,2.6
620.04,1.7414,-0.4167,3.6
620.24,1.7503,-0.4023,1.2
620.44,1.7607,-0.3906,1.0
620.65,1.7548,-0.3879,2.9
620.95,1.7704,-0.3774,1.4
621.15,1.7888,-0.3641,1.4
621.35,1.7961,-0.3535,0.8
621.55,1.7963,-0.3474,1.1
621.85,1.8091,-0.3472,2.3
622.05,1.8194,-0.3262,3.7
622.25,1.8362,-0.3187,1.1
622.55,1.8402,-0.3101,0.9
622.75,1.8434,-0.2978,2.9
623.05,1.8433,-0.3062,1.8
623.25,1.8413,-0.2994,1.6
623.45,1.8427,-0.3005,0.8
623.75,1.8366,-0.3068,1.2
623.95,1.8348,-0.3026,1.1
624.15,1.8443,-0.3002,2.6
624.35,1.8424,-0.2961,0.9
624.65,1.8426,-0.3003,1.0
624.85,1.8420,-0.3051,1.7
625.15,1.8322,-0.3099,1.2
625.35,1.8400,-0.3048,2.0
625.55,1.8377,-0.3050,0.8
625.75,1.8290,-0.3088,1.8
625.95,1.8387,-0.3123,2.1
626.25,1.8346,-0.3078,1.8
626.55,1.8321,-0.3212,2.2
626.75,1.8288,-0.3165,0.6
626.95,1.8256,-0.3124,1.2
627.25,1.8313,-0.3163,1.8
627.55,1.8321,-0.3009,1.6
627.75,1.8419,-0.3008,2.4
627.95,1.8403,-0.2963,0.7
628.15,1.8346,-0.2933,2.5
628.35,1.8392,-0.2980,1.5
628.55,1.8378,-0.2938,0.6
628.75,1.8327,-0.2891,2.6
628.95,1.8361,-0.2969,2.2
629.15,1.8320,-0.2951,0.7
629.35,1.8257,-0.2929,2.3
629.55,1.8299,-0.3030,2.7
629.85,1.8235,-0.3032,1.1
630.05,1.8277,-0.2996,0.6
630.25,1.8338,-0.3011,2.6
630.45,1.8217,-0.3010,3.2
630.65,1.8250,-0.3048,1.1
630.95,1.8266,-0.3025,0.9
631.16,1.8264,-0.3003,0.6
631.46,1.8319,-0.3037,1.9
631.66,1.8239,-0.3001,2.3
631.86,1.8277,-0.3022,0.6
632.06,1.8329,-0.3036,1.6
632.26,1.8236,-0.2987,3.5
632.46,1.8305,-0.3010,0.8
632.66,1.8319,-0.3052,2.2
632.96,1.8214,-0.2976,2.5
633.16,1.8241,-0.3043,1.7
633.46,1.8206,-0.3030,0.8
633.66,1.8225,-0.3002,0.5
633.96,1.8230,-0.2967,0.5
634.16,1.8174,-0.2938,2.2
634.46,1.8258,-0.2992,2.0
634.66,1.8204,-0.2897,3.0
634.96,1.8267,-0.2959,3.8
635.16,1.8199,-0.2958,0.9
635.36,1.8135,-0.2991,1.6
635.56,1.8200,-0.3014,2.0
635.76,1.8196,-0.2956,0.9
635.96,1.8159,-0.2941,1.5
636.16,1.8231,-0.2988,2.6
636.46,1.8128,-0.3008,3.1
636.66,1.8173,-0.3040,1.1
636.86,1.8195,-0.3071,1.8
637.06,1.8141,-0.3068,1.4
637.26,1.8183,-0.3055,0.5
637.46,1.8248,-0.3072,2.8
637.66,1.8150,-0.3060,2.7
637.96,1.8179,-0.3126,1.0
638.16,1.8195,-0.3088,0.8
638.36,1.8170,-0.3119,1.3
638.56,1.8271,-0.3055,2.1
638.76,1.8247,-0.3061,0.8
639.06,1.8222,-0.3135,1.6
639.36,1.8258,-0.3116,1.4
639.66,1.8293,-0.3057,0.5
639.86,1.8352,-0.3059,2.2
640.06,1.8262,-0.3015,3.5
640.36,1.8303,-0.3059,1.8
640.56,1.8293,-0.2992,0.8
640.76,1.8265,-0.2918,2.6
640.96,1.8316,-0.3027,3.7
641.26,1.8219,-0.2991,1.8
641.56,1.8309,-0.2986,2.8
641.77,1.8304,-0.2934,1.0
641.97,1.8256,-0.2932,1.8
642.27,1.8362,-0.2996,1.9
642.47,1.8270,-0.2950,2.9
642.67,1.8313,-0.2980,1.0
642.87,1.8326,-0.3069,2.2
643.07,1.8216,-0.3020,2.1
643.37,1.8312,-0.3003,2.6
643.57,1.8314,-0.2925,0.9
643.77,1.8278,-0.2917,1.8
643.97,1.8385,-0.2945,4.1
644.17,1.8377,-0.2889,0.6
644.47,1.8359,-0.2941,0.7
644.77,1.8346,-0.2967,0.5
644.97,1.8239,-0.3002,2.4
645.17,1.8307,-0.3098,3.0
645.37,1.8284,-0.3061,0.8
645.67,1.8260,-0.3111,1.0
645.87,1.8246,-0.3243,3.0
646.07,1.8133,-0.3157,3.0
646.27,1.8203,-0.3145,1.3
646.47,1.8236,-0.3137,1.4
646.67,1.8213,-0.3098,1.5
646.97,1.8275,-0.3104,2.1
647.17,1.8268,-0.3050,0.6
647.37,1.8214,-0.3021,1.6
647.57,1.8288,-0.3089,3.0
647.87,1.8250,-0.2987,1.9
648.17,1.8298,-0.3056,3.6
648.37,1.8239,-0.3015,1.0
648.57,1.8196,-0.3011,1.5
648.77,1.8265,-0.3046,2.5
648.97,1.8267,-0.2979,0.8
649.17,1.8246,-0.2934,1.8
649.37,1.8309,-0.3046,4.3
649.57,1.8268,-0.3022,0.9
649.77,1.8223,-0.3020,1.6
649.97,1.8246,-0.3133,2.2
650.27,1.8185,-0.3075,2.2
650.47,1.8211,-0.3086,0.8
650.77,1.8204,-0.3081,0.9
650.97,1.8191,-0.3068,0.8
651.27,1.8316,-0.3038,2.4
651.47,1.8242,-0.3026,1.9
651.67,1.8260,-0.3052,1.2
651.87,1.8280,-0.3067,0.7
652.18,1.8289,-0.3065,1.3
652.47,1.8378,-0.3047,2.7
652.68,1.8265,-0.3031,3.5
652.98,1.8313,-0.3079,1.6
653.18,1.8321,-0.3047,0.8
653.38,1.8284,-0.3030,1.3
653.68,1.8333,-0.3084,1.2
653.88,1.8277,-0.3000,3.5
654.08,1.8342,-0.2997,1.0
654.28,1.8346,-0.3035,1.6
654.58,1.8246,-0.2984,1.8
654.78,1.8306,-0.3117,4.1
654.98,1.8226,-0.3083,2.0
655.28,1.8241,-0.3016,0.9
655.58,1.8279,-0.2961,0.5
655.88,1.8238,-0.3048,0.7
656.08,1.8262,-0.3088,1.7
656.28,1.8214,-0.3006,3.0
656.48,1.8262,-0.3015,1.0
656.68,1.8235,-0.3087,2.0
656.88,1.8175,-0.2995,2.5
657.08,1.8216,-0.3000,1.3
657.28,1.8196,-0.3151,3.6
657.58,1.7981,-0.3127,1.8
657.78,1.8097,-0.3207,3.0
658.08,1.7991,-0.3216,1.7
658.28,1.8074,-0.3176,0.6
658.48,1.8176,-0.3149,2.7
658.68,1.8076,-0.3130,3.3
658.88,1.8136,-0.3170,1.5
659.18,1.8177,-0.3104,1.5
659.48,1.8251,-0.2983,0.5
659.68,1.8320,-0.2996,2.1
659.88,1.8233,-0.2981,2.4
660.18,1.8294,-0.3013,1.8
660.38,1.8289,-0.2956,0.7
660.58,1.8246,-0.2914,2.3
660.78,1.8310,-0.2992,2.5
661.08,1.8225,-0.2971,2.1
661.38,1.8249,-0.3069,3.7
661.58,1.8155,-0.3064,1.5
661.88,1.8142,-0.3021,0.7
662.08,1.8142,-0.3053,1.5
662.28,1.8114,-0.3034,1.2
662.48,1.8149,-0.3020,0.6
662.68,1.8187,-0.3042,1.8
662.98,1.8130,-0.3012,1.3
663.29,1.8235,-0.2993,1.8
663.49,1.8137,-0.2955,3.2
663.69,1.8200,-0.2994,0.9
663.99,1.8171,-0.3020,0.8
664.19,1.8101,-0.3028,1.6
664.39,1.8184,-0.3095,2.9
664.59,1.8183,-0.3022,1.0
664.79,1.8174,-0.2949,1.2
665.09,1.8303,-0.2939,1.9
665.39,1.8207,-0.2881,1.8
665.59,1.8286,-0.2968,3.9
665.79,1.8229,-0.2917,0.7
665.99,1.8171,-0.2913,2.0
666.29,1.8254,-0.2970,2.0
666.49,1.8149,-0.2960,2.3
666.69,1.8194,-0.2978,0.9
666.89,1.8227,-0.3014,1.9
667.09,1.8150,-0.2955,2.9
667.39,1.8203,-0.3033,2.9
667.59,1.8149,-0.3001,0.8
667.79,1.8089,-0.2974,1.8
667.99,1.8175,-0.2998,2.6
668.19,1.8154,-0.2961,0.9
668.39,1.8120,-0.3015,1.2
668.59,1.8180,-0.2987,1.9
668.79,1.8182,-0.2932,0.9
668.99,1.8154,-0.2893,2.1
669.19,1.8227,-0.2975,2.8
669.39,1.8171,-0.2990,0.8
669.59,1.8083,-0.3013,2.0
669.79,1.8143,-0.3082,1.9
669.99,1.8143,-0.3032,1.0
670.29,1.8138,-0.3009,0.6
670.59,1.8150,-0.2966,0.4
670.79,1.8106,-0.2902,2.2
670.99,1.8152,-0.2962,2.3
671.19,1.8120,-0.2946,1.1
671.49,1.8127,-0.2931,0.8
671.69,1.8149,-0.2948,1.4
671.89,1.8090,-0.2898,2.5
672.09,1.8133,-0.2909,0.8
672.29,1.8165,-0.2955,2.4
672.49,1.8062,-0.2923,3.1
672.79,1.8121,-0.3002,2.6
672.99,1.8087,-0.2951,0.9
673.19,1.8052,-0.2894,2.0
673.39,1.8117,-0.2921,2.1
673.59,1.8116,-0.2857,0.7
673.79,1.8071,-0.2822,2.0
674.00,1.8122,-0.2911,3.1
674.29,1.8020,-0.2889,2.6
674.50,1.8052,-0.2928,0.8
674.70,1.8057,-0.3001,2.1
675.00,1.7943,-0.2942,1.6
675.20,1.8013,-0.2999,2.4
675.40,1.8021,-0.2918,0.9
675.60,1.7995,-0.2827,2.3
675.80,1.8042,-0.2943,3.7
676.10,1.7933,-0.2936,1.0
676.30,1.7946,-0.2928,0.6
676.50,1.7938,-0.2975,1.1
676.70,1.7933,-0.2931,1.1
676.90,1.7965,-0.2907,0.6
677.10,1.8015,-0.2882,1.5
677.30,1.7930,-0.2850,3.3
677.50,1.7944,-0.2878,0.7
677.70,1.7907,-0.2951,1.5
677.90,1.7883,-0.2878,1.7
678.10,1.7904,-0.2887,0.7
678.30,1.7893,-0.3000,2.5
678.50,1.7783,-0.2955,2.9
678.70,1.7818,-0.2969,0.6
678.90,1.7864,-0.2989,1.7
679.20,1.7787,-0.2917,2.0
679.50,1.7908,-0.2958,2.6
679.70,1.7828,-0.2859,3.2
679.90,1.7836,-0.2849,0.5
680.10,1.7763,-0.2907,1.4
680.40,1.7772,-0.2936,1.3
680.60,1.7803,-0.2900,1.2
680.80,1.7784,-0.2873,0.5
681.10,1.7789,-0.2858,1.2
681.30,1.7796,-0.2887,1.9
681.50,1.7718,-0.2876,1.5
681.70,1.7758,-0.2868,0.6
682.00,1.7770,-0.2828,0.7
682.20,1.7729,-0.2768,2.6
682.40,1.7778,-0.2824,1.8
682.60,1.7772,-0.2777,0.9
682.80,1.7746,-0.2689,2.7
683.00,1.7801,-0.2787,3.4
683.20,1.7722,-0.2768,1.0
683.40,1.7657,-0.2740,2.6
683.60,1.7704,-0.2820,2.5
683.80,1.7660,-0.2804,0.7
684.00,1.7597,-0.2787,2.5
684.31,1.7641,-0.2957,3.0
684.51,1.7492,-0.2914,3.9
684.81,1.7572,-0.2939,2.1
685.01,1.7566,-0.2911,0.9
685.21,1.7511,-0.2944,1.1
685.41,1.7607,-0.2905,2.2
685.61,1.7602,-0.2866,0.7
685.91,1.7611,-0.2875,1.2
686.11,1.7629,-0.2876,1.6
686.31,1.7624,-0.2775,2.6
686.51,1.7690,-0.2770,1.1
686.81,1.7644,-0.2781,0.8
687.01,1.7590,-0.2777,1.7
687.21,1.7675,-0.2833,3.1
687.41,1.7661,-0.2778,0.7
687.71,1.7660,-0.2790,0.9
688.01,1.7649,-0.2773,0.8
688.21,1.7606,-0.2746,2.0
688.41,1.7656,-0.2830,3.0
688.61,1.7608,-0.2779,0.9
688.81,1.7582,-0.2704,2.3
689.01,1.7651,-0.2751,2.5
689.31,1.7579,-0.2729,2.1
689.51,1.7612,-0.2752,0.6
689.81,1.7626,-0.2785,0.6
690.11,1.7608,-0.2839,0.8
690.41,1.7608,-0.2826,0.9
690.61,1.7569,-0.2821,1.6
690.91,1.7689,-0.2845,2.3
691.11,1.7613,-0.2790,2.7
691.31,1.7648,-0.2809,0.9
691.51,1.7643,-0.2866,2.1
691.71,1.7565,-0.2844,1.7
691.91,1.7604,-0.2843,0.5
692.21,1.7610,-0.2813,0.7
692.41,1.7583,-0.2757,2.1
692.61,1.7639,-0.2830,3.1
692.81,1.7613,-0.2762,1.1
693.01,1.7599,-0.2709,1.3
693.21,1.7666,-0.2767,3.3
693.51,1.7579,-0.2708,3.2
693.71,1.7620,-0.2744,1.0
694.01,1.7561,-0.2755,0.9
694.31,1.7592,-0.2721,1.0
694.51,1.7577,-0.2799,2.2
694.71,1.7502,-0.2735,2.1
694.91,1.7534,-0.2764,0.7
695.11,1.7558,-0.2824,2.0
695.31,1.7482,-0.2751,2.5
695.51,1.7533,-0.2762,0.8
695.72,1.7574,-0.2809,2.3
695.92,1.7497,-0.2763,2.4
696.12,1.7553,-0.2784,0.7
696.32,1.7598,-0.2793,2.0
696.52,1.7509,-0.2741,3.4
696.82,1.7564,-0.2817,2.8
697.02,1.7506,-0.2789,0.6
697.22,1.7446,-0.2754,2.0
697.52,1.7467,-0.2901,3.1
697.72,1.7429,-0.2802,1.8
697.92,1.7488,-0.2745,0.9
698.12,1.7554,-0.2723,1.8
698.42,1.7400,-0.2681,3.5
698.72,1.7417,-0.2827,1.8
699.02,1.7328,-0.2765,1.5
699.22,1.7433,-0.2787,2.3
699.42,1.7417,-0.2753,0.6
699.62,1.7362,-0.2725,2.1
699.92,1.7410,-0.2780,1.8
700.12,1.7433,-0.2635,3.5
700.32,1.7495,-0.2593,1.0
700.52,1.7419,-0.2631,1.7
700.72,1.7429,-0.2562,1.8
700.92,1.7422,-0.2594,0.8
701.12,1.7396,-0.2712,2.7
701.32,1.7311,-0.2672,1.6
701.62,1.7360,-0.2722,2.7
701.82,1.7348,-0.2681,1.0
702.02,1.7312,-0.2674,1.7
702.22,1.7405,-0.2705,2.5
702.52,1.7397,-0.2564,3.5
702.72,1.7432,-0.2550,0.8
702.92,1.7409,-0.2624,2.0
703.22,1.7309,-0.2595,1.8
703.42,1.7358,-0.2753,4.7
703.62,1.7243,-0.2752,1.6
703.82,1.7170,-0.2736,2.6
704.02,1.7256,-0.2789,3.1
704.32,1.7221,-0.2765,2.0
704.52,1.7273,-0.2768,0.6
704.72,1.7339,-0.2771,1.9
705.02,1.7291,-0.2681,1.8
705.22,1.7369,-0.2744,3.2
705.43,1.7346,-0.2673,0.8
705.63,1.7311,-0.2633,2.0
705.83,1.7377,-0.2693,2.5
706.13,1.7341,-0.2592,3.5
706.43,1.7387,-0.2645,2.5
706.63,1.7334,-0.2635,0.9
706.83,1.7283,-0.2592,1.8
707.03,1.7325,-0.2708,3.6
707.33,1.7213,-0.2645,2.8
707.53,1.7242,-0.2653,0.7
707.73,1.7273,-0.2718,2.2
707.93,1.7130,-0.2686,3.2
708.13,1.7181,-0.2747,1.1
708.33,1.7248,-0.2769,2.7
708.53,1.7176,-0.2713,3.3
708.73,1.7219,-0.2735,1.3
709.03,1.7215,-0.2743,1.6
709.33,1.7231,-0.2688,0.5
709.53,1.7206,-0.2755,1.7
709.73,1.7212,-0.2663,1.8
709.93,1.7268,-0.2639,0.8
710.13,1.7318,-0.2651,2.0
710.43,1.7252,-0.2574,1.8
710.63,1.7321,-0.2644,2.7
710.93,1.7239,-0.2593,3.4
711.13,1.7278,-0.2614,1.2
711.33,1.7261,-0.2704,2.6
711.63,1.7120,-0.2710,1.9
711.83,1.7194,-0.2759,2.6
712.03,1.7184,-0.2723,1.1
712.23,1.7135,-0.2756,1.9
712.43,1.7274,-0.2719,3.0
712.73,1.7234,-0.2730,3.0
712.93,1.7268,-0.2782,1.2
713.13,1.7296,-0.2792,1.6
713.33,1.7292,-0.2725,1.4
713.63,1.7394,-0.2685,2.8
713.83,1.7394,-0.2646,0.7
714.03,1.7367,-0.2651,0.9
714.23,1.7428,-0.2711,3.2
714.43,1.7384,-0.2660,0.8
714.73,1.7397,-0.2672,0.9
715.03,1.7391,-0.2638,0.8
715.33,1.7448,-0.2581,1.3
715.53,1.7441,-0.2638,2.3
715.74,1.7345,-0.2599,2.6
716.04,1.7370,-0.2673,2.9
716.33,1.7276,-0.2681,1.4
716.54,1.7304,-0.2690,0.6
716.74,1.7369,-0.2702,2.2
716.94,1.7284,-0.2631,4.0
717.14,1.7343,-0.2645,1.0
717.34,1.7300,-0.2673,1.8
717.54,1.7331,-0.2568,2.4
717.84,1.7382,-0.2618,3.9
718.04,1.7320,-0.2582,0.7
718.24,1.7269,-0.2550,2.1
718.44,1.7320,-0.2662,3.9
718.64,1.7239,-0.2637,0.9
718.84,1.7169,-0.2633,2.2
719.04,1.7221,-0.2714,2.9
719.34,1.7181,-0.2642,2.2
719.54,1.7232,-0.2632,0.6
719.74,1.7257,-0.2695,2.0
719.94,1.7184,-0.2635,2.6
720.24,1.7224,-0.2680,2.4
720.54,1.7157,-0.2672,1.6
720.84,1.7256,-0.2647,2.2
721.04,1.7268,-0.2612,0.8
721.24,1.7191,-0.2616,2.3
721.44,1.7239,-0.2717,2.7
721.64,1.7210,-0.2669,0.8
721.94,1.7243,-0.2624,0.9
722.14,1.7239,-0.2674,2.2
722.34,1.7208,-0.2555,2.7
722.64,1.7294,-0.2550,2.6
722.84,1.7261,-0.2519,0.7
723.04,1.7198,-0.2496,2.3
723.24,1.7263,-0.2600,3.4
723.44,1.7201,-0.2607,0.5
723.74,1.7164,-0.2635,1.0
723.94,1.7154,-0.2712,2.2
724.24,1.7101,-0.2620,1.5
724.44,1.7148,-0.2676,1.8
724.64,1.7142,-0.2608,0.5
724.84,1.7093,-0.2568,2.1
725.14,1.7179,-0.2631,1.7
725.34,1.7103,-0.2567,2.6
725.54,1.7184,-0.2558,1.1
725.74,1.7242,-0.2578,2.4
726.04,1.7175,-0.2451,2.5
726.34,1.7236,-0.2548,2.1
726.54,1.7137,-0.2489,2.6
726.74,1.7177,-0.2516,0.8
726.94,1.7209,-0.2580,2.3
727.24,1.7145,-0.2510,1.3
727.45,1.7190,-0.2546,1.8
727.65,1.7192,-0.2506,0.4
727.85,1.7130,-0.2489,2.9
728.15,1.7138,-0.2643,1.9
728.45,1.7071,-0.2554,1.5
728.65,1.7138,-0.2620,2.6
728.85,1.7099,-0.2568,0.7
729.15,1.7148,-0.2545,1.1
729.35,1.7163,-0.2584,1.9
729.55,1.7097,-0.2496,2.8
729.75,1.7154,-0.2491,0.8
729.95,1.7158,-0.2520,1.7
730.25,1.7128,-0.2394,2.0
730.45,1.7195,-0.2471,3.9
730.65,1.7144,-0.2417,0.7
730.95,1.7149,-0.2439,1.0
731.15,1.7145,-0.2512,2.3
731.35,1.7040,-0.2473,2.5
731.55,1.7088,-0.2505,0.9
731.85,1.7105,-0.2449,0.7
732.05,1.7089,-0.2368,2.6
732.35,1.7058,-0.2421,1.9
732.65,1.7051,-0.2376,1.1
732.85,1.7067,-0.2448,1.8
733.05,1.7011,-0.2477,0.6
733.25,1.6952,-0.2524,1.4
733.55,1.7018,-0.2529,0.9
733.85,1.6957,-0.2537,1.2
734.05,1.7061,-0.2500,2.7
734.25,1.7069,-0.2424,1.0
734.45,1.7044,-0.2402,1.9
734.75,1.7135,-0.2477,2.2
734.95,1.7055,-0.2434,2.6
735.15,1.7086,-0.2457,0.9
735.35,1.7078,-0.2524,2.1
735.55,1.7012,-0.2469,2.0
735.85,1.7115,-0.2467,3.3
736.05,1.7110,-0.2418,1.0
736.25,1.7057,-0.2436,1.5
736.45,1.7112,-0.2504,2.3
736.75,1.7025,-0.2469,3.5
736.95,1.7057,-0.2494,0.6
737.15,1.7016,-0.2530,1.2
737.35,1.7003,-0.2464,2.2
737.55,1.7031,-0.2460,1.0
737.75,1.7035,-0.2517,2.2
737.96,1.6955,-0.2462,2.5
738.26,1.7021,-0.2491,2.2
738.46,1.6991,-0.2451,0.8
738.66,1.6942,-0.2419,2.2
738.86,1.7000,-0.2482,2.2
739.06,1.6973,-0.2438,0.6
739.26,1.6924,-0.2395,1.9
739.46,1.6980,-0.2454,2.5
739.66,1.6949,-0.2442,0.9
739.86,1.6882,-0.2459,1.0
740.06,1.7007,-0.2431,3.1
740.26,1.7023,-0.2405,0.7
740.46,1.6997,-0.2466,1.1
740.76,1.7100,-0.2458,1.8
740.96,1.7009,-0.2408,3.2
741.16,1.7073,-0.2440,0.9
741.36,1.7113,-0.2482,2.2
741.56,1.7017,-0.2444,3.1
741.76,1.7051,-0.2491,1.0
741.96,1.7039,-0.2544,2.1
742.16,1.7002,-0.2477,1.7
742.36,1.7033,-0.2479,0.6
742.66,1.6995,-0.2498,0.7
742.86,1.6928,-0.2451,3.5
743.06,1.6948,-0.2532,2.4
743.26,1.6922,-0.2488,0.8
743.56,1.6964,-0.2451,0.8
743.76,1.6997,-0.2500,2.3
743.96,1.6915,-0.2432,2.4
744.16,1.6975,-0.2438,0.9
744.36,1.7020,-0.2449,1.7
744.56,1.6931,-0.2398,3.1
744.86,1.7031,-0.2453,3.0
745.06,1.7016,-0.2422,0.8
745.26,1.6947,-0.2418,1.8
745.46,1.7026,-0.2481,2.5
745.76,1.6973,-0.2420,2.4
745.96,1.7019,-0.2435,0.8
746.16,1.7019,-0.2490,2.0
746.36,1.6960,-0.2404,1.9
746.56,1.7029,-0.2385,0.9
746.76,1.7095,-0.2389,2.3
746.96,1.6973,-0.2346,3.6
747.16,1.6956,-0.2414,0.6
747.36,1.6926,-0.2492,2.0
747.56,1.6853,-0.2432,2.8
747.76,1.6885,-0.2457,1.0
747.96,1.6866,-0.2581,3.1
748.17,1.6715,-0.2511,4.3
748.37,1.6784,-0.2532,1.1
748.57,1.6837,-0.2540,1.7
748.87,1.6722,-0.2545,2.1
749.17,1.6823,-0.2596,2.0
749.37,1.6798,-0.2505,2.5
749.57,1.6852,-0.2501,0.9
749.87,1.6846,-0.2475,0.9
750.07,1.6834,-0.2399,1.8
750.27,1.6937,-0.2413,2.2
750.47,1.6923,-0.2359,0.6
750.77,1.6928,-0.2357,1.1
751.07,1.6849,-0.2410,0.9
751.27,1.6807,-0.2428,1.4
751.47,1.6881,-0.2426,2.1
751.67,1.6878,-0.2377,0.7
751.87,1.6821,-0.2383,1.8
752.17,1.6839,-0.2492,1.3
752.37,1.6776,-0.2423,3.1
752.57,1.6831,-0.2437,1.1
752.87,1.6796,-0.2438,1.0
753.07,1.6780,-0.2377,1.4
753.27,1.6849,-0.2425,3.3
753.57,1.6740,-0.2421,2.2
753.77,1.6783,-0.2467,0.5
753.97,1.6841,-0.2516,2.2
754.17,1.6789,-0.2446,2.4
754.37,1.6868,-0.2434,0.7
754.57,1.6948,-0.2451,2.8
754.77,1.6886,-0.2417,2.1
755.07,1.6947,-0.2466,2.7
755.37,1.6917,-0.2468,0.6
755.57,1.6884,-0.2497,0.5
755.77,1.6868,-0.2518,0.5
755.97,1.6849,-0.2538,0.4
756.27,1.6827,-0.2561,0.4
756.47,1.6814,-0.2572,0.2
756.77,1.6688,-0.2681,0.9
756.97,1.6673,-0.2741,0.4
757.27,1.6615,-0.2924,0.4
757.47,1.6501,-0.3006,3.3
757.67,1.6576,-0.3117,3.1
757.87,1.6544,-0.3253,0.7
758.17,1.6539,-0.3400,0.8
758.47,1.6655,-0.3590,0.3
758.68,1.6613,-0.3703,4.2
758.98,1.6880,-0.3723,5.1
759.18,1.6902,-0.3851,3.7
759.48,1.7078,-0.3843,4.5
759.68,1.7212,-0.3960,3.6
759.88,1.7153,-0.3985,1.7
760.08,1.7069,-0.3950,1.9
760.28,1.6924,-0.3980,0.8
760.48,1.6765,-0.4035,1.3
760.78,1.6780,-0.3960,2.8
761.08,1.6648,-0.4148,0.6
761.28,1.6534,-0.4142,2.5
761.58,1.6380,-0.4250,1.7
761.78,1.6172,-0.4311,1.0
762.08,1.5937,-0.4375,0.5
762.28,1.5846,-0.4398,0.4
762.48,1.5752,-0.4387,1.7
762.78,1.5500,-0.4486,1.7
762.98,1.5266,-0.4493,1.5
763.18,1.5134,-0.4485,1.2
763.38,1.5050,-0.4593,2.6
763.58,1.4891,-0.4552,1.1
763.88,1.4721,-0.4597,1.8
764.08,1.4652,-0.4607,1.8
764.28,1.4427,-0.4546,4.5
764.48,1.4299,-0.4620,1.7
764.68,1.4315,-0.4547,2.5
764.88,1.4108,-0.4521,1.6
765.18,1.3886,-0.4584,2.2
765.38,1.3734,-0.4561,0.8
765.58,1.3669,-0.4500,2.5
765.78,1.3695,-0.4584,2.7
766.08,1.3649,-0.4519,2.9
766.28,1.3671,-0.4547,1.0
766.48,1.3736,-0.4545,2.2
766.68,1.3604,-0.4499,2.7
766.88,1.3542,-0.4525,1.0
767.18,1.3501,-0.4492,0.8
767.38,1.3458,-0.4423,2.3
767.58,1.3502,-0.4492,1.8
767.78,1.3528,-0.4459,0.8
768.08,1.3630,-0.4431,0.7
768.28,1.3642,-0.4437,1.7
768.48,1.3506,-0.4411,2.5
768.68,1.3479,-0.4437,0.8
768.98,1.3505,-0.4406,0.8
769.19,1.3496,-0.4348,2.3
769.48,1.3610,-0.4415,2.3
769.69,1.3596,-0.4346,1.5
769.89,1.3571,-0.4370,0.6
770.09,1.3602,-0.4364,0.8
770.39,1.3549,-0.4322,2.0
770.59,1.3529,-0.4435,3.7
770.79,1.3498,-0.4435,0.8
770.99,1.3596,-0.4440,1.5
771.19,1.3557,-0.4475,1.1
771.49,1.3622,-0.4411,1.6
771.69,1.3632,-0.4456,0.6
771.89,1.3640,-0.4500,1.5
772.09,1.3566,-0.4457,2.3
772.29,1.3554,-0.4510,0.9
772.59,1.3530,-0.4508,0.8
772.79,1.3571,-0.4416,2.4
772.99,1.3668,-0.4515,3.8
773.29,1.3664,-0.4476,1.7
773.49,1.3665,-0.4539,0.7
773.69,1.3666,-0.4575,0.5
773.89,1.3682,-0.4508,1.7
774.09,1.3708,-0.4556,1.2
774.39,1.3651,-0.4652,1.2
774.69,1.3706,-0.4706,1.9
774.89,1.3692,-0.4854,0.8
775.09,1.3652,-0.4892,1.9
775.29,1.3636,-0.5022,1.6
775.59,1.3572,-0.5250,1.0
775.79,1.3518,-0.5383,0.8
775.99,1.3471,-0.5531,2.0
776.19,1.3381,-0.5622,1.3
776.49,1.3312,-0.5780,0.7
776.69,1.3342,-0.5836,1.7
776.89,1.3300,-0.5801,3.1
777.19,1.3284,-0.6002,0.8
777.39,1.3215,-0.6126,1.1
777.59,1.3240,-0.6173,2.0
777.89,1.3163,-0.6379,1.4
778.09,1.3084,-0.6377,2.1
778.39,1.3001,-0.6585,2.6
778.59,1.2861,-0.6685,1.4
778.79,1.2873,-0.6745,2.2
778.99,1.2759,-0.6909,1.3
779.19,1.2640,-0.6999,0.8
779.39,1.2602,-0.7060,1.3
779.59,1.2469,-0.7248,3.0
779.79,1.2354,-0.7323,0.9
779.99,1.2381,-0.7360,2.3
780.19,1.2220,-0.7542,1.5
780.39,1.2093,-0.7637,1.1
780.59,1.2066,-0.7677,1.9
780.80,1.1941,-0.7817,1.8
781.00,1.1835,-0.7860,1.0
781.20,1.1802,-0.7879,1.4
781.50,1.1609,-0.8017,1.0
781.70,1.1402,-0.8077,3.1
781.90,1.1304,-0.8189,1.3
782.10,1.1267,-0.8163,2.0
782.30,1.1101,-0.8176,2.1
782.50,1.1026,-0.8220,1.4
782.70,1.1001,-0.8190,2.4
782.90,1.0770,-0.8264,1.4
783.10,1.0591,-0.8299,1.0
783.30,1.0523,-0.8282,2.4
783.50,1.0313,-0.8361,1.4
783.80,1.0084,-0.8419,1.5
784.00,0.9948,-0.8443,1.3
784.20,0.9871,-0.8499,2.0
784.40,0.9679,-0.8514,2.1
784.60,0.9534,-0.8531,1.3
784.90,0.9317,-0.8627,1.2
785.10,0.9269,-0.8597,2.8
785.30,0.9045,-0.8698,1.1
785.50,0.8901,-0.8758,0.4
785.70,0.8812,-0.8794,0.8
785.90,0.8636,-0.8832,1.6
786.10,0.8472,-0.8900,0.7
786.40,0.8230,-0.8963,0.8
786.60,0.8079,-0.8963,1.4
786.80,0.7992,-0.9063,1.9
787.00,0.7813,-0.9053,1.5
787.20,0.7678,-0.9050,1.0
787.40,0.7682,-0.9084,2.0
787.60,0.7596,-0.9073,1.9
787.80,0.7482,-0.9092,1.3
788.00,0.7339,-0.9151,2.0
788.30,0.7131,-0.9143,2.9
788.50,0.7016,-0.9221,1.4
788.70,0.6909,-0.9251,1.5
788.90,0.6645,-0.9262,4.3
789.10,0.6513,-0.9359,1.9
789.30,0.6502,-0.9267,3.1
789.50,0.6311,-0.9264,1.1
789.70,0.6209,-0.9280,0.9
789.90,0.6225,-0.9259,2.2
790.20,0.5953,-0.9245,1.6
790.40,0.5879,-0.9332,2.4
790.60,0.5708,-0.9312,1.4
790.80,0.5526,-0.9319,1.1
791.00,0.5416,-0.9426,2.2
791.20,0.5241,-0.9414,1.1
791.40,0.5120,-0.9389,1.3
791.61,0.5019,-0.9474,1.9
791.81,0.4866,-0.9473,1.4
792.01,0.4725,-0.9458,1.6
792.21,0.4611,-0.9551,2.3
792.51,0.4315,-0.9536,3.8
792.71,0.4145,-0.9645,1.6
792.91,0.4067,-0.9620,2.1
793.11,0.3827,-0.9636,2.4
793.31,0.3673,-0.9720,1.5
793.51,0.3601,-0.9712,2.0
793.71,0.3384,-0.9733,2.4
793.91,0.3234,-0.9833,1.3
794.11,0.3164,-0.9824,1.6
794.41,0.2836,-0.9869,1.3
794.61,0.2747,-0.9932,1.6
794.81,0.2591,-0.9939,1.5
795.01,0.2458,-0.9970,1.1
795.21,0.2275,-1.0029,1.2
795.41,0.2072,-1.0073,0.8
795.61,0.1938,-1.0061,1.7
795.81,0.1897,-1.0132,1.5
796.01,0.1762,-1.0154,1.4
796.21,0.1640,-1.0214,1.0
796.41,0.1480,-1.0371,3.6
796.71,0.1317,-1.0430,1.7
796.91,0.1246,-1.0560,1.1
797.11,0.1179,-1.0656,1.1
797.31,0.1062,-1.0706,1.9
797.51,0.0999,-1.0836,0.8
797.81,0.0908,-1.0932,1.6
798.01,0.1001,-1.0923,3.1
798.21,0.0952,-1.1101,1.7
798.41,0.0927,-1.1148,1.4
798.61,0.0968,-1.1075,3.0
798.81,0.0981,-1.1259,1.5
799.01,0.0963,-1.1342,1.4
799.21,0.1010,-1.1248,2.7
799.41,0.1028,-1.1445,0.6
799.71,0.1029,-1.1622,1.5
799.91,0.1078,-1.1775,0.7
800.11,0.1159,-1.1906,1.4
800.41,0.1212,-1.1926,3.6
800.61,0.1234,-1.2120,2.4
800.81,0.1255,-1.2278,1.3
801.01,0.1352,-1.2343,3.8
801.31,0.1283,-1.2508,3.6
801.51,0.1392,-1.2710,2.9
801.71,0.1370,-1.2655,1.4
802.02,0.1328,-1.2459,2.1
802.22,0.1325,-1.2278,3.9
802.52,0.1173,-1.2123,4.4
802.72,0.1245,-1.2063,4.8
802.92,0.1187,-1.1910,2.6
803.12,0.1075,-1.1775,4.0
803.42,0.1057,-1.1586,3.4
803.62,0.0977,-1.1560,2.4
803.82,0.0862,-1.1458,1.1
804.02,0.0715,-1.1447,3.2
804.22,0.0580,-1.1353,2.4
804.42,0.0549,-1.1370,0.7
804.62,0.0460,-1.1553,5.3
804.92,0.0267,-1.1544,3.4
805.12,0.0305,-1.1695,3.2
805.32,0.0217,-1.1736,1.6
805.52,0.0141,-1.1664,1.4
805.82,0.0179,-1.1664,2.2
806.02,0.0184,-1.1504,1.2
806.22,0.0239,-1.1362,1.1
806.42,0.0279,-1.1264,0.9
806.62,0.0277,-1.1160,2.2
806.92,0.0262,-1.1294,5.2
807.12,0.0208,-1.1211,1.5
807.32,0.0169,-1.1257,2.2
807.62,0.0448,-1.1146,1.4
807.82,0.0530,-1.1013,2.2
808.02,0.0689,-1.0945,1.1
808.22,0.0833,-1.0884,1.9
808.52,0.0867,-1.0721,2.1
808.82,0.0948,-1.0853,3.7
809.02,0.0818,-1.0879,4.0
809.22,0.0882,-1.0889,1.9
809.42,0.0867,-1.0947,3.2
809.62,0.0852,-1.0760,1.4
809.82,0.0909,-1.0568,0.7
810.02,0.0968,-1.0441,1.4
810.22,0.0920,-1.0232,4.0
810.42,0.1025,-1.0118,1.9
810.62,0.0978,-1.0121,2.4
810.92,0.0977,-0.9833,1.3
811.22,0.1097,-0.9566,1.2
811.42,0.1046,-0.9362,3.0
811.62,0.1110,-0.9264,1.2
811.92,0.1101,-0.9107,1.6
812.13,0.1074,-0.8919,1.1
812.33,0.1156,-0.8782,1.9
812.53,0.1169,-0.8666,0.5
812.83,0.1139,-0.8656,1.0
813.03,0.1110,-0.8737,1.4
813.23,0.0973,-0.8643,4.6
813.43,0.0942,-0.8740,5.3
813.63,0.1032,-0.8634,3.3
813.83,0.1142,-0.8650,2.2
814.03,0.1091,-0.8679,0.9
814.33,0.1148,-0.8607,1.6
814.53,0.1260,-0.8571,2.1
814.73,0.1377,-0.8464,1.1
815.03,0.1311,-0.8478,1.0
815.23,0.1294,-0.8523,0.9
815.43,0.1191,-0.8655,2.6
815.63,0.1204,-0.8517,1.2
815.93,0.1302,-0.8286,2.7
816.23,0.1296,-0.8112,2.3
816.43,0.1321,-0.8043,1.5
816.63,0.1296,-0.7946,2.3
816.83,0.1368,-0.7723,1.0
817.03,0.1391,-0.7564,1.0
817.33,0.1429,-0.7298,0.9
817.53,0.1418,-0.7167,1.1
817.73,0.1475,-0.7048,1.6
817.93,0.1471,-0.6867,1.2
818.13,0.1465,-0.6717,1.0
818.33,0.1523,-0.6555,1.5
818.63,0.1532,-0.6275,2.2
818.83,0.1570,-0.6175,1.5
819.03,0.1507,-0.6182,2.3
819.23,0.1512,-0.5997,0.8
819.43,0.1549,-0.5783,1.1
819.73,0.1581,-0.5562,1.2
819.93,0.1556,-0.5559,2.0
820.13,0.1676,-0.5456,2.9
820.43,0.1651,-0.5218,3.9
820.63,0.1636,-0.5223,0.8
820.83,0.1647,-0.5284,1.7
821.03,0.1545,-0.5282,1.5
821.33,0.1641,-0.5299,1.7
821.53,0.1760,-0.5189,0.9
821.73,0.1865,-0.5104,1.3
821.93,0.1947,-0.5147,2.8
822.23,0.1999,-0.5070,1.7
822.43,0.2162,-0.5046,1.0
822.63,0.2325,-0.5053,2.8
822.84,0.2286,-0.4995,2.5
823.04,0.2311,-0.5020,0.7
823.24,0.2236,-0.5134,2.4
823.44,0.2179,-0.5070,2.6
823.64,0.2174,-0.5050,1.4
823.84,0.2091,-0.5133,2.0
824.14,0.2119,-0.4889,1.3
824.34,0.2186,-0.4677,1.9
824.54,0.2198,-0.4564,1.0
824.74,0.2191,-0.4615,1.9
824.94,0.2284,-0.4426,1.2
825.14,0.2357,-0.4182,1.2
825.34,0.2369,-0.4010,1.1
825.54,0.2418,-0.3987,2.9
825.74,0.2388,-0.3902,2.1
825.94,0.2385,-0.3742,0.8
826.14,0.2451,-0.3527,2.0
826.44,0.2432,-0.3426,1.9
826.74,0.2537,-0.3294,1.2
826.94,0.2602,-0.3111,1.1
827.24,0.2688,-0.2940,1.0
827.44,0.2723,-0.2849,1.3
827.74,0.2778,-0.2571,0.8
827.94,0.2845,-0.2485,2.7
828.14,0.2841,-0.2371,2.0
828.34,0.2872,-0.2241,1.5
828.54,0.2903,-0.2124,1.2
828.84,0.2942,-0.1909,1.1
829.04,0.2999,-0.1795,0.8
829.24,0.3001,-0.1697,1.8
829.44,0.3066,-0.1447,2.0
829.74,0.3107,-0.1309,2.7
829.94,0.3096,-0.1193,1.7
830.24,0.3148,-0.0905,1.1
830.44,0.3166,-0.0792,1.0
830.64,0.3197,-0.0606,1.9
830.84,0.3270,-0.0466,1.1
831.14,0.3309,-0.0231,1.0
831.34,0.3297,-0.0092,1.2
831.54,0.3373,0.0010,1.9
831.74,0.3385,0.0191,1.2
832.04,0.3441,0.0445,1.2
832.34,0.3484,0.0657,0.9
832.54,0.3471,0.0742,1.4
832.74,0.3549,0.0803,1.4
832.94,0.3592,0.0970,1.0
833.25,0.3691,0.1185,0.9
833.45,0.3775,0.1320,0.9
833.65,0.3764,0.1413,2.2
833.85,0.3877,0.1522,1.1
834.05,0.4010,0.1656,1.3
834.35,0.4070,0.1830,1.5
834.55,0.4225,0.2016,2.3
834.75,0.4307,0.2205,1.1
835.05,0.4415,0.2341,1.5
835.25,0.4432,0.2392,2.4
835.55,0.4540,0.2710,1.2
835.75,0.4628,0.2770,2.1
835.95,0.4668,0.2921,1.5
836.25,0.4786,0.3162,1.2
836.45,0.4892,0.3284,1.3
836.75,0.4902,0.3553,1.7
837.05,0.5005,0.3641,2.2
837.25,0.5042,0.3858,2.2
837.45,0.5121,0.3987,1.5
837.65,0.5075,0.4040,2.6
837.85,0.5152,0.4275,0.8
838.05,0.5207,0.4446,0.8
838.25,0.5246,0.4565,0.7
838.45,0.5297,0.4726,1.7
838.65,0.5373,0.4835,1.0
838.85,0.5382,0.4937,1.8
839.05,0.5461,0.5141,1.7
839.25,0.5527,0.5252,1.3
839.45,0.5501,0.5313,2.4
839.65,0.5582,0.5503,1.0
839.95,0.5686,0.5729,0.8
840.15,0.5748,0.5863,0.9
840.45,0.5855,0.6022,1.0
840.75,0.5988,0.6266,1.0
840.95,0.6013,0.6370,1.4
841.15,0.6148,0.6457,2.2
841.35,0.6233,0.6646,0.9
841.65,0.6367,0.6886,1.5
841.95,0.6375,0.7069,1.6
842.15,0.6421,0.7259,0.9
842.35,0.6506,0.7353,1.7
842.55,0.6549,0.7511,1.0
842.75,0.6563,0.7618,1.1
843.05,0.6674,0.7780,1.7
843.25,0.6770,0.8025,2.6
843.45,0.6865,0.8147,1.3
843.75,0.6877,0.8323,1.6
844.05,0.6969,0.8554,0.7
844.26,0.6958,0.8619,2.1
844.46,0.7052,0.8808,1.2
844.66,0.7133,0.8913,0.8
844.96,0.7228,0.9095,0.9
845.16,0.7264,0.9216,1.7
845.36,0.7395,0.9291,1.9
845.56,0.7492,0.9456,0.8
845.76,0.7544,0.9560,1.3
846.06,0.7694,0.9672,1.6
846.26,0.7787,0.9828,3.0
846.46,0.7936,0.9887,1.5
846.66,0.7950,0.9952,2.2
846.86,0.8116,1.0180,2.8
847.16,0.8205,1.0265,1.5
847.46,0.8271,1.0390,0.8
847.66,0.8368,1.0460,0.8
847.86,0.8426,1.0470,0.8
848.06,0.8396,1.0501,1.4
848.36,0.8501,1.0468,2.9
848.56,0.8513,1.0485,0.7
848.76,0.8469,1.0451,0.8
848.96,0.8548,1.0422,2.3
849.16,0.8557,1.0444,0.9
849.46,0.8473,1.0407,1.8
849.66,0.8557,1.0336,1.3
849.86,0.8429,1.0403,2.3
850.16,0.8448,1.0293,2.0
850.36,0.8659,1.0229,0.4
850.56,0.8770,1.0293,4.4
850.76,0.8645,1.0259,4.7
850.96,0.8743,1.0374,3.6
851.16,0.8730,1.0431,4.7
851.36,0.8816,1.0300,2.6
851.56,0.8888,1.0216,1.1
851.76,0.8830,1.0250,2.4
851.96,0.8961,1.0112,1.1
852.16,0.9033,0.9989,0.9
852.36,0.9062,0.9942,1.3
852.66,0.9166,0.9683,1.9
852.86,0.9256,0.9692,2.5
853.06,0.9274,0.9561,1.5
853.36,0.9462,0.9343,1.3
853.66,0.9578,0.9153,1.5
853.86,0.9564,0.9296,3.6
854.16,0.9725,0.9272,1.0
854.36,0.9647,0.9257,2.3
854.56,0.9702,0.9287,2.1
854.77,0.9888,0.9271,1.4
855.07,0.9969,0.9124,1.9
855.27,0.9997,0.9204,2.2
855.47,0.9888,0.9257,0.8
855.77,0.9894,0.9319,1.3
855.97,0.9906,0.9371,2.1
856.17,0.9795,0.9364,3.9
856.47,0.9853,0.9496,3.2
856.77,0.9719,0.9559,2.7
856.97,0.9702,0.9395,1.0
857.17,0.9725,0.9315,1.3
857.37,0.9654,0.9294,2.1
857.67,0.9692,0.9456,3.8
857.87,0.9671,0.9436,1.2
858.07,0.9656,0.9540,2.2
858.27,0.9777,0.9429,2.1
858.47,0.9853,0.9252,1.4
858.67,0.9865,0.9165,2.3
858.87,0.9949,0.9220,3.8
859.07,0.9908,0.9318,1.0
859.27,0.9864,0.9371,1.4
859.47,1.0007,0.9413,3.3
859.67,0.9949,0.9427,2.2
859.97,0.9919,0.9241,0.5
860.17,1.0023,0.9260,2.9
860.37,0.9954,0.9372,4.1
860.57,1.0061,0.9301,4.1
860.77,1.0111,0.9284,4.3
860.97,0.9996,0.9212,2.5
861.27,0.9931,0.8910,2.3
861.47,0.9907,0.8842,1.2
861.77,0.9932,0.8769,0.8
861.97,0.9980,0.8708,1.6
862.17,0.9909,0.8715,2.0
862.47,0.9971,0.8707,2.1
862.67,0.9956,0.8752,1.1
862.97,0.9948,0.8675,0.5
863.27,0.9968,0.8676,1.1
863.47,1.0017,0.8701,2.0
863.77,1.0000,0.8627,0.7
863.97,0.9988,0.8621,1.3
864.17,1.0000,0.8599,0.6
864.37,1.0020,0.8602,1.1
864.57,0.9950,0.8553,1.9
864.77,0.9966,0.8491,0.8
864.97,1.0028,0.8507,2.0
865.17,0.9963,0.8580,2.5
865.37,1.0005,0.8584,0.7
865.67,1.0020,0.8602,0.9
865.87,0.9998,0.8595,1.2
866.07,1.0050,0.8542,2.6
866.27,1.0009,0.8536,0.8
866.57,1.0037,0.8561,0.5
866.78,1.0123,0.8579,3.1
866.98,1.0012,0.8684,3.6
867.18,1.0015,0.8836,1.2
867.48,1.0022,0.8902,1.2
867.78,0.9952,0.9095,1.7
867.98,1.0068,0.9059,1.1
868.18,1.0056,0.8976,1.6
868.38,1.0106,0.8963,0.7
868.58,1.0134,0.8984,1.6
868.88,1.0166,0.8794,1.6
869.08,1.0294,0.8740,3.1
869.28,1.0343,0.8642,1.1
869.48,1.0360,0.8693,2.0
869.68,1.0484,0.8604,1.0
869.88,1.0515,0.8578,1.0
870.08,1.0480,0.8624,2.2
870.28,1.0617,0.8583,1.8
870.48,1.0631,0.8548,0.8
870.68,1.0588,0.8544,1.9
870.98,1.0840,0.8567,3.3
871.18,1.0686,0.8490,5.9
871.38,1.0618,0.8620,2.9
871.68,1.0487,0.8632,2.3
871.88,1.0405,0.8558,1.7
872.08,1.0348,0.8640,1.4
872.28,1.0321,0.8607,0.7
872.48,1.0277,0.8595,1.6
872.68,1.0231,0.8662,2.1
872.88,1.0298,0.8610,1.5
873.08,1.0432,0.8591,1.7
873.28,1.0702,0.8640,3.7
873.48,1.0715,0.8603,2.3
873.68,1.0430,0.8598,6.4
873.88,1.0255,0.8952,13.1
874.18,0.9995,0.8754,28.6
874.38,0.9903,0.8587,18.4
874.58,1.0175,0.8645,10.7
874.78,1.0455,0.8737,3.7
874.98,1.0539,0.8691,1.6
875.18,1.0548,0.8607,4.3
875.38,1.0665,0.8650,2.9
875.58,1.0675,0.8622,2.1
875.78,1.0636,0.8535,5.3
875.98,1.0751,0.8598,4.0
876.28,1.0809,0.8542,4.2
876.48,1.0869,0.8558,1.3
876.68,1.0901,0.8630,4.1
876.88,1.1043,0.8544,3.1
877.08,1.1138,0.8530,1.3
877.39,1.1301,0.8569,1.1
877.69,1.1410,0.8531,1.4
877.89,1.1479,0.8625,4.1
878.09,1.1575,0.8572,3.1
878.29,1.1623,0.8573,1.7
878.49,1.1704,0.8653,3.1
878.79,1.1856,0.8617,2.7
878.99,1.2013,0.8698,1.6
879.19,1.2118,0.8739,0.5
879.39,1.2186,0.8728,2.4
879.69,1.2446,0.8832,0.9
879.89,1.2601,0.8892,1.1
880.09,1.2815,0.8942,0.7
880.29,1.2948,0.8933,1.4
880.59,1.3046,0.9026,1.5
880.79,1.3211,0.8985,3.1
881.09,1.3419,0.9099,2.3
881.29,1.3587,0.9106,1.3
881.49,1.3760,0.9098,1.4
881.69,1.3774,0.9174,2.6
881.89,1.3906,0.9142,1.2
882.09,1.4099,0.9108,1.0
882.29,1.4232,0.9197,2.0
882.49,1.4394,0.9180,1.4
882.79,1.4596,0.9225,1.0
883.09,1.4690,0.9202,1.6
883.29,1.4866,0.9177,1.5
883.49,1.5044,0.9267,2.9
883.69,1.5190,0.9260,0.9
883.99,1.5260,0.9303,0.8
884.29,1.5290,0.9312,0.8
884.59,1.5290,0.9326,0.7
884.79,1.5320,0.9352,1.2
885.09,1.5480,0.9263,3.2
885.29,1.5437,0.9317,1.6
885.49,1.5424,0.9261,0.8
885.69,1.5421,0.9207,2.5
885.89,1.5311,0.9298,2.9
886.09,1.5245,0.9223,1.4
886.39,1.5290,0.9226,0.9
886.59,1.5330,0.9284,1.9
886.79,1.5338,0.9183,3.8
886.99,1.5363,0.9269,1.0
887.19,1.5380,0.9351,2.9
887.39,1.5347,0.9279,2.4
887.69,1.5329,0.9343,1.5
887.89,1.5349,0.9319,0.6
888.19,1.5319,0.9338,0.3
888.39,1.5315,0.9411,2.0
888.59,1.5287,0.9362,1.3
888.80,1.5315,0.9412,1.1
889.10,1.5380,0.9431,1.0
889.30,1.5340,0.9438,1.5
889.50,1.5452,0.9470,0.9
889.70,1.5469,0.9456,0.6
889.90,1.5459,0.9408,1.9
890.20,1.5391,0.9500,1.6
890.40,1.5388,0.9374,3.9
890.60,1.5356,0.9457,1.1
890.90,1.5409,0.9481,0.7
891.10,1.5459,0.9444,2.6
891.30,1.5391,0.9506,2.7
891.50,1.5413,0.9473,0.9
891.70,1.5391,0.9408,2.3
891.90,1.5377,0.9494,1.7
892.10,1.5400,0.9474,0.8
892.30,1.5338,0.9422,1.5
892.50,1.5347,0.9522,2.5
892.70,1.5393,0.9524,1.0
892.90,1.5374,0.9469,2.2
893.10,1.5334,0.9598,3.6
893.40,1.5350,0.9585,1.7
893.60,1.5323,0.9648,0.6
893.80,1.5290,0.9727,1.7
894.00,1.5340,0.9681,2.4
894.20,1.5316,0.9719,1.2
894.50,1.5308,0.9729,0.6
894.70,1.5296,0.9675,1.4
894.90,1.5258,0.9795,2.7
895.10,1.5312,0.9819,1.1
895.30,1.5282,0.9754,2.5
895.60,1.5216,0.9904,2.1
895.80,1.5251,0.9797,2.6
896.00,1.5211,0.9802,2.4
896.20,1.5185,0.9823,1.2
896.50,1.5213,0.9967,1.6
896.70,1.5282,1.0166,1.1
897.00,1.5300,1.0182,1.6
897.30,1.5297,1.0348,0.7
897.50,1.5303,1.0352,0.7
897.80,1.5285,1.0440,1.4
898.00,1.5276,1.0547,1.0
898.20,1.5317,1.0539,1.6
898.40,1.5305,1.0648,0.8
898.60,1.5240,1.0762,4.1
898.90,1.5251,1.0542,3.6
899.10,1.5083,1.0544,2.7
899.30,1.5120,1.0525,1.3
899.50,1.5195,1.0572,1.8
899.70,1.5196,1.0800,3.7
900.00,1.5330,1.0917,2.5
900.21,1.5332,1.1033,1.6
900.41,1.5330,1.1185,1.4
900.61,1.5363,1.1162,2.6
900.91,1.5327,1.1358,1.8
901.11,1.5402,1.1511,1.3
901.31,1.5431,1.1573,1.6
901.61,1.5438,1.1786,1.3
901.91,1.5480,1.1868,1.7
902.11,1.5543,1.2015,1.3
902.41,1.5629,1.2125,1.4
902.61,1.5687,1.2269,1.1
902.81,1.5723,1.2381,1.4
903.01,1.5803,1.2396,1.9
903.21,1.5878,1.2532,1.0
903.41,1.5945,1.2687,2.0
903.71,1.5991,1.2749,2.7
903.91,1.6116,1.2905,1.4
904.11,1.6251,1.2984,0.9
904.31,1.6337,1.2975,1.6
904.51,1.6322,1.3053,1.9
904.71,1.6416,1.3043,0.8
904.91,1.6517,1.3007,1.6
905.11,1.6450,1.3071,2.9
905.41,1.6597,1.2997,1.6
905.61,1.6702,1.3034,1.0
905.81,1.6671,1.3032,2.2
906.01,1.6808,1.3026,1.3
906.21,1.6994,1.3071,0.4
906.51,1.7254,1.3115,1.3
906.71,1.7385,1.3117,1.4
907.01,1.7461,1.3226,1.5
907.21,1.7646,1.3227,2.5
907.41,1.7742,1.3285,1.1
907.61,1.7723,1.3262,1.8
907.91,1.7961,1.3219,1.5
908.11,1.8123,1.3305,1.8
908.31,1.8250,1.3303,1.1
908.61,1.8384,1.3343,0.7
908.91,1.8589,1.3384,0.9
909.11,1.8558,1.3452,3.1
909.31,1.8761,1.3501,2.3
909.51,1.8926,1.3527,1.4
909.81,1.9108,1.3586,1.5
910.02,1.9131,1.3521,3.9
910.32,1.9295,1.3662,3.9
910.52,1.9488,1.3590,3.3
910.72,1.9561,1.3574,1.4
910.92,1.9519,1.3655,3.3
911.22,1.9535,1.3534,2.8
911.42,1.9621,1.3626,5.8
911.72,1.9603,1.3535,3.2
911.92,1.9678,1.3547,1.1
912.12,1.9690,1.3619,3.7
912.32,1.9852,1.3535,2.8
912.52,1.9960,1.3528,1.4
912.82,2.0160,1.3578,1.1
913.02,2.0171,1.3489,4.1
913.32,2.0264,1.3637,3.7
913.52,2.0420,1.3566,4.0
913.72,2.0488,1.3592,1.2
913.92,2.0518,1.3658,3.6
914.12,2.0700,1.3594,3.5
914.32,2.0789,1.3595,1.4
914.62,2.0948,1.3641,1.3
914.92,2.1085,1.3626,1.3
915.12,2.1105,1.3706,3.7
915.32,2.1283,1.3631,4.5
915.52,2.1352,1.3654,1.2
915.82,2.1494,1.3686,1.3
916.02,2.1544,1.3611,4.1
916.22,2.1743,1.3711,3.6
916.42,2.1791,1.3670,1.6
916.62,2.1745,1.3618,3.5
916.82,2.1918,1.3683,3.5
917.02,2.2023,1.3689,1.1
917.22,2.2060,1.3623,3.8
917.42,2.2236,1.3706,3.6
917.62,2.2294,1.3679,1.4
917.82,2.2277,1.3621,3.5
918.02,2.2463,1.3674,2.2
918.22,2.2619,1.3676,1.0
918.42,2.2726,1.3621,3.0
918.62,2.2899,1.3653,2.2
918.82,2.3043,1.3679,1.2
919.02,2.3187,1.3650,2.4
919.22,2.3394,1.3684,1.3
919.52,2.3558,1.3677,1.4
919.72,2.3686,1.3666,1.0
919.92,2.3799,1.3679,2.0
920.12,2.4016,1.3658,1.1
920.32,2.4189,1.3634,0.5
920.52,2.4265,1.3581,1.8
920.72,2.4296,1.3672,3.3
921.02,2.4315,1.3570,2.8
921.33,2.4378,1.3662,2.7
921.53,2.4452,1.3605,0.9
921.73,2.4459,1.3561,1.9
921.93,2.4462,1.3649,2.0
922.13,2.4470,1.3617,0.7
922.33,2.4425,1.3570,1.9
922.53,2.4428,1.3658,2.2
922.83,2.4392,1.3575,3.2
923.03,2.4390,1.3596,0.5
923.33,2.4216,1.3679,0.8
923.53,2.4178,1.3636,1.8
923.73,2.4260,1.3688,2.7
924.03,2.4326,1.3503,3.2
924.23,2.4455,1.3440,0.8
924.43,2.4507,1.3451,2.7
924.63,2.4418,1.3420,3.4
924.83,2.4452,1.3456,1.0
925.13,2.4405,1.3518,0.5
925.33,2.4293,1.3511,4.6
925.53,2.4322,1.3708,4.8
925.73,2.4204,1.3724,1.5
925.93,2.4156,1.3789,1.6
926.23,2.4217,1.3676,1.2
926.43,2.4283,1.3439,2.5
926.63,2.4337,1.3329,1.0
926.83,2.4282,1.3316,2.2
927.03,2.4357,1.3120,2.0
927.33,2.4419,1.2902,2.5
927.53,2.4447,1.2812,1.6
927.73,2.4524,1.2806,3.8
927.93,2.4517,1.2642,3.7
928.13,2.4512,1.2525,1.5
928.33,2.4574,1.2454,2.8
928.63,2.4542,1.2246,2.7
928.83,2.4624,1.2093,2.4
929.03,2.4691,1.1997,1.1
929.23,2.4731,1.1946,1.1
929.53,2.4777,1.1902,2.1
929.73,2.4876,1.1713,1.1
929.93,2.4953,1.1522,1.1
930.13,2.5000,1.1390,0.8
930.33,2.5048,1.1329,1.0
930.53,2.5071,1.1184,1.2
930.73,2.5097,1.1059,1.6
930.93,2.5189,1.1048,2.5
931.13,2.5206,1.0937,1.2
931.33,2.5203,1.0920,1.6
931.53,2.5346,1.0816,1.7
931.84,2.5496,1.0554,2.9
932.14,2.5699,1.0443,2.6
932.44,2.5746,1.0273,1.9
932.64,2.5876,1.0179,0.8
932.94,2.5968,1.0079,1.0
933.14,2.5876,1.0090,2.6
933.34,2.5937,1.0197,3.7
933.54,2.5970,1.0115,2.0
933.74,2.5978,1.0169,2.8
933.94,2.6201,1.0130,1.3
934.24,2.6126,1.0103,4.0
934.44,2.6061,1.0197,4.4
934.64,2.6238,1.0232,1.4
934.84,2.6415,1.0233,1.2
935.04,2.6571,1.0233,0.6
935.34,2.6725,1.0207,0.9
935.54,2.6827,1.0212,1.3
935.84,2.7102,1.0256,2.1
936.04,2.7042,1.0200,2.7
936.24,2.6986,1.0261,2.3
936.44,2.7158,1.0309,0.8
936.74,2.7313,1.0222,2.2
936.94,2.7242,1.0319,2.0
937.24,2.7236,1.0213,2.9
937.44,2.7414,1.0165,1.2
937.64,2.7459,1.0131,1.5
937.84,2.7652,1.0033,1.5
938.04,2.7849,0.9963,0.6
938.24,2.7959,0.9963,1.2
938.54,2.8041,0.9944,2.6
938.74,2.8314,0.9878,1.3
938.94,2.8413,0.9833,1.4
939.14,2.8386,0.9846,2.6
939.44,2.8648,0.9852,1.4
939.64,2.8768,0.9756,2.0
939.84,2.8930,0.9732,1.1
940.04,2.9071,0.9728,1.5
940.24,2.9183,0.9627,1.9
940.54,2.9399,0.9589,1.2
940.74,2.9511,0.9516,0.7
940.94,2.9582,0.9484,1.4
941.24,2.9736,0.9402,0.9
941.54,2.9954,0.9187,1.3
941.74,3.0039,0.9194,2.0
941.94,3.0111,0.9058,1.2
942.24,3.0314,0.8878,1.2
942.44,3.0387,0.8810,1.3
942.65,3.0525,0.8624,3.6
942.85,3.0674,0.8556,1.3
943.05,3.0672,0.8476,2.1
943.35,3.0766,0.8283,1.5
943.55,3.0921,0.8236,2.0
943.75,3.1019,0.8103,0.9
943.95,3.1057,0.8038,1.7
944.15,3.1285,0.7970,4.1
944.35,3.1342,0.7888,1.2
944.55,3.1344,0.8049,2.5
944.75,3.1503,0.7989,0.3
944.95,3.1528,0.7992,0.5
945.15,3.1429,0.8000,2.1
945.45,3.1544,0.8127,3.2
945.65,3.1519,0.8015,3.6
945.95,3.1371,0.8051,3.1
946.15,3.1387,0.8049,1.0
946.35,3.1303,0.8033,2.1
946.55,3.1412,0.8175,2.9
946.75,3.1541,0.8237,1.2
946.95,3.1528,0.8277,1.5
947.15,3.1556,0.8300,1.2
947.35,3.1634,0.8307,0.7
947.65,3.1832,0.8358,0.7
947.85,3.1915,0.8419,2.2
948.05,3.1935,0.8377,1.7
948.25,3.2039,0.8445,1.6
948.45,3.2236,0.8524,1.6
948.75,3.2318,0.8418,3.3
948.95,3.2268,0.8503,3.7
949.15,3.2370,0.8494,1.8
949.35,3.2302,0.8538,3.1
949.55,3.2456,0.8624,1.2
949.85,3.2710,0.8689,2.6
950.05,3.2790,0.8757,1.0
950.25,3.2790,0.8750,1.5
950.45,3.2976,0.8786,2.9
950.65,3.3093,0.8920,1.4
950.85,3.3149,0.8924,1.7
951.05,3.3297,0.8995,1.8
951.35,3.3363,0.9136,3.2
951.55,3.3424,0.9123,1.2
951.75,3.3358,0.9061,2.5
951.95,3.3372,0.9175,1.5
952.25,3.3399,0.9146,2.4
952.55,3.3335,0.9197,1.0
952.75,3.3307,0.9109,0.5
953.05,3.3295,0.9076,0.4
953.25,3.3286,0.9059,0.4
953.55,3.3269,0.9033,0.3
953.76,3.3259,0.9017,0.3
