t,x,y,tilt_deg
0.29,-0.4212,0.0016,0.6
0.49,-0.4212,0.0018,0.6
0.69,-0.4212,0.0017,0.7
0.99,-0.4212,0.0017,0.7
1.19,-0.4212,0.0017,0.7
1.39,-0.4213,0.0017,0.7
1.59,-0.4161,0.0018,1.1
1.79,-0.4142,-0.0035,4.5
1.99,-0.3930,-0.0069,1.0
2.29,-0.3843,-0.0099,1.1
2.49,-0.3824,-0.0125,1.6
2.69,-0.3678,-0.0126,3.9
2.90,-0.3539,-0.0138,0.7
3.10,-0.3511,-0.0124,1.2
3.30,-0.3521,-0.0096,4.3
3.60,-0.3259,-0.0090,1.1
3.80,-0.3076,-0.0132,2.4
4.00,-0.2954,-0.0126,1.2
4.30,-0.2877,-0.0136,1.1
4.50,-0.2740,-0.0212,2.2
4.70,-0.2501,-0.0164,3.8
4.90,-0.2355,-0.0250,1.8
5.10,-0.2321,-0.0230,4.1
5.30,-0.2116,-0.0198,1.4
5.60,-0.2061,-0.0227,3.3
5.90,-0.2050,-0.0111,3.0
6.10,-0.1917,-0.0128,0.3
6.30,-0.1884,-0.0226,5.0
6.60,-0.1960,-0.0171,3.6
6.80,-0.1843,-0.0205,1.9
7.10,-0.1573,-0.0252,1.1
7.30,-0.1500,-0.0241,0.9
7.50,-0.1460,-0.0243,1.9
7.70,-0.1320,-0.0217,1.3
8.00,-0.1118,-0.0252,2.4
8.20,-0.1039,-0.0243,0.9
8.40,-0.1147,-0.0195,2.4
8.60,-0.1010,-0.0274,1.3
8.90,-0.0710,-0.0315,4.0
9.10,-0.0580,-0.0412,1.8
9.30,-0.0574,-0.0364,3.7
9.60,-0.0321,-0.0359,0.4
9.80,-0.0319,-0.0366,1.4
10.00,-0.0335,-0.0349,2.4
10.20,-0.0212,-0.0400,5.4
10.50,-0.0086,-0.0387,3.1
10.70,-0.0075,-0.0429,2.1
10.90,-0.0099,-0.0472,2.7
11.10,0.0047,-0.0402,5.7
11.30,0.0215,-0.0464,1.3
11.50,0.0314,-0.0482,1.4
11.80,0.0505,-0.0496,0.6
12.00,0.0583,-0.0457,1.9
12.20,0.0752,-0.0523,2.3
12.40,0.0855,-0.0513,0.7
12.60,0.0850,-0.0464,3.0
12.80,0.0868,-0.0575,2.9
13.01,0.0993,-0.0569,1.6
13.21,0.1141,-0.0556,3.3
13.41,0.1172,-0.0627,1.8
13.61,0.1199,-0.0607,2.2
13.81,0.1359,-0.0618,1.6
14.01,0.1512,-0.0670,0.8
14.31,0.1649,-0.0719,1.1
14.51,0.1751,-0.0791,1.2
14.71,0.1886,-0.0828,2.8
14.91,0.2078,-0.0909,1.5
15.11,0.2202,-0.0989,1.0
15.41,0.2430,-0.1102,0.8
15.61,0.2584,-0.1116,3.7
15.91,0.2696,-0.1227,3.7
16.21,0.3013,-0.1293,3.5
16.41,0.3000,-0.1356,2.5
16.61,0.2984,-0.1300,2.2
16.81,0.3150,-0.1301,2.1
17.11,0.3246,-0.1401,2.2
17.31,0.3415,-0.1473,1.7
17.51,0.3498,-0.1545,1.2
17.81,0.3661,-0.1617,1.5
18.01,0.3859,-0.1689,3.0
18.31,0.3954,-0.1814,2.4
18.51,0.4141,-0.1922,2.0
18.71,0.4235,-0.2028,1.2
18.91,0.4280,-0.2076,1.5
19.11,0.4450,-0.2213,1.5
19.41,0.4552,-0.2405,2.9
19.61,0.4643,-0.2462,1.4
19.81,0.4706,-0.2490,2.8
20.01,0.4670,-0.2614,3.0
20.31,0.4756,-0.2668,2.4
20.51,0.4730,-0.2755,1.3
20.71,0.4701,-0.2905,3.8
20.91,0.4776,-0.2890,2.1
21.21,0.4706,-0.3014,1.5
21.41,0.4726,-0.3156,1.1
21.61,0.4732,-0.3160,3.4
21.91,0.4639,-0.3458,3.5
22.11,0.4719,-0.3633,2.1
22.31,0.4696,-0.3767,0.9
22.51,0.4635,-0.3984,4.2
22.72,0.4706,-0.4118,2.0
23.02,0.4628,-0.4340,1.9
23.22,0.4640,-0.4528,1.2
23.52,0.4622,-0.4731,0.8
23.72,0.4557,-0.4928,4.3
23.92,0.4619,-0.5047,1.9
24.22,0.4586,-0.5231,2.4
24.42,0.4630,-0.5386,1.1
24.62,0.4692,-0.5522,2.4
24.82,0.4644,-0.5705,2.5
25.02,0.4695,-0.5836,1.1
25.32,0.4732,-0.6075,1.4
25.52,0.4709,-0.6183,2.7
25.72,0.4809,-0.6301,2.3
26.02,0.4794,-0.6581,3.3
26.32,0.4885,-0.6808,2.2
26.52,0.4861,-0.6927,1.6
26.72,0.4841,-0.7129,3.3
27.02,0.4925,-0.7285,3.5
27.22,0.4937,-0.7446,1.2
27.52,0.5011,-0.7662,1.5
27.72,0.5041,-0.7840,0.9
28.02,0.5102,-0.8061,1.2
28.22,0.5109,-0.8127,2.3
28.42,0.5154,-0.8321,1.9
28.62,0.5210,-0.8434,1.0
28.82,0.5277,-0.8547,1.4
29.12,0.5318,-0.8816,3.7
29.42,0.5427,-0.8889,1.0
29.62,0.5492,-0.9090,2.4
29.82,0.5557,-0.9157,0.4
30.02,0.5606,-0.9111,3.6
30.22,0.5582,-0.9203,1.8
30.42,0.5648,-0.9179,1.2
30.62,0.5741,-0.9155,2.9
30.82,0.5739,-0.9217,1.7
31.02,0.5757,-0.9175,1.0
31.32,0.5858,-0.9179,1.8
31.52,0.5745,-0.9128,4.2
31.72,0.5874,-0.9060,0.8
32.02,0.5994,-0.9057,1.8
32.22,0.6038,-0.9020,1.5
32.42,0.6239,-0.8978,1.0
32.63,0.6422,-0.8974,2.0
32.83,0.6575,-0.8934,0.9
33.03,0.6744,-0.8864,2.7
33.23,0.6917,-0.8891,2.1
33.43,0.7041,-0.8828,0.8
33.63,0.7176,-0.8747,3.6
33.83,0.7304,-0.8782,2.4
34.03,0.7332,-0.8714,2.2
34.33,0.7593,-0.8630,1.1
34.53,0.7643,-0.8621,2.0
34.73,0.7807,-0.8562,1.5
35.03,0.8070,-0.8549,2.6
35.23,0.8177,-0.8502,1.1
35.43,0.8232,-0.8521,3.1
35.63,0.8419,-0.8520,1.1
35.83,0.8556,-0.8501,0.9
36.13,0.8826,-0.8472,1.0
36.33,0.8898,-0.8486,1.6
36.53,0.9095,-0.8402,3.0
36.73,0.9237,-0.8413,1.2
37.03,0.9353,-0.8370,1.7
37.23,0.9565,-0.8302,3.1
37.43,0.9723,-0.8346,2.2
37.63,0.9775,-0.8324,0.9
37.83,0.9793,-0.8270,2.9
38.03,0.9845,-0.8360,2.5
38.23,0.9884,-0.8351,1.1
38.53,0.9863,-0.8349,1.0
38.73,0.9874,-0.8439,4.0
39.03,0.9900,-0.8351,3.0
39.23,0.9834,-0.8415,2.5
39.43,0.9840,-0.8399,0.9
39.63,0.9781,-0.8298,2.3
39.93,0.9803,-0.8487,3.5
40.13,0.9853,-0.8431,2.3
40.43,0.9753,-0.8458,2.5
40.63,0.9743,-0.8489,1.1
40.83,0.9685,-0.8430,3.6
41.03,0.9666,-0.8540,0.5
41.23,0.9629,-0.8513,1.1
41.43,0.9649,-0.8370,3.7
41.73,0.9618,-0.8490,4.0
41.94,0.9550,-0.8639,1.1
42.24,0.9480,-0.8755,0.9
42.54,0.9391,-0.8932,1.2
42.74,0.9315,-0.9030,0.7
42.94,0.9232,-0.9120,1.5
43.14,0.9132,-0.9329,2.6
43.34,0.9017,-0.9437,1.6
43.54,0.9012,-0.9526,4.0
43.74,0.8915,-0.9726,1.4
44.04,0.8781,-0.9907,1.7
44.24,0.8741,-1.0052,1.5
44.44,0.8664,-1.0248,1.6
44.64,0.8524,-1.0359,2.7
44.84,0.8466,-1.0540,1.2
45.14,0.8339,-1.0722,1.6
45.44,0.8372,-1.0759,2.6
45.64,0.8287,-1.0970,1.0
45.84,0.8191,-1.1055,2.2
46.04,0.8212,-1.1097,1.1
46.24,0.8240,-1.1207,3.6
46.44,0.8110,-1.1229,2.6
46.74,0.8073,-1.1475,2.9
46.94,0.8047,-1.1514,1.5
47.24,0.8045,-1.1595,2.1
47.44,0.8058,-1.1811,1.4
47.64,0.8015,-1.1880,1.9
47.84,0.8056,-1.1939,1.5
48.04,0.8140,-1.2137,4.1
48.24,0.8090,-1.2235,2.1
48.54,0.8192,-1.2333,0.6
48.74,0.8219,-1.2362,1.1
48.94,0.8212,-1.2278,3.7
49.14,0.8304,-1.2425,0.9
49.44,0.8389,-1.2596,1.5
49.64,0.8455,-1.2629,0.5
49.84,0.8540,-1.2635,2.9
50.04,0.8551,-1.2760,1.9
50.24,0.8639,-1.2781,0.7
50.54,0.8730,-1.2811,1.5
50.74,0.8664,-1.2758,3.7
50.94,0.8796,-1.2756,1.5
51.15,0.8855,-1.2741,1.2
51.45,0.8850,-1.2639,2.5
51.65,0.8967,-1.2577,2.9
51.85,0.8946,-1.2626,1.8
52.05,0.8865,-1.2589,1.3
52.25,0.8907,-1.2477,4.0
52.45,0.8958,-1.2501,1.7
52.65,0.8926,-1.2425,1.9
52.85,0.8942,-1.2377,0.6
53.05,0.8914,-1.2399,1.5
53.35,0.8919,-1.2236,1.5
53.55,0.8994,-1.2124,1.1
53.75,0.9057,-1.2065,3.0
53.95,0.8998,-1.1993,3.1
54.15,0.9043,-1.1984,2.0
54.35,0.9049,-1.2004,3.5
54.55,0.8991,-1.1847,2.0
54.75,0.9016,-1.1755,1.1
54.95,0.9053,-1.1917,5.5
55.25,0.8912,-1.1839,2.1
55.55,0.8901,-1.1671,1.3
55.75,0.8847,-1.1517,1.2
55.95,0.8864,-1.1476,0.7
56.15,0.8891,-1.1519,2.4
56.35,0.8797,-1.1351,3.2
56.55,0.8837,-1.1179,1.3
56.75,0.8859,-1.1178,2.3
57.05,0.8703,-1.1022,4.3
57.25,0.8724,-1.0975,1.3
57.55,0.8606,-1.0843,1.2
57.75,0.8562,-1.0729,1.1
57.95,0.8537,-1.0664,1.2
58.25,0.8388,-1.0526,1.3
58.45,0.8356,-1.0391,2.5
58.65,0.8266,-1.0330,1.2
58.85,0.8182,-1.0255,1.7
59.05,0.8073,-1.0041,3.4
59.35,0.7884,-0.9888,1.8
59.55,0.7835,-0.9766,1.4
59.85,0.7639,-0.9547,1.3
60.05,0.7566,-0.9502,2.4
60.25,0.7480,-0.9321,2.6
60.46,0.7351,-0.9223,1.5
60.76,0.7218,-0.9051,1.1
60.96,0.7098,-0.8872,3.3
61.16,0.6981,-0.8844,2.0
61.36,0.6966,-0.8749,1.9
61.66,0.6741,-0.8475,1.2
61.86,0.6674,-0.8383,1.8
62.06,0.6594,-0.8274,1.8
62.26,0.6498,-0.8237,0.8
62.56,0.6348,-0.8138,1.8
62.76,0.6346,-0.8181,3.9
62.96,0.6133,-0.8133,1.6
63.26,0.6034,-0.8074,2.2
63.46,0.6013,-0.8105,2.2
63.76,0.5728,-0.8062,0.9
63.96,0.5694,-0.8014,2.6
64.26,0.5562,-0.8146,4.7
64.46,0.5549,-0.8043,2.2
64.66,0.5641,-0.8075,1.2
64.86,0.5682,-0.8182,5.3
65.16,0.5751,-0.7960,6.0
65.36,0.5863,-0.8054,3.7
65.56,0.5756,-0.8077,1.5
65.76,0.5791,-0.8085,3.9
65.96,0.5677,-0.8284,1.9
66.26,0.5493,-0.8427,2.6
66.46,0.5515,-0.8447,0.7
66.66,0.5608,-0.8451,3.6
66.96,0.5544,-0.8382,4.1
67.16,0.5524,-0.8543,1.0
67.36,0.5508,-0.8641,0.9
67.56,0.5535,-0.8596,3.4
67.76,0.5531,-0.8822,1.4
67.96,0.5522,-0.8932,1.2
68.16,0.5504,-0.8853,4.0
68.36,0.5586,-0.8939,1.1
68.56,0.5599,-0.9091,1.1
68.86,0.5628,-0.9248,0.9
69.06,0.5717,-0.9437,3.7
69.27,0.5673,-0.9508,2.0
69.47,0.5758,-0.9488,2.5
69.77,0.5843,-0.9702,1.0
69.97,0.5868,-0.9854,1.9
70.17,0.5960,-0.9930,2.2
70.37,0.5985,-1.0064,1.2
70.67,0.6076,-1.0207,0.9
70.87,0.6133,-1.0226,2.2
71.07,0.6146,-1.0367,1.8
71.27,0.6244,-1.0419,0.4
71.57,0.6324,-1.0495,1.6
71.77,0.6341,-1.0474,2.7
71.97,0.6462,-1.0504,1.3
72.17,0.6502,-1.0512,1.3
72.37,0.6476,-1.0488,3.5
72.57,0.6621,-1.0487,1.6
72.77,0.6666,-1.0482,1.2
72.97,0.6590,-1.0485,3.2
73.27,0.6757,-1.0348,3.8
73.57,0.6718,-1.0383,3.6
73.77,0.6822,-1.0322,0.5
73.97,0.6880,-1.0297,1.1
74.17,0.6861,-1.0281,3.5
74.47,0.7095,-1.0160,1.7
74.67,0.7320,-1.0092,2.3
74.87,0.7434,-1.0021,1.2
75.17,0.7582,-0.9984,1.6
75.37,0.7782,-0.9937,2.8
75.57,0.7856,-0.9835,1.7
75.77,0.7967,-0.9816,1.5
75.97,0.8170,-0.9747,3.5
76.17,0.8219,-0.9627,2.5
76.37,0.8328,-0.9603,1.5
76.57,0.8482,-0.9554,3.6
76.87,0.8559,-0.9362,1.8
77.07,0.8635,-0.9372,2.1
77.37,0.8638,-0.9240,2.5
77.57,0.8670,-0.9199,1.7
77.77,0.8574,-0.9270,4.2
78.07,0.8513,-0.9090,3.1
78.27,0.8562,-0.9164,2.6
78.48,0.8505,-0.9263,3.3
78.68,0.8411,-0.9103,1.5
78.88,0.8454,-0.9081,2.2
79.18,0.8383,-0.8994,1.3
79.38,0.8355,-0.8881,0.6
79.58,0.8401,-0.8885,3.2
79.78,0.8339,-0.8948,3.3
79.98,0.8333,-0.8920,0.5
80.18,0.8484,-0.8946,5.4
80.38,0.8449,-0.9020,1.9
80.68,0.8532,-0.9010,2.8
80.98,0.8570,-0.9139,1.5
81.28,0.8355,-0.9123,3.1
81.48,0.8359,-0.9102,0.3
81.78,0.8375,-0.9088,1.6
81.98,0.8442,-0.9071,3.5
82.28,0.8223,-0.9271,2.0
82.48,0.8098,-0.9293,1.5
82.68,0.8038,-0.9403,1.2
82.88,0.7970,-0.9509,2.1
83.08,0.7931,-0.9476,1.7
83.28,0.7947,-0.9513,1.0
83.48,0.7900,-0.9706,4.4
83.78,0.7902,-0.9730,4.4
83.98,0.7832,-0.9939,1.5
84.18,0.7781,-1.0042,1.4
84.38,0.7848,-0.9911,4.1
84.58,0.7882,-1.0032,2.7
84.78,0.7843,-1.0202,0.8
84.98,0.7702,-1.0378,3.2
85.18,0.7727,-1.0444,1.6
85.38,0.7707,-1.0426,2.0
85.58,0.7680,-1.0557,3.2
85.78,0.7636,-1.0724,0.9
85.98,0.7619,-1.0821,0.9
86.28,0.7582,-1.1090,0.8
86.58,0.7559,-1.1289,1.5
86.78,0.7622,-1.1285,4.2
86.98,0.7672,-1.1438,1.2
87.18,0.7686,-1.1518,1.5
87.38,0.7694,-1.1535,2.2
87.58,0.7781,-1.1742,2.5
87.78,0.7782,-1.1858,1.7
87.98,0.7793,-1.1772,3.4
88.19,0.7894,-1.1890,1.3
88.39,0.7940,-1.1965,1.4
88.69,0.8000,-1.1974,1.6
88.89,0.8122,-1.2099,0.9
89.09,0.8169,-1.2210,1.5
89.29,0.8267,-1.2259,0.6
89.49,0.8338,-1.2279,1.6
89.79,0.8402,-1.2377,1.1
89.99,0.8500,-1.2393,1.8
90.19,0.8517,-1.2396,1.5
90.39,0.8515,-1.2379,3.5
90.59,0.8675,-1.2378,1.7
90.89,0.8659,-1.2392,3.0
91.19,0.8661,-1.2297,1.0
91.39,0.8740,-1.2272,1.4
91.59,0.8637,-1.2277,3.4
91.89,0.8748,-1.2159,1.7
92.19,0.8709,-1.2182,3.3
92.39,0.8821,-1.2069,1.0
92.59,0.8884,-1.2017,1.2
92.89,0.8938,-1.1907,1.1
93.09,0.8997,-1.1753,3.0
93.29,0.9091,-1.1734,2.1
93.49,0.9069,-1.1669,0.9
93.69,0.9051,-1.1544,4.2
93.99,0.9029,-1.1563,4.5
94.19,0.9036,-1.1414,0.4
94.39,0.9001,-1.1414,0.9
94.59,0.9002,-1.1578,4.0
94.79,0.8931,-1.1485,1.3
94.99,0.8922,-1.1302,0.9
95.19,0.8956,-1.1209,2.8
95.39,0.8843,-1.1054,2.5
95.69,0.8881,-1.0814,3.1
95.89,0.8807,-1.0675,1.9
96.09,0.8760,-1.0560,1.9
96.29,0.8798,-1.0349,3.0
96.49,0.8724,-1.0200,1.6
96.79,0.8714,-1.0050,1.3
96.99,0.8706,-0.9901,2.6
97.19,0.8613,-0.9833,2.2
97.39,0.8599,-0.9720,1.0
97.59,0.8603,-0.9668,3.0
97.89,0.8478,-0.9693,3.6
98.10,0.8529,-0.9632,1.8
98.30,0.8580,-0.9699,1.2
98.60,0.8477,-0.9690,1.6
98.90,0.8446,-0.9690,2.3
99.20,0.8133,-0.9637,0.6
99.40,0.8072,-0.9587,2.6
99.70,0.7950,-0.9691,3.7
100.00,0.7874,-0.9642,2.0
100.20,0.7756,-0.9718,2.5
100.40,0.7691,-0.9729,0.8
100.70,0.7808,-0.9702,1.2
100.90,0.7802,-0.9825,3.9
101.10,0.7694,-0.9800,1.8
101.30,0.7679,-0.9887,2.1
101.50,0.7541,-0.9996,1.2
101.70,0.7344,-1.0096,2.0
101.90,0.7287,-1.0155,0.9
102.10,0.7262,-1.0182,1.9
102.30,0.7048,-1.0280,3.0
102.60,0.6889,-1.0465,1.9
102.80,0.6762,-1.0498,1.8
103.00,0.6592,-1.0582,1.5
103.20,0.6485,-1.0733,2.7
103.50,0.6258,-1.0827,3.0
103.70,0.6204,-1.0947,1.2
103.90,0.6165,-1.1077,3.3
104.10,0.6002,-1.1134,2.5
104.40,0.5848,-1.1387,3.0
104.70,0.5705,-1.1537,2.4
104.90,0.5763,-1.1614,1.9
105.10,0.5682,-1.1833,2.4
105.30,0.5562,-1.1903,2.3
105.50,0.5562,-1.2004,0.8
105.70,0.5583,-1.2147,4.5
106.00,0.5610,-1.2134,4.6
106.20,0.5595,-1.2308,0.5
106.40,0.5621,-1.2350,1.1
106.60,0.5654,-1.2237,4.0
106.80,0.5677,-1.2403,1.0
107.10,0.5710,-1.2516,1.3
107.30,0.5756,-1.2540,0.9
107.50,0.5821,-1.2554,2.1
107.70,0.5777,-1.2567,1.5
107.91,0.5782,-1.2502,0.9
108.11,0.5832,-1.2467,2.5
108.41,0.5742,-1.2431,3.2
108.61,0.5790,-1.2393,1.2
108.81,0.5765,-1.2348,1.2
109.01,0.5643,-1.2356,3.4
109.31,0.5732,-1.2230,3.3
109.51,0.5695,-1.2296,2.0
109.71,0.5591,-1.2303,1.6
109.91,0.5653,-1.2182,3.2
110.21,0.5582,-1.2312,3.9
110.41,0.5639,-1.2177,0.9
110.61,0.5709,-1.2088,1.0
110.81,0.5701,-1.2092,3.1
111.11,0.5798,-1.1806,3.1
111.41,0.5824,-1.1757,3.7
111.61,0.5890,-1.1538,1.3
111.81,0.5917,-1.1454,1.5
112.01,0.5860,-1.1529,3.4
112.31,0.5828,-1.1333,1.7
112.51,0.5904,-1.1140,1.8
112.71,0.5932,-1.1006,0.9
112.91,0.5897,-1.0972,2.3
113.11,0.6015,-1.0880,2.3
113.31,0.6046,-1.0742,1.3
113.51,0.6044,-1.0522,4.3
113.71,0.6132,-1.0456,2.3
113.91,0.6084,-1.0410,2.3
114.11,0.6064,-1.0220,1.1
114.31,0.6093,-1.0207,1.7
114.51,0.6068,-1.0204,2.3
114.71,0.6080,-1.0041,2.1
115.01,0.6117,-0.9934,1.5
115.21,0.6142,-0.9745,1.7
115.41,0.6187,-0.9626,1.2
115.61,0.6237,-0.9480,1.6
115.81,0.6273,-0.9267,2.3
116.01,0.6316,-0.9174,1.7
116.21,0.6273,-0.9124,3.8
116.41,0.6304,-0.8897,0.8
116.71,0.6346,-0.8677,1.7
117.01,0.6368,-0.8403,2.1
117.22,0.6387,-0.8288,1.4
117.42,0.6317,-0.8250,3.4
117.62,0.6331,-0.8037,0.7
117.82,0.6322,-0.7891,0.6
118.02,0.6367,-0.7790,2.3
118.22,0.6286,-0.7581,3.8
118.42,0.6334,-0.7475,2.9
118.62,0.6271,-0.7488,4.2
118.92,0.6224,-0.7318,1.6
119.12,0.6203,-0.7306,1.3
119.32,0.6164,-0.7316,2.3
119.52,0.6176,-0.7167,4.7
119.72,0.6088,-0.7004,1.6
119.92,0.6048,-0.6971,0.9
120.12,0.6042,-0.6963,2.4
120.32,0.5975,-0.6855,1.1
120.52,0.5916,-0.6799,0.4
120.82,0.5806,-0.6685,1.0
121.02,0.5803,-0.6652,1.8
121.22,0.5636,-0.6614,2.8
121.42,0.5551,-0.6527,1.6
121.62,0.5549,-0.6536,2.6
121.82,0.5368,-0.6507,2.5
122.02,0.5284,-0.6460,1.4
122.22,0.5365,-0.6481,2.9
122.42,0.5259,-0.6540,2.0
122.72,0.5272,-0.6514,3.8
122.92,0.5417,-0.6505,1.7
123.12,0.5487,-0.6613,4.9
123.32,0.5497,-0.6482,4.6
123.52,0.5650,-0.6425,2.4
123.82,0.5591,-0.6414,4.0
124.02,0.5546,-0.6386,5.0
124.22,0.5551,-0.6505,4.3
124.42,0.5416,-0.6651,1.0
124.62,0.5311,-0.6707,2.0
124.82,0.5256,-0.6842,1.9
125.12,0.5067,-0.6998,2.0
125.32,0.5032,-0.7022,0.5
125.52,0.5080,-0.7024,2.5
125.82,0.5000,-0.7046,2.4
126.02,0.4996,-0.7216,2.3
126.32,0.5003,-0.7284,2.0
126.52,0.5076,-0.7319,2.1
126.72,0.5145,-0.7456,2.2
126.92,0.5098,-0.7440,1.9
127.12,0.5128,-0.7411,2.3
127.32,0.5122,-0.7597,4.7
127.53,0.5186,-0.7791,2.2
127.73,0.5209,-0.7850,2.8
127.93,0.5136,-0.7993,5.4
128.13,0.5221,-0.8181,2.7
128.33,0.5251,-0.8203,2.2
128.63,0.5204,-0.8300,2.0
128.83,0.5262,-0.8411,5.1
129.03,0.5254,-0.8560,2.1
129.23,0.5240,-0.8609,2.1
129.43,0.5330,-0.8746,5.3
129.73,0.5250,-0.8848,4.9
129.93,0.5340,-0.8998,2.2
130.13,0.5375,-0.9050,1.4
130.33,0.5344,-0.9102,4.5
130.63,0.5465,-0.9297,4.5
130.83,0.5494,-0.9414,1.3
131.03,0.5500,-0.9480,2.0
131.23,0.5572,-0.9633,1.6
131.53,0.5668,-0.9736,1.4
131.73,0.5691,-0.9907,2.5
131.93,0.5763,-0.9967,0.7
132.13,0.5807,-0.9953,2.3
132.33,0.5805,-1.0056,1.8
132.53,0.5898,-1.0080,0.6
132.73,0.5978,-1.0075,2.9
132.93,0.5962,-1.0125,1.9
133.13,0.5993,-1.0076,1.5
133.33,0.6136,-1.0051,3.5
133.53,0.6114,-1.0079,1.9
133.73,0.6102,-1.0015,2.2
133.93,0.6268,-0.9973,1.5
134.23,0.6398,-1.0056,3.4
134.43,0.6491,-0.9950,3.2
134.63,0.6599,-0.9974,2.2
134.93,0.6739,-0.9905,1.7
135.13,0.6892,-0.9838,1.1
135.33,0.6935,-0.9856,1.6
135.53,0.6941,-0.9815,1.8
135.73,0.7103,-0.9769,2.5
136.03,0.7398,-0.9724,2.2
136.23,0.7498,-0.9642,1.7
136.44,0.7652,-0.9632,1.1
136.74,0.7890,-0.9532,2.0
136.94,0.7975,-0.9503,2.1
137.14,0.8202,-0.9497,3.4
137.34,0.8305,-0.9433,3.2
137.64,0.8415,-0.9462,2.6
137.84,0.8649,-0.9432,1.0
138.04,0.8838,-0.9334,2.3
138.24,0.9000,-0.9311,1.3
138.44,0.9085,-0.9307,2.5
138.64,0.9146,-0.9200,2.4
138.84,0.9288,-0.9174,1.6
139.04,0.9399,-0.9132,1.9
139.34,0.9589,-0.8911,3.9
139.54,0.9684,-0.8916,1.8
139.74,0.9653,-0.8828,1.6
139.94,0.9683,-0.8743,1.2
140.14,0.9690,-0.8784,1.5
140.34,0.9661,-0.8762,1.7
140.54,0.9670,-0.8588,2.9
140.74,0.9728,-0.8611,2.3
141.04,0.9621,-0.8665,2.7
141.34,0.9674,-0.8727,3.7
141.54,0.9699,-0.8889,1.5
141.74,0.9617,-0.8959,3.8
141.94,0.9671,-0.8940,1.1
142.14,0.9734,-0.9044,0.7
142.34,0.9706,-0.9143,5.0
142.54,0.9791,-0.9090,2.8
142.74,0.9942,-0.9121,2.1
142.94,0.9957,-0.9221,3.3
143.24,1.0069,-0.9089,3.3
143.44,1.0085,-0.9184,2.3
143.64,0.9954,-0.9244,1.3
143.84,0.9952,-0.9238,2.8
144.04,0.9837,-0.9405,3.1
144.34,0.9737,-0.9485,2.0
144.54,0.9773,-0.9584,2.3
144.74,0.9618,-0.9791,2.4
144.94,0.9471,-0.9823,3.2
145.14,0.9490,-0.9819,1.1
145.34,0.9524,-0.9735,3.3
145.64,0.9292,-0.9874,1.8
145.85,0.9251,-0.9997,2.6
146.05,0.9243,-0.9981,1.3
146.35,0.9262,-1.0048,1.9
146.55,0.9145,-1.0249,3.5
146.75,0.9108,-1.0184,3.2
146.95,0.9211,-1.0150,3.2
147.25,0.9119,-1.0351,1.4
147.45,0.9009,-1.0378,2.9
147.65,0.9033,-1.0465,2.6
147.85,0.8964,-1.0487,1.5
148.15,0.8727,-1.0629,0.9
148.35,0.8696,-1.0611,3.1
148.55,0.8518,-1.0722,1.2
148.75,0.8453,-1.0759,0.9
149.05,0.8391,-1.0803,1.3
149.25,0.8178,-1.0861,3.9
149.45,0.8170,-1.0923,2.7
149.65,0.8105,-1.0924,1.6
149.95,0.7986,-1.1033,1.2
150.15,0.7900,-1.1172,3.8
150.35,0.7866,-1.1131,2.0
150.55,0.7859,-1.1197,1.6
150.75,0.7727,-1.1334,1.1
151.05,0.7566,-1.1401,1.5
151.25,0.7420,-1.1540,1.8
151.45,0.7289,-1.1595,1.0
151.65,0.7213,-1.1604,2.0
151.95,0.6988,-1.1834,3.2
152.25,0.6848,-1.1880,2.7
152.45,0.6671,-1.2020,1.1
152.65,0.6530,-1.2109,0.6
152.95,0.6326,-1.2229,1.4
153.15,0.6270,-1.2217,3.2
153.35,0.6116,-1.2264,1.0
153.55,0.6052,-1.2280,0.8
153.75,0.6022,-1.2317,0.9
153.95,0.5924,-1.2298,2.7
154.25,0.6031,-1.2307,4.4
154.45,0.6186,-1.2262,0.5
154.65,0.6287,-1.2170,4.4
154.95,0.6498,-1.2297,5.6
155.15,0.6593,-1.2227,2.5
155.35,0.6659,-1.2243,0.2
155.56,0.6763,-1.2412,6.9
155.76,0.6906,-1.2411,4.0
155.96,0.6910,-1.2448,0.2
156.16,0.6940,-1.2619,5.1
156.36,0.7074,-1.2666,2.5
156.56,0.7093,-1.2715,2.0
156.76,0.7075,-1.2662,4.1
156.96,0.6986,-1.2479,0.8
157.16,0.6974,-1.2374,1.0
157.36,0.6975,-1.2242,2.8
157.56,0.6964,-1.2188,1.3
157.86,0.6962,-1.2150,2.3
158.06,0.6986,-1.2091,2.7
158.26,0.6902,-1.1933,5.3
158.46,0.7007,-1.1867,3.4
158.66,0.7013,-1.1947,1.9
158.86,0.6933,-1.1959,5.0
159.06,0.6999,-1.1826,2.9
159.26,0.6995,-1.1776,1.7
159.46,0.6927,-1.1722,5.5
159.76,0.6998,-1.1595,4.7
159.96,0.6998,-1.1415,1.5
160.16,0.7019,-1.1396,1.3
160.36,0.7049,-1.1418,4.3
160.56,0.7055,-1.1321,2.1
160.76,0.7021,-1.1266,2.2
160.96,0.7035,-1.1098,1.1
161.16,0.7065,-1.0955,1.5
161.36,0.7050,-1.0889,0.7
161.56,0.7013,-1.0794,2.7
161.76,0.7097,-1.0687,2.5
161.96,0.7079,-1.0602,1.6
162.16,0.7047,-1.0484,2.0
162.36,0.7109,-1.0305,1.9
162.66,0.7100,-1.0078,2.7
162.86,0.7157,-0.9984,2.0
163.06,0.7164,-0.9902,3.7
163.26,0.7162,-0.9661,1.8
163.56,0.7166,-0.9489,1.7
163.76,0.7124,-0.9440,1.9
164.06,0.7068,-0.9181,0.6
164.26,0.7086,-0.9072,1.5
164.56,0.6960,-0.8858,3.5
164.86,0.6959,-0.8694,2.7
165.07,0.6906,-0.8530,0.9
165.27,0.6878,-0.8407,0.9
165.57,0.6827,-0.8245,0.9
165.77,0.6765,-0.8179,1.5
165.97,0.6770,-0.8061,2.1
166.17,0.6715,-0.8040,0.8
166.37,0.6617,-0.8013,2.9
166.67,0.6656,-0.7930,2.7
166.87,0.6513,-0.7936,3.2
167.07,0.6434,-0.7817,1.6
167.27,0.6393,-0.7801,2.2
167.47,0.6196,-0.7728,2.0
167.77,0.6116,-0.7662,2.1
167.97,0.6099,-0.7691,2.4
168.17,0.5876,-0.7675,2.4
168.47,0.5741,-0.7519,3.6
168.67,0.5621,-0.7581,2.4
168.87,0.5559,-0.7542,2.0
169.07,0.5479,-0.7510,2.4
169.27,0.5277,-0.7536,3.3
169.57,0.5239,-0.7493,2.3
169.77,0.5364,-0.7552,1.7
169.97,0.5360,-0.7621,2.3
170.27,0.5462,-0.7487,3.5
170.47,0.5548,-0.7560,2.9
170.67,0.5513,-0.7561,0.8
170.87,0.5532,-0.7504,3.1
171.07,0.5599,-0.7575,2.7
171.27,0.5581,-0.7545,0.7
171.57,0.5636,-0.7448,1.0
171.77,0.5726,-0.7476,4.0
171.97,0.5682,-0.7393,2.4
172.27,0.5684,-0.7504,1.9
172.57,0.5531,-0.7709,2.1
172.77,0.5499,-0.7788,0.9
172.97,0.5551,-0.7821,3.2
173.27,0.5478,-0.7816,3.6
173.47,0.5513,-0.7981,1.8
173.67,0.5506,-0.8099,1.3
173.97,0.5562,-0.8188,2.0
174.17,0.5617,-0.8378,1.1
174.37,0.5596,-0.8499,1.6
174.57,0.5646,-0.8617,1.3
174.78,0.5698,-0.8776,1.4
174.98,0.5670,-0.8894,2.2
175.18,0.5731,-0.8995,1.0
175.38,0.5836,-0.9153,3.6
175.58,0.5816,-0.9291,1.7
175.78,0.5887,-0.9334,1.6
175.98,0.5965,-0.9467,1.1
176.28,0.5990,-0.9700,2.9
176.48,0.6095,-0.9770,1.9
176.68,0.6125,-0.9894,1.1
176.88,0.6159,-1.0035,2.5
177.08,0.6262,-1.0081,2.3
177.28,0.6303,-1.0194,1.1
177.48,0.6360,-1.0322,2.5
177.68,0.6488,-1.0359,2.8
177.98,0.6538,-1.0487,2.3
178.28,0.6680,-1.0486,3.2
178.48,0.6725,-1.0544,1.7
178.78,0.6791,-1.0490,1.9
178.98,0.6923,-1.0465,2.9
179.18,0.6914,-1.0510,2.3
179.38,0.6907,-1.0445,1.8
179.58,0.7024,-1.0385,2.4
179.78,0.7072,-1.0440,1.9
180.08,0.7169,-1.0356,2.6
180.28,0.7253,-1.0347,1.4
180.48,0.7227,-1.0282,4.1
180.68,0.7374,-1.0183,0.7
180.98,0.7372,-1.0190,1.5
181.18,0.7349,-1.0146,1.1
181.38,0.7452,-0.9954,4.1
181.58,0.7573,-0.9907,2.4
181.88,0.7597,-0.9703,0.7
182.08,0.7599,-0.9658,1.0
182.28,0.7547,-0.9746,4.0
182.48,0.7581,-0.9581,1.1
182.78,0.7633,-0.9398,1.6
182.98,0.7649,-0.9255,1.0
183.28,0.7696,-0.8982,1.6
183.48,0.7620,-0.8971,4.3
183.68,0.7590,-0.8770,0.9
183.88,0.7565,-0.8674,0.8
184.18,0.7551,-0.8667,1.6
184.38,0.7429,-0.8547,4.0
184.59,0.7492,-0.8440,2.1
184.89,0.7397,-0.8374,1.0
185.09,0.7375,-0.8341,0.8
185.29,0.7478,-0.8435,2.3
185.49,0.7372,-0.8442,2.7
185.69,0.7305,-0.8388,0.9
185.89,0.7343,-0.8420,2.1
186.09,0.7170,-0.8373,2.4
186.29,0.7077,-0.8325,1.2
186.49,0.7071,-0.8352,3.6
186.69,0.6836,-0.8327,2.2
186.99,0.6715,-0.8273,2.1
187.19,0.6673,-0.8321,1.3
187.39,0.6507,-0.8391,4.9
187.59,0.6565,-0.8291,3.9
187.79,0.6723,-0.8299,2.3
188.09,0.6719,-0.8386,0.7
188.29,0.6833,-0.8265,3.3
188.49,0.6863,-0.8355,2.5
188.69,0.6710,-0.8443,1.4
188.99,0.6586,-0.8596,1.1
189.19,0.6489,-0.8707,1.1
189.49,0.6286,-0.8785,4.0
189.69,0.6370,-0.8809,4.1
189.99,0.6309,-0.8763,3.0
190.19,0.6346,-0.8772,2.6
190.39,0.6278,-0.8969,1.0
190.59,0.6225,-0.9045,1.9
190.89,0.6208,-0.9272,3.1
191.09,0.6137,-0.9374,1.8
191.29,0.6236,-0.9283,4.5
191.49,0.6247,-0.9446,1.2
191.69,0.6283,-0.9498,1.0
191.99,0.6313,-0.9499,2.4
192.19,0.6338,-0.9692,2.7
192.39,0.6359,-0.9872,1.3
192.59,0.6402,-1.0012,0.6
192.89,0.6439,-1.0227,1.3
193.09,0.6429,-1.0320,2.8
193.29,0.6516,-1.0386,2.0
193.59,0.6538,-1.0580,2.3
193.79,0.6596,-1.0655,1.0
193.99,0.6643,-1.0734,2.0
194.19,0.6698,-1.0904,1.7
194.39,0.6766,-1.0969,0.6
194.60,0.6851,-1.1002,2.3
194.90,0.6892,-1.1155,1.4
195.10,0.7016,-1.1187,2.9
195.30,0.7051,-1.1253,1.8
195.50,0.7071,-1.1206,4.0
195.70,0.7232,-1.1257,1.2
196.00,0.7308,-1.1306,2.0
196.20,0.7370,-1.1275,0.9
196.40,0.7491,-1.1220,4.6
196.60,0.7489,-1.1271,2.9
196.80,0.7487,-1.1186,2.2
197.10,0.7619,-1.1129,1.1
197.30,0.7497,-1.1107,4.5
197.50,0.7592,-1.1054,0.7
197.70,0.7672,-1.1014,0.6
197.90,0.7783,-1.1009,2.6
198.20,0.7826,-1.0881,2.6
198.40,0.7972,-1.0890,1.9
198.60,0.8027,-1.0785,1.4
198.80,0.8111,-1.0666,1.9
199.10,0.8136,-1.0682,3.1
199.30,0.8251,-1.0492,2.4
199.50,0.8345,-1.0397,1.4
199.70,0.8287,-1.0360,4.0
200.00,0.8252,-1.0247,1.4
200.30,0.8196,-1.0369,3.8
200.50,0.8208,-1.0202,0.9
200.70,0.8212,-1.0057,1.0
200.90,0.8213,-0.9951,2.3
201.20,0.8153,-0.9616,3.6
201.40,0.8210,-0.9484,2.0
201.60,0.8153,-0.9426,1.8
201.80,0.8078,-0.9255,2.2
202.00,0.8122,-0.9255,1.7
202.30,0.8035,-0.9196,1.1
202.50,0.7981,-0.9029,0.6
202.70,0.7993,-0.8914,4.5
202.90,0.7926,-0.8918,2.9
203.10,0.7925,-0.8858,1.0
203.30,0.7964,-0.8843,2.6
203.50,0.7836,-0.8869,3.3
203.70,0.7778,-0.8766,1.4
203.90,0.7800,-0.8754,3.0
204.20,0.7579,-0.8817,4.9
204.41,0.7600,-0.8757,1.9
204.61,0.7571,-0.8807,2.4
204.91,0.7338,-0.8811,0.4
205.11,0.7374,-0.8746,4.3
205.31,0.7409,-0.8836,3.3
205.51,0.7370,-0.8811,1.8
205.71,0.7446,-0.8797,3.4
205.91,0.7299,-0.8890,1.2
206.21,0.7084,-0.8971,2.0
206.51,0.7070,-0.9027,2.7
206.71,0.6999,-0.9029,1.6
206.91,0.6936,-0.9072,2.6
207.21,0.6770,-0.9278,1.7
207.41,0.6614,-0.9332,2.5
207.61,0.6555,-0.9443,1.0
207.91,0.6419,-0.9583,1.7
208.11,0.6372,-0.9646,2.9
208.31,0.6252,-0.9871,2.4
208.51,0.6146,-0.9979,1.6
208.71,0.6182,-1.0041,4.3
208.91,0.6116,-1.0226,1.1
209.11,0.6112,-1.0283,1.3
209.31,0.6166,-1.0165,4.0
209.51,0.6170,-1.0299,1.3
209.81,0.6120,-1.0548,1.1
210.01,0.6114,-1.0698,0.8
210.21,0.6155,-1.0880,4.3
210.41,0.6065,-1.0868,2.7
210.71,0.6167,-1.0865,1.8
211.01,0.6145,-1.0876,2.9
211.21,0.6173,-1.0790,3.0
211.41,0.6297,-1.0940,1.0
211.61,0.6288,-1.1007,1.9
211.81,0.6327,-1.1025,0.6
212.01,0.6457,-1.1100,3.2
212.21,0.6426,-1.1156,1.9
212.41,0.6466,-1.1121,1.0
212.71,0.6590,-1.1166,1.2
212.91,0.6587,-1.1108,3.9
213.11,0.6718,-1.1116,0.7
213.31,0.6752,-1.1106,1.2
213.61,0.6818,-1.1093,0.8
213.91,0.6917,-1.1056,1.6
214.11,0.6912,-1.1013,4.1
214.32,0.7012,-1.0956,0.7
214.52,0.7034,-1.0932,0.7
214.72,0.6988,-1.0977,1.5
214.92,0.7035,-1.0875,3.0
215.12,0.7157,-1.0826,1.6
215.42,0.7260,-1.0678,1.6
215.72,0.7360,-1.0564,1.2
215.92,0.7331,-1.0615,3.7
216.12,0.7394,-1.0439,1.7
216.42,0.7519,-1.0288,1.9
216.62,0.7507,-1.0196,1.1
216.82,0.7501,-1.0048,4.0
217.02,0.7525,-1.0133,2.8
217.22,0.7443,-1.0220,4.2
217.42,0.7437,-1.0085,3.1
217.62,0.7408,-1.0036,1.6
217.82,0.7379,-1.0015,2.5
218.02,0.7417,-0.9866,3.0
218.32,0.7346,-0.9810,4.4
218.52,0.7345,-0.9617,0.8
218.72,0.7332,-0.9481,0.7
218.92,0.7350,-0.9372,1.6
219.22,0.7253,-0.9131,2.9
219.42,0.7290,-0.8988,1.7
219.62,0.7237,-0.8905,1.6
219.82,0.7191,-0.8750,0.9
220.12,0.7198,-0.8567,2.8
220.32,0.7109,-0.8544,3.1
220.52,0.7105,-0.8473,1.2
220.82,0.7087,-0.8477,0.8
221.02,0.6945,-0.8440,4.4
221.22,0.6954,-0.8371,2.0
221.42,0.6910,-0.8398,0.8
221.72,0.6776,-0.8328,1.4
222.02,0.6917,-0.8429,4.4
222.22,0.6735,-0.8393,3.5
222.42,0.6636,-0.8390,1.0
222.72,0.6609,-0.8422,1.8
222.92,0.6542,-0.8424,0.8
223.12,0.6549,-0.8377,3.3
223.33,0.6599,-0.8464,3.5
223.53,0.6557,-0.8443,2.0
223.73,0.6653,-0.8432,3.9
224.03,0.6464,-0.8652,1.3
224.23,0.6342,-0.8683,2.4
224.43,0.6356,-0.8680,0.9
224.73,0.6340,-0.8690,1.5
224.93,0.6198,-0.8803,1.7
225.13,0.6183,-0.8919,2.7
225.33,0.6092,-0.8972,1.3
225.53,0.5975,-0.9052,2.8
225.83,0.6059,-0.9141,4.0
226.03,0.5964,-0.9116,2.6
226.33,0.6001,-0.9286,1.5
226.63,0.5987,-0.9265,3.6
226.83,0.6055,-0.9104,7.3
227.03,0.6100,-0.9262,4.8
227.23,0.6149,-0.9399,2.2
227.43,0.6146,-0.9390,2.4
227.63,0.6050,-0.9460,5.9
227.83,0.6111,-0.9604,3.5
228.03,0.6146,-0.9629,2.0
228.33,0.6113,-0.9685,2.5
228.53,0.6205,-0.9804,5.6
228.73,0.6148,-0.9945,3.0
228.93,0.6129,-0.9962,2.3
229.13,0.6236,-1.0041,6.0
229.33,0.6176,-1.0163,3.1
229.63,0.6201,-1.0272,3.2
229.83,0.6226,-1.0297,2.0
230.03,0.6135,-1.0341,5.5
230.33,0.6286,-1.0458,6.0
230.53,0.6237,-1.0575,3.1
230.73,0.6218,-1.0588,1.8
230.93,0.6280,-1.0722,4.8
231.13,0.6280,-1.0829,1.7
231.43,0.6304,-1.0995,1.8
231.63,0.6343,-1.1063,1.2
231.83,0.6358,-1.1118,2.9
232.03,0.6414,-1.1290,1.0
232.23,0.6457,-1.1365,0.4
232.43,0.6530,-1.1390,2.3
232.63,0.6518,-1.1479,1.6
232.83,0.6569,-1.1468,0.7
233.04,0.6642,-1.1463,2.7
233.34,0.6589,-1.1463,2.7
233.64,0.6710,-1.1393,3.6
233.94,0.6570,-1.1392,4.4
234.14,0.6688,-1.1345,0.9
234.34,0.6762,-1.1323,0.9
234.54,0.6715,-1.1331,2.2
234.74,0.6811,-1.1261,2.0
234.94,0.6868,-1.1223,1.2
235.14,0.6865,-1.1191,2.7
235.34,0.6945,-1.1105,0.9
235.54,0.6943,-1.1091,1.1
235.74,0.6875,-1.1114,4.4
236.04,0.6997,-1.0818,3.4
236.24,0.7148,-1.0722,1.7
236.44,0.7149,-1.0623,1.2
236.64,0.7153,-1.0517,2.3
236.84,0.7174,-1.0582,2.0
237.14,0.7141,-1.0504,1.8
237.34,0.7178,-1.0349,1.2
237.54,0.7176,-1.0258,3.1
237.74,0.7225,-1.0116,1.0
238.04,0.7273,-0.9931,1.1
238.24,0.7297,-0.9795,0.9
238.44,0.7307,-0.9600,1.7
238.64,0.7387,-0.9480,2.4
238.84,0.7398,-0.9351,1.0
239.04,0.7358,-0.9128,4.2
239.34,0.7372,-0.9046,4.3
239.54,0.7348,-0.8852,0.6
239.74,0.7329,-0.8748,0.8
239.94,0.7374,-0.8733,2.6
240.24,0.7210,-0.8581,3.9
240.44,0.7239,-0.8448,1.3
240.64,0.7152,-0.8411,2.0
240.84,0.7089,-0.8310,0.8
241.14,0.7103,-0.8338,2.5
241.34,0.7098,-0.8314,1.4
241.54,0.7175,-0.8440,1.5
241.84,0.7266,-0.8589,1.3
242.04,0.7309,-0.8647,1.4
242.24,0.7375,-0.8723,0.8
242.44,0.7439,-0.8783,1.3
242.65,0.7359,-0.8739,1.6
242.95,0.7214,-0.8625,1.5
243.15,0.7041,-0.8535,2.0
243.35,0.6977,-0.8464,1.2
243.55,0.6922,-0.8431,2.8
243.75,0.6692,-0.8316,2.2
243.95,0.6565,-0.8203,1.4
244.25,0.6458,-0.8205,2.2
244.45,0.6268,-0.8131,1.0
244.65,0.6121,-0.7977,2.7
244.95,0.6022,-0.7950,2.6
245.15,0.6033,-0.7916,1.9
245.35,0.5962,-0.7731,3.0
245.55,0.5857,-0.7652,1.1
245.75,0.5853,-0.7578,1.6
246.05,0.5684,-0.7406,1.0
246.35,0.5502,-0.7199,0.7
246.55,0.5420,-0.7062,2.0
246.75,0.5249,-0.6976,2.9
246.95,0.5176,-0.6827,1.4
247.15,0.5086,-0.6696,1.6
247.45,0.4887,-0.6567,2.4
247.75,0.4812,-0.6321,2.7
247.95,0.4638,-0.6230,2.4
248.15,0.4567,-0.6080,1.0
248.45,0.4368,-0.5873,1.8
248.65,0.4311,-0.5792,2.1
248.85,0.4195,-0.5602,1.3
249.05,0.4118,-0.5507,0.8
249.25,0.4063,-0.5431,2.0
249.45,0.3969,-0.5258,1.9
249.75,0.3795,-0.5094,2.6
250.05,0.3679,-0.4853,2.5
250.25,0.3562,-0.4758,1.1
250.55,0.3441,-0.4571,1.1
250.75,0.3360,-0.4363,3.8
250.95,0.3181,-0.4283,2.2
251.25,0.3091,-0.4062,2.3
251.45,0.3033,-0.3983,1.3
251.65,0.3012,-0.3920,3.7
251.95,0.2911,-0.3616,2.1
252.16,0.2817,-0.3534,1.7
252.46,0.2743,-0.3290,1.4
252.66,0.2693,-0.3190,1.1
252.86,0.2669,-0.3111,3.5
253.06,0.2589,-0.2878,1.4
253.36,0.2481,-0.2688,1.9
253.56,0.2440,-0.2529,1.1
253.76,0.2400,-0.2350,3.6
253.96,0.2279,-0.2258,1.8
254.26,0.2206,-0.2004,2.1
254.46,0.2116,-0.1870,1.4
254.76,0.2064,-0.1696,1.6
254.96,0.2012,-0.1515,1.8
255.16,0.1914,-0.1390,1.1
255.46,0.2033,-0.1596,0.5
255.66,0.2043,-0.1612,0.5
255.86,0.2066,-0.1648,0.6
256.06,0.2076,-0.1664,0.6
256.26,0.2086,-0.1689,0.4
256.56,0.2131,-0.1758,0.4
256.76,0.2123,-0.1878,3.2
256.96,0.2233,-0.1959,3.8
257.16,0.2208,-0.2046,0.6
257.46,0.2158,-0.2275,0.4
257.66,0.2225,-0.2372,5.0
257.96,0.2073,-0.2413,2.1
258.16,0.2174,-0.2383,2.1
258.36,0.2216,-0.2312,1.0
258.56,0.2197,-0.2303,1.4
258.76,0.2319,-0.2270,2.2
259.06,0.2378,-0.2191,1.6
259.26,0.2455,-0.2196,1.0
259.46,0.2572,-0.2208,3.1
259.66,0.2576,-0.2127,2.0
259.86,0.2632,-0.2156,1.1
260.06,0.2789,-0.2200,3.7
260.36,0.2795,-0.2120,2.6
260.56,0.2924,-0.2201,2.6
260.76,0.3028,-0.2185,1.4
261.06,0.3110,-0.2222,1.1
261.26,0.3188,-0.2279,1.5
261.47,0.3173,-0.2241,1.6
261.67,0.3145,-0.2263,2.0
261.87,0.3313,-0.2297,4.0
262.07,0.3450,-0.2393,1.5
262.27,0.3508,-0.2440,1.5
262.47,0.3613,-0.2408,4.7
262.67,0.3806,-0.2516,1.4
262.87,0.3918,-0.2579,1.1
263.07,0.4007,-0.2557,4.1
263.27,0.4213,-0.2653,1.0
263.47,0.4308,-0.2709,0.6
263.67,0.4339,-0.2747,1.5
263.87,0.4556,-0.2825,2.3
264.17,0.4631,-0.2881,2.0
264.37,0.4695,-0.2891,1.4
264.57,0.4785,-0.2945,1.3
264.77,0.4887,-0.3128,2.9
264.97,0.4977,-0.3200,1.5
265.17,0.4978,-0.3236,2.3
265.37,0.5022,-0.3397,1.7
265.57,0.5007,-0.3428,1.2
265.77,0.4930,-0.3332,3.2
266.07,0.4954,-0.3574,0.7
266.27,0.5001,-0.3707,1.6
266.47,0.4989,-0.3835,1.0
266.77,0.5032,-0.4041,2.2
266.97,0.5041,-0.4100,2.3
267.27,0.4968,-0.4401,3.6
267.47,0.5050,-0.4522,1.9
267.67,0.5016,-0.4625,1.7
267.97,0.5025,-0.4928,1.6
268.17,0.5019,-0.5007,3.3
268.37,0.5001,-0.5210,1.8
268.57,0.5032,-0.5399,1.0
268.77,0.5087,-0.5544,2.8
269.07,0.5056,-0.5726,3.1
269.27,0.5082,-0.5931,0.8
269.47,0.5095,-0.6107,1.0
269.77,0.5131,-0.6341,0.9
269.97,0.5216,-0.6533,3.5
270.17,0.5167,-0.6667,1.9
270.37,0.5237,-0.6737,1.8
270.57,0.5311,-0.6895,1.3
270.77,0.5293,-0.7111,3.3
271.07,0.5416,-0.7310,2.8
271.28,0.5399,-0.7407,1.7
271.58,0.5486,-0.7694,2.0
271.78,0.5492,-0.7792,2.7
271.98,0.5519,-0.8034,2.8
272.18,0.5607,-0.8180,1.6
272.48,0.5640,-0.8386,1.4
272.78,0.5743,-0.8641,1.4
273.08,0.5742,-0.8802,2.1
273.28,0.5795,-0.9005,0.9
273.58,0.5906,-0.9144,1.6
273.78,0.5925,-0.9337,2.1
273.98,0.6013,-0.9433,0.7
274.18,0.6119,-0.9503,3.0
274.48,0.6144,-0.9650,2.8
274.68,0.6258,-0.9768,1.3
274.98,0.6353,-0.9993,2.6
275.28,0.6484,-1.0085,2.0
275.48,0.6541,-1.0207,1.1
275.68,0.6606,-1.0336,3.1
275.88,0.6717,-1.0347,2.6
276.08,0.6761,-1.0451,1.4
276.28,0.6837,-1.0574,3.6
276.48,0.6965,-1.0580,2.3
276.68,0.7021,-1.0654,1.3
276.98,0.7161,-1.0702,0.7
277.18,0.7316,-1.0684,3.9
277.38,0.7320,-1.0733,3.2
277.58,0.7350,-1.0651,2.2
277.78,0.7515,-1.0602,2.2
278.08,0.7463,-1.0631,2.8
278.28,0.7527,-1.0549,2.6
278.48,0.7600,-1.0550,1.5
278.68,0.7592,-1.0484,4.1
278.88,0.7726,-1.0398,0.8
279.08,0.7764,-1.0365,0.8
279.28,0.7764,-1.0410,2.3
279.58,0.7807,-1.0209,3.3
279.78,0.7869,-1.0230,3.1
280.08,0.7875,-1.0033,0.7
280.38,0.7886,-1.0037,3.0
280.58,0.7798,-1.0103,4.3
280.79,0.7832,-0.9957,2.3
280.99,0.7856,-0.9899,1.3
281.29,0.7873,-0.9693,2.1
281.49,0.7898,-0.9571,1.3
281.69,0.7824,-0.9571,3.6
281.89,0.7816,-0.9346,0.8
282.19,0.7823,-0.9199,1.8
282.39,0.7786,-0.9166,0.8
282.59,0.7694,-0.9096,3.4
282.79,0.7741,-0.9000,1.4
282.99,0.7687,-0.9007,1.3
283.29,0.7661,-0.9047,1.2
283.49,0.7676,-0.9127,4.1
283.69,0.7585,-0.9059,0.8
283.99,0.7552,-0.9059,1.3
284.29,0.7352,-0.9021,1.0
284.49,0.7194,-0.8962,0.6
284.69,0.7049,-0.8885,1.4
284.89,0.6906,-0.8916,3.6
285.09,0.6832,-0.8838,2.1
285.29,0.6815,-0.8858,3.4
285.49,0.6665,-0.8903,2.3
285.69,0.6589,-0.8889,1.5
285.89,0.6667,-0.8888,3.0
286.09,0.6592,-0.8970,1.5
286.39,0.6611,-0.8942,3.2
286.59,0.6758,-0.8910,1.5
286.79,0.6778,-0.9003,2.4
286.99,0.6651,-0.8928,4.7
287.29,0.6730,-0.9046,3.5
287.49,0.6589,-0.9183,0.5
287.69,0.6447,-0.9186,4.2
287.89,0.6463,-0.9196,2.8
288.19,0.6263,-0.9168,1.5
288.49,0.6237,-0.9225,2.8
288.69,0.6237,-0.9184,2.7
288.99,0.6018,-0.9305,0.3
289.19,0.6054,-0.9368,3.5
289.39,0.6013,-0.9296,2.3
289.59,0.6022,-0.9355,1.7
289.79,0.5929,-0.9581,3.2
290.09,0.5861,-0.9641,3.8
290.29,0.5780,-0.9846,1.5
290.50,0.5744,-0.9922,1.5
290.70,0.5775,-0.9833,4.3
290.90,0.5795,-0.9941,1.5
291.10,0.5765,-1.0066,1.1
291.30,0.5790,-1.0136,3.5
291.60,0.5785,-1.0402,1.9
291.80,0.5739,-1.0414,1.7
292.00,0.5776,-1.0423,1.2
292.20,0.5873,-1.0546,3.2
292.50,0.5832,-1.0523,2.8
292.70,0.5928,-1.0613,1.5
292.90,0.5955,-1.0684,1.5
293.20,0.5946,-1.0624,1.5
293.40,0.6075,-1.0725,1.6
293.60,0.6063,-1.0802,2.0
293.80,0.6127,-1.0797,0.6
294.00,0.6242,-1.0791,4.1
294.30,0.6178,-1.0788,3.4
294.50,0.6324,-1.0798,2.1
294.70,0.6372,-1.0829,1.6
294.90,0.6280,-1.0773,3.8
295.20,0.6473,-1.0684,3.5
295.40,0.6398,-1.0741,3.4
295.70,0.6338,-1.0625,2.1
295.90,0.6387,-1.0596,1.2
296.10,0.6332,-1.0591,2.9
296.30,0.6461,-1.0525,0.9
296.50,0.6511,-1.0498,1.2
296.70,0.6494,-1.0484,2.5
296.90,0.6642,-1.0347,1.6
297.10,0.6736,-1.0287,1.4
297.30,0.6770,-1.0265,1.6
297.60,0.6834,-1.0053,3.4
297.80,0.6905,-1.0039,2.0
298.00,0.6884,-0.9935,1.5
298.20,0.6869,-0.9807,3.2
298.40,0.6886,-0.9888,2.7
298.70,0.6802,-0.9844,2.2
298.90,0.6829,-0.9689,1.2
299.10,0.6830,-0.9616,2.9
299.31,0.6876,-0.9473,0.9
299.61,0.6941,-0.9358,1.7
299.81,0.6968,-0.9196,0.8
300.01,0.6953,-0.9047,3.6
300.21,0.7030,-0.8999,2.3
300.41,0.6989,-0.8947,2.2
300.71,0.6979,-0.8703,1.0
300.91,0.7005,-0.8704,2.8
301.11,0.6954,-0.8493,2.7
301.31,0.6985,-0.8311,1.9
301.51,0.6930,-0.8257,4.1
301.71,0.6882,-0.8031,1.2
301.91,0.6864,-0.7894,1.0
302.11,0.6903,-0.7863,2.7
302.31,0.6794,-0.7766,2.4
302.51,0.6810,-0.7582,1.3
302.71,0.6808,-0.7454,3.0
303.01,0.6724,-0.7325,1.7
303.21,0.6705,-0.7168,1.9
303.41,0.6656,-0.7110,0.8
303.71,0.6598,-0.6986,1.1
304.01,0.6528,-0.6928,0.6
304.21,0.6460,-0.6950,3.9
304.41,0.6529,-0.6899,2.0
304.61,0.6545,-0.6950,1.7
304.91,0.6382,-0.6936,1.1
305.11,0.6490,-0.6933,3.6
305.31,0.6452,-0.7036,1.8
305.51,0.6410,-0.7041,0.5
305.71,0.6561,-0.6932,5.6
306.01,0.6644,-0.7103,5.1
306.21,0.6652,-0.6951,5.1
306.41,0.6834,-0.6914,3.0
306.61,0.6857,-0.6989,3.6
306.81,0.6634,-0.6841,6.9
307.01,0.6870,-0.6934,11.3
307.31,0.7097,-0.7121,19.3
307.51,0.7094,-0.6928,14.8
307.71,0.7011,-0.6939,18.5
308.01,0.6964,-0.7198,6.4
308.21,0.6867,-0.7318,1.2
308.41,0.6829,-0.7379,3.7
308.61,0.6766,-0.7526,1.4
308.91,0.6684,-0.7720,1.1
309.21,0.6615,-0.7896,0.9
309.41,0.6592,-0.7979,0.9
309.62,0.6594,-0.8128,1.6
309.82,0.6503,-0.8279,2.0
310.02,0.6497,-0.8458,0.9
310.22,0.6537,-0.8658,4.0
310.42,0.6470,-0.8701,3.1
310.62,0.6538,-0.8710,2.1
310.92,0.6597,-0.8906,1.1
311.12,0.6606,-0.8943,3.4
311.32,0.6636,-0.9124,1.2
311.52,0.6632,-0.9308,1.0
311.82,0.6663,-0.9564,1.5
312.02,0.6711,-0.9695,2.2
312.32,0.6633,-0.9973,3.5
312.52,0.6733,-1.0089,2.1
312.72,0.6737,-1.0203,1.3
313.02,0.6781,-1.0382,0.9
313.22,0.6837,-1.0477,1.2
313.42,0.6839,-1.0652,2.5
313.72,0.6950,-1.0781,2.1
313.92,0.6978,-1.0913,1.1
314.22,0.7054,-1.1027,0.7
314.42,0.7130,-1.1048,2.4
314.72,0.7156,-1.1155,1.4
314.92,0.7273,-1.1196,2.5
315.12,0.7320,-1.1235,1.3
315.32,0.7326,-1.1220,1.9
315.62,0.7519,-1.1194,3.8
315.92,0.7408,-1.1177,4.2
316.22,0.7611,-1.1115,1.5
316.42,0.7645,-1.1169,2.1
316.62,0.7670,-1.1127,1.0
316.82,0.7780,-1.1027,3.8
317.12,0.7765,-1.1005,4.8
317.32,0.7880,-1.0944,0.9
317.62,0.7871,-1.0923,1.4
317.82,0.7862,-1.0870,1.0
318.02,0.7933,-1.0766,1.9
318.22,0.8085,-1.0716,2.2
318.42,0.8170,-1.0591,0.7
318.62,0.8237,-1.0443,3.9
318.82,0.8295,-1.0432,1.5
319.03,0.8270,-1.0362,1.1
319.23,0.8256,-1.0259,2.5
319.43,0.8275,-1.0340,2.4
319.63,0.8205,-1.0392,3.3
319.83,0.8169,-1.0217,0.7
320.03,0.8219,-1.0122,2.6
320.33,0.8185,-0.9920,2.5
320.53,0.8227,-0.9763,1.6
320.73,0.8193,-0.9697,3.9
320.93,0.8155,-0.9479,1.7
321.13,0.8161,-0.9356,1.6
321.33,0.8147,-0.9406,3.4
321.53,0.8106,-0.9234,1.4
321.83,0.8099,-0.8949,0.9
322.03,0.8068,-0.8846,0.5
322.23,0.7981,-0.8755,3.4
322.43,0.8022,-0.8666,1.9
322.63,0.7990,-0.8677,0.8
322.83,0.7909,-0.8681,3.2
323.13,0.8015,-0.8689,2.3
323.33,0.7913,-0.8716,3.1
323.53,0.7872,-0.8667,1.1
323.83,0.7945,-0.8742,2.0
324.13,0.7782,-0.8718,1.1
324.33,0.7919,-0.8728,4.5
324.53,0.7832,-0.8831,2.2
324.73,0.7694,-0.8805,0.9
325.03,0.7668,-0.8791,0.7
325.23,0.7703,-0.8885,4.4
325.43,0.7690,-0.8813,1.7
325.63,0.7687,-0.8859,1.4
325.93,0.7440,-0.8974,0.6
326.13,0.7368,-0.8957,4.6
326.33,0.7458,-0.8997,3.9
326.63,0.7333,-0.8973,3.9
326.93,0.7338,-0.9059,1.5
327.13,0.7175,-0.9156,0.7
327.33,0.6988,-0.9210,3.5
327.53,0.6926,-0.9332,1.8
327.83,0.6758,-0.9412,1.8
328.03,0.6641,-0.9546,0.8
328.24,0.6533,-0.9735,4.0
328.54,0.6508,-0.9737,3.1
328.74,0.6438,-0.9908,1.5
328.94,0.6410,-0.9974,1.5
329.14,0.6446,-0.9930,3.8
329.44,0.6430,-1.0156,1.3
329.64,0.6346,-1.0263,1.8
329.84,0.6339,-1.0417,1.1
330.04,0.6367,-1.0604,4.1
330.34,0.6392,-1.0512,4.7
330.54,0.6417,-1.0667,0.8
330.74,0.6454,-1.0703,1.2
330.94,0.6462,-1.0586,3.6
331.14,0.6492,-1.0734,1.8
331.34,0.6502,-1.0874,1.6
331.64,0.6575,-1.1027,1.5
331.84,0.6533,-1.1108,4.7
332.04,0.6640,-1.1256,1.6
332.34,0.6689,-1.1314,0.7
332.64,0.6756,-1.1504,1.3
332.84,0.6829,-1.1581,0.5
333.04,0.6871,-1.1583,1.6
333.24,0.6851,-1.1644,1.8
333.44,0.6904,-1.1623,0.6
333.64,0.6942,-1.1574,2.8
333.84,0.6890,-1.1611,2.1
334.14,0.7007,-1.1551,1.2
334.34,0.7058,-1.1540,1.1
334.54,0.6919,-1.1552,4.5
334.74,0.6982,-1.1452,1.0
335.04,0.7033,-1.1462,2.3
335.24,0.7017,-1.1418,1.2
335.44,0.7092,-1.1289,3.8
335.64,0.7094,-1.1362,2.5
335.84,0.7038,-1.1313,2.0
336.14,0.7180,-1.1160,1.3
336.34,0.7130,-1.1216,3.0
336.54,0.7233,-1.1031,2.1
336.74,0.7363,-1.0934,1.4
337.04,0.7385,-1.0855,0.9
337.24,0.7372,-1.0719,3.6
337.45,0.7451,-1.0715,2.6
337.65,0.7385,-1.0657,2.2
337.85,0.7368,-1.0489,2.9
338.15,0.7357,-1.0659,4.3
338.35,0.7310,-1.0544,2.6
338.55,0.7329,-1.0358,1.2
338.75,0.7306,-1.0281,3.8
338.95,0.7354,-1.0168,1.6
339.15,0.7376,-1.0134,1.4
339.35,0.7332,-1.0051,4.6
339.55,0.7382,-0.9853,0.9
339.75,0.7384,-0.9726,0.9
339.95,0.7411,-0.9619,1.3
340.25,0.7359,-0.9345,3.0
340.45,0.7419,-0.9232,2.0
340.65,0.7385,-0.9133,1.9
340.85,0.7342,-0.8917,1.1
341.05,0.7388,-0.8763,2.6
341.25,0.7348,-0.8616,1.4
341.45,0.7297,-0.8476,2.8
341.65,0.7367,-0.8304,2.2
341.95,0.7275,-0.8112,3.5
342.15,0.7304,-0.7979,1.7
342.45,0.7232,-0.7990,1.2
342.65,0.7171,-0.7992,1.8
342.95,0.7249,-0.8051,2.2
343.25,0.7088,-0.8007,3.4
343.45,0.7146,-0.7968,2.1
343.65,0.7164,-0.8019,1.5
343.95,0.6957,-0.7940,1.3
344.15,0.6968,-0.7929,2.8
344.35,0.6786,-0.7948,2.6
344.55,0.6661,-0.7889,1.6
344.85,0.6546,-0.7949,1.7
345.05,0.6446,-0.7996,2.3
345.25,0.6478,-0.7948,1.5
345.45,0.6561,-0.7977,1.0
345.65,0.6550,-0.8073,4.0
345.95,0.6613,-0.7956,2.8
346.15,0.6614,-0.8073,2.7
346.35,0.6515,-0.8128,1.7
346.55,0.6539,-0.8165,3.5
346.75,0.6398,-0.8364,1.7
347.05,0.6288,-0.8444,2.8
347.25,0.6309,-0.8487,1.5
347.46,0.6275,-0.8656,2.8
347.76,0.6168,-0.8771,3.4
348.06,0.6051,-0.9090,2.8
348.26,0.6002,-0.9058,2.6
348.46,0.6061,-0.9024,2.7
348.76,0.6028,-0.9248,1.0
349.06,0.5990,-0.9483,1.0
349.26,0.6013,-0.9682,4.1
349.56,0.5995,-0.9576,4.6
349.76,0.6058,-0.9705,0.9
349.96,0.6082,-0.9798,1.2
350.16,0.6078,-0.9765,3.0
350.36,0.6157,-0.9970,1.9
350.66,0.6146,-1.0118,2.5
350.86,0.6199,-1.0136,0.9
351.06,0.6319,-1.0201,3.5
351.36,0.6335,-1.0277,3.3
351.56,0.6434,-1.0374,1.0
351.76,0.6475,-1.0424,1.3
351.96,0.6511,-1.0441,1.7
352.16,0.6627,-1.0504,1.8
352.36,0.6666,-1.0537,1.4
352.66,0.6783,-1.0560,1.2
352.86,0.6914,-1.0547,3.4
353.06,0.6919,-1.0621,2.2
353.26,0.6963,-1.0571,1.3
353.56,0.7116,-1.0583,1.6
353.76,0.7104,-1.0510,4.1
353.96,0.7282,-1.0484,0.9
354.16,0.7365,-1.0464,1.2
354.46,0.7447,-1.0437,0.9
354.66,0.7587,-1.0332,3.5
354.86,0.7663,-1.0386,3.3
355.06,0.7616,-1.0330,2.4
355.26,0.7799,-1.0220,0.7
355.46,0.7851,-1.0241,2.2
355.66,0.7882,-1.0198,1.4
355.86,0.8023,-1.0100,2.2
356.06,0.8241,-1.0100,2.4
356.36,0.8334,-1.0009,2.8
356.56,0.8431,-1.0015,1.9
356.77,0.8513,-0.9980,2.6
356.97,0.8721,-0.9861,1.6
357.17,0.8842,-0.9821,1.2
357.47,0.8822,-0.9813,1.6
357.67,0.8920,-0.9652,3.4
357.87,0.9061,-0.9615,1.8
358.17,0.9136,-0.9443,0.7
358.37,0.9144,-0.9408,1.1
358.57,0.9113,-0.9403,3.7
358.77,0.9182,-0.9232,1.3
359.07,0.9190,-0.9241,2.3
359.27,0.9134,-0.9270,1.9
359.47,0.9048,-0.9137,4.0
359.67,0.9135,-0.9194,3.3
359.87,0.9075,-0.9302,2.8
360.17,0.9003,-0.9181,0.4
360.37,0.9114,-0.9301,3.8
360.57,0.9012,-0.9346,2.5
360.77,0.8983,-0.9295,0.4
361.07,0.9105,-0.9378,1.0
361.37,0.9115,-0.9422,1.0
361.57,0.9295,-0.9434,5.0
361.77,0.9212,-0.9517,2.2
362.07,0.9103,-0.9526,2.4
362.37,0.9189,-0.9502,3.2
362.57,0.9160,-0.9467,1.8
362.77,0.9201,-0.9463,3.4
363.07,0.8994,-0.9630,1.5
363.37,0.8778,-0.9672,2.0
363.57,0.8717,-0.9788,2.7
363.77,0.8633,-0.9815,1.4
364.07,0.8599,-0.9865,1.4
364.27,0.8483,-1.0045,3.9
364.47,0.8364,-1.0069,1.7
364.67,0.8301,-1.0174,1.5
364.87,0.8164,-1.0327,1.5
365.07,0.8069,-1.0340,2.2
365.27,0.8053,-1.0418,0.9
365.47,0.8013,-1.0562,3.4
365.67,0.7885,-1.0563,2.3
365.87,0.7837,-1.0680,1.4
366.07,0.7715,-1.0899,3.6
366.27,0.7610,-1.0923,2.2
366.48,0.7635,-1.1036,2.1
366.78,0.7474,-1.1282,1.5
366.98,0.7501,-1.1353,3.8
367.28,0.7425,-1.1634,2.2
367.48,0.7341,-1.1673,2.0
367.68,0.7338,-1.1771,1.5
367.98,0.7297,-1.1998,1.5
368.18,0.7364,-1.2031,3.5
368.38,0.7340,-1.2232,0.4
368.58,0.7344,-1.2341,1.1
368.78,0.7338,-1.2376,2.7
368.98,0.7375,-1.2562,2.3
369.18,0.7359,-1.2654,1.5
369.38,0.7364,-1.2598,2.9
369.68,0.7522,-1.2737,3.9
369.88,0.7434,-1.2711,2.6
370.08,0.7430,-1.2620,2.0
370.28,0.7546,-1.2678,1.9
370.58,0.7459,-1.2659,2.1
370.78,0.7571,-1.2674,2.4
370.98,0.7626,-1.2703,1.0
371.18,0.7558,-1.2647,1.9
371.38,0.7599,-1.2603,1.6
371.68,0.7473,-1.2600,2.6
371.88,0.7347,-1.2549,2.8
372.08,0.7462,-1.2458,1.7
372.38,0.7431,-1.2527,2.1
372.58,0.7412,-1.2447,2.6
372.78,0.7435,-1.2421,1.2
372.98,0.7376,-1.2425,3.0
373.18,0.7430,-1.2304,1.2
373.48,0.7402,-1.2359,2.1
373.68,0.7340,-1.2417,3.3
373.88,0.7378,-1.2251,2.6
374.18,0.7408,-1.2096,2.6
374.38,0.7450,-1.1868,1.6
374.58,0.7491,-1.1753,1.4
374.88,0.7495,-1.1642,1.6
375.08,0.7471,-1.1441,1.9
375.28,0.7556,-1.1318,2.5
375.48,0.7562,-1.1170,1.0
375.69,0.7526,-1.1000,3.3
375.89,0.7603,-1.0896,2.1
376.19,0.7574,-1.0675,0.9
376.39,0.7588,-1.0524,1.0
376.59,0.7604,-1.0514,2.7
376.79,0.7570,-1.0310,2.5
376.99,0.7584,-1.0184,1.4
377.29,0.7530,-1.0068,2.2
377.59,0.7488,-0.9789,1.0
377.79,0.7507,-0.9789,2.0
377.99,0.7439,-0.9562,2.3
378.19,0.7448,-0.9408,1.6
378.49,0.7379,-0.9314,1.9
378.69,0.7320,-0.9148,1.0
378.89,0.7319,-0.8971,2.1
379.19,0.7221,-0.8765,2.9
379.39,0.7221,-0.8587,1.5
379.59,0.7231,-0.8493,2.5
379.79,0.7132,-0.8403,2.3
379.99,0.7119,-0.8267,1.1
380.29,0.7068,-0.8194,0.9
380.49,0.6971,-0.8163,3.1
380.69,0.7011,-0.8080,2.3
380.89,0.6942,-0.8085,1.0
381.19,0.6820,-0.7955,1.8
381.39,0.6809,-0.7975,2.8
381.59,0.6611,-0.7885,2.2
381.79,0.6536,-0.7821,1.4
381.99,0.6635,-0.7877,4.0
382.19,0.6496,-0.7886,1.8
382.39,0.6357,-0.7825,0.7
382.59,0.6327,-0.7768,3.7
382.79,0.6262,-0.7840,2.9
382.99,0.6230,-0.7806,1.8
383.29,0.6174,-0.7841,1.2
383.49,0.6073,-0.7948,5.1
383.69,0.6087,-0.7836,3.9
383.89,0.6204,-0.7773,1.2
384.09,0.6271,-0.7817,3.2
384.29,0.6266,-0.7709,1.9
384.49,0.6332,-0.7683,1.5
384.69,0.6331,-0.7840,3.0
384.99,0.6237,-0.7923,3.0
385.19,0.6155,-0.8133,1.3
385.40,0.6086,-0.8259,0.9
385.60,0.6049,-0.8291,1.9
385.80,0.6088,-0.8425,3.4
386.10,0.6041,-0.8520,2.6
386.30,0.6104,-0.8569,2.1
386.50,0.6184,-0.8734,3.4
386.80,0.6135,-0.8698,3.6
387.10,0.6234,-0.8956,1.2
387.30,0.6185,-0.9103,3.0
387.50,0.6247,-0.9223,1.4
387.80,0.6274,-0.9474,1.6
388.10,0.6321,-0.9656,0.9
388.30,0.6385,-0.9827,2.1
388.60,0.6340,-1.0038,2.9
388.80,0.6450,-1.0122,2.8
389.00,0.6446,-1.0246,1.8
389.30,0.6491,-1.0391,0.8
389.50,0.6550,-1.0540,0.8
389.80,0.6570,-1.0772,3.1
390.00,0.6663,-1.0836,1.8
390.20,0.6687,-1.0952,1.2
390.40,0.6717,-1.1063,2.0
390.70,0.6855,-1.1137,1.7
390.90,0.6891,-1.1280,2.2
391.10,0.6989,-1.1314,0.7
391.30,0.7073,-1.1301,3.2
391.60,0.7080,-1.1361,3.2
391.80,0.7235,-1.1399,2.0
392.00,0.7286,-1.1407,1.3
392.20,0.7210,-1.1381,2.4
392.40,0.7258,-1.1311,2.7
392.60,0.7274,-1.1303,1.3
392.80,0.7177,-1.1261,3.8
393.00,0.7275,-1.1206,0.8
393.20,0.7289,-1.1191,0.9
393.50,0.7162,-1.1229,1.5
393.70,0.7275,-1.1086,2.9
393.90,0.7356,-1.1120,2.6
394.20,0.7379,-1.0970,3.0
394.40,0.7454,-1.0928,1.6
394.70,0.7395,-1.0825,2.1
394.91,0.7416,-1.0701,1.0
395.21,0.7366,-1.0796,3.1
395.51,0.7376,-1.0557,0.9
395.71,0.7433,-1.0419,1.8
395.91,0.7445,-1.0265,1.0
396.21,0.7472,-1.0114,1.6
396.41,0.7411,-1.0076,3.7
396.71,0.7391,-0.9809,1.0
396.91,0.7440,-0.9623,2.6
397.11,0.7419,-0.9486,2.0
397.31,0.7433,-0.9410,2.5
397.51,0.7486,-0.9168,2.6
397.71,0.7465,-0.8979,1.8
398.01,0.7490,-0.8812,1.4
398.21,0.7532,-0.8630,2.8
398.41,0.7450,-0.8511,2.7
398.71,0.7476,-0.8344,2.0
398.91,0.7425,-0.8268,0.8
399.11,0.7314,-0.8180,3.6
399.41,0.7361,-0.8146,2.6
399.61,0.7268,-0.8048,1.3
399.81,0.7244,-0.8013,0.7
400.01,0.7357,-0.8088,2.6
400.21,0.7254,-0.8137,3.2
400.51,0.7217,-0.8052,2.6
400.71,0.7163,-0.8084,1.7
400.91,0.6975,-0.8106,4.3
401.11,0.6955,-0.8022,1.9
401.31,0.6894,-0.8069,1.4
401.51,0.6733,-0.8125,4.7
401.71,0.6795,-0.8029,4.0
401.91,0.6933,-0.8027,1.9
402.11,0.6965,-0.8155,5.3
402.31,0.6977,-0.8004,5.4
402.61,0.7167,-0.8022,4.7
402.81,0.7104,-0.7892,7.0
403.01,0.7098,-0.7863,8.4
403.31,0.7542,-0.8223,13.2
403.51,0.7549,-0.8001,22.9
403.71,0.7447,-0.7852,14.9
403.92,0.7392,-0.8067,11.0
404.22,0.7496,-0.8319,5.0
404.52,0.7377,-0.8331,4.8
404.72,0.7351,-0.8486,1.2
404.92,0.7317,-0.8576,1.5
405.12,0.7267,-0.8639,3.4
405.32,0.7211,-0.8834,1.7
405.52,0.7195,-0.8944,1.2
405.72,0.7180,-0.9047,1.6
406.02,0.7118,-0.9283,1.5
406.32,0.7138,-0.9609,3.9
406.52,0.7073,-0.9673,2.3
406.72,0.7134,-0.9716,1.9
406.92,0.7210,-0.9870,1.9
407.22,0.7192,-0.9928,3.1
407.42,0.7245,-1.0136,1.6
407.72,0.7226,-1.0362,2.7
408.02,0.7334,-1.0556,3.0
408.32,0.7316,-1.0750,1.9
408.52,0.7366,-1.0817,0.7
408.72,0.7464,-1.0915,3.1
408.92,0.7423,-1.0964,2.1
409.12,0.7492,-1.0957,1.7
409.32,0.7599,-1.1075,1.0
409.52,0.7641,-1.1254,2.7
409.72,0.7723,-1.1327,1.1
409.92,0.7748,-1.1371,1.8
410.22,0.7817,-1.1481,1.0
410.42,0.7909,-1.1500,2.3
410.62,0.7943,-1.1537,1.5
410.82,0.7952,-1.1527,2.3
411.02,0.8096,-1.1535,2.3
411.22,0.8130,-1.1555,1.8
411.52,0.8059,-1.1479,2.4
411.72,0.8213,-1.1410,3.1
411.92,0.8158,-1.1480,3.3
412.22,0.8126,-1.1346,0.8
412.52,0.8230,-1.1344,2.4
412.72,0.8277,-1.1294,1.0
412.93,0.8396,-1.1181,3.1
413.23,0.8381,-1.1253,2.6
413.43,0.8454,-1.1134,1.9
413.63,0.8520,-1.1091,1.7
413.83,0.8450,-1.1103,3.2
414.13,0.8598,-1.0840,3.1
414.33,0.8649,-1.0888,2.9
414.53,0.8598,-1.0871,2.0
414.73,0.8599,-1.0719,2.7
414.93,0.8668,-1.0728,2.3
415.13,0.8629,-1.0663,1.7
415.33,0.8600,-1.0488,4.2
415.53,0.8665,-1.0501,2.3
415.73,0.8587,-1.0504,2.1
416.03,0.8552,-1.0373,1.3
416.33,0.8551,-1.0543,2.6
416.53,0.8475,-1.0361,1.1
416.73,0.8516,-1.0157,3.4
417.03,0.8413,-0.9942,2.2
417.33,0.8445,-0.9685,2.9
417.53,0.8394,-0.9533,1.2
417.73,0.8375,-0.9452,1.9
417.93,0.8363,-0.9254,1.9
418.23,0.8313,-0.9213,2.9
418.43,0.8328,-0.9165,0.8
418.63,0.8377,-0.9173,2.7
418.83,0.8295,-0.9226,3.2
419.13,0.8389,-0.9202,4.3
419.33,0.8489,-0.9310,3.3
419.53,0.8412,-0.9381,2.0
419.73,0.8451,-0.9317,2.2
419.93,0.8496,-0.9378,1.4
420.23,0.8244,-0.9423,1.4
420.43,0.8269,-0.9479,3.1
420.63,0.8281,-0.9510,0.5
420.83,0.8356,-0.9507,1.2
421.13,0.8461,-0.9499,1.4
421.43,0.8309,-0.9674,1.1
421.63,0.8291,-0.9740,2.8
421.83,0.8166,-0.9977,2.1
422.03,0.8057,-1.0103,1.6
422.24,0.8088,-1.0171,3.6
422.54,0.7997,-1.0466,2.6
422.74,0.7920,-1.0516,2.3
422.94,0.7938,-1.0603,1.6
423.14,0.7934,-1.0806,2.6
423.44,0.7909,-1.0915,3.5
423.74,0.7907,-1.1223,3.0
423.94,0.7856,-1.1265,2.5
424.14,0.7904,-1.1306,1.8
424.44,0.7917,-1.1584,0.9
424.64,0.7860,-1.1718,2.8
424.84,0.7934,-1.1852,3.0
425.04,0.7901,-1.1941,1.6
425.34,0.7940,-1.1972,0.9
425.54,0.8058,-1.2037,4.3
425.74,0.8010,-1.2062,2.2
426.04,0.8122,-1.2102,1.2
426.34,0.8178,-1.2152,1.4
426.54,0.8263,-1.2165,1.8
426.74,0.8353,-1.2236,1.3
427.04,0.8475,-1.2364,0.9
427.24,0.8571,-1.2373,2.2
427.44,0.8591,-1.2399,1.5
427.64,0.8560,-1.2376,2.8
427.84,0.8710,-1.2367,2.3
428.04,0.8752,-1.2377,1.2
428.34,0.8602,-1.2337,1.7
428.54,0.8630,-1.2221,3.8
428.84,0.8568,-1.2261,2.6
429.14,0.8616,-1.2131,3.2
429.34,0.8598,-1.2220,2.1
429.54,0.8524,-1.2222,1.7
429.74,0.8546,-1.2064,3.9
429.94,0.8568,-1.2185,4.0
430.14,0.8463,-1.2269,4.4
430.34,0.8455,-1.2162,2.6
430.54,0.8468,-1.2131,1.5
430.84,0.8443,-1.1982,2.4
431.14,0.8479,-1.1802,2.0
431.34,0.8443,-1.1716,2.1
431.55,0.8398,-1.1498,1.2
431.85,0.8434,-1.1420,3.2
432.05,0.8378,-1.1262,2.2
432.25,0.8402,-1.1111,1.5
432.45,0.8388,-1.1025,3.6
432.75,0.8311,-1.0713,3.1
432.95,0.8369,-1.0573,1.9
433.15,0.8323,-1.0475,2.0
433.35,0.8252,-1.0257,2.3
433.65,0.8303,-1.0113,1.6
433.85,0.8210,-0.9902,3.7
434.05,0.8240,-0.9774,2.8
434.25,0.8158,-0.9783,4.3
434.55,0.8088,-0.9640,1.1
434.75,0.8079,-0.9641,1.2
434.95,0.8033,-0.9639,1.8
435.15,0.7979,-0.9499,2.9
435.45,0.7907,-0.9346,1.9
435.65,0.7808,-0.9324,2.6
435.95,0.7755,-0.9182,2.4
436.15,0.7660,-0.9168,1.0
436.35,0.7523,-0.9160,3.5
436.65,0.7569,-0.9084,3.5
436.95,0.7291,-0.9087,3.3
437.15,0.7277,-0.8997,2.5
437.35,0.7246,-0.9036,2.2
437.55,0.7032,-0.9046,2.2
437.75,0.6948,-0.8963,2.1
437.95,0.6858,-0.8990,1.0
438.15,0.6727,-0.9070,4.6
438.35,0.6706,-0.8981,2.1
438.65,0.6771,-0.9068,1.0
438.85,0.6787,-0.9077,0.7
439.05,0.6898,-0.8973,2.6
439.25,0.6901,-0.9084,2.9
439.45,0.6783,-0.9149,1.7
439.75,0.6673,-0.9325,1.7
439.96,0.6551,-0.9513,2.8
440.26,0.6446,-0.9522,2.6
440.46,0.6404,-0.9701,2.7
440.66,0.6273,-0.9802,1.6
440.86,0.6236,-0.9873,3.2
441.06,0.6106,-1.0109,2.4
441.36,0.6004,-1.0252,2.0
441.56,0.6050,-1.0356,1.9
441.76,0.6053,-1.0534,3.1
441.96,0.6026,-1.0465,2.8
442.16,0.6100,-1.0409,3.6
442.36,0.6124,-1.0557,1.8
442.56,0.6109,-1.0688,1.3
442.76,0.6142,-1.0807,1.5
442.96,0.6197,-1.0987,3.0
443.26,0.6127,-1.0946,3.1
443.56,0.6285,-1.1071,3.4
443.76,0.6212,-1.1079,2.5
443.96,0.6244,-1.1037,1.6
444.26,0.6355,-1.1175,1.5
444.46,0.6289,-1.1111,3.0
444.66,0.6405,-1.1155,1.4
444.96,0.6440,-1.1237,2.0
445.16,0.6501,-1.1227,0.7
445.36,0.6620,-1.1211,4.0
445.56,0.6592,-1.1273,2.1
445.76,0.6649,-1.1226,1.4
446.06,0.6771,-1.1238,1.1
446.26,0.6646,-1.1243,3.8
446.56,0.6721,-1.1102,2.8
446.76,0.6678,-1.1176,2.2
447.06,0.6663,-1.1091,1.6
447.26,0.6719,-1.1068,1.4
447.46,0.6629,-1.1126,2.8
447.66,0.6705,-1.0999,2.0
447.96,0.6771,-1.0959,2.3
448.16,0.6752,-1.0888,1.5
448.46,0.6870,-1.0737,1.7
448.66,0.6767,-1.0790,3.9
448.86,0.6826,-1.0603,1.0
449.06,0.6841,-1.0535,1.0
449.26,0.6798,-1.0691,4.8
449.47,0.6750,-1.0571,3.3
449.77,0.6827,-1.0303,1.3
449.97,0.6863,-1.0191,0.6
450.17,0.6846,-1.0105,2.8
450.37,0.6930,-1.0075,2.1
450.57,0.6934,-0.9941,1.3
450.77,0.6932,-0.9765,3.7
450.97,0.7000,-0.9816,2.9
451.17,0.6922,-0.9870,4.0
451.37,0.6903,-0.9701,2.0
451.57,0.6909,-0.9579,1.2
451.77,0.6899,-0.9492,1.4
451.97,0.6898,-0.9397,1.3
452.17,0.6945,-0.9183,1.4
452.37,0.6957,-0.8994,0.7
452.67,0.6998,-0.8753,2.4
452.87,0.6925,-0.8736,3.8
453.07,0.6908,-0.8541,0.6
453.37,0.6889,-0.8503,1.3
453.57,0.6854,-0.8483,2.0
453.77,0.6845,-0.8332,3.5
453.97,0.6811,-0.8114,1.0
454.27,0.6734,-0.8022,2.8
454.47,0.6733,-0.7951,1.5
454.67,0.6755,-0.7974,1.8
454.97,0.6588,-0.7911,3.7
455.17,0.6604,-0.7861,1.7
455.37,0.6574,-0.7894,0.6
455.57,0.6462,-0.7915,3.7
455.77,0.6465,-0.7820,2.3
456.07,0.6294,-0.7833,2.5
456.27,0.6236,-0.7794,1.1
456.57,0.6422,-0.7871,3.9
456.77,0.6297,-0.7933,0.6
456.97,0.6288,-0.7898,2.0
457.17,0.6335,-0.7930,0.9
457.37,0.6322,-0.8033,4.5
457.67,0.6390,-0.7890,3.5
457.87,0.6403,-0.7999,1.9
458.07,0.6347,-0.8050,1.3
458.37,0.6433,-0.7973,3.1
458.58,0.6366,-0.8165,2.0
458.78,0.6222,-0.8243,2.2
458.98,0.6160,-0.8388,0.9
459.28,0.6055,-0.8519,1.4
459.48,0.6121,-0.8393,4.2
459.68,0.6166,-0.8504,1.1
459.88,0.6159,-0.8567,1.0
460.18,0.6181,-0.8495,2.2
460.38,0.6230,-0.8708,2.4
460.58,0.6173,-0.8835,2.0
460.88,0.6242,-0.9072,1.6
461.08,0.6236,-0.9205,1.6
461.28,0.6265,-0.9175,3.2
461.48,0.6309,-0.9357,0.9
461.68,0.6331,-0.9532,1.1
461.88,0.6341,-0.9619,0.9
462.08,0.6409,-0.9810,2.5
462.38,0.6417,-0.9993,1.6
462.58,0.6481,-1.0085,1.2
462.78,0.6546,-1.0233,1.1
462.98,0.6537,-1.0407,2.9
463.28,0.6636,-1.0521,2.3
463.48,0.6642,-1.0626,1.4
463.68,0.6653,-1.0776,2.2
463.88,0.6744,-1.0855,1.7
464.18,0.6800,-1.1033,1.5
464.38,0.6858,-1.1059,0.6
464.58,0.6925,-1.1039,2.9
464.78,0.6915,-1.1159,2.0
465.08,0.7046,-1.1170,2.4
465.38,0.7076,-1.1181,1.8
465.58,0.7130,-1.1134,1.6
465.88,0.7246,-1.1134,1.4
466.08,0.7131,-1.1105,3.6
466.28,0.7241,-1.1037,1.5
466.48,0.7312,-1.1025,1.5
466.78,0.7261,-1.1008,1.4
466.98,0.7339,-1.0886,3.5
467.18,0.7322,-1.0969,2.5
467.38,0.7253,-1.0949,1.9
467.58,0.7333,-1.0821,1.9
467.78,0.7358,-1.0870,2.2
467.98,0.7355,-1.0817,1.6
468.19,0.7443,-1.0642,3.0
468.39,0.7550,-1.0641,2.7
468.69,0.7511,-1.0533,2.7
468.99,0.7565,-1.0506,2.6
469.19,0.7504,-1.0468,2.2
469.49,0.7506,-1.0321,1.2
469.69,0.7466,-1.0523,5.2
469.89,0.7400,-1.0430,5.4
470.09,0.7381,-1.0279,1.2
470.29,0.7322,-1.0257,5.0
470.49,0.7440,-1.0147,3.0
470.79,0.7432,-1.0164,3.2
470.99,0.7395,-1.0203,2.1
471.19,0.7428,-1.0044,3.9
471.39,0.7442,-0.9864,0.8
471.59,0.7445,-0.9817,0.5
471.79,0.7391,-0.9723,2.7
472.09,0.7472,-0.9565,2.5
472.29,0.7415,-0.9329,3.6
472.49,0.7467,-0.9155,1.6
472.69,0.7387,-0.9197,4.6
472.89,0.7342,-0.9052,0.5
473.09,0.7312,-0.9007,1.0
473.29,0.7334,-0.9067,2.5
473.49,0.7243,-0.8943,2.2
473.69,0.7195,-0.8770,1.0
473.89,0.7201,-0.8684,3.9
474.19,0.7058,-0.8636,2.0
474.39,0.7097,-0.8583,1.9
474.59,0.7033,-0.8565,0.9
474.79,0.6869,-0.8519,3.2
475.09,0.6854,-0.8423,2.7
475.29,0.6647,-0.8371,2.9
475.49,0.6512,-0.8252,1.8
475.69,0.6432,-0.8265,3.8
475.99,0.6113,-0.8171,2.0
476.29,0.6071,-0.8104,3.3
476.49,0.5882,-0.8073,2.1
476.69,0.5748,-0.7992,1.5
476.99,0.5563,-0.7973,1.5
477.19,0.5364,-0.7951,1.8
477.49,0.5148,-0.7802,2.2
477.70,0.4931,-0.7827,4.0
477.90,0.4858,-0.7745,2.8
478.10,0.4859,-0.7804,4.1
478.30,0.4685,-0.7796,0.7
478.60,0.4668,-0.7787,1.7
478.80,0.4734,-0.7822,1.1
479.10,0.4735,-0.7869,0.7
479.30,0.4894,-0.7785,5.2
479.50,0.5026,-0.7871,2.1
479.70,0.5085,-0.7844,0.6
479.90,0.5176,-0.7717,6.1
480.10,0.5283,-0.7799,3.2
480.30,0.5417,-0.7778,0.4
480.50,0.5532,-0.7713,3.9
480.80,0.5700,-0.7855,4.8
481.00,0.5798,-0.7742,3.4
481.20,0.5932,-0.7725,0.5
481.50,0.6070,-0.7716,0.4
481.80,0.6233,-0.7604,0.4
482.00,0.6353,-0.7644,6.3
482.20,0.6427,-0.7534,3.4
482.40,0.6525,-0.7542,0.8
482.60,0.6689,-0.7588,4.6
482.90,0.6783,-0.7456,3.4
483.10,0.6891,-0.7529,2.9
483.30,0.6911,-0.7499,0.4
483.60,0.7047,-0.7356,0.2
483.80,0.7155,-0.7399,6.1
484.00,0.7211,-0.7250,3.4
484.20,0.7307,-0.7250,1.8
484.50,0.7257,-0.7254,1.5
484.70,0.7221,-0.7336,4.6
485.00,0.7122,-0.7382,1.8
485.20,0.7145,-0.7381,1.1
485.50,0.7164,-0.7447,2.3
485.70,0.7082,-0.7516,1.9
485.90,0.7074,-0.7587,3.4
486.10,0.6975,-0.7810,1.6
486.30,0.6916,-0.7920,1.4
486.50,0.6969,-0.7973,3.7
486.81,0.6921,-0.8256,2.3
487.01,0.6849,-0.8329,2.0
487.31,0.6845,-0.8570,0.9
487.51,0.6817,-0.8694,1.3
487.81,0.6804,-0.8858,1.4
488.01,0.6846,-0.9061,3.5
488.21,0.6785,-0.9097,2.7
488.51,0.6870,-0.9202,0.6
488.71,0.6880,-0.9379,0.9
488.91,0.6839,-0.9514,2.2
489.11,0.6923,-0.9726,3.3
489.31,0.6880,-0.9883,1.4
489.51,0.6867,-0.9903,2.0
489.71,0.6975,-1.0052,3.7
489.91,0.6964,-1.0170,2.3
490.11,0.7015,-1.0104,2.8
490.31,0.7100,-1.0255,1.0
490.61,0.7149,-1.0552,2.9
490.81,0.7212,-1.0632,2.6
491.01,0.7214,-1.0689,3.4
491.21,0.7227,-1.0885,1.3
491.41,0.7273,-1.1050,0.8
491.61,0.7328,-1.1184,1.2
491.81,0.7358,-1.1392,2.3
492.11,0.7417,-1.1455,2.3
492.31,0.7428,-1.1549,1.3
492.51,0.7457,-1.1655,2.5
492.71,0.7564,-1.1684,2.5
492.91,0.7595,-1.1769,1.4
493.21,0.7671,-1.1796,0.6
493.41,0.7767,-1.1766,3.8
493.71,0.7773,-1.1808,2.5
493.91,0.7923,-1.1822,2.2
494.11,0.7962,-1.1832,1.1
494.31,0.7860,-1.1842,3.5
494.61,0.7920,-1.1673,4.3
494.81,0.7871,-1.1769,2.8
495.01,0.7772,-1.1739,2.1
495.31,0.7828,-1.1657,1.0
495.61,0.7690,-1.1718,1.9
495.82,0.7766,-1.1578,2.0
496.02,0.7803,-1.1629,2.4
496.32,0.7713,-1.1640,1.3
496.52,0.7651,-1.1702,0.6
496.72,0.7646,-1.1850,5.7
496.92,0.7531,-1.1851,2.5
497.12,0.7484,-1.1926,0.6
497.32,0.7486,-1.2064,4.7
497.52,0.7399,-1.2010,2.0
497.72,0.7416,-1.2014,1.3
497.92,0.7377,-1.2089,3.2
498.12,0.7364,-1.1912,2.0
498.32,0.7401,-1.1761,1.4
498.52,0.7448,-1.1671,2.5
498.72,0.7404,-1.1494,2.8
498.92,0.7468,-1.1369,2.2
499.12,0.7465,-1.1291,4.0
499.42,0.7420,-1.0962,3.4
499.62,0.7478,-1.1026,3.4
499.82,0.7421,-1.1190,5.7
500.02,0.7357,-1.1010,3.0
500.22,0.7345,-1.0783,0.6
500.42,0.7369,-1.0744,0.8
500.62,0.7354,-1.0746,1.2
500.82,0.7418,-1.0667,2.1
501.02,0.7431,-1.0513,1.2
501.32,0.7499,-1.0332,1.7
501.52,0.7450,-1.0376,3.6
501.72,0.7422,-1.0206,1.0
502.02,0.7454,-1.0004,2.5
502.22,0.7439,-0.9892,1.2
502.42,0.7396,-0.9778,2.6
502.62,0.7483,-0.9652,2.2
502.82,0.7475,-0.9499,1.2
503.12,0.7478,-0.9194,2.3
503.32,0.7395,-0.9189,3.9
503.52,0.7373,-0.9003,0.9
503.72,0.7329,-0.8936,0.7
503.92,0.7345,-0.8928,1.2
504.12,0.7257,-0.8814,3.1
504.42,0.7221,-0.8639,1.4
504.62,0.7168,-0.8602,0.9
504.92,0.7102,-0.8483,0.9
505.13,0.7112,-0.8474,1.3
505.33,0.7001,-0.8440,2.5
505.63,0.6989,-0.8376,2.3
505.83,0.6951,-0.8390,1.1
506.13,0.6722,-0.8243,1.6
506.33,0.6676,-0.8229,3.1
506.53,0.6443,-0.8138,2.4
506.73,0.6308,-0.8029,1.8
506.93,0.6229,-0.8035,3.8
507.23,0.5914,-0.7942,2.0
507.53,0.5835,-0.7835,3.2
507.73,0.5632,-0.7792,2.2
507.93,0.5507,-0.7710,1.0
508.13,0.5453,-0.7688,2.0
508.33,0.5238,-0.7627,3.1
508.53,0.5144,-0.7539,1.5
508.73,0.5179,-0.7621,3.7
508.93,0.4963,-0.7592,1.1
509.13,0.4845,-0.7568,1.0
509.43,0.4799,-0.7587,0.8
509.63,0.4701,-0.7675,5.1
509.83,0.4713,-0.7572,2.5
510.03,0.4833,-0.7570,1.2
510.33,0.4906,-0.7599,0.6
510.53,0.4948,-0.7418,7.3
510.73,0.5089,-0.7473,5.2
511.03,0.5192,-0.7317,3.5
511.23,0.5330,-0.7288,3.0
511.43,0.5286,-0.7373,2.0
511.63,0.5136,-0.7470,1.3
511.93,0.5167,-0.7486,2.9
512.13,0.5143,-0.7477,1.7
512.33,0.5156,-0.7440,2.9
512.53,0.5157,-0.7610,2.4
512.73,0.5104,-0.7666,1.8
513.03,0.5211,-0.7551,3.4
513.23,0.5244,-0.7703,0.6
513.43,0.5234,-0.7701,1.6
513.63,0.5261,-0.7707,1.4
513.83,0.5337,-0.7894,2.2
514.03,0.5286,-0.8018,2.8
514.24,0.5340,-0.8078,1.3
514.44,0.5411,-0.8178,2.3
514.64,0.5371,-0.8357,2.6
514.84,0.5421,-0.8455,1.3
515.04,0.5500,-0.8561,2.3
515.24,0.5470,-0.8723,2.4
515.54,0.5586,-0.8851,2.6
515.74,0.5603,-0.9005,1.6
515.94,0.5625,-0.9087,1.4
516.14,0.5736,-0.9227,2.4
516.34,0.5768,-0.9368,1.7
516.54,0.5807,-0.9382,3.1
516.74,0.5907,-0.9510,1.2
516.94,0.5987,-0.9679,1.0
517.14,0.6014,-0.9830,3.6
517.34,0.6126,-0.9869,2.0
517.64,0.6208,-1.0040,1.5
517.84,0.6325,-1.0135,0.5
518.04,0.6408,-1.0180,1.5
518.34,0.6460,-1.0288,1.4
518.54,0.6586,-1.0290,3.1
518.74,0.6607,-1.0349,2.0
518.94,0.6586,-1.0266,4.4
519.24,0.6826,-1.0242,3.3
519.44,0.6791,-1.0290,2.8
519.64,0.6760,-1.0212,2.5
519.84,0.6914,-1.0151,2.2
520.04,0.6986,-1.0225,2.7
520.24,0.7065,-1.0193,1.0
520.54,0.7288,-1.0178,1.7
520.74,0.7254,-1.0139,3.8
520.94,0.7405,-1.0096,0.8
521.14,0.7552,-1.0078,1.1
521.44,0.7789,-1.0042,0.7
521.64,0.7962,-0.9985,1.7
521.84,0.8142,-1.0025,3.0
522.04,0.8244,-0.9967,1.5
522.34,0.8481,-0.9938,1.3
522.54,0.8675,-0.9960,3.2
522.74,0.8797,-0.9844,2.1
522.94,0.8947,-0.9867,1.4
523.14,0.9104,-0.9896,3.0
523.44,0.9203,-0.9853,2.8
523.74,0.9504,-0.9893,3.0
523.94,0.9594,-0.9817,1.8
524.15,0.9668,-0.9861,1.3
524.35,0.9770,-0.9921,3.2
524.55,0.9773,-0.9851,2.4
524.75,0.9782,-0.9893,1.4
524.95,0.9884,-0.9975,4.2
525.15,0.9939,-0.9907,1.8
525.35,0.9967,-0.9933,0.9
525.55,1.0011,-1.0011,4.2
525.75,1.0018,-0.9942,1.6
525.95,1.0025,-0.9966,0.9
526.25,1.0070,-0.9978,0.6
526.45,1.0014,-0.9880,5.0
526.65,0.9973,-0.9953,1.9
526.85,0.9943,-0.9933,1.3
527.05,0.9916,-0.9911,1.5
527.25,0.9981,-0.9945,1.3
527.45,0.9987,-0.9948,0.9
527.65,0.9966,-0.9908,1.5
527.95,0.9943,-0.9978,2.1
528.15,1.0004,-0.9929,2.0
528.35,1.0003,-0.9975,0.7
528.55,0.9960,-1.0038,4.9
528.85,0.9946,-0.9944,1.9
529.05,0.9900,-1.0002,2.5
529.35,0.9906,-0.9935,2.1
529.55,0.9863,-0.9930,1.4
529.75,0.9844,-1.0025,3.3
529.95,0.9924,-0.9998,2.1
530.15,0.9909,-1.0076,0.7
530.35,0.9865,-1.0136,4.2
530.55,0.9912,-1.0039,2.4
530.85,0.9841,-1.0055,1.1
531.05,0.9839,-1.0083,1.0
531.25,0.9810,-1.0017,3.1
531.45,0.9798,-1.0201,1.1
531.65,0.9781,-1.0270,1.2
531.85,0.9773,-1.0205,3.3
532.05,0.9737,-1.0384,1.2
532.25,0.9708,-1.0549,0.9
532.45,0.9697,-1.0666,0.9
532.65,0.9644,-1.0838,1.7
532.95,0.9637,-1.1151,2.9
533.15,0.9599,-1.1287,2.0
533.35,0.9674,-1.1294,3.5
533.56,0.9683,-1.1486,0.8
533.76,0.9710,-1.1580,1.0
533.96,0.9725,-1.1622,3.7
534.16,0.9761,-1.1846,0.9
534.36,0.9784,-1.1991,0.9
534.56,0.9777,-1.2087,1.6
534.86,0.9908,-1.2275,2.8
535.16,0.9874,-1.2357,1.8
535.36,0.9974,-1.2460,2.2
535.56,1.0005,-1.2576,1.4
535.86,1.0058,-1.2627,0.8
536.06,1.0177,-1.2717,2.1
536.26,1.0179,-1.2822,2.1
536.46,1.0254,-1.2827,0.5
536.76,1.0300,-1.2866,1.7
536.96,1.0283,-1.2860,2.6
537.16,1.0406,-1.2836,2.8
537.36,1.0450,-1.2867,1.3
537.66,1.0412,-1.2813,1.1
537.86,1.0477,-1.2741,4.0
538.06,1.0400,-1.2833,4.2
538.26,1.0262,-1.2814,1.3
538.46,1.0201,-1.2717,4.2
538.66,1.0180,-1.2813,1.7
538.86,1.0092,-1.2796,1.4
539.06,1.0097,-1.2694,3.7
539.36,1.0027,-1.2875,3.9
539.66,0.9975,-1.2742,1.7
539.86,0.9990,-1.2813,1.8
540.06,0.9935,-1.2871,2.4
540.36,0.9932,-1.2629,0.9
540.56,0.9969,-1.2569,2.3
540.76,0.9892,-1.2346,3.9
540.96,0.9939,-1.2185,2.0
541.26,0.9851,-1.2140,2.2
541.46,0.9796,-1.1995,0.5
541.66,0.9799,-1.1997,1.4
541.86,0.9764,-1.2018,1.9
542.06,0.9749,-1.1870,3.6
542.36,0.9704,-1.1788,3.5
542.56,0.9643,-1.1604,1.3
542.76,0.9627,-1.1463,1.5
542.97,0.9597,-1.1299,1.0
543.27,0.9528,-1.1032,0.6
543.47,0.9520,-1.0810,2.6
543.67,0.9460,-1.0678,1.4
543.87,0.9459,-1.0574,3.3
544.07,0.9446,-1.0346,1.6
544.37,0.9391,-1.0202,1.7
544.57,0.9391,-1.0093,1.0
544.77,0.9381,-0.9984,1.8
544.97,0.9292,-0.9913,2.1
545.17,0.9265,-0.9812,1.1
545.37,0.9275,-0.9776,2.7
545.67,0.9117,-0.9782,3.8
545.87,0.9134,-0.9718,1.8
546.07,0.9091,-0.9724,0.9
546.27,0.8909,-0.9704,4.9
546.57,0.9084,-0.9649,5.3
546.77,0.9032,-0.9755,2.2
546.97,0.8993,-0.9756,1.2
547.17,0.9047,-0.9744,2.4
547.37,0.8895,-0.9812,2.0
547.67,0.8826,-0.9788,3.0
547.87,0.8927,-0.9750,0.7
548.17,0.8928,-0.9717,2.6
548.37,0.9010,-0.9683,3.6
548.57,0.8983,-0.9775,1.6
548.77,0.8868,-0.9812,0.6
548.97,0.8855,-0.9776,2.2
549.17,0.8768,-0.9920,2.4
549.37,0.8677,-0.9952,0.9
549.57,0.8579,-0.9942,3.7
549.87,0.8582,-1.0082,3.1
550.07,0.8418,-1.0107,2.4
550.27,0.8355,-1.0186,1.0
550.47,0.8316,-1.0241,1.8
550.77,0.8014,-1.0347,4.0
550.97,0.7943,-1.0487,2.0
551.27,0.7719,-1.0620,3.0
551.47,0.7609,-1.0766,1.4
551.77,0.7411,-1.0890,1.4
551.97,0.7259,-1.0985,2.5
552.17,0.7169,-1.1173,3.1
552.37,0.7028,-1.1250,1.8
552.67,0.6892,-1.1424,1.0
552.87,0.6782,-1.1621,3.9
553.17,0.6723,-1.1697,4.4
553.38,0.6608,-1.1917,1.9
553.58,0.6506,-1.2044,1.2
553.78,0.6511,-1.2083,3.3
553.98,0.6439,-1.2297,2.2
554.18,0.6363,-1.2421,1.5
554.38,0.6392,-1.2507,4.4
554.68,0.6368,-1.2767,2.0
554.88,0.6287,-1.2836,2.1
555.08,0.6298,-1.2926,1.0
555.28,0.6352,-1.3106,4.6
555.48,0.6288,-1.3155,2.2
555.78,0.6404,-1.3219,0.5
556.08,0.6407,-1.3169,1.4
556.28,0.6442,-1.3113,1.9
556.48,0.6510,-1.3230,0.8
556.78,0.6535,-1.3247,1.5
556.98,0.6544,-1.3209,1.2
557.18,0.6520,-1.3172,1.3
557.38,0.6507,-1.3111,4.6
557.68,0.6513,-1.3042,0.8
557.88,0.6495,-1.3034,2.0
558.08,0.6454,-1.2987,1.5
558.28,0.6427,-1.2956,0.9
558.58,0.6442,-1.2956,0.9
558.78,0.6429,-1.2894,2.6
558.98,0.6456,-1.2893,1.7
559.28,0.6448,-1.2850,1.7
559.48,0.6473,-1.2654,4.5
559.68,0.6540,-1.2633,1.5
559.98,0.6512,-1.2466,0.7
560.18,0.6480,-1.2442,1.3
560.38,0.6439,-1.2597,3.4
560.58,0.6413,-1.2478,1.8
560.78,0.6431,-1.2311,0.7
560.98,0.6399,-1.2249,3.8
561.18,0.6453,-1.2183,2.3
561.48,0.6465,-1.2079,2.5
561.78,0.6529,-1.1989,2.4
561.98,0.6556,-1.1977,2.6
562.18,0.6458,-1.1847,6.2
562.48,0.6524,-1.1711,4.3
562.68,0.6538,-1.1534,2.1
562.89,0.6529,-1.1436,2.5
563.09,0.6612,-1.1285,4.1
563.29,0.6597,-1.1126,2.8
563.59,0.6676,-1.1088,3.9
563.79,0.6653,-1.1125,2.0
563.99,0.6604,-1.1025,5.8
564.29,0.6664,-1.0850,3.4
564.59,0.6650,-1.0702,4.4
564.79,0.6664,-1.0516,0.8
564.99,0.6661,-1.0397,0.9
565.29,0.6696,-1.0180,0.7
565.49,0.6682,-1.0118,1.6
565.69,0.6757,-0.9976,1.7
565.89,0.6780,-0.9788,0.9
566.09,0.6768,-0.9610,3.5
566.39,0.6781,-0.9522,4.0
566.59,0.6802,-0.9295,0.9
566.79,0.6811,-0.9106,0.6
566.99,0.6874,-0.8969,2.1
567.19,0.6822,-0.8729,4.1
567.39,0.6873,-0.8645,3.0
567.69,0.6790,-0.8674,3.0
567.89,0.6745,-0.8560,1.6
568.09,0.6719,-0.8549,1.4
568.29,0.6678,-0.8562,2.9
568.59,0.6703,-0.8342,2.4
568.79,0.6611,-0.8187,4.5
569.09,0.6638,-0.8112,4.5
569.29,0.6571,-0.7940,1.5
569.59,0.6500,-0.7771,0.8
569.79,0.6491,-0.7719,1.5
569.99,0.6440,-0.7646,1.8
570.29,0.6359,-0.7534,0.9
570.49,0.6314,-0.7473,1.2
570.69,0.6273,-0.7462,0.5
570.89,0.6167,-0.7452,2.9
571.19,0.6158,-0.7363,2.3
571.39,0.5959,-0.7320,2.4
571.59,0.5843,-0.7223,1.4
571.79,0.5821,-0.7226,2.2
571.99,0.5631,-0.7231,3.4
572.19,0.5545,-0.7182,1.6
572.49,0.5563,-0.7323,2.8
572.70,0.5499,-0.7350,0.5
573.00,0.5578,-0.7302,2.3
573.20,0.5698,-0.7343,2.8
573.40,0.5724,-0.7333,0.6
573.60,0.5745,-0.7228,5.9
573.80,0.5852,-0.7258,2.9
574.10,0.5917,-0.7130,3.6
574.30,0.5992,-0.7152,1.2
574.50,0.6059,-0.7185,3.5
574.80,0.6009,-0.7047,4.7
575.00,0.6092,-0.7061,3.0
575.20,0.6075,-0.7058,1.5
575.40,0.6116,-0.7055,3.9
575.60,0.6043,-0.7244,1.5
575.90,0.5929,-0.7404,2.3
576.10,0.5948,-0.7476,0.8
576.30,0.6013,-0.7555,3.7
576.60,0.5979,-0.7561,3.5
576.80,0.5975,-0.7729,0.7
577.00,0.5959,-0.7888,0.8
577.30,0.5914,-0.8171,1.2
577.50,0.5936,-0.8331,3.3
577.70,0.5847,-0.8393,2.4
578.00,0.5915,-0.8561,1.3
578.30,0.5886,-0.8813,2.6
578.50,0.5929,-0.8930,0.9
578.80,0.5947,-0.9157,1.6
579.10,0.6007,-0.9147,1.8
579.30,0.6081,-0.9294,1.2
579.50,0.6073,-0.9388,1.7
579.80,0.6176,-0.9556,1.0
580.00,0.6222,-0.9701,1.0
580.20,0.6245,-0.9780,1.5
580.40,0.6359,-0.9919,2.4
580.60,0.6392,-1.0054,1.5
580.80,0.6428,-1.0062,2.4
581.10,0.6588,-1.0184,2.0
581.30,0.6627,-1.0344,1.9
581.60,0.6808,-1.0469,3.1
581.80,0.6862,-1.0571,1.6
582.10,0.6984,-1.0555,1.7
582.31,0.7098,-1.0602,1.2
582.51,0.7240,-1.0758,2.4
582.71,0.7387,-1.0833,1.0
583.01,0.7506,-1.0914,1.2
583.21,0.7538,-1.0960,2.4
583.41,0.7739,-1.0970,3.0
583.61,0.7846,-1.1030,1.8
583.81,0.7850,-1.0948,4.4
584.11,0.8089,-1.0895,2.9
584.31,0.8065,-1.0956,2.4
584.51,0.7991,-1.0913,1.6
584.71,0.8071,-1.0793,4.3
584.91,0.8131,-1.0817,1.5
585.11,0.8129,-1.0722,2.5
585.31,0.8227,-1.0679,1.3
585.51,0.8236,-1.0655,1.1
585.81,0.8180,-1.0629,2.6
586.11,0.8246,-1.0594,2.1
586.31,0.8245,-1.0539,1.9
586.51,0.8305,-1.0336,1.5
586.81,0.8454,-1.0240,3.8
587.01,0.8368,-1.0219,3.7
587.21,0.8413,-1.0252,3.2
587.41,0.8402,-1.0288,4.4
587.61,0.8372,-1.0143,1.1
587.91,0.8372,-1.0088,1.6
588.11,0.8351,-1.0103,1.3
588.31,0.8290,-0.9904,2.2
588.61,0.8239,-0.9889,4.4
588.81,0.8186,-0.9747,0.9
589.01,0.8147,-0.9700,1.1
589.21,0.8131,-0.9665,1.7
589.41,0.8054,-0.9550,1.1
589.61,0.8022,-0.9494,0.7
589.81,0.8036,-0.9479,1.7
590.01,0.7945,-0.9497,3.0
590.31,0.7898,-0.9440,1.8
590.51,0.7829,-0.9435,1.4
590.71,0.7601,-0.9398,4.1
590.91,0.7541,-0.9311,2.3
591.11,0.7500,-0.9353,2.0
591.41,0.7230,-0.9272,0.7
591.61,0.7196,-0.9248,1.8
591.82,0.6948,-0.9225,2.7
592.02,0.6822,-0.9187,2.1
592.22,0.6801,-0.9284,4.6
592.52,0.6596,-0.9359,2.7
592.72,0.6607,-0.9301,2.0
592.92,0.6681,-0.9324,1.3
593.22,0.6641,-0.9394,0.6
593.42,0.6685,-0.9301,5.5
593.62,0.6789,-0.9363,3.2
593.82,0.6869,-0.9341,0.6
594.12,0.7023,-0.9291,0.7
594.32,0.7159,-0.9357,5.2
594.52,0.7269,-0.9283,2.3
594.72,0.7396,-0.9280,1.0
594.92,0.7508,-0.9346,4.1
595.22,0.7613,-0.9137,6.7
595.42,0.7741,-0.9191,3.7
595.72,0.7855,-0.9139,2.1
595.92,0.7945,-0.9129,0.9
596.12,0.8078,-0.9170,3.6
596.42,0.8141,-0.9065,2.5
596.62,0.8136,-0.9144,2.3
596.82,0.8123,-0.9136,0.3
597.02,0.8211,-0.8995,6.4
597.32,0.8376,-0.9101,6.0
597.52,0.8410,-0.8991,2.3
597.72,0.8486,-0.9001,1.1
597.92,0.8540,-0.8998,1.3
598.12,0.8416,-0.9009,1.1
598.42,0.8374,-0.9068,2.2
598.62,0.8335,-0.9061,0.5
598.82,0.8423,-0.8940,3.8
599.12,0.8497,-0.9098,3.4
599.32,0.8351,-0.9078,4.2
599.62,0.8394,-0.9171,2.4
599.82,0.8262,-0.9278,0.9
600.12,0.8079,-0.9439,1.3
600.32,0.8015,-0.9509,1.7
600.52,0.7827,-0.9590,3.2
600.72,0.7743,-0.9716,1.8
600.92,0.7676,-0.9784,1.7
601.22,0.7446,-0.9951,1.4
601.42,0.7371,-1.0097,2.3
601.63,0.7252,-1.0177,0.9
601.83,0.7153,-1.0231,2.9
602.03,0.7146,-1.0391,2.6
602.23,0.7039,-1.0473,1.7
602.53,0.6921,-1.0681,0.8
602.73,0.6878,-1.0909,4.5
602.93,0.6796,-1.0889,3.7
603.13,0.6896,-1.0858,3.7
603.33,0.6878,-1.1002,2.1
603.53,0.6860,-1.1067,1.3
603.73,0.6857,-1.1132,1.6
603.93,0.6814,-1.1302,1.1
604.13,0.6728,-1.1511,1.3
604.33,0.6720,-1.1633,0.5
604.53,0.6787,-1.1681,3.9
604.73,0.6703,-1.1707,2.1
604.93,0.6755,-1.1705,1.7
605.13,0.6854,-1.1821,3.7
605.33,0.6831,-1.1885,1.4
605.53,0.6914,-1.1910,2.0
605.73,0.6983,-1.2004,1.0
605.93,0.6961,-1.2009,1.6
606.13,0.7002,-1.1975,1.7
606.43,0.7107,-1.2075,1.0
606.63,0.7128,-1.2097,1.1
606.83,0.7162,-1.2063,1.8
607.03,0.7145,-1.2052,1.5
607.33,0.7163,-1.1983,1.9
607.53,0.7243,-1.1917,2.9
607.73,0.7212,-1.1965,1.8
607.93,0.7152,-1.1924,1.4
608.13,0.7217,-1.1811,4.1
608.33,0.7233,-1.1851,1.5
608.53,0.7181,-1.1833,1.0
608.73,0.7167,-1.1746,3.6
608.93,0.7157,-1.1853,2.3
609.23,0.7094,-1.1809,1.4
609.43,0.7144,-1.1715,0.7
609.63,0.7144,-1.1734,2.1
609.93,0.7109,-1.1464,4.2
610.13,0.7166,-1.1402,2.3
610.33,0.7134,-1.1382,2.2
610.53,0.7113,-1.1199,1.4
610.83,0.7108,-1.1038,2.4
611.03,0.7128,-1.0884,0.8
611.24,0.7144,-1.0807,0.8
611.44,0.7187,-1.0670,1.4
611.74,0.7177,-1.0355,3.7
611.94,0.7272,-1.0245,2.3
612.14,0.7241,-1.0167,2.1
612.44,0.7237,-0.9910,1.3
612.74,0.7223,-1.0022,3.6
612.94,0.7157,-0.9854,1.2
613.14,0.7228,-0.9667,2.8
613.44,0.7197,-0.9606,2.1
613.74,0.7243,-0.9543,1.4
613.94,0.7255,-0.9357,1.1
614.14,0.7270,-0.9196,1.5
614.34,0.7301,-0.8985,1.3
614.54,0.7314,-0.8798,0.7
614.74,0.7273,-0.8594,4.0
614.94,0.7326,-0.8490,1.9
615.14,0.7265,-0.8441,2.2
615.44,0.7217,-0.8177,0.8
615.64,0.7264,-0.8145,3.5
615.84,0.7136,-0.8082,2.8
616.04,0.7141,-0.7961,1.5
616.24,0.7139,-0.7950,1.9
616.54,0.6985,-0.7838,3.0
616.74,0.7026,-0.7771,2.3
616.94,0.6988,-0.7800,0.8
617.14,0.6877,-0.7789,3.7
617.44,0.6931,-0.7721,3.1
617.64,0.6765,-0.7709,2.4
617.84,0.6662,-0.7620,1.4
618.14,0.6604,-0.7621,1.6
618.34,0.6400,-0.7618,4.0
618.64,0.6487,-0.7536,3.8
618.84,0.6462,-0.7637,2.0
619.04,0.6427,-0.7666,0.8
619.34,0.6699,-0.7597,4.0
619.54,0.6675,-0.7628,3.1
619.74,0.6728,-0.7637,1.2
620.04,0.6725,-0.7706,2.1
620.34,0.6522,-0.7827,2.8
620.54,0.6440,-0.7929,1.2
620.75,0.6366,-0.7981,2.3
620.95,0.6211,-0.8076,1.4
621.15,0.6185,-0.8102,0.5
621.35,0.6253,-0.8137,3.6
621.55,0.6122,-0.8108,3.8
621.85,0.6113,-0.8235,1.2
622.05,0.6024,-0.8377,0.8
622.35,0.5953,-0.8512,1.2
622.55,0.5873,-0.8669,0.9
622.75,0.5768,-0.8791,1.8
623.05,0.5797,-0.8855,2.7
623.35,0.5749,-0.8890,2.0
623.55,0.5796,-0.8932,1.5
623.75,0.5870,-0.9059,3.9
624.05,0.5895,-0.9079,4.2
624.35,0.5915,-0.9253,3.5
624.55,0.5959,-0.9401,1.2
624.75,0.5990,-0.9476,1.9
625.05,0.5979,-0.9681,2.0
625.25,0.6063,-0.9818,5.1
625.55,0.6011,-0.9995,5.6
625.75,0.6099,-1.0150,2.0
626.05,0.6143,-1.0297,2.5
626.25,0.6116,-1.0336,2.1
626.45,0.6204,-1.0463,4.5
626.65,0.6237,-1.0561,1.0
626.95,0.6290,-1.0733,0.9
627.25,0.6382,-1.0829,2.3
627.45,0.6402,-1.0888,1.4
627.65,0.6415,-1.0897,1.6
627.95,0.6540,-1.0898,2.6
628.15,0.6522,-1.0947,1.7
628.35,0.6551,-1.0900,1.4
628.55,0.6698,-1.0886,3.6
628.75,0.6684,-1.0949,2.3
629.05,0.6768,-1.0873,1.8
629.35,0.6730,-1.0874,3.4
629.55,0.6535,-1.0821,5.9
629.75,0.6634,-1.0790,5.0
629.95,0.6647,-1.0734,2.2
630.16,0.6578,-1.0720,1.9
630.36,0.6726,-1.0692,4.6
630.56,0.6915,-1.0589,1.5
630.76,0.6960,-1.0538,1.4
630.96,0.6991,-1.0507,1.9
631.16,0.7055,-1.0449,1.2
631.46,0.7189,-1.0262,1.8
631.66,0.7306,-1.0167,1.0
631.96,0.7380,-1.0080,0.9
632.16,0.7348,-0.9998,3.7
632.36,0.7450,-0.9998,2.0
632.56,0.7416,-0.9929,1.6
632.76,0.7398,-0.9782,3.5
632.96,0.7427,-0.9884,3.0
633.16,0.7349,-1.0013,5.8
633.36,0.7336,-0.9826,3.8
633.66,0.7294,-0.9663,5.2
633.86,0.7377,-0.9543,2.0
634.16,0.7396,-0.9513,2.3
634.36,0.7352,-0.9547,2.3
634.56,0.7378,-0.9366,2.8
634.76,0.7377,-0.9239,0.9
635.06,0.7352,-0.9160,1.8
635.26,0.7365,-0.9040,1.2
635.46,0.7364,-0.8923,2.2
635.76,0.7268,-0.8602,3.8
635.96,0.7322,-0.8496,2.1
636.16,0.7262,-0.8496,2.1
636.36,0.7205,-0.8332,0.5
636.66,0.7207,-0.8284,1.4
636.86,0.7127,-0.8222,2.1
637.06,0.7098,-0.8157,0.9
637.26,0.7158,-0.8184,2.7
637.56,0.7001,-0.8240,4.6
637.76,0.7058,-0.8182,2.2
637.96,0.7072,-0.8228,1.6
638.16,0.6881,-0.8235,4.0
638.36,0.6959,-0.8179,3.7
638.66,0.6949,-0.8266,3.8
638.86,0.6869,-0.8276,1.2
639.06,0.6887,-0.8320,5.0
639.26,0.6809,-0.8309,1.9
639.46,0.6842,-0.8320,1.2
639.76,0.6880,-0.8319,0.6
639.96,0.6916,-0.8344,1.1
640.16,0.6817,-0.8381,1.5
640.36,0.6744,-0.8466,0.6
640.57,0.6665,-0.8628,3.9
640.77,0.6559,-0.8657,2.1
641.07,0.6493,-0.8868,2.4
641.27,0.6418,-0.8966,1.6
641.47,0.6479,-0.9014,4.5
641.77,0.6454,-0.9285,2.6
641.97,0.6418,-0.9267,2.3
642.17,0.6464,-0.9232,3.1
642.37,0.6474,-0.9408,1.5
642.57,0.6401,-0.9614,2.0
642.77,0.6379,-0.9807,1.0
643.07,0.6302,-1.0060,1.6
643.27,0.6376,-1.0042,4.6
643.47,0.6416,-1.0174,0.6
643.67,0.6447,-1.0202,1.2
643.97,0.6437,-1.0095,2.6
644.27,0.6466,-1.0285,1.8
644.47,0.6541,-1.0374,5.2
644.67,0.6553,-1.0488,1.9
644.97,0.6621,-1.0688,1.9
645.17,0.6664,-1.0730,1.2
645.37,0.6665,-1.0772,3.6
645.57,0.6738,-1.0964,0.8
645.87,0.6849,-1.1133,2.0
646.07,0.6867,-1.1202,1.2
646.27,0.6847,-1.1171,1.9
646.47,0.6963,-1.1212,2.1
646.77,0.6986,-1.1256,2.2
647.07,0.7097,-1.1210,2.4
647.27,0.7143,-1.1231,1.5
647.47,0.7107,-1.1157,4.5
647.67,0.7242,-1.1131,0.9
647.87,0.7261,-1.1100,1.2
648.17,0.7111,-1.1073,1.7
648.37,0.7176,-1.0992,2.0
648.57,0.7220,-1.1010,1.4
648.87,0.7311,-1.0875,0.7
649.07,0.7379,-1.0815,0.8
649.27,0.7422,-1.0795,1.4
649.47,0.7547,-1.0647,2.4
649.77,0.7683,-1.0524,1.6
649.97,0.7678,-1.0418,1.7
650.17,0.7713,-1.0336,0.7
650.38,0.7715,-1.0344,1.3
650.58,0.7677,-1.0315,1.9
650.88,0.7715,-1.0104,0.9
651.08,0.7724,-1.0082,2.6
651.28,0.7729,-0.9870,1.4
651.58,0.7777,-0.9649,2.0
651.78,0.7771,-0.9514,1.3
651.98,0.7729,-0.9290,3.8
652.28,0.7734,-0.9186,4.3
652.48,0.7698,-0.8983,0.7
652.68,0.7671,-0.8888,0.7
652.88,0.7725,-0.8890,3.2
653.08,0.7603,-0.8856,2.8
653.28,0.7606,-0.8746,1.3
653.48,0.7618,-0.8699,3.0
653.68,0.7530,-0.8692,2.5
653.88,0.7512,-0.8638,1.0
654.08,0.7570,-0.8658,2.4
654.38,0.7389,-0.8689,4.7
654.58,0.7444,-0.8610,2.7
654.78,0.7458,-0.8680,1.8
654.98,0.7272,-0.8709,4.6
655.28,0.7404,-0.8690,4.8
655.58,0.7249,-0.8726,2.0
655.78,0.7209,-0.8739,0.9
655.98,0.7311,-0.8724,0.9
656.28,0.7324,-0.8778,1.1
656.48,0.7401,-0.8729,2.5
656.68,0.7300,-0.8852,2.0
656.98,0.7066,-0.8957,3.2
657.18,0.6998,-0.9078,1.3
657.38,0.6905,-0.9244,3.7
657.68,0.6745,-0.9314,3.3
657.88,0.6575,-0.9527,1.6
658.08,0.6489,-0.9627,1.2
658.28,0.6495,-0.9600,2.9
658.48,0.6431,-0.9774,2.1
658.68,0.6321,-0.9894,1.3
658.89,0.6310,-0.9969,3.6
659.09,0.6224,-1.0186,1.4
659.29,0.6196,-1.0273,1.2
659.49,0.6209,-1.0231,3.6
659.69,0.6228,-1.0364,1.6
659.89,0.6205,-1.0458,1.3
660.09,0.6231,-1.0509,3.9
660.39,0.6271,-1.0772,3.0
660.59,0.6224,-1.0750,2.5
660.79,0.6269,-1.0671,3.0
660.99,0.6338,-1.0835,0.4
661.29,0.6353,-1.0892,2.7
661.49,0.6432,-1.1083,1.3
661.69,0.6463,-1.1164,1.0
661.99,0.6489,-1.1182,1.0
662.29,0.6591,-1.1348,0.8
662.49,0.6593,-1.1368,1.6
662.69,0.6667,-1.1354,2.5
662.89,0.6705,-1.1362,1.1
663.09,0.6697,-1.1332,2.5
663.29,0.6788,-1.1326,1.1
663.49,0.6782,-1.1294,1.1
663.69,0.6688,-1.1278,3.4
663.99,0.6790,-1.1182,2.6
664.19,0.6797,-1.1222,1.7
664.39,0.6750,-1.1171,1.8
664.59,0.6819,-1.1086,2.0
664.79,0.6807,-1.1140,1.8
665.09,0.6871,-1.1006,1.1
665.29,0.6966,-1.0919,1.0
665.49,0.6977,-1.0918,2.1
665.79,0.7078,-1.0651,4.2
665.99,0.7157,-1.0631,2.0
666.19,0.7090,-1.0564,2.2
666.39,0.7087,-1.0422,2.4
666.59,0.7094,-1.0504,2.2
666.79,0.7041,-1.0595,4.1
667.09,0.7073,-1.0285,1.4
667.29,0.7043,-1.0171,4.8
667.49,0.7103,-1.0093,2.3
667.79,0.7113,-0.9973,2.1
668.09,0.7128,-0.9799,2.4
668.29,0.7188,-0.9761,2.5
668.50,0.7125,-0.9679,5.5
668.70,0.7213,-0.9526,1.9
669.00,0.7270,-0.9370,2.4
669.20,0.7233,-0.9343,2.1
669.40,0.7258,-0.9185,2.4
669.60,0.7302,-0.8976,1.1
669.80,0.7312,-0.8856,0.4
670.00,0.7276,-0.8719,2.5
670.20,0.7359,-0.8593,1.9
670.40,0.7344,-0.8491,1.7
670.70,0.7348,-0.8185,1.4
670.90,0.7331,-0.8196,4.1
671.10,0.7264,-0.8025,1.5
671.30,0.7230,-0.7885,0.9
671.50,0.7221,-0.7872,1.3
671.70,0.7138,-0.7716,2.2
671.90,0.7117,-0.7632,1.2
672.20,0.7108,-0.7642,0.9
672.40,0.6984,-0.7571,4.0
672.70,0.7083,-0.7553,3.6
673.00,0.6982,-0.7654,4.5
673.20,0.7031,-0.7622,1.8
673.40,0.7046,-0.7669,2.4
673.70,0.6791,-0.7605,0.3
673.90,0.6770,-0.7529,5.3
674.10,0.6848,-0.7578,3.3
674.30,0.6868,-0.7533,2.0
674.50,0.6925,-0.7529,3.8
674.70,0.6795,-0.7558,1.8
674.90,0.6710,-0.7568,1.4
675.20,0.6760,-0.7612,1.5
675.40,0.6791,-0.7561,4.5
675.60,0.6746,-0.7627,2.3
675.80,0.6730,-0.7691,1.2
676.10,0.6498,-0.7872,0.6
676.30,0.6352,-0.7955,2.6
676.50,0.6346,-0.8058,3.1
676.70,0.6293,-0.8080,1.5
677.00,0.6287,-0.8130,1.6
677.20,0.6246,-0.8336,3.4
677.40,0.6205,-0.8385,1.9
677.60,0.6271,-0.8442,1.9
677.80,0.6290,-0.8624,2.4
678.10,0.6316,-0.8579,3.4
678.30,0.6339,-0.8706,0.7
678.51,0.6326,-0.8888,0.7
678.81,0.6297,-0.9166,1.3
679.11,0.6253,-0.9406,1.5
679.31,0.6272,-0.9402,3.8
679.51,0.6334,-0.9525,1.3
679.81,0.6356,-0.9705,1.4
680.01,0.6419,-0.9830,1.6
680.21,0.6469,-0.9998,1.2
680.41,0.6459,-1.0142,1.9
680.71,0.6559,-1.0268,2.8
681.01,0.6602,-1.0415,1.5
681.21,0.6662,-1.0430,1.3
681.41,0.6748,-1.0511,1.4
681.71,0.6796,-1.0635,1.6
681.91,0.6929,-1.0739,2.1
682.11,0.6983,-1.0803,1.2
682.31,0.7011,-1.0806,1.8
682.51,0.7157,-1.0872,1.4
682.71,0.7218,-1.0909,1.0
682.91,0.7264,-1.0963,1.6
683.11,0.7430,-1.0977,3.2
683.31,0.7488,-1.1028,2.0
683.51,0.7496,-1.0951,4.8
683.71,0.7647,-1.0936,0.8
683.91,0.7690,-1.0908,1.3
684.11,0.7602,-1.0889,4.4
684.41,0.7766,-1.0803,1.1
684.61,0.7926,-1.0826,2.2
684.81,0.8002,-1.0789,1.0
685.01,0.8064,-1.0712,3.1
685.31,0.8191,-1.0735,2.7
685.51,0.8344,-1.0636,1.2
685.71,0.8427,-1.0596,1.2
685.91,0.8406,-1.0571,4.0
686.21,0.8619,-1.0388,1.3
686.41,0.8859,-1.0296,3.1
686.61,0.8958,-1.0200,1.0
686.91,0.9082,-1.0121,1.0
687.11,0.9239,-1.0041,2.8
687.31,0.9336,-0.9861,2.8
687.52,0.9423,-0.9801,0.8
687.72,0.9425,-0.9868,2.9
687.92,0.9332,-0.9850,2.8
688.12,0.9323,-0.9840,1.4
688.32,0.9274,-0.9895,4.2
688.52,0.9241,-0.9769,0.5
688.72,0.9208,-0.9746,0.9
689.02,0.9230,-0.9964,1.7
689.22,0.9133,-0.9813,1.3
689.52,0.9141,-0.9579,4.7
689.72,0.9086,-0.9593,2.9
689.92,0.9094,-0.9566,1.0
690.12,0.9154,-0.9598,1.5
690.32,0.9063,-0.9601,2.2
690.62,0.9112,-0.9590,2.9
690.82,0.9173,-0.9653,2.4
691.02,0.9022,-0.9725,3.3
691.22,0.9062,-0.9667,2.4
691.52,0.9052,-0.9756,0.6
691.72,0.9006,-0.9793,0.3
691.92,0.9055,-0.9722,2.9
692.12,0.9119,-0.9795,3.1
692.42,0.9022,-0.9806,1.8
692.62,0.8978,-0.9870,1.5
692.82,0.8857,-1.0020,3.2
693.02,0.8716,-1.0040,1.8
693.22,0.8645,-1.0139,1.5
693.52,0.8409,-1.0314,0.7
693.72,0.8284,-1.0353,2.3
693.92,0.8161,-1.0542,3.4
694.22,0.7968,-1.0620,1.9
694.42,0.7923,-1.0724,1.9
694.62,0.7779,-1.0893,2.1
694.92,0.7611,-1.0947,1.8
695.12,0.7450,-1.1135,2.6
695.32,0.7312,-1.1220,1.1
695.52,0.7300,-1.1271,3.2
695.72,0.7133,-1.1455,1.7
696.02,0.6906,-1.1581,3.2
696.22,0.6877,-1.1639,1.8
696.43,0.6836,-1.1645,3.5
696.63,0.6656,-1.1735,1.5
696.83,0.6575,-1.1779,1.0
697.13,0.6622,-1.1779,2.4
697.33,0.6402,-1.1846,1.8
697.63,0.6368,-1.1989,3.1
697.83,0.6275,-1.1978,1.6
698.03,0.6247,-1.2040,1.5
698.23,0.6131,-1.2251,3.9
698.53,0.6015,-1.2344,4.4
698.73,0.5888,-1.2545,1.9
698.93,0.5762,-1.2661,1.1
699.13,0.5738,-1.2735,3.0
699.33,0.5604,-1.2944,1.7
699.53,0.5510,-1.3046,1.2
699.83,0.5496,-1.3162,1.7
700.03,0.5391,-1.3404,3.8
700.23,0.5277,-1.3495,1.6
700.43,0.5293,-1.3595,1.7
700.63,0.5228,-1.3803,2.6
700.83,0.5137,-1.3870,1.9
701.03,0.5159,-1.3966,1.7
701.23,0.5143,-1.4176,2.9
701.53,0.5169,-1.4249,4.6
701.83,0.5205,-1.4461,1.4
702.03,0.5169,-1.4535,1.3
702.23,0.5186,-1.4557,0.7
702.53,0.5241,-1.4673,1.0
702.83,0.5242,-1.4569,0.8
703.03,0.5297,-1.4505,3.5
703.23,0.5225,-1.4512,1.4
703.43,0.5184,-1.4413,1.0
703.63,0.5193,-1.4320,4.0
703.83,0.5090,-1.4358,2.4
704.03,0.4927,-1.4333,2.3
704.23,0.4915,-1.4239,2.8
704.43,0.4894,-1.4305,1.6
704.63,0.4772,-1.4350,1.1
704.83,0.4717,-1.4267,4.7
705.03,0.4738,-1.4389,3.7
705.23,0.4628,-1.4500,3.6
705.53,0.4618,-1.4372,1.4
705.73,0.4637,-1.4302,2.8
705.93,0.4697,-1.4098,1.0
706.14,0.4720,-1.4049,0.8
706.34,0.4736,-1.3993,2.6
706.64,0.4774,-1.3698,2.0
706.84,0.4862,-1.3571,1.7
707.04,0.4872,-1.3450,1.4
707.24,0.4893,-1.3283,1.4
707.44,0.4978,-1.3161,1.5
707.64,0.5013,-1.3015,1.1
707.94,0.5085,-1.2823,1.3
708.14,0.5071,-1.2748,4.0
708.44,0.5120,-1.2477,1.1
708.64,0.5208,-1.2303,1.8
708.84,0.5253,-1.2151,0.8
709.04,0.5257,-1.2045,2.2
709.34,0.5343,-1.1892,3.8
709.54,0.5416,-1.1658,1.0
709.74,0.5449,-1.1541,1.2
710.04,0.5517,-1.1338,1.2
710.34,0.5581,-1.1137,1.5
710.54,0.5553,-1.1079,4.2
710.74,0.5591,-1.0862,0.9
710.94,0.5621,-1.0698,0.7
711.14,0.5706,-1.0551,2.1
711.34,0.5685,-1.0427,2.5
711.54,0.5711,-1.0411,1.7
711.74,0.5750,-1.0330,4.1
712.04,0.5790,-1.0041,1.7
712.34,0.5853,-0.9878,3.7
712.54,0.5911,-0.9703,0.9
712.74,0.5930,-0.9603,0.8
712.94,0.5976,-0.9447,2.6
713.14,0.6044,-0.9243,1.6
713.34,0.6086,-0.9149,1.2
713.54,0.6124,-0.9023,3.1
713.74,0.6184,-0.8797,1.6
713.94,0.6217,-0.8699,1.4
714.14,0.6195,-0.8620,4.1
714.34,0.6256,-0.8429,0.8
714.64,0.6304,-0.8198,1.0
714.94,0.6366,-0.7898,1.6
715.14,0.6408,-0.7779,1.3
715.35,0.6394,-0.7683,4.3
715.55,0.6428,-0.7430,0.7
715.85,0.6483,-0.7166,2.1
716.05,0.6500,-0.6998,0.7
716.25,0.6463,-0.6776,4.6
716.55,0.6470,-0.6731,4.3
716.85,0.6387,-0.6495,2.4
717.05,0.6425,-0.6512,2.0
717.25,0.6419,-0.6613,2.7
717.45,0.6352,-0.6417,1.2
717.65,0.6353,-0.6195,2.6
717.85,0.6306,-0.6084,1.3
718.05,0.6255,-0.6003,2.0
718.25,0.6271,-0.5858,2.0
718.55,0.6201,-0.5831,3.1
718.75,0.6180,-0.5797,0.7
718.95,0.6236,-0.5831,2.2
719.15,0.6135,-0.5857,2.6
719.45,0.6199,-0.5835,3.8
719.65,0.6301,-0.5913,3.2
719.85,0.6183,-0.5968,1.4
720.05,0.6210,-0.5926,1.8
720.25,0.6291,-0.5956,1.3
720.45,0.6257,-0.6064,4.8
720.65,0.6262,-0.5976,3.8
720.85,0.6371,-0.5884,1.5
721.15,0.6417,-0.5910,0.5
721.35,0.6463,-0.5746,3.7
721.65,0.6577,-0.5871,3.0
721.85,0.6467,-0.5988,2.1
722.05,0.6430,-0.6122,1.0
722.25,0.6423,-0.6249,2.0
722.45,0.6329,-0.6336,2.0
722.65,0.6340,-0.6409,0.8
722.85,0.6393,-0.6531,3.7
723.05,0.6284,-0.6605,3.1
723.25,0.6314,-0.6626,2.5
723.45,0.6322,-0.6826,1.3
723.65,0.6248,-0.7008,2.0
723.85,0.6223,-0.7213,1.0
724.15,0.6150,-0.7442,1.8
724.35,0.6265,-0.7354,4.5
724.56,0.6272,-0.7493,1.6
724.76,0.6308,-0.7548,0.9
725.06,0.6323,-0.7714,1.2
725.26,0.6332,-0.7831,1.2
725.46,0.6294,-0.8020,2.3
725.76,0.6347,-0.8287,3.0
726.06,0.6327,-0.8488,1.7
726.26,0.6364,-0.8556,2.1
726.46,0.6407,-0.8758,1.2
726.66,0.6393,-0.9007,2.6
726.96,0.6457,-0.9237,2.1
727.16,0.6445,-0.9360,1.1
727.36,0.6401,-0.9572,3.8
727.66,0.6474,-0.9723,3.4
727.86,0.6466,-0.9924,1.4
728.06,0.6500,-1.0097,0.6
728.26,0.6544,-1.0223,1.6
728.46,0.6540,-1.0465,2.6
728.66,0.6561,-1.0557,0.7
728.86,0.6576,-1.0579,1.4
729.06,0.6575,-1.0693,2.0
729.26,0.6640,-1.0792,0.7
729.56,0.6777,-1.1016,1.4
729.76,0.6730,-1.0935,3.3
730.06,0.6891,-1.0995,1.7
730.26,0.6911,-1.1062,1.6
730.56,0.7086,-1.1095,0.9
730.76,0.7136,-1.1101,1.2
731.06,0.7158,-1.1059,1.4
731.26,0.7260,-1.1028,2.6
731.46,0.7277,-1.1083,1.8
731.76,0.7359,-1.1006,2.3
731.96,0.7441,-1.1001,1.4
732.16,0.7418,-1.0947,4.7
732.46,0.7514,-1.0861,0.6
732.76,0.7529,-1.0871,1.6
732.96,0.7644,-1.0760,2.5
733.16,0.7799,-1.0693,1.4
733.46,0.7929,-1.0535,1.3
733.76,0.8038,-1.0459,1.0
733.96,0.8039,-1.0430,3.6
734.17,0.8174,-1.0219,2.0
734.47,0.8342,-1.0083,2.6
734.67,0.8322,-1.0025,0.6
734.87,0.8248,-0.9974,4.7
735.07,0.8312,-1.0035,2.4
735.27,0.8229,-1.0073,2.7
735.57,0.8207,-0.9905,0.9
735.77,0.8187,-1.0009,4.4
735.97,0.8162,-0.9867,1.3
736.17,0.8153,-0.9709,0.8
736.37,0.8156,-0.9545,1.4
736.57,0.8080,-0.9409,3.0
736.77,0.8088,-0.9302,1.4
737.07,0.8064,-0.9298,0.8
737.27,0.7953,-0.9259,5.3
737.47,0.8070,-0.9254,5.6
737.67,0.8225,-0.9321,0.9
737.87,0.8207,-0.9447,6.1
738.17,0.8401,-0.9389,5.1
738.37,0.8492,-0.9538,3.8
738.57,0.8532,-0.9485,2.1
738.77,0.8595,-0.9454,3.7
738.97,0.8596,-0.9551,2.0
739.27,0.8666,-0.9516,3.6
739.47,0.8835,-0.9481,4.0
739.67,0.8739,-0.9508,5.0
739.87,0.8768,-0.9567,2.9
740.07,0.8881,-0.9573,1.7
740.27,0.8774,-0.9708,1.7
740.47,0.8620,-0.9755,3.2
740.67,0.8568,-0.9838,1.9
740.87,0.8489,-0.9926,1.2
741.17,0.8346,-0.9979,2.0
741.37,0.8248,-1.0183,3.4
741.57,0.8137,-1.0251,2.2
741.87,0.8171,-1.0363,2.4
742.17,0.7987,-1.0647,1.4
742.37,0.7990,-1.0717,4.6
742.57,0.7892,-1.0934,1.2
742.87,0.7782,-1.1081,2.1
743.07,0.7768,-1.1180,1.6
743.27,0.7755,-1.1403,4.0
743.48,0.7677,-1.1503,2.1
743.68,0.7722,-1.1588,2.0
743.98,0.7707,-1.1804,1.5
744.18,0.7730,-1.1808,4.1
744.38,0.7751,-1.1989,1.0
744.68,0.7734,-1.2162,1.8
744.98,0.7800,-1.2367,2.5
745.18,0.7802,-1.2484,1.4
745.38,0.7874,-1.2444,5.2
745.58,0.7935,-1.2549,1.0
745.78,0.7953,-1.2532,1.0
745.98,0.7939,-1.2457,3.7
746.18,0.8029,-1.2555,1.2
746.38,0.8083,-1.2646,1.0
746.58,0.8149,-1.2735,1.3
746.78,0.8152,-1.2679,1.9
746.98,0.8119,-1.2666,1.3
747.28,0.8093,-1.2592,1.8
747.58,0.8163,-1.2548,1.0
747.78,0.8029,-1.2574,2.6
747.98,0.8013,-1.2502,1.8
748.18,0.8028,-1.2458,1.0
748.38,0.7962,-1.2442,3.5
748.58,0.8020,-1.2360,0.7
748.78,0.7963,-1.2377,1.0
748.98,0.7884,-1.2454,3.8
749.28,0.7913,-1.2294,1.2
749.48,0.8036,-1.2094,1.6
749.68,0.8078,-1.1940,0.7
749.88,0.8041,-1.1848,3.8
750.08,0.8134,-1.1840,2.2
750.28,0.8087,-1.1850,2.0
750.48,0.8005,-1.1696,3.9
750.68,0.8043,-1.1640,1.5
750.88,0.8011,-1.1630,2.7
751.08,0.8016,-1.1469,4.7
751.28,0.8000,-1.1256,1.3
751.48,0.8019,-1.1202,1.3
751.68,0.8058,-1.1152,3.8
751.88,0.8072,-1.1029,1.4
752.18,0.8086,-1.0813,0.7
752.48,0.8081,-1.0654,1.2
752.69,0.8084,-1.0534,1.0
752.99,0.8071,-1.0248,1.2
753.19,0.8045,-1.0183,4.2
753.39,0.8000,-0.9958,1.7
753.59,0.8003,-0.9791,1.2
753.79,0.7980,-0.9732,3.9
754.09,0.7884,-0.9436,1.6
754.29,0.7923,-0.9229,2.9
754.49,0.7882,-0.9118,1.2
754.69,0.7850,-0.9087,2.1
754.89,0.7865,-0.8969,1.5
755.09,0.7835,-0.8933,0.6
755.29,0.7733,-0.8907,3.9
755.59,0.7781,-0.8866,1.8
755.89,0.7637,-0.8883,4.0
756.09,0.7720,-0.8854,2.3
756.29,0.7775,-0.8926,3.2
756.49,0.7577,-0.8891,0.8
756.69,0.7493,-0.8835,1.9
756.89,0.7438,-0.8846,1.0
757.09,0.7251,-0.8896,4.6
757.29,0.7209,-0.8796,2.3
757.49,0.7260,-0.8844,1.3
757.69,0.7211,-0.8938,4.3
757.89,0.7248,-0.8839,3.6
758.09,0.7365,-0.8797,1.5
758.29,0.7381,-0.8887,3.4
758.59,0.7415,-0.8811,3.6
758.79,0.7320,-0.8971,1.7
758.99,0.7200,-0.9065,0.6
759.19,0.7196,-0.9019,2.7
759.39,0.7144,-0.9204,2.6
759.59,0.7025,-0.9263,0.8
759.79,0.6943,-0.9255,4.4
759.99,0.6986,-0.9369,3.0
760.19,0.6923,-0.9388,2.1
760.39,0.6830,-0.9448,2.6
760.69,0.6772,-0.9554,2.1
760.89,0.6583,-0.9707,1.4
761.09,0.6526,-0.9770,0.6
761.29,0.6575,-0.9815,3.5
761.50,0.6451,-0.9811,2.5
761.70,0.6452,-0.9874,1.7
761.90,0.6417,-1.0067,2.8
762.20,0.6327,-1.0182,3.6
762.40,0.6270,-1.0412,2.1
762.60,0.6214,-1.0523,1.4
762.80,0.6292,-1.0537,4.6
763.10,0.6320,-1.0773,2.2
763.40,0.6323,-1.0655,4.4
763.60,0.6356,-1.0787,1.1
763.80,0.6384,-1.0912,0.9
764.00,0.6407,-1.0975,2.5
764.30,0.6508,-1.1191,1.6
764.50,0.6487,-1.1258,1.6
764.70,0.6514,-1.1241,0.9
765.00,0.6593,-1.1350,1.6
765.20,0.6593,-1.1314,3.1
765.40,0.6696,-1.1359,1.1
765.60,0.6731,-1.1382,1.2
765.90,0.6762,-1.1340,1.2
766.10,0.6848,-1.1291,3.8
766.30,0.6823,-1.1321,1.6
766.50,0.6829,-1.1246,1.8
766.70,0.6931,-1.1186,3.3
766.90,0.6889,-1.1254,2.4
767.20,0.6834,-1.1163,2.3
767.40,0.6918,-1.1127,1.1
767.60,0.6893,-1.1104,2.8
767.90,0.6961,-1.0990,1.2
768.10,0.6940,-1.1039,1.4
768.30,0.6875,-1.1053,1.8
768.50,0.6960,-1.0856,1.8
768.80,0.7096,-1.0720,1.5
769.00,0.7154,-1.0574,1.5
769.20,0.7172,-1.0529,1.2
769.40,0.7156,-1.0521,3.9
769.60,0.7192,-1.0322,1.0
769.80,0.7206,-1.0219,1.2
770.00,0.7222,-1.0179,3.2
770.20,0.7239,-0.9986,1.1
770.40,0.7265,-0.9857,0.8
770.70,0.7334,-0.9586,0.7
770.90,0.7320,-0.9401,3.9
771.10,0.7408,-0.9309,2.1
771.30,0.7362,-0.9247,2.2
771.51,0.7325,-0.9046,1.8
771.71,0.7373,-0.8993,2.0
772.01,0.7334,-0.8827,1.8
772.21,0.7354,-0.8655,1.1
772.41,0.7328,-0.8591,3.6
772.61,0.7290,-0.8364,1.1
772.91,0.7298,-0.8184,2.1
773.11,0.7259,-0.8137,0.9
773.31,0.7157,-0.8019,3.9
773.61,0.7218,-0.7944,2.2
773.81,0.7121,-0.7858,2.4
774.01,0.7068,-0.7778,0.9
774.21,0.7079,-0.7820,1.5
774.51,0.6956,-0.7812,3.0
774.81,0.7108,-0.7829,3.2
775.01,0.7062,-0.7914,2.3
775.31,0.6991,-0.7856,1.9
775.51,0.6978,-0.7887,0.9
775.71,0.6905,-0.7989,5.5
775.91,0.6945,-0.7879,3.0
776.11,0.7096,-0.7867,1.3
776.41,0.7137,-0.7921,0.4
776.61,0.7228,-0.7751,5.5
776.81,0.7396,-0.7821,4.4
777.01,0.7292,-0.7712,3.7
777.21,0.7267,-0.7675,5.2
777.51,0.7213,-0.7871,2.5
777.71,0.7063,-0.8013,0.9
778.01,0.6963,-0.8087,1.0
778.31,0.6791,-0.8210,1.1
778.61,0.6798,-0.8287,3.0
778.81,0.6758,-0.8290,2.8
779.11,0.6721,-0.8404,2.0
779.31,0.6666,-0.8650,4.7
779.51,0.6609,-0.8698,1.9
779.71,0.6661,-0.8731,1.8
779.91,0.6631,-0.8928,0.7
780.11,0.6595,-0.8962,1.5
780.41,0.6626,-0.9117,1.6
780.62,0.6601,-0.9268,1.3
780.92,0.6591,-0.9491,0.8
781.12,0.6673,-0.9706,4.9
781.32,0.6607,-0.9753,3.0
781.62,0.6692,-0.9832,1.5
781.92,0.6744,-0.9914,1.3
782.12,0.6792,-0.9923,2.7
782.32,0.6749,-1.0073,5.8
782.52,0.6845,-1.0199,2.8
782.82,0.6853,-1.0313,3.1
783.02,0.6817,-1.0351,2.0
783.22,0.6888,-1.0482,5.3
783.42,0.6903,-1.0615,1.7
783.62,0.6893,-1.0675,2.0
783.92,0.6958,-1.0936,0.8
784.12,0.6979,-1.1026,1.7
784.32,0.7019,-1.1165,1.2
784.52,0.7050,-1.1218,0.6
784.82,0.7129,-1.1381,1.3
785.02,0.7145,-1.1428,1.6
785.22,0.7256,-1.1487,2.4
785.42,0.7292,-1.1560,1.6
785.62,0.7292,-1.1541,2.5
785.92,0.7472,-1.1555,3.5
786.12,0.7497,-1.1609,1.5
786.32,0.7579,-1.1564,1.6
786.52,0.7706,-1.1550,2.7
786.72,0.7692,-1.1590,1.9
787.02,0.7740,-1.1505,1.7
787.22,0.7781,-1.1487,1.4
787.42,0.7671,-1.1478,3.9
787.72,0.7782,-1.1360,1.9
787.92,0.7785,-1.1398,1.6
788.12,0.7745,-1.1367,1.6
788.42,0.7905,-1.1257,0.9
788.62,0.7861,-1.1283,2.2
788.82,0.7949,-1.1139,1.7
789.02,0.7998,-1.1073,1.3
789.22,0.7984,-1.1086,2.3
789.52,0.7942,-1.0913,4.3
789.72,0.7996,-1.0914,1.8
789.93,0.7924,-1.0879,1.8
790.13,0.7878,-1.0771,2.9
790.43,0.7896,-1.0925,4.2
790.63,0.7826,-1.0819,3.0
790.83,0.7816,-1.0578,1.0
791.13,0.7813,-1.0393,0.7
791.43,0.7827,-1.0315,0.6
791.63,0.7888,-1.0183,1.7
791.83,0.7858,-0.9979,3.2
792.03,0.7922,-0.9857,1.7
792.33,0.7891,-0.9764,2.4
792.53,0.7826,-0.9533,3.1
792.73,0.7873,-0.9499,2.1
792.93,0.7836,-0.9539,2.3
793.23,0.7776,-0.9227,0.8
793.43,0.7795,-0.9116,2.2
793.63,0.7709,-0.9004,2.3
793.93,0.7709,-0.8823,2.1
794.13,0.7672,-0.8779,0.7
794.33,0.7588,-0.8748,3.1
794.63,0.7653,-0.8705,1.9
794.83,0.7545,-0.8684,2.6
795.13,0.7492,-0.8628,1.8
795.33,0.7446,-0.8640,0.9
795.63,0.7259,-0.8545,1.4
795.83,0.7279,-0.8611,4.1
796.03,0.7075,-0.8561,0.9
796.23,0.6942,-0.8528,0.6
796.43,0.6941,-0.8494,2.2
796.63,0.6824,-0.8566,3.3
796.83,0.6746,-0.8525,1.1
797.03,0.6830,-0.8492,3.4
797.33,0.6939,-0.8638,5.2
797.53,0.6969,-0.8508,4.4
797.73,0.7140,-0.8456,4.0
797.93,0.7143,-0.8595,4.2
798.13,0.6990,-0.8525,2.5
798.33,0.6919,-0.8622,1.4
798.53,0.6837,-0.8808,4.8
798.73,0.6773,-0.8790,3.0
798.94,0.6861,-0.8831,2.4
799.24,0.6767,-0.9002,0.8
799.54,0.6846,-0.8957,1.7
799.74,0.6809,-0.9162,2.4
799.94,0.6674,-0.9292,2.2
800.14,0.6659,-0.9439,0.8
800.44,0.6583,-0.9571,2.0
800.64,0.6642,-0.9558,4.2
800.84,0.6651,-0.9722,0.8
801.04,0.6678,-0.9782,1.3
801.24,0.6687,-0.9638,4.2
801.44,0.6720,-0.9747,2.5
801.64,0.6737,-0.9869,1.2
801.84,0.6826,-0.9934,5.6
802.04,0.6757,-1.0054,2.3
802.24,0.6758,-1.0050,2.3
802.44,0.6852,-1.0129,6.0
802.74,0.6723,-1.0249,5.6
802.94,0.6807,-1.0386,3.2
803.14,0.6812,-1.0400,2.3
803.34,0.6731,-1.0510,5.9
803.54,0.6823,-1.0645,3.1
803.84,0.6822,-1.0731,3.2
804.04,0.6800,-1.0731,2.0
804.24,0.6866,-1.0828,5.7
804.44,0.6840,-1.0954,2.0
804.64,0.6816,-1.0997,2.9
804.94,0.6896,-1.1207,1.4
805.14,0.6870,-1.1254,4.5
805.34,0.6929,-1.1420,2.0
805.54,0.6960,-1.1482,1.0
805.84,0.7011,-1.1596,1.2
806.04,0.7049,-1.1731,1.8
806.24,0.7121,-1.1720,2.8
806.44,0.7130,-1.1768,1.5
806.74,0.7164,-1.1743,1.0
806.94,0.7204,-1.1689,2.7
807.14,0.7132,-1.1705,1.8
807.34,0.7078,-1.1623,2.4
807.64,0.7202,-1.1607,0.8
807.84,0.7094,-1.1599,3.3
808.04,0.7123,-1.1548,1.1
808.24,0.7112,-1.1524,1.4
808.54,0.7067,-1.1473,2.1
808.74,0.7149,-1.1383,0.7
808.94,0.7165,-1.1372,1.4
809.24,0.7217,-1.1175,1.8
809.44,0.7287,-1.1069,1.3
809.74,0.7268,-1.0952,1.8
809.94,0.7246,-1.0812,3.4
810.14,0.7270,-1.0920,2.8
810.44,0.7193,-1.0918,5.1
810.65,0.7175,-1.0814,1.3
810.95,0.7174,-1.0742,2.1
811.25,0.7220,-1.0757,1.5
811.45,0.7136,-1.0780,4.9
811.75,0.7216,-1.0633,4.7
811.95,0.7201,-1.0464,2.1
812.15,0.7193,-1.0453,1.4
812.35,0.7192,-1.0376,2.8
812.55,0.7231,-1.0171,1.3
812.85,0.7232,-1.0085,1.4
813.15,0.7272,-0.9974,1.4
813.35,0.7276,-0.9833,1.6
813.55,0.7313,-0.9631,1.2
813.85,0.7372,-0.9409,1.6
814.05,0.7339,-0.9182,3.3
814.25,0.7391,-0.9067,2.5
814.45,0.7326,-0.9055,4.3
814.65,0.7290,-0.8879,0.5
814.95,0.7277,-0.8830,1.5
815.15,0.7260,-0.8878,1.3
815.35,0.7175,-0.8682,1.7
815.55,0.7193,-0.8442,3.6
815.75,0.7156,-0.8363,0.8
815.95,0.7135,-0.8341,1.4
816.15,0.7144,-0.8245,1.8
816.45,0.7045,-0.8178,2.0
816.65,0.7009,-0.8106,0.7
816.85,0.7050,-0.8100,2.4
817.05,0.6918,-0.8118,3.1
817.25,0.6858,-0.8030,1.6
817.45,0.6874,-0.8063,3.5
817.65,0.6661,-0.8029,1.8
817.85,0.6544,-0.7979,1.3
818.15,0.6648,-0.8037,2.9
818.35,0.6467,-0.8080,1.6
818.65,0.6363,-0.7992,3.2
818.85,0.6308,-0.8081,3.0
819.15,0.6271,-0.8061,2.0
819.45,0.6279,-0.8126,1.8
819.65,0.6249,-0.8157,0.4
819.95,0.6421,-0.8030,1.8
820.15,0.6436,-0.8157,3.5
820.35,0.6263,-0.8136,4.4
820.55,0.6316,-0.8143,4.3
820.75,0.6246,-0.8329,1.5
821.05,0.6013,-0.8401,5.2
821.25,0.6045,-0.8484,2.3
821.45,0.5978,-0.8459,2.2
821.66,0.5778,-0.8564,2.4
821.96,0.5695,-0.8686,2.6
822.26,0.5520,-0.8811,3.0
822.56,0.5643,-0.8839,4.1
822.76,0.5521,-0.8804,3.7
822.96,0.5577,-0.8787,3.3
823.16,0.5579,-0.8963,0.6
823.46,0.5580,-0.9033,3.9
823.66,0.5545,-0.9270,0.8
823.86,0.5538,-0.9395,0.8
824.16,0.5543,-0.9459,0.8
824.36,0.5647,-0.9581,4.9
824.56,0.5611,-0.9606,1.8
824.76,0.5705,-0.9536,3.6
824.96,0.5724,-0.9648,2.3
825.16,0.5762,-0.9686,1.3
825.36,0.5818,-0.9678,1.9
825.66,0.5893,-0.9822,1.5
825.86,0.5976,-0.9971,1.9
826.06,0.6043,-0.9944,2.9
826.26,0.6048,-1.0000,1.6
826.46,0.6085,-1.0029,2.2
826.66,0.6244,-1.0080,2.1
826.86,0.6317,-1.0120,1.2
827.16,0.6412,-1.0099,1.3
827.36,0.6571,-1.0075,4.2
827.56,0.6602,-1.0145,2.0
827.86,0.6765,-1.0070,2.3
828.06,0.6875,-1.0080,1.4
828.26,0.6849,-1.0020,4.7
828.46,0.6963,-0.9970,0.6
828.76,0.7062,-0.9940,1.4
828.96,0.7129,-0.9903,0.7
829.16,0.7274,-0.9862,1.6
829.36,0.7476,-0.9831,1.9
829.56,0.7579,-0.9791,0.9
829.76,0.7691,-0.9715,2.0
829.96,0.7912,-0.9714,3.0
830.26,0.8084,-0.9590,2.6
830.46,0.8240,-0.9576,1.6
830.76,0.8438,-0.9475,1.0
830.96,0.8587,-0.9355,3.7
831.26,0.8669,-0.9309,4.7
831.46,0.8810,-0.9183,0.9
831.66,0.8881,-0.9124,0.9
831.86,0.8946,-0.9058,1.1
832.06,0.8905,-0.9041,2.1
832.26,0.8900,-0.9052,1.6
832.56,0.8880,-0.8988,2.0
832.76,0.8882,-0.8802,2.6
832.96,0.8919,-0.8859,2.6
833.17,0.8885,-0.8960,2.1
833.37,0.8792,-0.8887,3.2
833.67,0.8883,-0.8978,2.5
833.87,0.8802,-0.8972,1.7
834.07,0.8767,-0.8943,0.6
834.37,0.8859,-0.9074,0.8
834.57,0.8816,-0.9181,5.6
834.77,0.8921,-0.9121,3.8
834.97,0.9081,-0.9165,2.4
835.17,0.9110,-0.9290,4.5
835.37,0.9181,-0.9191,3.3
835.67,0.9298,-0.9271,2.1
835.87,0.9180,-0.9313,1.4
836.07,0.9216,-0.9285,3.2
836.37,0.9050,-0.9389,2.6
836.57,0.8825,-0.9485,1.5
836.77,0.8693,-0.9553,0.7
836.97,0.8561,-0.9673,2.5
837.17,0.8406,-0.9671,3.2
837.37,0.8400,-0.9711,1.1
837.57,0.8375,-0.9815,3.3
837.87,0.8177,-0.9902,1.4
838.07,0.8087,-1.0003,1.7
838.27,0.8052,-1.0006,1.1
838.47,0.8023,-1.0032,2.5
838.67,0.7870,-1.0168,1.4
838.87,0.7816,-1.0225,0.9
839.17,0.7929,-1.0127,2.9
839.37,0.7886,-1.0325,3.8
839.57,0.7774,-1.0392,1.7
839.77,0.7742,-1.0466,1.2
840.07,0.7540,-1.0677,0.6
840.27,0.7425,-1.0718,4.5
840.47,0.7442,-1.0811,2.5
840.67,0.7375,-1.0869,1.3
840.87,0.7221,-1.1001,3.1
841.07,0.7272,-1.1071,2.9
841.27,0.7230,-1.1057,1.9
841.47,0.7028,-1.1166,4.7
841.67,0.7033,-1.1253,2.8
841.87,0.7008,-1.1251,1.9
842.07,0.6984,-1.1259,4.2
842.37,0.6947,-1.1466,2.2
842.67,0.6794,-1.1642,1.2
842.87,0.6765,-1.1820,3.1
843.07,0.6692,-1.1888,1.9
843.37,0.6723,-1.1971,2.2
843.67,0.6695,-1.2210,1.4
843.87,0.6751,-1.2258,4.0
844.08,0.6741,-1.2459,0.4
844.28,0.6771,-1.2527,1.2
844.48,0.6790,-1.2508,4.3
844.68,0.6839,-1.2649,0.7
844.88,0.6866,-1.2701,1.0
845.08,0.6875,-1.2665,3.0
845.38,0.6986,-1.2745,1.8
845.58,0.6953,-1.2755,1.5
845.78,0.6977,-1.2685,1.5
845.98,0.7021,-1.2657,1.5
846.28,0.6945,-1.2593,4.5
846.48,0.7006,-1.2563,0.4
846.68,0.6962,-1.2516,1.4
846.88,0.6888,-1.2475,5.0
847.08,0.6928,-1.2438,0.4
847.28,0.6876,-1.2410,0.9
847.48,0.6898,-1.2417,1.1
847.68,0.6847,-1.2380,2.8
847.98,0.6886,-1.2370,2.0
848.18,0.6851,-1.2306,2.0
848.38,0.6891,-1.2114,3.8
848.58,0.6924,-1.2204,3.9
848.78,0.6837,-1.2332,4.7
848.98,0.6813,-1.2236,2.8
849.18,0.6832,-1.2157,1.0
849.38,0.6838,-1.2104,1.0
849.58,0.6835,-1.1909,1.1
849.78,0.6893,-1.1852,2.2
850.08,0.6867,-1.1666,2.9
850.28,0.6929,-1.1551,1.7
850.48,0.6936,-1.1521,4.1
850.78,0.6918,-1.1271,1.1
850.98,0.6987,-1.1036,2.4
851.18,0.6999,-1.0904,1.0
851.38,0.6966,-1.0913,2.1
851.58,0.7055,-1.0743,1.7
851.78,0.7096,-1.0534,0.7
852.08,0.7169,-1.0310,2.1
852.28,0.7126,-1.0276,4.0
852.58,0.7105,-1.0012,1.1
852.78,0.7128,-1.0013,1.6
852.98,0.7108,-1.0058,2.5
853.18,0.7095,-0.9875,2.5
853.38,0.7086,-0.9707,0.8
853.68,0.7052,-0.9471,0.9
853.88,0.7043,-0.9308,0.7
854.08,0.7085,-0.9132,3.1
854.28,0.7007,-0.8964,2.2
854.48,0.7024,-0.8838,0.9
854.78,0.7017,-0.8528,1.5
854.99,0.7033,-0.8458,3.7
855.29,0.7064,-0.8193,1.8
855.49,0.6988,-0.8075,2.4
855.69,0.6998,-0.7949,1.3
855.89,0.7023,-0.7832,3.5
856.09,0.6896,-0.7727,2.5
856.29,0.6883,-0.7613,1.1
856.49,0.6899,-0.7521,3.5
856.69,0.6821,-0.7531,2.9
856.89,0.6817,-0.7489,0.8
857.09,0.6875,-0.7498,2.3
857.39,0.6706,-0.7545,4.3
857.59,0.6720,-0.7431,2.5
857.79,0.6683,-0.7463,1.4
857.99,0.6488,-0.7491,5.4
858.29,0.6493,-0.7456,3.2
858.49,0.6381,-0.7500,1.2
858.69,0.6359,-0.7535,0.2
858.89,0.6512,-0.7427,5.5
859.09,0.6604,-0.7479,1.9
859.29,0.6616,-0.7511,0.8
859.59,0.6672,-0.7493,0.9
859.79,0.6607,-0.7657,3.8
859.99,0.6498,-0.7703,1.8
860.19,0.6473,-0.7814,2.0
860.39,0.6352,-0.8010,2.7
860.59,0.6240,-0.8040,2.3
860.89,0.6287,-0.8057,3.1
861.09,0.6257,-0.8043,2.8
861.29,0.6204,-0.8090,3.6
861.59,0.6172,-0.8258,1.5
861.79,0.6056,-0.8429,1.4
861.99,0.6027,-0.8522,0.7
862.29,0.6023,-0.8580,1.7
862.49,0.6050,-0.8565,4.1
862.69,0.6074,-0.8717,0.9
862.89,0.6095,-0.8795,1.3
863.19,0.6140,-0.8926,2.3
863.49,0.6177,-0.9230,1.0
863.69,0.6188,-0.9281,1.6
863.89,0.6253,-0.9473,1.6
864.19,0.6264,-0.9657,2.5
864.39,0.6305,-0.9725,1.1
864.59,0.6389,-0.9854,1.9
864.79,0.6376,-1.0006,2.0
864.99,0.6417,-1.0068,0.8
865.29,0.6508,-1.0269,1.2
865.49,0.6535,-1.0347,1.6
865.69,0.6640,-1.0448,2.2
865.90,0.6682,-1.0554,1.5
866.10,0.6724,-1.0581,2.4
866.30,0.6838,-1.0659,1.7
866.60,0.6922,-1.0790,2.1
866.80,0.6997,-1.0798,0.5
867.00,0.7058,-1.0743,4.2
867.20,0.7054,-1.0843,2.2
867.50,0.7188,-1.0780,1.5
867.70,0.7225,-1.0762,1.4
868.00,0.7057,-1.0706,2.8
868.20,0.7192,-1.0645,1.1
868.50,0.7164,-1.0665,3.2
868.70,0.7316,-1.0611,0.8
868.90,0.7419,-1.0585,1.0
869.20,0.7498,-1.0538,0.8
869.50,0.7684,-1.0459,1.3
869.80,0.7819,-1.0343,1.2
870.00,0.7930,-1.0250,1.7
870.30,0.8069,-1.0215,1.4
870.50,0.8184,-1.0061,2.6
870.70,0.8290,-0.9999,1.5
870.90,0.8336,-0.9918,3.2
871.10,0.8437,-0.9763,0.9
871.40,0.8466,-0.9738,1.7
871.70,0.8490,-0.9565,1.5
871.90,0.8511,-0.9461,0.9
872.10,0.8465,-0.9488,3.1
872.30,0.8455,-0.9345,1.3
872.50,0.8425,-0.9317,1.0
872.80,0.8412,-0.9545,4.2
873.10,0.8339,-0.9306,1.0
873.30,0.8317,-0.9274,2.4
873.50,0.8279,-0.9088,1.1
873.80,0.8252,-0.8927,1.4
874.10,0.8192,-0.8868,1.1
874.30,0.8168,-0.8832,0.8
874.50,0.8138,-0.8790,1.4
874.80,0.8075,-0.8828,2.5
875.00,0.8154,-0.8808,1.6
875.20,0.8227,-0.8876,1.2
875.40,0.8119,-0.8951,4.5
875.70,0.8114,-0.8828,3.2
876.00,0.8044,-0.8978,5.2
876.20,0.8091,-0.8873,3.7
876.41,0.8251,-0.8851,2.2
876.61,0.8258,-0.8946,2.5
876.91,0.8310,-0.8813,3.3
877.11,0.8332,-0.8912,2.5
877.31,0.8211,-0.9003,1.3
877.51,0.8173,-0.9062,2.1
877.71,0.8116,-0.9140,0.9
877.91,0.8023,-0.9199,1.1
878.21,0.7815,-0.9335,0.4
878.41,0.7869,-0.9370,3.5
878.61,0.7757,-0.9351,2.0
878.91,0.7669,-0.9516,1.9
879.11,0.7561,-0.9597,1.6
879.31,0.7510,-0.9677,2.4
879.51,0.7393,-0.9858,1.7
879.71,0.7303,-0.9945,1.4
879.91,0.7248,-1.0020,2.4
880.11,0.7130,-1.0257,2.8
880.41,0.7027,-1.0422,2.4
880.61,0.7101,-1.0503,2.3
880.81,0.7084,-1.0707,3.4
881.01,0.7066,-1.0637,2.6
881.21,0.7135,-1.0523,5.2
881.41,0.7111,-1.0701,4.8
881.71,0.7142,-1.0896,5.8
881.91,0.7028,-1.0961,2.9
882.11,0.7027,-1.0954,2.3
882.41,0.7037,-1.1148,1.5
882.61,0.7003,-1.1231,3.5
882.81,0.6951,-1.1414,1.5
883.01,0.6952,-1.1534,1.2
883.21,0.6970,-1.1687,1.7
883.41,0.6905,-1.1827,1.9
883.71,0.6968,-1.1950,3.3
883.91,0.6949,-1.2032,1.4
884.21,0.6992,-1.2049,0.9
884.41,0.7080,-1.2078,3.6
884.61,0.6998,-1.2053,2.1
884.81,0.6965,-1.1969,2.0
885.01,0.7117,-1.2069,1.7
885.21,0.7086,-1.2109,2.0
885.41,0.7074,-1.2039,0.7
885.61,0.7134,-1.1960,4.7
885.81,0.7025,-1.2012,3.1
886.11,0.7016,-1.1899,1.1
886.31,0.7059,-1.1876,0.7
886.51,0.6922,-1.1918,2.2
886.71,0.7021,-1.1849,1.5
887.01,0.7126,-1.1856,2.3
887.21,0.7067,-1.1847,0.8
887.41,0.7035,-1.1747,4.7
887.62,0.7090,-1.1777,1.7
887.92,0.7133,-1.1617,1.3
888.12,0.7128,-1.1558,0.3
888.32,0.7116,-1.1748,5.4
888.52,0.7010,-1.1702,2.8
888.72,0.6987,-1.1669,1.5
888.92,0.7003,-1.1612,2.9
889.22,0.7026,-1.1332,1.4
889.42,0.7096,-1.1245,2.1
889.62,0.7121,-1.1101,0.9
889.82,0.7102,-1.0926,3.6
890.02,0.7169,-1.0846,2.0
890.22,0.7125,-1.0789,2.4
890.52,0.7100,-1.0519,1.2
890.72,0.7085,-1.0509,4.2
890.92,0.7094,-1.0362,1.2
891.22,0.7108,-1.0181,0.9
891.52,0.7135,-0.9932,1.1
891.72,0.7162,-0.9788,0.6
891.92,0.7230,-0.9623,2.1
892.12,0.7196,-0.9455,3.1
892.32,0.7266,-0.9375,2.3
892.52,0.7289,-0.9288,3.4
892.72,0.7260,-0.9091,2.3
892.92,0.7287,-0.8957,1.5
893.22,0.7216,-0.8929,2.1
893.42,0.7162,-0.8786,0.7
893.62,0.7154,-0.8696,1.2
893.82,0.7133,-0.8644,0.5
894.02,0.7061,-0.8475,1.9
894.22,0.7080,-0.8263,3.0
894.52,0.6993,-0.8123,2.4
894.72,0.6985,-0.8036,0.9
894.92,0.7012,-0.7982,3.4
895.12,0.6916,-0.7984,2.8
895.32,0.6891,-0.7915,0.9
895.62,0.6895,-0.7939,1.0
895.82,0.6768,-0.7955,3.8
896.02,0.6745,-0.7820,2.2
896.22,0.6660,-0.7815,0.8
896.52,0.6450,-0.7735,1.7
896.72,0.6490,-0.7855,4.8
897.02,0.6284,-0.7898,1.8
897.22,0.6299,-0.7859,1.5
897.42,0.6401,-0.7882,1.3
897.72,0.6367,-0.7957,0.4
897.92,0.6458,-0.7805,6.4
898.12,0.6533,-0.7876,2.0
898.32,0.6540,-0.7872,1.1
898.53,0.6631,-0.7791,2.5
898.73,0.6540,-0.7918,1.8
898.93,0.6429,-0.7969,0.8
899.23,0.6390,-0.8057,1.8
899.43,0.6258,-0.8209,2.4
899.63,0.6176,-0.8197,2.2
899.83,0.6227,-0.8172,0.9
900.03,0.6269,-0.8235,3.1
900.33,0.6111,-0.8281,3.2
900.53,0.6053,-0.8414,1.3
900.73,0.5947,-0.8536,0.6
900.93,0.5814,-0.8616,4.3
901.13,0.5845,-0.8660,2.9
901.33,0.5813,-0.8653,2.2
901.53,0.5742,-0.8718,2.3
901.73,0.5708,-0.8922,3.0
901.93,0.5652,-0.9000,1.9
902.13,0.5745,-0.9003,4.9
902.43,0.5787,-0.9158,0.8
902.63,0.5776,-0.9149,1.3
902.93,0.5838,-0.9283,0.9
903.13,0.5861,-0.9397,1.1
903.33,0.5879,-0.9399,2.5
903.53,0.5955,-0.9570,1.0
903.73,0.5984,-0.9638,1.2
903.93,0.6009,-0.9681,2.0
904.23,0.6130,-0.9834,0.9
904.43,0.6175,-0.9966,1.7
904.63,0.6244,-1.0014,0.4
904.93,0.6330,-1.0111,1.4
905.13,0.6363,-1.0154,2.0
905.33,0.6514,-1.0199,2.9
905.53,0.6575,-1.0252,1.6
905.73,0.6593,-1.0191,4.9
906.03,0.6808,-1.0196,1.3
906.23,0.6862,-1.0249,1.5
906.43,0.6927,-1.0214,1.0
906.63,0.7033,-1.0163,3.4
906.83,0.7101,-1.0222,2.3
907.03,0.7137,-1.0157,2.1
907.23,0.7308,-1.0086,2.5
907.43,0.7367,-1.0135,2.0
907.63,0.7394,-1.0103,0.9
907.83,0.7566,-0.9998,3.6
908.13,0.7664,-0.9950,5.0
908.33,0.7847,-0.9890,1.3
908.53,0.7912,-0.9874,1.2
908.73,0.7948,-0.9828,2.2
908.93,0.7995,-0.9779,1.3
909.23,0.8156,-0.9691,2.8
909.43,0.8269,-0.9557,1.0
909.63,0.8354,-0.9437,3.0
909.84,0.8461,-0.9428,2.1
910.04,0.8427,-0.9399,0.7
910.24,0.8363,-0.9316,4.9
910.44,0.8421,-0.9331,1.9
910.74,0.8371,-0.9190,0.4
910.94,0.8335,-0.9143,0.7
911.14,0.8358,-0.9275,2.9
911.34,0.8282,-0.9207,2.1
911.54,0.8274,-0.9055,1.2
911.84,0.8244,-0.8993,1.2
912.04,0.8134,-0.8892,3.6
912.24,0.8184,-0.8783,2.4
912.44,0.8164,-0.8796,0.9
912.64,0.8080,-0.8786,3.4
912.84,0.8129,-0.8723,2.0
913.04,0.8142,-0.8784,0.8
913.24,0.8071,-0.8828,3.8
913.44,0.8106,-0.8750,1.9
913.64,0.8109,-0.8772,1.5
913.94,0.7889,-0.8725,1.0
914.14,0.7904,-0.8699,2.8
914.34,0.7811,-0.8791,3.4
914.54,0.7741,-0.8750,1.6
914.74,0.7831,-0.8774,3.6
915.04,0.7818,-0.8890,2.5
915.34,0.7907,-0.8767,2.8
915.54,0.7915,-0.8870,2.4
915.84,0.7722,-0.8989,1.9
916.04,0.7648,-0.9088,1.2
916.24,0.7534,-0.9196,1.5
916.44,0.7352,-0.9261,2.5
916.64,0.7273,-0.9362,1.0
916.84,0.7219,-0.9452,1.8
917.04,0.7076,-0.9509,1.9
917.24,0.6989,-0.9635,0.9
917.54,0.6799,-0.9826,1.8
917.74,0.6839,-0.9883,4.7
917.94,0.6756,-1.0094,1.1
918.14,0.6701,-1.0207,1.1
918.34,0.6700,-1.0207,3.5
918.54,0.6648,-1.0390,1.1
918.74,0.6598,-1.0512,1.0
918.94,0.6562,-1.0585,2.1
919.24,0.6566,-1.0856,4.3
919.54,0.6576,-1.0864,4.5
919.74,0.6588,-1.1035,0.5
919.94,0.6627,-1.1087,1.2
920.14,0.6647,-1.1039,4.2
920.34,0.6675,-1.1195,1.1
920.54,0.6702,-1.1269,1.2
920.84,0.6758,-1.1371,1.1
921.04,0.6806,-1.1456,0.8
921.24,0.6826,-1.1534,1.4
921.45,0.6865,-1.1542,0.6
921.75,0.6951,-1.1610,1.4
921.95,0.6927,-1.1575,2.4
922.15,0.7009,-1.1561,1.5
922.35,0.7013,-1.1529,1.4
922.55,0.6927,-1.1480,4.0
922.85,0.7096,-1.1424,2.3
923.05,0.7090,-1.1464,1.7
923.25,0.7051,-1.1428,1.5
923.45,0.7184,-1.1336,3.4
923.75,0.7150,-1.1362,3.3
923.95,0.7220,-1.1280,0.9
924.15,0.7246,-1.1251,1.1
924.45,0.7174,-1.1253,1.9
924.65,0.7322,-1.1087,1.6
924.95,0.7527,-1.1020,3.1
925.15,0.7565,-1.0856,2.5
925.35,0.7664,-1.0794,1.3
925.55,0.7719,-1.0740,1.6
925.75,0.7791,-1.0574,2.2
926.05,0.7812,-1.0582,2.5
926.25,0.7740,-1.0637,3.4
926.45,0.7747,-1.0474,0.8
926.65,0.7747,-1.0463,1.3
926.85,0.7718,-1.0468,1.7
927.15,0.7716,-1.0178,1.1
927.35,0.7748,-1.0071,1.9
927.55,0.7716,-0.9872,2.7
927.75,0.7770,-0.9730,1.7
927.95,0.7773,-0.9637,3.9
928.15,0.7734,-0.9415,2.1
928.45,0.7736,-0.9223,1.7
928.75,0.7647,-0.9056,0.8
928.95,0.7611,-0.8932,0.5
929.25,0.7600,-0.8852,0.8
929.45,0.7521,-0.8766,2.1
929.65,0.7542,-0.8577,3.0
929.85,0.7485,-0.8495,0.8
930.05,0.7433,-0.8462,1.9
930.35,0.7474,-0.8379,2.4
930.55,0.7313,-0.8328,2.9
930.75,0.7236,-0.8250,0.9
930.95,0.7264,-0.8262,2.0
931.15,0.7077,-0.8216,2.9
931.36,0.7010,-0.8166,1.3
931.56,0.7204,-0.8247,5.5
931.76,0.7126,-0.8278,5.9
931.96,0.7057,-0.8317,1.2
932.26,0.7127,-0.8341,1.7
932.46,0.7070,-0.8325,3.9
932.66,0.6971,-0.8369,1.7
932.96,0.6909,-0.8429,0.7
933.16,0.6898,-0.8460,0.9
933.36,0.6845,-0.8478,1.0
933.56,0.6760,-0.8585,2.2
933.76,0.6686,-0.8633,1.3
934.06,0.6612,-0.8722,0.9
934.26,0.6536,-0.8901,3.2
934.46,0.6411,-0.8978,1.8
934.66,0.6408,-0.9108,2.2
934.86,0.6331,-0.9295,2.0
935.16,0.6290,-0.9302,3.3
935.36,0.6279,-0.9473,2.0
935.56,0.6251,-0.9567,1.5
935.76,0.6321,-0.9595,4.3
936.06,0.6348,-0.9846,1.8
936.36,0.6329,-0.9787,4.1
936.56,0.6387,-0.9934,0.7
936.76,0.6410,-1.0090,1.1
936.96,0.6428,-1.0116,2.6
937.16,0.6494,-1.0324,1.3
937.46,0.6508,-1.0456,1.7
937.66,0.6557,-1.0493,1.0
937.96,0.6632,-1.0701,1.0
938.16,0.6640,-1.0746,1.8
938.36,0.6749,-1.0879,1.9
938.66,0.6785,-1.0989,2.1
938.96,0.6876,-1.0983,2.5
939.16,0.6924,-1.1019,1.3
939.36,0.6949,-1.1000,2.6
939.56,0.7071,-1.1021,1.5
939.76,0.7111,-1.1024,1.3
939.96,0.7091,-1.1012,2.5
940.16,0.7196,-1.0990,2.0
940.36,0.7229,-1.0972,1.3
940.56,0.7231,-1.0934,4.1
940.86,0.7387,-1.0843,2.2
941.06,0.7425,-1.0895,2.0
941.26,0.7426,-1.0859,1.1
941.46,0.7518,-1.0727,4.5
941.66,0.7587,-1.0764,2.0
941.96,0.7652,-1.0613,0.9
942.16,0.7681,-1.0565,0.7
942.37,0.7638,-1.0617,2.2
942.67,0.7699,-1.0395,3.9
942.87,0.7807,-1.0308,1.7
943.07,0.7752,-1.0199,2.3
943.27,0.7798,-1.0095,1.1
943.47,0.7781,-1.0065,1.4
943.67,0.7746,-1.0055,1.6
943.87,0.7760,-0.9910,2.2
944.17,0.7787,-0.9678,1.6
944.37,0.7789,-0.9434,2.0
944.57,0.7808,-0.9306,1.4
944.87,0.7780,-0.9153,1.9
945.17,0.7754,-0.8852,1.0
945.47,0.7736,-0.8698,0.8
945.67,0.7672,-0.8534,2.8
945.87,0.7726,-0.8418,2.5
946.07,0.7680,-0.8358,0.9
946.37,0.7621,-0.8149,1.3
946.57,0.7625,-0.8110,2.3
946.77,0.7529,-0.8080,2.5
946.97,0.7482,-0.8038,0.7
947.17,0.7539,-0.8111,1.7
947.47,0.7405,-0.8110,3.0
947.67,0.7482,-0.8098,1.8
947.87,0.7560,-0.8171,3.0
948.07,0.7386,-0.8183,1.6
948.27,0.7254,-0.8095,2.0
948.57,0.7261,-0.8122,3.5
948.87,0.7366,-0.8070,2.5
949.07,0.7463,-0.8091,1.8
949.27,0.7387,-0.8217,3.8
949.47,0.7411,-0.8145,2.4
949.77,0.7544,-0.8151,1.8
950.07,0.7338,-0.8315,2.9
950.27,0.7264,-0.8420,1.0
950.47,0.7270,-0.8460,2.6
950.67,0.7100,-0.8566,1.2
950.87,0.7044,-0.8629,0.6
951.17,0.7005,-0.8661,2.3
951.37,0.6937,-0.8706,2.5
951.57,0.6873,-0.8923,3.1
951.77,0.6790,-0.9018,2.4
951.97,0.6860,-0.9052,4.1
952.17,0.6796,-0.9246,0.7
952.37,0.6775,-0.9344,1.1
952.57,0.6821,-0.9233,4.1
952.77,0.6815,-0.9379,1.3
952.97,0.6773,-0.9564,0.7
953.17,0.6730,-0.9715,1.5
953.47,0.6717,-1.0083,4.6
953.67,0.6648,-1.0078,2.3
953.87,0.6722,-1.0030,3.0
954.08,0.6763,-1.0198,0.7
954.28,0.6772,-1.0224,1.3
954.58,0.6837,-1.0367,1.2
954.78,0.6847,-1.0511,1.3
954.98,0.6883,-1.0633,1.7
955.18,0.6923,-1.0794,0.8
955.48,0.6964,-1.0985,1.2
955.68,0.7002,-1.1063,0.4
955.98,0.7075,-1.1223,1.2
956.18,0.7090,-1.1277,1.7
956.38,0.7204,-1.1363,2.3
956.68,0.7240,-1.1451,1.8
956.88,0.7281,-1.1418,0.8
957.08,0.7362,-1.1376,3.8
957.28,0.7367,-1.1424,1.6
957.48,0.7423,-1.1358,1.9
957.68,0.7536,-1.1328,2.8
957.98,0.7422,-1.1336,3.9
958.18,0.7491,-1.1261,1.1
958.38,0.7544,-1.1231,1.4
958.58,0.7474,-1.1230,3.5
958.78,0.7567,-1.1150,1.1
959.08,0.7552,-1.1162,1.9
959.28,0.7491,-1.1154,2.0
959.58,0.7682,-1.0989,1.1
959.78,0.7623,-1.1034,3.0
959.98,0.7712,-1.0874,1.5
960.28,0.7785,-1.0798,2.0
960.48,0.7756,-1.0743,1.4
960.78,0.7835,-1.0571,1.4
960.98,0.7752,-1.0576,4.8
961.28,0.7724,-1.0390,1.8
961.58,0.7726,-1.0461,4.1
961.78,0.7673,-1.0333,1.4
961.98,0.7685,-1.0176,0.9
962.28,0.7658,-1.0112,1.8
962.48,0.7607,-0.9914,1.8
962.68,0.7672,-0.9717,3.0
962.98,0.7615,-0.9480,3.4
963.18,0.7671,-0.9376,2.1
963.38,0.7679,-0.9291,3.0
963.68,0.7565,-0.8980,5.4
963.88,0.7599,-0.8931,1.9
964.08,0.7538,-0.8974,2.3
964.28,0.7520,-0.8876,4.0
964.48,0.7464,-0.8816,1.8
964.68,0.7431,-0.8808,1.4
964.98,0.7410,-0.8681,2.0
965.18,0.7347,-0.8558,1.7
965.38,0.7274,-0.8454,1.7
965.59,0.7230,-0.8359,0.7
965.79,0.7211,-0.8278,2.7
966.09,0.7053,-0.8248,2.3
966.39,0.7055,-0.8141,2.5
966.69,0.6762,-0.8046,3.3
966.89,0.6732,-0.7941,2.8
967.09,0.6699,-0.7983,1.4
967.29,0.6539,-0.8010,4.0
967.49,0.6489,-0.7885,2.6
967.79,0.6305,-0.7931,1.6
968.09,0.6291,-0.7894,3.0
968.29,0.6369,-0.7948,2.8
968.49,0.6214,-0.8031,2.2
968.79,0.6261,-0.7956,3.0
969.09,0.6227,-0.8117,4.0
969.39,0.6240,-0.8050,2.1
969.59,0.6188,-0.8170,2.6
969.79,0.6066,-0.8243,1.2
970.09,0.5984,-0.8349,1.3
970.29,0.5857,-0.8506,2.0
970.49,0.5771,-0.8520,1.9
970.69,0.5777,-0.8570,0.8
970.89,0.5773,-0.8720,4.3
971.09,0.5674,-0.8744,2.3
971.39,0.5696,-0.8932,0.9
971.59,0.5710,-0.8986,1.4
971.79,0.5765,-0.8877,4.2
972.09,0.5787,-0.9065,1.1
972.29,0.5763,-0.9189,1.6
972.49,0.5787,-0.9312,1.2
972.69,0.5840,-0.9517,3.8
972.89,0.5781,-0.9550,2.3
973.19,0.5873,-0.9595,0.6
973.39,0.5912,-0.9656,1.1
973.69,0.5986,-0.9786,1.8
973.89,0.6018,-0.9951,2.3
974.09,0.6072,-1.0097,1.1
974.29,0.6121,-1.0176,1.0
974.49,0.6162,-1.0282,1.9
974.69,0.6244,-1.0455,1.2
974.89,0.6296,-1.0508,0.3
975.09,0.6369,-1.0501,2.8
975.39,0.6392,-1.0613,1.9
975.59,0.6511,-1.0667,1.6
975.79,0.6540,-1.0684,1.3
975.99,0.6514,-1.0667,2.6
976.19,0.6668,-1.0682,2.3
976.39,0.6730,-1.0709,1.4
976.59,0.6722,-1.0657,4.0
976.89,0.6863,-1.0578,2.5
977.10,0.6862,-1.0627,1.6
977.30,0.6830,-1.0599,1.2
977.60,0.6967,-1.0515,1.4
977.80,0.6926,-1.0444,5.2
978.00,0.7063,-1.0370,1.3
978.20,0.7057,-1.0370,1.2
978.40,0.7010,-1.0400,2.0
978.70,0.6877,-1.0458,1.3
978.90,0.6844,-1.0570,1.7
979.10,0.6764,-1.0696,1.0
979.30,0.6626,-1.0745,5.4
979.50,0.6698,-1.0826,2.2
979.70,0.6687,-1.0967,0.8
979.90,0.6569,-1.1081,5.8
980.10,0.6687,-1.1129,3.4
980.30,0.6798,-1.1283,1.0
980.50,0.6758,-1.1397,4.7
980.70,0.6870,-1.1366,2.5
981.00,0.6864,-1.1460,1.8
981.20,0.6800,-1.1446,1.2
981.40,0.6952,-1.1464,5.1
981.70,0.6801,-1.1569,1.9
981.90,0.6586,-1.1507,2.3
982.10,0.6411,-1.1494,1.3
982.30,0.6280,-1.1507,1.9
982.50,0.6100,-1.1418,2.8
982.80,0.5815,-1.1441,2.9
983.00,0.5681,-1.1384,1.8
983.20,0.5588,-1.1369,2.8
983.50,0.5201,-1.1456,5.2
983.70,0.5182,-1.1392,3.1
983.90,0.5263,-1.1444,3.1
984.10,0.5131,-1.1470,2.9
984.40,0.5070,-1.1541,4.8
984.60,0.4912,-1.1523,1.5
984.80,0.4862,-1.1506,1.0
985.00,0.4847,-1.1563,4.8
985.30,0.4609,-1.1586,1.5
985.50,0.4469,-1.1602,1.3
985.70,0.4351,-1.1636,1.1
985.90,0.4203,-1.1664,1.2
986.10,0.4038,-1.1630,2.5
986.40,0.3793,-1.1696,2.6
986.60,0.3631,-1.1672,1.3
986.80,0.3499,-1.1657,1.5
987.10,0.3232,-1.1741,3.1
987.30,0.3068,-1.1674,2.0
987.50,0.2971,-1.1711,1.8
987.80,0.2646,-1.1729,1.1
988.00,0.2552,-1.1736,2.3
988.20,0.2321,-1.1779,1.7
988.41,0.2150,-1.1772,1.1
988.71,0.1918,-1.1797,1.1
988.91,0.1752,-1.1854,3.3
989.11,0.1587,-1.1794,2.0
989.31,0.1481,-1.1829,1.3
989.51,0.1277,-1.1899,3.1
989.71,0.1149,-1.1884,1.4
990.01,0.0980,-1.1964,1.3
990.21,0.0862,-1.1963,1.5
990.41,0.0736,-1.2029,3.9
990.61,0.0574,-1.2066,1.3
990.91,0.0395,-1.2091,0.7
991.11,0.0307,-1.2126,1.2
991.31,0.0157,-1.2198,1.6
991.51,0.0002,-1.2188,2.2
991.71,-0.0086,-1.2244,0.6
992.01,-0.0295,-1.2352,1.4
992.31,-0.0372,-1.2466,1.4
992.51,-0.0435,-1.2516,1.4
992.71,-0.0552,-1.2596,1.0
992.91,-0.0523,-1.2583,0.4
993.21,-0.0408,-1.2518,0.5
993.41,-0.0405,-1.2385,5.1
993.61,-0.0296,-1.2343,2.4
993.81,-0.0259,-1.2283,0.4
994.01,-0.0287,-1.2132,5.1
994.21,-0.0202,-1.2123,1.8
994.51,-0.0236,-1.2049,2.9
994.71,-0.0308,-1.1881,1.1
994.91,-0.0244,-1.1778,4.9
995.11,-0.0353,-1.1773,2.4
995.31,-0.0474,-1.1659,1.1
995.51,-0.0471,-1.1530,5.4
995.81,-0.0653,-1.1599,4.3
996.01,-0.0748,-1.1502,2.3
996.21,-0.0747,-1.1467,0.4
996.41,-0.0893,-1.1625,6.4
996.71,-0.0996,-1.1519,1.7
996.91,-0.0965,-1.1562,1.8
997.21,-0.0947,-1.1441,2.6
997.41,-0.0843,-1.1332,0.7
997.61,-0.0846,-1.1310,1.8
997.81,-0.0818,-1.1269,0.8
998.01,-0.0775,-1.1251,0.8
998.31,-0.0505,-1.1112,0.5
998.51,-0.0373,-1.1037,0.8
998.71,-0.0190,-1.0969,2.3
999.01,-0.0044,-1.0838,1.7
999.21,0.0109,-1.0787,1.1
999.41,0.0317,-1.0707,3.6
999.62,0.0350,-1.0596,2.3
999.92,0.0547,-1.0587,2.0
1000.12,0.0645,-1.0529,1.6
1000.42,0.0771,-1.0471,1.5
1000.72,0.0963,-1.0363,0.6
1000.92,0.1087,-1.0227,2.4
1001.22,0.1288,-1.0128,1.3
1001.42,0.1460,-0.9973,2.4
1001.62,0.1607,-0.9900,1.3
1001.82,0.1665,-0.9831,2.4
1002.02,0.1819,-0.9679,1.0
1002.32,0.1974,-0.9557,1.7
1002.52,0.2058,-0.9476,0.7
1002.72,0.2127,-0.9400,1.6
1003.02,0.2399,-0.9313,2.9
1003.22,0.2476,-0.9184,2.5
1003.52,0.2685,-0.9165,3.3
1003.72,0.2781,-0.9064,2.1
1004.02,0.2972,-0.8982,1.0
1004.22,0.3195,-0.8915,4.3
1004.42,0.3253,-0.8823,1.5
1004.62,0.3325,-0.8860,2.3
1004.82,0.3516,-0.8809,0.6
1005.12,0.3706,-0.8743,2.1
1005.32,0.3881,-0.8692,1.8
1005.52,0.3981,-0.8635,0.9
1005.72,0.4101,-0.8563,1.5
1005.92,0.4345,-0.8516,3.5
1006.22,0.4511,-0.8374,2.1
1006.42,0.4647,-0.8345,0.9
1006.62,0.4852,-0.8296,4.1
1006.82,0.4909,-0.8198,1.6
1007.02,0.4956,-0.8236,1.8
1007.22,0.5145,-0.8205,1.1
1007.52,0.5374,-0.8071,1.5
1007.72,0.5605,-0.8043,3.5
1007.92,0.5716,-0.7947,2.2
1008.22,0.5855,-0.7962,2.1
1008.42,0.6051,-0.7965,2.8
1008.62,0.6063,-0.7919,2.0
1008.82,0.6042,-0.7951,2.5
1009.02,0.6202,-0.7972,1.7
1009.32,0.6486,-0.7875,1.9
1009.52,0.6551,-0.7903,1.4
1009.82,0.6736,-0.7804,1.0
1010.02,0.6890,-0.7799,0.7
1010.23,0.6978,-0.7812,1.3
1010.43,0.7165,-0.7757,2.0
1010.73,0.7433,-0.7798,3.4
1010.93,0.7560,-0.7742,2.2
1011.13,0.7638,-0.7714,2.2
1011.33,0.7822,-0.7776,3.3
1011.53,0.7959,-0.7737,2.6
1011.73,0.8020,-0.7761,3.8
1012.03,0.8315,-0.7826,2.5
1012.23,0.8413,-0.7776,1.7
1012.43,0.8488,-0.7823,1.5
1012.63,0.8664,-0.7872,1.8
1012.83,0.8846,-0.7834,2.5
1013.13,0.8938,-0.7873,2.3
1013.33,0.9020,-0.7865,1.3
1013.53,0.9211,-0.7840,4.6
1013.73,0.9288,-0.7918,1.7
1014.03,0.9351,-0.7939,1.1
1014.23,0.9371,-0.7995,1.7
1014.53,0.9488,-0.8095,1.0
1014.73,0.9540,-0.8139,0.7
1014.93,0.9507,-0.8165,1.9
1015.23,0.9549,-0.8215,1.3
1015.43,0.9520,-0.8261,0.7
1015.63,0.9487,-0.8211,1.1
1015.83,0.9488,-0.8236,1.0
1016.03,0.9452,-0.8247,1.3
1016.33,0.9442,-0.8301,1.5
1016.53,0.9392,-0.8342,4.0
1016.73,0.9365,-0.8472,1.9
1016.93,0.9378,-0.8501,2.0
1017.23,0.9281,-0.8646,1.0
1017.43,0.9319,-0.8697,4.6
1017.63,0.9239,-0.8842,1.1
1017.83,0.9199,-0.8913,0.3
1018.03,0.9117,-0.8983,1.7
1018.23,0.9035,-0.9208,3.2
1018.43,0.8944,-0.9303,1.9
1018.63,0.8985,-0.9354,3.8
1018.83,0.8919,-0.9511,0.7
1019.03,0.8834,-0.9660,0.9
1019.23,0.8761,-0.9769,1.3
1019.43,0.8661,-0.9976,2.2
1019.63,0.8578,-1.0080,1.4
1019.83,0.8556,-1.0154,4.1
1020.03,0.8492,-1.0378,1.9
1020.33,0.8403,-1.0575,1.9
1020.53,0.8429,-1.0657,1.9
1020.73,0.8393,-1.0880,1.6
1020.94,0.8290,-1.1015,2.0
1021.14,0.8260,-1.1184,0.9
1021.44,0.8186,-1.1414,2.3
1021.64,0.8261,-1.1423,3.9
1021.84,0.8244,-1.1604,0.9
1022.14,0.8268,-1.1660,1.4
1022.34,0.8313,-1.1687,2.4
1022.64,0.8340,-1.2006,0.8
1022.84,0.8304,-1.2082,2.5
1023.14,0.8448,-1.2229,4.2
1023.34,0.8377,-1.2277,1.8
1023.64,0.8455,-1.2284,1.6
1023.84,0.8488,-1.2310,1.0
1024.04,0.8373,-1.2200,3.3
1024.24,0.8505,-1.2239,1.9
1024.44,0.8599,-1.2335,1.0
1024.64,0.8522,-1.2319,3.3
1024.84,0.8634,-1.2263,2.8
1025.04,0.8699,-1.2306,1.4
1025.24,0.8681,-1.2255,4.2
1025.44,0.8811,-1.2231,1.5
1025.64,0.8844,-1.2209,1.4
1025.84,0.8692,-1.2219,4.4
1026.04,0.8724,-1.2156,1.0
1026.34,0.8794,-1.2120,1.4
1026.54,0.8801,-1.2056,1.4
1026.74,0.8840,-1.2005,1.0
1026.94,0.8864,-1.2010,1.6
1027.14,0.8842,-1.1937,1.9
1027.34,0.8906,-1.1825,1.2
1027.54,0.8999,-1.1772,1.5
1027.74,0.9028,-1.1677,0.8
1027.94,0.9032,-1.1534,4.5
1028.14,0.9105,-1.1521,2.3
1028.44,0.9018,-1.1401,0.5
1028.64,0.8987,-1.1387,1.0
1028.84,0.8985,-1.1491,3.5
1029.04,0.8934,-1.1378,1.2
1029.24,0.8929,-1.1201,1.1
1029.44,0.8963,-1.1060,2.7
1029.64,0.8881,-1.0932,2.9
1029.94,0.8972,-1.0732,3.1
1030.14,0.8926,-1.0591,2.1
1030.44,0.8928,-1.0353,1.4
1030.64,0.8964,-1.0206,2.3
1030.84,0.8901,-1.0009,2.7
1031.14,0.8933,-0.9821,2.2
1031.35,0.8879,-0.9768,0.8
1031.55,0.8780,-0.9649,4.4
1031.75,0.8823,-0.9597,1.9
1032.05,0.8730,-0.9546,1.6
1032.25,0.8688,-0.9510,0.9
1032.45,0.8799,-0.9599,2.5
1032.65,0.8683,-0.9599,2.3
1032.85,0.8622,-0.9567,0.5
1033.15,0.8799,-0.9653,2.2
1033.35,0.8683,-0.9709,3.4
1033.55,0.8746,-0.9638,3.3
1033.75,0.8846,-0.9701,3.4
1033.95,0.8665,-0.9825,4.1
1034.15,0.8523,-0.9735,2.5
1034.45,0.8546,-0.9796,3.5
1034.65,0.8524,-0.9789,1.3
1034.85,0.8575,-0.9784,2.9
1035.15,0.8392,-0.9991,3.5
1035.45,0.8226,-1.0023,1.9
1035.65,0.8130,-1.0180,2.9
1035.85,0.7993,-1.0259,1.5
1036.05,0.7984,-1.0334,4.0
1036.35,0.7763,-1.0592,1.0
1036.55,0.7583,-1.0695,2.7
1036.75,0.7518,-1.0804,1.3
1036.95,0.7472,-1.0870,1.6
1037.15,0.7291,-1.1002,2.3
1037.35,0.7184,-1.1126,1.3
1037.55,0.7122,-1.1216,1.6
1037.75,0.7004,-1.1299,1.8
1037.95,0.6944,-1.1415,0.6
1038.15,0.6928,-1.1593,4.4
1038.35,0.6835,-1.1620,2.5
1038.65,0.6896,-1.1804,1.2
1038.85,0.6881,-1.1892,1.5
1039.05,0.6901,-1.1891,3.9
1039.25,0.6912,-1.2084,1.3
1039.45,0.6920,-1.2186,1.3
1039.65,0.6979,-1.2190,4.4
1039.85,0.7014,-1.2352,0.5
1040.15,0.7036,-1.2425,1.6
1040.35,0.7114,-1.2436,1.9
1040.55,0.7183,-1.2529,1.3
1040.85,0.7177,-1.2532,2.6
1041.05,0.7263,-1.2593,1.2
1041.25,0.7281,-1.2595,1.2
1041.45,0.7252,-1.2547,2.4
1041.75,0.7289,-1.2461,1.8
1041.95,0.7253,-1.2471,1.7
1042.15,0.7233,-1.2395,2.1
1042.35,0.7278,-1.2345,1.6
1042.55,0.7266,-1.2369,1.3
1042.76,0.7198,-1.2348,1.0
1042.96,0.7187,-1.2283,2.4
1043.16,0.7243,-1.2291,1.8
1043.36,0.7223,-1.2196,1.9
1043.56,0.7265,-1.2142,1.7
1043.76,0.7276,-1.2097,1.4
1044.06,0.7311,-1.1892,1.1
1044.26,0.7348,-1.1791,0.9
1044.46,0.7391,-1.1729,1.7
1044.66,0.7379,-1.1552,2.9
1044.96,0.7436,-1.1410,2.3
1045.26,0.7382,-1.1222,0.8
1045.46,0.7365,-1.1119,1.1
1045.66,0.7365,-1.1158,4.0
1045.86,0.7346,-1.1016,1.1
1046.06,0.7349,-1.0897,0.5
1046.36,0.7388,-1.0653,1.0
1046.66,0.7430,-1.0483,1.8
1046.86,0.7467,-1.0381,3.6
1047.06,0.7447,-1.0163,1.8
1047.36,0.7471,-0.9957,1.9
1047.56,0.7438,-0.9921,2.2
1047.76,0.7421,-0.9728,2.1
1048.06,0.7448,-0.9522,1.6
1048.26,0.7438,-0.9313,2.1
1048.56,0.7469,-0.9109,1.9
1048.76,0.7428,-0.9004,1.6
1048.96,0.7347,-0.8783,4.1
1049.16,0.7392,-0.8671,1.7
1049.46,0.7293,-0.8526,0.9
1049.66,0.7261,-0.8447,1.0
1049.86,0.7264,-0.8469,2.4
1050.06,0.7183,-0.8340,1.0
1050.26,0.7142,-0.8267,0.6
1050.46,0.7147,-0.8230,1.8
1050.66,0.7050,-0.8215,2.3
1050.86,0.7016,-0.8169,0.8
1051.06,0.7111,-0.8212,2.2
1051.26,0.7012,-0.8222,1.8
1051.56,0.6876,-0.8134,2.2
1051.76,0.6828,-0.8148,1.0
1051.96,0.6706,-0.8211,4.4
1052.16,0.6656,-0.8106,2.1
1052.36,0.6689,-0.8170,1.8
1052.66,0.6585,-0.8241,0.2
1052.96,0.6797,-0.8149,1.8
1053.17,0.6784,-0.8259,3.3
1053.37,0.6779,-0.8183,2.5
1053.57,0.6890,-0.8138,2.7
1053.87,0.6746,-0.8323,0.9
1054.07,0.6676,-0.8356,1.8
1054.27,0.6592,-0.8484,2.0
1054.47,0.6461,-0.8562,0.7
1054.77,0.6322,-0.8604,0.2
1054.97,0.6379,-0.8614,3.4
1055.17,0.6254,-0.8569,3.2
1055.37,0.6290,-0.8547,3.1
1055.67,0.6156,-0.8787,0.5
1055.97,0.6007,-0.8967,1.1
1056.17,0.5970,-0.9064,1.6
1056.37,0.5876,-0.9150,1.6
1056.57,0.5868,-0.9281,1.4
1056.77,0.5864,-0.9459,3.6
1057.07,0.5857,-0.9317,5.0
1057.37,0.5881,-0.9413,4.0
1057.57,0.5919,-0.9452,2.2
1057.77,0.5947,-0.9401,3.0
1057.97,0.5885,-0.9524,6.0
1058.17,0.5946,-0.9630,2.7
1058.37,0.5982,-0.9613,2.6
1058.57,0.5915,-0.9691,5.6
1058.77,0.6009,-0.9834,2.7
1058.97,0.6032,-0.9822,1.9
1059.27,0.5994,-0.9868,2.1
1059.57,0.6038,-1.0062,1.7
1059.77,0.6016,-1.0144,5.1
1059.97,0.6092,-1.0301,2.0
1060.27,0.6156,-1.0405,1.1
1060.47,0.6151,-1.0437,1.8
1060.67,0.6214,-1.0597,1.1
1060.87,0.6282,-1.0637,2.3
1061.07,0.6301,-1.0718,1.4
1061.27,0.6344,-1.0772,1.5
1061.57,0.6482,-1.0806,2.3
1061.77,0.6477,-1.0873,1.8
1061.97,0.6526,-1.0833,1.3
1062.17,0.6665,-1.0831,3.5
1062.37,0.6647,-1.0885,2.1
1062.67,0.6718,-1.0813,1.8
1062.87,0.6788,-1.0803,1.3
1063.07,0.6778,-1.0743,4.6
1063.27,0.6935,-1.0710,0.5
1063.47,0.6972,-1.0673,0.7
1063.77,0.6889,-1.0685,0.9
1063.97,0.6986,-1.0567,3.4
1064.17,0.7117,-1.0551,1.4
1064.38,0.7148,-1.0453,2.9
1064.58,0.7326,-1.0376,1.3
1064.78,0.7401,-1.0308,0.9
1064.98,0.7378,-1.0300,0.3
1065.18,0.7344,-1.0234,3.4
1065.38,0.7453,-1.0201,2.0
1065.58,0.7449,-1.0109,2.3
1065.78,0.7529,-0.9862,3.5
1065.98,0.7581,-0.9913,3.6
1066.28,0.7476,-0.9865,2.0
1066.48,0.7471,-0.9813,1.4
1066.68,0.7454,-0.9968,4.8
1066.98,0.7356,-0.9840,2.2
1067.18,0.7372,-0.9642,1.8
1067.38,0.7373,-0.9527,0.8
1067.58,0.7325,-0.9393,4.2
1067.88,0.7361,-0.9379,2.8
1068.08,0.7322,-0.9181,2.4
1068.28,0.7349,-0.9034,0.9
1068.58,0.7356,-0.9225,4.9
1068.78,0.7277,-0.9067,1.8
1069.08,0.7267,-0.8999,1.5
1069.28,0.7215,-0.8805,0.9
1069.48,0.7191,-0.8645,0.8
1069.68,0.7178,-0.8466,2.4
1069.88,0.7105,-0.8433,3.0
1070.18,0.7109,-0.8357,1.9
1070.38,0.7082,-0.8366,0.9
1070.58,0.6932,-0.8282,3.6
1070.78,0.6944,-0.8206,2.3
1071.08,0.6835,-0.8246,2.8
1071.28,0.6775,-0.8162,1.5
1071.58,0.6683,-0.8112,1.5
1071.88,0.6418,-0.7924,1.5
1072.08,0.6393,-0.7938,3.2
1072.28,0.6162,-0.7876,2.1
1072.48,0.6020,-0.7784,1.3
1072.68,0.5955,-0.7773,2.9
1072.88,0.5750,-0.7723,1.4
1073.08,0.5640,-0.7686,0.9
1073.28,0.5607,-0.7632,2.7
1073.58,0.5435,-0.7731,4.3
1073.78,0.5375,-0.7633,2.5
1073.99,0.5404,-0.7716,2.3
1074.19,0.5310,-0.7775,2.5
1074.39,0.5345,-0.7721,1.7
1074.59,0.5491,-0.7689,1.3
1074.79,0.5563,-0.7789,5.7
1074.99,0.5576,-0.7685,3.1
1075.19,0.5704,-0.7659,1.2
1075.39,0.5838,-0.7682,3.5
1075.59,0.5832,-0.7581,1.9
1075.79,0.5907,-0.7527,0.7
1075.99,0.6037,-0.7552,5.6
1076.19,0.6045,-0.7446,3.0
1076.39,0.6133,-0.7407,0.6
1076.59,0.6260,-0.7404,4.4
1076.79,0.6229,-0.7294,2.1
1076.99,0.6288,-0.7270,0.8
1077.19,0.6372,-0.7281,3.8
1077.49,0.6369,-0.7072,4.3
1077.69,0.6482,-0.7118,2.0
1077.89,0.6463,-0.7218,1.2
1078.09,0.6342,-0.7358,2.9
1078.29,0.6343,-0.7489,1.4
1078.59,0.6268,-0.7629,1.0
1078.79,0.6262,-0.7699,0.4
1079.09,0.6278,-0.7770,2.5
1079.29,0.6292,-0.7816,4.5
1079.49,0.6346,-0.7971,1.0
1079.79,0.6337,-0.8196,2.0
1079.99,0.6368,-0.8307,1.3
1080.19,0.6438,-0.8549,4.4
1080.39,0.6393,-0.8674,1.8
1080.59,0.6464,-0.8685,2.5
1080.89,0.6521,-0.8945,0.7
1081.09,0.6496,-0.9121,3.1
1081.29,0.6569,-0.9243,1.6
1081.49,0.6538,-0.9307,1.9
1081.79,0.6550,-0.9624,0.4
1081.99,0.6614,-0.9791,2.8
1082.29,0.6614,-0.9988,1.6
1082.59,0.6709,-1.0212,1.8
1082.79,0.6682,-1.0336,2.1
1082.99,0.6713,-1.0370,0.8
1083.29,0.6793,-1.0543,1.5
1083.49,0.6806,-1.0525,3.2
1083.69,0.6904,-1.0621,0.7
1083.89,0.6958,-1.0688,1.0
1084.09,0.6980,-1.0707,2.0
1084.29,0.7112,-1.0807,1.4
1084.49,0.7171,-1.0858,1.0
1084.69,0.7202,-1.0897,1.7
1084.99,0.7385,-1.0917,3.3
1085.20,0.7395,-1.0985,2.1
1085.50,0.7534,-1.0937,1.4
1085.80,0.7621,-1.0943,1.7
1086.00,0.7661,-1.0868,1.8
1086.20,0.7757,-1.0809,3.1
1086.50,0.7755,-1.0885,2.7
1086.80,0.7793,-1.0725,5.0
1087.10,0.7755,-1.0747,4.3
1087.30,0.7888,-1.0676,1.4
1087.50,0.7884,-1.0647,0.8
1087.80,0.7833,-1.0621,1.1
1088.00,0.7949,-1.0477,2.3
1088.20,0.8056,-1.0457,1.5
1088.40,0.8066,-1.0347,1.7
1088.60,0.8142,-1.0210,1.6
1088.90,0.8135,-1.0243,3.6
1089.10,0.8160,-1.0092,1.2
1089.30,0.8166,-1.0016,1.1
1089.50,0.8161,-1.0048,3.8
1089.70,0.8145,-0.9874,1.4
1089.90,0.8124,-0.9783,1.1
1090.10,0.8109,-0.9996,5.3
1090.30,0.8027,-0.9995,6.6
1090.50,0.7962,-0.9827,1.0
1090.70,0.7917,-0.9760,5.5
1090.90,0.7997,-0.9656,2.8
1091.10,0.8034,-0.9704,2.1
1091.30,0.7934,-0.9721,5.2
1091.50,0.7966,-0.9616,2.3
1091.70,0.7970,-0.9552,1.7
1091.90,0.7904,-0.9494,4.4
1092.20,0.7936,-0.9530,3.2
1092.40,0.7895,-0.9405,1.2
1092.70,0.7848,-0.9234,1.9
1092.90,0.7863,-0.9234,2.2
1093.10,0.7750,-0.9200,6.4
1093.40,0.7818,-0.9205,5.5
1093.60,0.7753,-0.9147,1.9
1093.80,0.7733,-0.9165,0.9
1094.00,0.7758,-0.9191,2.2
1094.20,0.7725,-0.9194,1.2
1094.50,0.7646,-0.9177,1.1
1094.70,0.7545,-0.9144,0.8
1094.90,0.7434,-0.9091,1.5
1095.10,0.7213,-0.9083,3.1
1095.30,0.7108,-0.9015,1.7
1095.60,0.7090,-0.9086,2.3
1095.80,0.6884,-0.9142,3.2
1096.01,0.6901,-0.9077,3.0
1096.31,0.6962,-0.9181,1.4
1096.51,0.6852,-0.9215,1.1
1096.71,0.6901,-0.9186,2.2
1096.91,0.6762,-0.9281,1.4
1097.11,0.6633,-0.9321,0.8
1097.31,0.6633,-0.9287,2.3
1097.51,0.6582,-0.9404,2.6
1097.71,0.6468,-0.9467,1.3
1097.91,0.6441,-0.9523,3.8
1098.11,0.6262,-0.9695,1.2
1098.31,0.6140,-0.9793,0.6
1098.51,0.6072,-0.9853,1.3
1098.71,0.6054,-0.9957,2.8
1098.91,0.6018,-0.9997,1.6
1099.21,0.6055,-1.0073,2.2
1099.41,0.6045,-1.0281,3.3
1099.61,0.6012,-1.0314,2.0
1099.81,0.6081,-1.0356,2.1
1100.11,0.6109,-1.0552,1.3
1100.31,0.6122,-1.0463,4.3
1100.51,0.6167,-1.0588,0.6
1100.71,0.6186,-1.0715,0.8
1100.91,0.6210,-1.0750,2.9
1101.11,0.6283,-1.0937,1.0
1101.31,0.6316,-1.0997,1.0
1101.51,0.6317,-1.0984,2.7
1101.71,0.6406,-1.1091,1.2
1101.91,0.6447,-1.1151,1.0
1102.21,0.6509,-1.1183,0.9
1102.41,0.6579,-1.1184,2.1
1102.61,0.6566,-1.1228,1.7
1102.81,0.6603,-1.1167,1.6
1103.01,0.6703,-1.1150,2.4
1103.31,0.6684,-1.1176,2.5
1103.51,0.6774,-1.1133,2.0
1103.81,0.6841,-1.1109,1.6
1104.01,0.6839,-1.1031,2.2
1104.21,0.6922,-1.0985,0.9
1104.41,0.6921,-1.1012,1.1
1104.61,0.6846,-1.1021,0.6
1104.91,0.6959,-1.0933,1.7
1105.11,0.7028,-1.0879,2.3
1105.31,0.7184,-1.0718,1.8
1105.61,0.7242,-1.0689,2.6
1105.81,0.7181,-1.0701,2.6
1106.01,0.7267,-1.0516,1.0
1106.21,0.7302,-1.0518,1.9
1106.41,0.7261,-1.0523,2.3
1106.71,0.7324,-1.0283,0.9
1107.01,0.7377,-1.0130,1.1
1107.21,0.7378,-0.9913,3.4
1107.42,0.7411,-0.9854,1.7
1107.62,0.7360,-0.9823,2.2
1107.92,0.7334,-0.9578,0.6
1108.12,0.7355,-0.9564,1.8
1108.32,0.7292,-0.9399,2.7
1108.52,0.7287,-0.9275,1.3
1108.72,0.7221,-0.9315,4.3
1108.92,0.7176,-0.9191,1.5
1109.12,0.7160,-0.9170,1.0
1109.32,0.7165,-0.9214,2.7
1109.52,0.7098,-0.9113,1.5
1109.72,0.7039,-0.8959,0.7
1109.92,0.7007,-0.8816,3.3
1110.12,0.6897,-0.8755,1.9
1110.42,0.6819,-0.8613,1.6
1110.62,0.6730,-0.8526,0.7
1110.82,0.6567,-0.8424,2.8
1111.12,0.6535,-0.8276,2.9
1111.42,0.6302,-0.8244,3.0
1111.62,0.6215,-0.8074,2.2
1111.82,0.6088,-0.7999,0.8
1112.02,0.5938,-0.7907,2.1
1112.22,0.5865,-0.7743,3.2
1112.52,0.5624,-0.7652,3.0
1112.72,0.5557,-0.7548,1.0
1112.92,0.5513,-0.7524,1.9
1113.12,0.5347,-0.7405,1.1
1113.42,0.5195,-0.7252,1.9
1113.62,0.5103,-0.7173,0.7
1113.82,0.4912,-0.7093,4.3
1114.02,0.4864,-0.6989,1.8
1114.22,0.4778,-0.7010,2.1
1114.52,0.4513,-0.6788,1.1
1114.72,0.4428,-0.6679,1.9
1114.92,0.4254,-0.6601,3.0
1115.22,0.4140,-0.6413,2.4
1115.52,0.3953,-0.6268,1.9
1115.72,0.3862,-0.6138,1.1
1115.92,0.3792,-0.6025,1.4
1116.12,0.3649,-0.5892,1.9
1116.32,0.3597,-0.5780,0.9
1116.52,0.3557,-0.5673,1.5
1116.82,0.3412,-0.5510,1.4
1117.02,0.3363,-0.5298,2.9
1117.22,0.3289,-0.5206,1.3
1117.42,0.3233,-0.5163,2.4
1117.62,0.3242,-0.4982,3.0
1117.82,0.3179,-0.4899,1.8
1118.12,0.3198,-0.4813,1.9
1118.32,0.3181,-0.4605,1.6
1118.53,0.3143,-0.4547,1.4
1118.73,0.3160,-0.4526,1.9
1119.03,0.3160,-0.4181,0.5
1119.23,0.3083,-0.4041,4.7
1119.53,0.3090,-0.4030,4.4
1119.73,0.3045,-0.3926,1.3
1119.93,0.3055,-0.3792,0.8
1120.23,0.3094,-0.3605,1.0
1120.43,0.3073,-0.3641,2.4
1120.63,0.3138,-0.3528,0.9
1120.83,0.3180,-0.3436,0.8
1121.03,0.3199,-0.3364,1.2
1121.33,0.3298,-0.3296,1.0
1121.63,0.3347,-0.3202,1.1
1121.83,0.3470,-0.3110,1.5
1122.03,0.3541,-0.3055,0.9
1122.23,0.3603,-0.2988,1.2
1122.43,0.3748,-0.2935,1.9
1122.73,0.3887,-0.2835,1.7
1123.03,0.4068,-0.2810,2.7
1123.23,0.4148,-0.2764,1.3
1123.43,0.4175,-0.2735,2.1
1123.73,0.4342,-0.2822,4.1
1123.93,0.4416,-0.2710,2.2
1124.13,0.4455,-0.2745,1.0
1124.33,0.4584,-0.2816,4.2
1124.63,0.4461,-0.2750,4.7
1124.93,0.4567,-0.2845,1.5
1125.13,0.4643,-0.2887,0.8
1125.33,0.4664,-0.2921,1.7
1125.53,0.4809,-0.2945,3.3
1125.83,0.5038,-0.3033,1.1
1126.03,0.5076,-0.3094,1.8
1126.33,0.5158,-0.3120,1.7
1126.53,0.5222,-0.3210,0.8
1126.83,0.5400,-0.3368,1.5
1127.03,0.5436,-0.3424,2.5
1127.23,0.5526,-0.3598,1.5
1127.43,0.5575,-0.3667,1.2
1127.63,0.5595,-0.3686,3.1
1127.83,0.5674,-0.3885,1.7
1128.03,0.5721,-0.3983,1.3
1128.33,0.5733,-0.4126,1.6
1128.53,0.5758,-0.4262,1.1
1128.73,0.5846,-0.4420,1.2
1128.93,0.5858,-0.4535,0.6
1129.13,0.5839,-0.4543,1.6
1129.33,0.5918,-0.4680,1.4
1129.53,0.5915,-0.4824,0.6
1129.73,0.5894,-0.4908,2.2
1129.94,0.5970,-0.5022,2.1
1130.14,0.5950,-0.5131,0.7
1130.44,0.5954,-0.5363,1.5
1130.64,0.5964,-0.5422,2.7
1130.84,0.5912,-0.5633,2.2
1131.14,0.5940,-0.5884,2.0
1131.34,0.5916,-0.5992,0.9
1131.54,0.5846,-0.6226,3.6
1131.74,0.5909,-0.6410,1.7
1131.94,0.5871,-0.6498,1.5
1132.14,0.5827,-0.6714,1.9
1132.44,0.5914,-0.6981,3.8
1132.64,0.5847,-0.7131,2.1
1132.84,0.5887,-0.7196,2.5
1133.04,0.5932,-0.7432,1.2
1133.24,0.5886,-0.7673,3.1
1133.54,0.5924,-0.7901,2.0
1133.74,0.5889,-0.7974,1.4
1133.94,0.5847,-0.8176,2.6
1134.14,0.5941,-0.8381,2.8
1134.34,0.5922,-0.8521,1.5
1134.54,0.5934,-0.8613,2.1
1134.74,0.5980,-0.8826,0.9
1135.04,0.5994,-0.9108,2.4
1135.24,0.6021,-0.9258,1.3
1135.44,0.6025,-0.9371,3.0
1135.64,0.6018,-0.9576,1.6
1135.94,0.6067,-0.9777,1.7
1136.24,0.6067,-1.0061,2.5
1136.54,0.6121,-1.0263,2.1
1136.74,0.6121,-1.0329,1.2
1136.94,0.6128,-1.0439,1.7
1137.14,0.6224,-1.0517,2.3
1137.44,0.6256,-1.0620,1.7
1137.74,0.6351,-1.0638,1.8
1137.94,0.6390,-1.0661,1.3
1138.14,0.6403,-1.0662,2.2
1138.44,0.6565,-1.0666,2.3
1138.64,0.6575,-1.0717,1.5
1138.84,0.6588,-1.0667,1.2
1139.14,0.6716,-1.0661,1.3
1139.44,0.6770,-1.0592,2.0
1139.64,0.6879,-1.0536,2.3
1139.84,0.6917,-1.0585,1.8
1140.14,0.6961,-1.0496,2.9
1140.44,0.7067,-1.0464,1.8
1140.64,0.7039,-1.0388,2.2
1140.84,0.7171,-1.0289,0.6
1141.05,0.7217,-1.0269,1.4
1141.25,0.7176,-1.0288,0.9
1141.55,0.7232,-1.0218,3.0
1141.75,0.7286,-1.0165,4.0
1141.95,0.7396,-0.9982,1.0
1142.15,0.7499,-0.9847,0.3
1142.35,0.7552,-0.9890,4.1
1142.55,0.7506,-0.9799,2.4
1142.75,0.7542,-0.9757,1.6
1142.95,0.7578,-0.9711,3.9
1143.15,0.7605,-0.9499,1.7
1143.35,0.7622,-0.9384,1.2
1143.55,0.7560,-0.9419,4.5
1143.75,0.7556,-0.9223,0.8
1144.05,0.7547,-0.9116,1.4
1144.35,0.7491,-0.9033,2.3
1144.55,0.7499,-0.8904,1.2
1144.75,0.7439,-0.8851,4.6
1145.05,0.7341,-0.8703,0.9
1145.25,0.7320,-0.8591,1.4
1145.45,0.7299,-0.8572,0.7
1145.65,0.7186,-0.8533,3.6
1145.85,0.7226,-0.8461,2.2
1146.05,0.7209,-0.8514,0.9
1146.35,0.7078,-0.8415,1.3
1146.55,0.7103,-0.8396,2.9
1146.85,0.6800,-0.8372,5.5
1147.05,0.6805,-0.8305,1.9
1147.25,0.6805,-0.8397,2.4
1147.45,0.6635,-0.8405,2.5
1147.65,0.6716,-0.8374,2.7
1147.85,0.6890,-0.8398,3.6
1148.05,0.6799,-0.8499,1.0
1148.25,0.6726,-0.8479,2.3
1148.45,0.6757,-0.8507,1.0
1148.65,0.6700,-0.8608,3.1
1148.85,0.6543,-0.8598,2.8
1149.05,0.6479,-0.8677,1.1
1149.25,0.6344,-0.8842,3.4
1149.45,0.6204,-0.8863,1.9
1149.65,0.6175,-0.8950,1.8
1149.85,0.6034,-0.9120,2.2
1150.05,0.5919,-0.9144,2.3
1150.25,0.5924,-0.9197,1.1
1150.45,0.5905,-0.9336,3.3
1150.65,0.5767,-0.9386,2.1
1150.85,0.5749,-0.9498,1.9
1151.15,0.5588,-0.9771,1.2
1151.35,0.5656,-0.9795,4.9
1151.55,0.5621,-0.9971,1.0
1151.75,0.5641,-1.0005,0.9
1151.95,0.5675,-0.9978,4.2
1152.25,0.5735,-1.0204,1.9
1152.45,0.5704,-1.0230,1.7
1152.66,0.5757,-1.0226,1.8
1152.86,0.5822,-1.0382,1.1
1153.16,0.5821,-1.0470,1.7
1153.46,0.5973,-1.0650,2.8
1153.66,0.5958,-1.0745,1.8
1153.86,0.5994,-1.0730,1.5
1154.06,0.6084,-1.0845,0.7
1154.36,0.6177,-1.0969,1.3
1154.56,0.6284,-1.1057,1.0
1154.76,0.6308,-1.1066,1.0
1154.96,0.6339,-1.1082,1.9
1155.26,0.6424,-1.1026,2.8
1155.56,0.6352,-1.1012,4.8
1155.76,0.6513,-1.0985,0.5
1155.96,0.6574,-1.0945,1.0
1156.16,0.6462,-1.0967,3.2
1156.36,0.6550,-1.0899,0.9
1156.66,0.6590,-1.0894,1.8
1156.86,0.6540,-1.0873,1.9
1157.06,0.6715,-1.0725,2.1
1157.26,0.6797,-1.0721,1.6
1157.46,0.6808,-1.0625,2.2
1157.76,0.7034,-1.0439,1.3
1157.96,0.7102,-1.0396,1.6
1158.26,0.7256,-1.0167,2.8
1158.46,0.7335,-1.0154,1.8
1158.66,0.7283,-1.0097,2.0
1158.86,0.7345,-0.9906,3.3
1159.06,0.7421,-0.9858,1.5
1159.26,0.7374,-0.9779,2.0
1159.46,0.7396,-0.9626,1.8
1159.66,0.7399,-0.9675,1.9
1159.96,0.7324,-0.9649,1.7
1160.16,0.7343,-0.9455,0.9
1160.36,0.7346,-0.9324,2.0
1160.56,0.7356,-0.9111,1.7
1160.76,0.7373,-0.8989,0.9
1161.06,0.7391,-0.8798,0.7
1161.36,0.7387,-0.8549,1.7
1161.56,0.7335,-0.8529,4.8
1161.76,0.7274,-0.8414,0.5
1161.96,0.7242,-0.8380,0.7
1162.16,0.7283,-0.8425,1.5
1162.36,0.7197,-0.8346,2.2
1162.56,0.7152,-0.8231,1.0
1162.76,0.7172,-0.8210,2.5
1162.96,0.7058,-0.8201,2.6
1163.16,0.6999,-0.8150,0.8
1163.46,0.7007,-0.8175,1.1
1163.66,0.6821,-0.8159,4.6
1163.87,0.6829,-0.8105,1.9
1164.07,0.6837,-0.8164,2.8
1164.27,0.6614,-0.8144,0.8
1164.47,0.6558,-0.8101,1.7
1164.67,0.6585,-0.8115,1.1
1164.97,0.6463,-0.8150,1.2
1165.17,0.6518,-0.8103,3.1
1165.37,0.6501,-0.8201,2.1
1165.67,0.6504,-0.8159,4.7
1165.87,0.6669,-0.8056,2.5
1166.07,0.6676,-0.8133,2.6
1166.27,0.6610,-0.8113,1.7
1166.47,0.6619,-0.8140,2.1
1166.67,0.6535,-0.8364,3.0
1166.97,0.6448,-0.8427,2.5
1167.17,0.6368,-0.8635,1.7
1167.37,0.6332,-0.8726,0.6
1167.57,0.6337,-0.8574,5.0
1167.77,0.6401,-0.8667,2.7
1167.97,0.6391,-0.8751,1.0
1168.27,0.6352,-0.8914,1.0
1168.47,0.6354,-0.9079,2.6
1168.67,0.6293,-0.9143,1.9
1168.87,0.6357,-0.9212,1.8
1169.17,0.6376,-0.9372,1.4
1169.37,0.6392,-0.9281,3.9
1169.57,0.6429,-0.9410,1.0
1169.87,0.6449,-0.9699,1.6
1170.17,0.6505,-0.9955,2.4
1170.37,0.6505,-1.0087,1.4
1170.57,0.6523,-1.0044,3.6
1170.77,0.6600,-1.0191,1.1
1170.97,0.6636,-1.0334,0.9
1171.17,0.6643,-1.0472,1.7
1171.37,0.6760,-1.0662,3.1
1171.67,0.6819,-1.0864,1.6
1171.87,0.6887,-1.0848,2.0
1172.07,0.6967,-1.0938,1.1
1172.37,0.7025,-1.1059,1.7
1172.67,0.7220,-1.1206,2.3
1172.87,0.7229,-1.1297,1.8
1173.07,0.7282,-1.1286,0.7
1173.27,0.7408,-1.1279,4.4
1173.47,0.7418,-1.1350,1.9
1173.67,0.7460,-1.1277,2.0
1173.87,0.7614,-1.1275,2.5
1174.07,0.7593,-1.1301,2.2
1174.37,0.7660,-1.1212,0.7
1174.57,0.7731,-1.1193,0.9
1174.87,0.7779,-1.1168,1.1
1175.07,0.7904,-1.1075,4.0
1175.27,0.7985,-1.1095,1.5
1175.47,0.7980,-1.1004,2.5
1175.68,0.8072,-1.0971,1.7
1175.88,0.8092,-1.0931,1.1
1176.08,0.8063,-1.0924,0.5
1176.38,0.8137,-1.0831,1.5
1176.58,0.8184,-1.0764,3.0
1176.78,0.8309,-1.0527,1.5
1177.08,0.8377,-1.0446,2.2
1177.38,0.8323,-1.0356,2.2
1177.58,0.8339,-1.0279,1.2
1177.78,0.8298,-1.0462,5.6
1177.98,0.8252,-1.0413,3.6
1178.28,0.8214,-1.0414,2.3
1178.48,0.8190,-1.0503,2.7
1178.68,0.8222,-1.0384,5.7
1178.98,0.8154,-1.0239,5.0
1179.18,0.8108,-1.0047,1.2
1179.38,0.8096,-0.9911,1.1
1179.58,0.8060,-0.9744,1.4
1179.78,0.7998,-0.9610,2.2
1179.98,0.7983,-0.9509,1.4
1180.18,0.7966,-0.9467,1.6
1180.48,0.7856,-0.9312,0.9
1180.68,0.7825,-0.9186,1.7
1180.88,0.7785,-0.9171,0.7
1181.08,0.7689,-0.9139,2.6
1181.28,0.7703,-0.9064,1.9
1181.48,0.7686,-0.9088,0.9
1181.68,0.7522,-0.9064,3.5
1181.98,0.7491,-0.8949,2.8
1182.28,0.7223,-0.8877,3.8
1182.48,0.7150,-0.8736,2.0
1182.68,0.7046,-0.8722,1.7
1182.88,0.6803,-0.8626,4.3
1183.18,0.6792,-0.8550,2.6
1183.38,0.6569,-0.8514,2.6
1183.58,0.6449,-0.8468,0.9
1183.78,0.6642,-0.8457,6.6
1183.98,0.6612,-0.8530,7.0
1184.28,0.6495,-0.8588,1.9
1184.48,0.6555,-0.8591,2.0
1184.68,0.6430,-0.8553,4.9
1184.88,0.6306,-0.8602,2.6
1185.08,0.6329,-0.8652,2.6
1185.38,0.6339,-0.8636,1.1
1185.58,0.6413,-0.8615,2.3
1185.78,0.6482,-0.8587,0.5
1185.98,0.6542,-0.8557,1.2
1186.18,0.6563,-0.8536,3.1
1186.38,0.6454,-0.8697,1.2
1186.68,0.6329,-0.8793,1.7
1186.88,0.6309,-0.8906,1.3
1187.08,0.6259,-0.9068,3.5
1187.29,0.6224,-0.8993,3.6
1187.49,0.6329,-0.8859,3.2
1187.79,0.6399,-0.8919,2.7
1187.99,0.6302,-0.9044,2.0
1188.19,0.6270,-0.9197,1.7
1188.39,0.6248,-0.9254,1.0
1188.59,0.6166,-0.9369,2.4
1188.79,0.6219,-0.9448,2.9
1189.09,0.6178,-0.9462,2.2
1189.29,0.6207,-0.9476,2.6
1189.49,0.6266,-0.9692,1.9
1189.79,0.6260,-0.9740,4.5
1189.99,0.6288,-0.9915,1.1
1190.29,0.6319,-1.0132,1.2
1190.49,0.6355,-1.0242,1.3
1190.69,0.6397,-1.0413,0.8
1190.99,0.6384,-1.0565,2.2
1191.19,0.6479,-1.0643,2.4
1191.39,0.6501,-1.0752,1.5
1191.69,0.6542,-1.0771,1.4
1191.89,0.6663,-1.0872,2.1
1192.19,0.6697,-1.0951,2.2
1192.39,0.6811,-1.1014,1.5
1192.59,0.6846,-1.1036,1.2
1192.79,0.6852,-1.1025,2.2
1192.99,0.6967,-1.1047,1.4
1193.19,0.6998,-1.1043,1.2
1193.39,0.7007,-1.1056,2.2
1193.59,0.7116,-1.1034,2.2
1193.79,0.7152,-1.1024,1.2
1193.99,0.7176,-1.1002,3.7
1194.29,0.7301,-1.0913,1.7
1194.49,0.7320,-1.0948,1.3
1194.69,0.7258,-1.0948,0.8
1194.89,0.7339,-1.0828,3.4
1195.09,0.7495,-1.0813,1.6
1195.39,0.7657,-1.0655,1.1
1195.69,0.7763,-1.0595,1.6
1195.89,0.7811,-1.0515,1.7
1196.09,0.7955,-1.0364,1.6
1196.29,0.8125,-1.0297,2.4
1196.59,0.8210,-1.0138,3.0
1196.89,0.8349,-1.0065,1.9
1197.19,0.8372,-0.9920,1.3
1197.39,0.8361,-0.9893,0.8
1197.59,0.8315,-1.0043,4.8
1197.79,0.8292,-0.9927,2.4
1197.99,0.8310,-0.9834,1.1
1198.19,0.8292,-0.9824,3.4
1198.40,0.8311,-0.9608,1.0
1198.70,0.8312,-0.9349,0.9
1198.90,0.8300,-0.9233,0.6
1199.20,0.8279,-0.9060,1.1
1199.40,0.8295,-0.9055,1.8
1199.60,0.8205,-0.8938,2.7
1199.80,0.8178,-0.8848,1.0
1200.10,0.8173,-0.8901,0.8
1200.30,0.8101,-0.8924,3.1
1200.50,0.8173,-0.8910,1.7
1200.70,0.8255,-0.8990,1.7
1200.90,0.8118,-0.9024,3.1
1201.20,0.8124,-0.8943,3.3
1201.40,0.7992,-0.8995,1.9
1201.70,0.7866,-0.8946,2.3
1201.90,0.7866,-0.8978,0.9
1202.10,0.7833,-0.9086,5.2
1202.40,0.7900,-0.8980,2.4
1202.70,0.7933,-0.9100,3.6
1202.90,0.7952,-0.9021,2.1
1203.10,0.8060,-0.8976,2.3
1203.30,0.7992,-0.9152,3.3
1203.50,0.7860,-0.9215,1.7
1203.70,0.7832,-0.9330,2.1
1204.00,0.7600,-0.9560,0.8
1204.20,0.7532,-0.9566,3.1
1204.40,0.7554,-0.9738,3.3
1204.70,0.7390,-0.9822,2.5
1204.90,0.7340,-0.9935,1.1
1205.10,0.7244,-1.0169,5.3
1205.30,0.7161,-1.0194,1.9
1205.60,0.7209,-1.0375,1.0
1205.80,0.7220,-1.0459,0.6
1206.00,0.7232,-1.0280,4.8
1206.30,0.7395,-1.0408,2.2
1206.50,0.7309,-1.0664,3.8
1206.70,0.7318,-1.0818,1.2
1206.90,0.7292,-1.0777,4.1
1207.10,0.7209,-1.0934,1.5
1207.40,0.7190,-1.1195,2.3
1207.70,0.7166,-1.1317,2.1
1207.90,0.7240,-1.1307,2.3
1208.10,0.7312,-1.1465,2.5
1208.30,0.7278,-1.1471,1.7
1208.60,0.7356,-1.1549,1.0
1208.90,0.7405,-1.1708,1.3
1209.11,0.7446,-1.1743,0.7
1209.31,0.7518,-1.1809,1.3
1209.51,0.7513,-1.1880,1.5
1209.81,0.7621,-1.1912,1.6
1210.01,0.7652,-1.1938,1.2
1210.31,0.7737,-1.1954,1.0
1210.51,0.7806,-1.1922,2.7
1210.71,0.7770,-1.1955,1.8
1210.91,0.7735,-1.1882,2.4
1211.21,0.7895,-1.1854,1.1
1211.41,0.7790,-1.1861,3.4
1211.61,0.7838,-1.1779,1.4
1211.81,0.7886,-1.1727,1.0
1212.01,0.7874,-1.1687,3.6
1212.21,0.7960,-1.1591,0.7
1212.41,0.7933,-1.1571,0.6
1212.71,0.7905,-1.1599,0.5
1212.91,0.7802,-1.1578,4.3
1213.11,0.7885,-1.1617,2.5
1213.41,0.7872,-1.1536,1.6
1213.61,0.7904,-1.1428,1.1
1213.81,0.7909,-1.1396,1.7
1214.01,0.7903,-1.1288,1.4
1214.21,0.7929,-1.1162,1.1
1214.51,0.7961,-1.0926,1.1
1214.71,0.7921,-1.0849,2.9
1214.91,0.8019,-1.0748,2.4
1215.11,0.8018,-1.0675,1.8
1215.31,0.7956,-1.0435,4.0
1215.51,0.7998,-1.0315,1.8
1215.71,0.7952,-1.0310,2.3
1216.01,0.7902,-1.0094,0.9
1216.21,0.7902,-1.0055,1.4
1216.41,0.7832,-0.9957,2.8
1216.61,0.7808,-0.9843,1.1
1216.81,0.7760,-0.9843,3.6
1217.01,0.7652,-0.9664,1.2
1217.31,0.7617,-0.9556,1.4
1217.51,0.7605,-0.9570,0.8
1217.71,0.7469,-0.9493,3.3
1217.91,0.7460,-0.9393,2.2
1218.11,0.7406,-0.9381,0.8
1218.31,0.7264,-0.9309,2.1
1218.51,0.7185,-0.9135,3.2
1218.81,0.6958,-0.9047,3.1
1219.01,0.6902,-0.8919,1.8
1219.21,0.6821,-0.8803,2.1
1219.41,0.6633,-0.8716,1.8
1219.61,0.6532,-0.8591,0.8
1219.91,0.6394,-0.8506,1.5
1220.11,0.6253,-0.8452,3.1
1220.32,0.6189,-0.8311,2.3
1220.52,0.6091,-0.8245,1.0
1220.72,0.5971,-0.8175,1.8
1221.02,0.5895,-0.7987,2.6
1221.22,0.5694,-0.7909,3.2
1221.42,0.5641,-0.7784,2.1
1221.62,0.5573,-0.7733,3.5
1221.82,0.5409,-0.7614,1.0
1222.12,0.5233,-0.7416,2.2
1222.42,0.5062,-0.7280,2.4
1222.62,0.5008,-0.7178,1.2
1222.92,0.4886,-0.7005,1.0
1223.12,0.4744,-0.6897,2.2
1223.32,0.4689,-0.6705,2.9
1223.52,0.4589,-0.6621,1.3
1223.72,0.4499,-0.6556,2.4
1223.92,0.4469,-0.6379,2.6
1224.22,0.4353,-0.6277,2.0
1224.42,0.4329,-0.6190,1.4
1224.62,0.4274,-0.5966,3.3
1224.82,0.4172,-0.5876,1.6
1225.12,0.4105,-0.5647,1.1
1225.32,0.4054,-0.5504,0.6
1225.52,0.3981,-0.5399,1.3
1225.72,0.3922,-0.5169,2.7
1225.92,0.3855,-0.5073,1.9
1226.22,0.3859,-0.4940,1.7
1226.42,0.3849,-0.4730,2.7
1226.62,0.3782,-0.4682,1.9
1226.82,0.3795,-0.4638,2.0
1227.02,0.3778,-0.4457,1.2
1227.22,0.3712,-0.4253,1.4
1227.42,0.3687,-0.4098,0.7
1227.72,0.3636,-0.3897,1.5
1227.92,0.3642,-0.3832,3.9
1228.12,0.3625,-0.3635,0.9
1228.32,0.3612,-0.3472,0.6
1228.62,0.3600,-0.3284,0.6
1228.82,0.3603,-0.3182,1.2
1229.02,0.3524,-0.2961,2.9
1229.22,0.3526,-0.2814,1.5
1229.42,0.3483,-0.2742,4.2
1229.62,0.3430,-0.2549,1.2
1229.92,0.3442,-0.2277,2.8
1230.12,0.3410,-0.2142,1.6
1230.32,0.3388,-0.2049,2.2
1230.52,0.3436,-0.1854,2.9
1230.72,0.3409,-0.1691,1.5
1230.92,0.3423,-0.1621,3.0
1231.12,0.3471,-0.1428,1.7
1231.32,0.3476,-0.1267,0.8
1231.53,0.3410,-0.1118,5.1
1231.73,0.3477,-0.1072,2.2
1232.03,0.3442,-0.0926,1.3
1232.23,0.3482,-0.0726,0.7
1232.43,0.3553,-0.0557,2.4
1232.63,0.3516,-0.0465,2.3
1232.83,0.3552,-0.0503,1.3
1233.13,0.3618,-0.0365,1.3
1233.33,0.3613,-0.0180,5.7
1233.53,0.3674,-0.0163,2.2
1233.83,0.3749,0.0016,0.6
1234.13,0.3628,-0.0162,0.5
1234.33,0.3621,-0.0171,0.3
1234.53,0.3595,-0.0204,0.3
1234.73,0.3588,-0.0214,0.3
1234.93,0.3575,-0.0232,0.2
